Time_min,Initial_POC,Min_Core_O2,Anoxic_Volume_Pct
0.0,47000.0,9.9702730178833,0.0
0.016666666666666666,47000.0,4.940593719482422,0.0
0.03333333333333333,47000.0,0.5547979474067688,66.11374407582939
0.05,47000.0,0.0,81.99052132701422
0.06666666666666667,47000.0,0.0,82.46445497630332
0.08333333333333333,47000.0,0.0,81.99052132701422
0.1,47000.0,0.0,81.04265402843602
0.11666666666666667,47000.0,0.0,80.56872037914692
0.13333333333333333,47000.0,0.0,80.80568720379146
0.15,47000.0,0.0,81.27962085308057
0.16666666666666666,47000.0,0.0,79.85781990521326
0.18333333333333332,47000.0,0.0,80.80568720379146
0.2,47000.0,0.0,80.56872037914692
0.21666666666666667,47000.0,0.0,81.51658767772511
0.23333333333333334,47000.0,0.0,82.46445497630332
0.25,47000.0,0.0,82.22748815165876
0.26666666666666666,47000.0,0.0,83.17535545023696
0.2833333333333333,47000.0,0.0,83.64928909952607
0.3,47000.0,0.0,84.36018957345972
0.31666666666666665,47000.0,0.0,85.78199052132702
0.3333333333333333,47000.0,0.0,87.20379146919431
0.35,47000.0,0.0,86.96682464454977
0.36666666666666664,47000.0,0.0,87.44075829383885
0.38333333333333336,47000.0,0.0,90.28436018957346
0.4,47000.0,0.0,90.75829383886256
0.4166666666666667,47000.0,0.0,92.41706161137441
0.43333333333333335,47000.0,0.0,94.54976303317537
0.45,47000.0,0.0,95.73459715639811
0.4666666666666667,47000.0,0.0,97.86729857819904
0.48333333333333334,47000.0,0.0,99.0521327014218
0.5,47000.0,0.0,100.0
0.5166666666666667,47000.0,0.0,100.0
0.5333333333333333,47000.0,0.0,100.0
0.55,47000.0,0.0,100.0
0.5666666666666667,47000.0,0.0,100.0
0.5833333333333334,47000.0,0.0,100.0
0.6,47000.0,0.0,100.0
0.6166666666666667,47000.0,0.0,100.0
0.6333333333333333,47000.0,0.0,100.0
0.65,47000.0,0.0,100.0
0.6666666666666666,47000.0,0.0,100.0
0.6833333333333333,47000.0,0.0,100.0
0.7,47000.0,0.0,100.0
0.7166666666666667,47000.0,0.0,100.0
0.7333333333333333,47000.0,0.0,100.0
0.75,47000.0,0.0,100.0
0.7666666666666667,47000.0,0.0,100.0
0.7833333333333333,47000.0,0.0,100.0
0.8,47000.0,0.0,100.0
0.8166666666666667,47000.0,0.0,100.0
0.8333333333333334,47000.0,0.0,100.0
0.85,47000.0,0.0,100.0
0.8666666666666667,47000.0,0.0,100.0
0.8833333333333333,47000.0,0.0,100.0
0.9,47000.0,0.0,100.0
0.9166666666666666,47000.0,0.0,100.0
0.9333333333333333,47000.0,0.0,100.0
0.95,47000.0,0.0,100.0
0.9666666666666667,47000.0,0.0,100.0
0.9833333333333333,47000.0,0.0,100.0
1.0,47000.0,0.0,100.0
1.0166666666666666,47000.0,0.0,100.0
1.0333333333333334,47000.0,0.0,100.0
1.05,47000.0,0.0,100.0
1.0666666666666667,47000.0,0.0,100.0
1.0833333333333333,47000.0,0.0,100.0
1.1,47000.0,0.0,100.0
1.1166666666666667,47000.0,0.0,100.0
1.1333333333333333,47000.0,0.0,100.0
1.15,47000.0,0.0,100.0
1.1666666666666667,47000.0,0.0,100.0
1.1833333333333333,47000.0,0.0,100.0
1.2,47000.0,0.0,100.0
1.2166666666666666,47000.0,0.0,100.0
1.2333333333333334,47000.0,0.0,100.0
1.25,47000.0,0.0,100.0
1.2666666666666666,47000.0,0.0,100.0
1.2833333333333334,47000.0,0.0,100.0
1.3,47000.0,0.0,100.0
1.3166666666666667,47000.0,0.0,100.0
1.3333333333333333,47000.0,0.0,100.0
1.35,47000.0,0.0,100.0
1.3666666666666667,47000.0,0.0,100.0
1.3833333333333333,47000.0,0.0,100.0
1.4,47000.0,0.0,100.0
1.4166666666666667,47000.0,0.0,100.0
1.4333333333333333,47000.0,0.0,100.0
1.45,47000.0,0.0,100.0
1.4666666666666666,47000.0,0.0,100.0
1.4833333333333334,47000.0,0.0,100.0
1.5,47000.0,0.0,100.0
1.5166666666666666,47000.0,0.0,100.0
1.5333333333333334,47000.0,0.0,100.0
1.55,47000.0,0.0,100.0
1.5666666666666667,47000.0,0.0,100.0
1.5833333333333333,47000.0,0.0,100.0
1.6,47000.0,0.0,100.0
1.6166666666666667,47000.0,0.0,100.0
1.6333333333333333,47000.0,0.0,100.0
1.65,47000.0,0.0,100.0
1.6666666666666667,47000.0,0.0,100.0
1.6833333333333333,47000.0,0.0,100.0
1.7,47000.0,0.0,100.0
1.7166666666666666,47000.0,0.0,100.0
1.7333333333333334,47000.0,0.0,100.0
1.75,47000.0,0.0,100.0
1.7666666666666666,47000.0,0.0,100.0
1.7833333333333334,47000.0,0.0,100.0
1.8,47000.0,0.0,100.0
1.8166666666666667,47000.0,0.0,100.0
1.8333333333333333,47000.0,0.0,100.0
1.85,47000.0,0.0,100.0
1.8666666666666667,47000.0,0.0,100.0
1.8833333333333333,47000.0,0.0,100.0
1.9,47000.0,0.0,100.0
1.9166666666666667,47000.0,0.0,100.0
1.9333333333333333,47000.0,0.0,100.0
1.95,47000.0,0.0,100.0
1.9666666666666666,47000.0,0.0,100.0
1.9833333333333334,47000.0,0.0,100.0
2.0,47000.0,0.0,100.0
2.0166666666666666,47000.0,0.0,100.0
2.033333333333333,47000.0,0.0,100.0
2.05,47000.0,0.0,100.0
2.066666666666667,47000.0,0.0,100.0
2.0833333333333335,47000.0,0.0,100.0
2.1,47000.0,0.0,100.0
2.1166666666666667,47000.0,0.0,100.0
2.1333333333333333,47000.0,0.0,100.0
2.15,47000.0,0.0,100.0
2.1666666666666665,47000.0,0.0,100.0
2.183333333333333,47000.0,0.0,100.0
2.2,47000.0,0.0,100.0
2.216666666666667,47000.0,0.0,100.0
2.2333333333333334,47000.0,0.0,100.0
2.25,47000.0,0.0,100.0
2.2666666666666666,47000.0,0.0,100.0
2.283333333333333,47000.0,0.0,100.0
2.3,47000.0,0.0,100.0
2.316666666666667,47000.0,0.0,100.0
2.3333333333333335,47000.0,0.0,100.0
2.35,47000.0,0.0,100.0
2.3666666666666667,47000.0,0.0,100.0
2.3833333333333333,47000.0,0.0,100.0
2.4,47000.0,0.0,100.0
2.4166666666666665,47000.0,0.0,100.0
2.433333333333333,47000.0,0.0,100.0
2.45,47000.0,0.0,100.0
2.466666666666667,47000.0,0.0,100.0
2.4833333333333334,47000.0,0.0,100.0
2.5,47000.0,0.0,100.0
2.5166666666666666,47000.0,0.0,100.0
2.533333333333333,47000.0,0.0,100.0
2.55,47000.0,0.0,100.0
2.566666666666667,47000.0,0.0,100.0
2.5833333333333335,47000.0,0.0,100.0
2.6,47000.0,0.0,100.0
2.6166666666666667,47000.0,0.0,100.0
2.6333333333333333,47000.0,0.0,100.0
2.65,47000.0,0.0,100.0
2.6666666666666665,47000.0,0.0,100.0
2.683333333333333,47000.0,0.0,100.0
2.7,47000.0,0.0,100.0
2.716666666666667,47000.0,0.0,100.0
2.7333333333333334,47000.0,0.0,100.0
2.75,47000.0,0.0,100.0
2.7666666666666666,47000.0,0.0,99.0521327014218
2.783333333333333,47000.0,0.0,99.0521327014218
2.8,47000.0,0.0,98.5781990521327
2.816666666666667,47000.0,0.0,98.5781990521327
2.8333333333333335,47000.0,0.0,98.5781990521327
2.85,47000.0,0.0,98.5781990521327
2.8666666666666667,47000.0,0.0,98.5781990521327
2.8833333333333333,47000.0,0.0,98.5781990521327
2.9,47000.0,0.0,98.10426540284361
2.9166666666666665,47000.0,0.0,97.6303317535545
2.933333333333333,47000.0,0.0,97.1563981042654
2.95,47000.0,0.0,96.6824644549763
2.966666666666667,47000.0,0.0,96.6824644549763
2.9833333333333334,47000.0,0.0,96.2085308056872
3.0,47000.0,0.0,96.2085308056872
3.0166666666666666,47000.0,0.0,95.260663507109
3.033333333333333,47000.0,0.0,95.260663507109
3.05,47000.0,0.0,94.7867298578199
3.066666666666667,47000.0,0.0,94.7867298578199
3.0833333333333335,47000.0,0.0,94.3127962085308
3.1,47000.0,0.0,93.8388625592417
3.1166666666666667,47000.0,0.0,93.36492890995261
3.1333333333333333,47000.0,0.0,92.89099526066352
3.15,47000.0,0.0,92.89099526066352
3.1666666666666665,47000.0,0.0,91.9431279620853
3.183333333333333,47000.0,0.0,91.4691943127962
3.2,47000.0,0.0,91.4691943127962
3.216666666666667,47000.0,0.0,90.52132701421802
3.2333333333333334,47000.0,0.0,90.52132701421802
3.25,47000.0,0.0,89.57345971563981
3.2666666666666666,47000.0,0.0,89.57345971563981
3.283333333333333,47000.0,0.0,89.57345971563981
3.3,47000.0,0.0,88.15165876777252
3.316666666666667,47000.0,0.0,87.20379146919431
3.3333333333333335,47000.0,0.0,87.20379146919431
3.35,47000.0,0.0,86.25592417061611
3.3666666666666667,47000.0,0.0,85.78199052132702
3.3833333333333333,47000.0,0.0,85.54502369668246
3.4,47000.0,0.0,84.12322274881517
3.4166666666666665,47000.0,0.0,83.64928909952607
3.433333333333333,47000.0,0.0,83.64928909952607
3.45,47000.0,0.0,82.70142180094787
3.466666666666667,47000.0,0.0,82.22748815165876
3.4833333333333334,47000.0,0.0,81.75355450236967
3.5,47000.0,0.0,81.27962085308057
3.5166666666666666,47000.0,0.0,80.33175355450237
3.533333333333333,47000.0,0.0,80.09478672985783
3.55,47000.0,0.0,79.62085308056872
3.566666666666667,47000.0,0.0,78.19905213270142
3.5833333333333335,47000.0,0.0,78.19905213270142
3.6,47000.0,0.0,76.30331753554502
3.6166666666666667,47000.0,0.0,75.82938388625593
3.6333333333333333,47000.0,0.0,74.88151658767772
3.65,47000.0,0.0,73.93364928909952
3.6666666666666665,47000.0,0.0,73.22274881516587
3.683333333333333,47000.0,0.0,72.74881516587678
3.7,47000.0,0.0,72.27488151658767
3.716666666666667,47000.0,0.0,71.80094786729858
3.7333333333333334,47000.0,0.0,70.85308056872039
3.75,47000.0,0.0,70.85308056872039
3.7666666666666666,47000.0,2.697069794521667e-05,69.90521327014217
3.783333333333333,47000.0,6.253567698877305e-05,69.19431279620854
3.8,47000.0,8.180108852684498e-05,68.72037914691943
3.816666666666667,47000.0,0.00011735156294889748,67.77251184834124
3.8333333333333335,47000.0,0.00017146175378002226,66.35071090047393
3.85,47000.0,0.0002484904252924025,65.40284360189574
3.8666666666666667,47000.0,0.00035429481067694724,64.45497630331754
3.8833333333333333,47000.0,0.0004961281083524227,63.507109004739334
3.9,47000.0,0.0006827650358900428,62.32227488151659
3.9166666666666665,47000.0,0.0009246954577974975,61.37440758293838
3.933333333333333,47000.0,0.001234336756169796,61.37440758293838
3.95,47000.0,0.0016262887511402369,60.426540284360186
3.966666666666667,47000.0,0.002117627765983343,59.95260663507109
3.9833333333333334,47000.0,0.002728170482441783,58.53080568720379
4.0,47000.0,0.003480786457657814,57.345971563981045
4.016666666666667,47000.0,0.003998847212642431,56.39810426540285
4.033333333333333,47000.0,0.0045035467483103275,55.92417061611374
4.05,47000.0,0.005125095136463642,55.45023696682464
4.066666666666666,47000.0,0.005886172875761986,54.02843601895735
4.083333333333333,47000.0,0.006812825798988342,53.55450236966824
4.1,47000.0,0.007934793829917908,53.317535545023695
4.116666666666666,47000.0,0.009285773150622845,51.421800947867304
4.133333333333334,47000.0,0.010903679765760899,50.4739336492891
4.15,47000.0,0.012830890715122223,49.5260663507109
4.166666666666667,47000.0,0.015114394947886467,48.5781990521327
4.183333333333334,47000.0,0.01780589669942856,46.91943127962085
4.2,47000.0,0.020961742848157883,46.44549763033176
4.216666666666667,47000.0,0.02464291639626026,45.023696682464454
4.233333333333333,47000.0,0.028914818540215492,45.023696682464454
4.25,47000.0,0.03384658321738243,43.60189573459716
4.266666666666667,47000.0,0.03951064497232437,41.943127962085306
4.283333333333333,47000.0,0.04598204791545868,40.99526066350711
4.3,47000.0,0.053337663412094116,40.047393364928915
4.316666666666666,47000.0,0.06165439262986183,39.09952606635071
4.333333333333333,47000.0,0.07100854814052582,38.62559241706161
4.35,47000.0,0.08147439360618591,37.44075829383886
4.366666666666666,47000.0,0.09023483842611313,36.018957345971565
4.383333333333334,47000.0,0.09898491203784943,34.12322274881517
4.4,47000.0,0.10879168659448624,33.175355450236964
4.416666666666667,47000.0,0.11972858756780624,32.22748815165877
4.433333333333334,47000.0,0.13186466693878174,31.516587677725116
4.45,47000.0,0.1452634632587433,29.620853080568722
4.466666666666667,47000.0,0.15998120605945587,29.14691943127962
4.483333333333333,47000.0,0.17606577277183533,28.199052132701425
4.5,47000.0,0.1935552954673767,25.829383886255926
4.516666666666667,47000.0,0.2124769687652588,24.644549763033176
4.533333333333333,47000.0,0.23284761607646942,23.696682464454977
4.55,47000.0,0.25467246770858765,23.22274881516588
4.566666666666666,47000.0,0.2779460847377777,21.32701421800948
4.583333333333333,47000.0,0.30265092849731445,19.194312796208532
4.6,47000.0,0.3287610411643982,18.246445497630333
4.616666666666666,47000.0,0.3562391996383667,17.298578199052134
4.633333333333334,47000.0,0.38504159450531006,15.876777251184834
4.65,47000.0,0.41511616110801697,15.402843601895736
4.666666666666667,47000.0,0.4464060664176941,13.744075829383887
4.683333333333334,47000.0,0.47884970903396606,11.848341232227488
4.7,47000.0,0.5123813152313232,10.90047393364929
4.716666666666667,47000.0,0.5469347238540649,9.004739336492891
4.733333333333333,47000.0,0.582442045211792,8.293838862559241
4.75,47000.0,0.6188347339630127,8.293838862559241
4.766666666666667,47000.0,0.6560453772544861,6.872037914691943
4.783333333333333,47000.0,0.6940090656280518,4.976303317535545
4.8,47000.0,0.732660174369812,3.7914691943127963
4.816666666666666,47000.0,0.7719398736953735,3.7914691943127963
4.833333333333333,47000.0,0.8117886781692505,3.7914691943127963
4.85,47000.0,0.8521524667739868,1.4218009478672986
4.866666666666666,47000.0,0.892979621887207,0.23696682464454977
4.883333333333334,47000.0,0.9342235922813416,0.23696682464454977
4.9,47000.0,0.97584068775177,0.23696682464454977
4.916666666666667,47000.0,1.0177886486053467,0.0
4.933333333333334,47000.0,1.0600337982177734,0.0
4.95,47000.0,1.1025370359420776,0.0
4.966666666666667,47000.0,1.1452679634094238,0.0
4.983333333333333,47000.0,1.1881992816925049,0.0
5.0,47000.0,1.2313053607940674,0.0
5.016666666666667,47000.0,1.2745649814605713,0.0
5.033333333333333,47000.0,1.3179569244384766,0.0
5.05,47000.0,1.3614623546600342,0.0
5.066666666666666,47000.0,1.4050662517547607,0.0
5.083333333333333,47000.0,1.4487614631652832,0.0
5.1,47000.0,1.4925320148468018,0.0
5.116666666666666,47000.0,1.536367654800415,0.0
5.133333333333334,47000.0,1.580256700515747,0.0
5.15,47000.0,1.624194860458374,0.0
5.166666666666667,47000.0,1.6681835651397705,0.0
5.183333333333334,47000.0,1.7122011184692383,0.0
5.2,47000.0,1.7562568187713623,0.0
5.216666666666667,47000.0,1.800342082977295,0.0
5.233333333333333,47000.0,1.844461441040039,0.0
5.25,47000.0,1.8886072635650635,0.0
5.266666666666667,47000.0,1.932777762413025,0.0
5.283333333333333,47000.0,1.9769798517227173,0.0
5.3,47000.0,2.0212109088897705,0.0
5.316666666666666,47000.0,2.0654520988464355,0.0
5.333333333333333,47000.0,2.109713315963745,0.0
5.35,47000.0,2.1539926528930664,0.0
5.366666666666666,47000.0,2.1982898712158203,0.0
5.383333333333334,47000.0,2.2425904273986816,0.0
5.4,47000.0,2.286912441253662,0.0
5.416666666666667,47000.0,2.3312394618988037,0.0
5.433333333333334,47000.0,2.3755996227264404,0.0
5.45,47000.0,2.4199490547180176,0.0
5.466666666666667,47000.0,2.464313507080078,0.0
5.483333333333333,47000.0,2.508680820465088,0.0
5.5,47000.0,2.553053617477417,0.0
5.516666666666667,47000.0,2.597414493560791,0.0
5.533333333333333,47000.0,2.6417508125305176,0.0
5.55,47000.0,2.686100959777832,0.0
5.566666666666666,47000.0,2.7304296493530273,0.0
5.583333333333333,47000.0,2.774733066558838,0.0
5.6,47000.0,2.8190224170684814,0.0
5.616666666666666,47000.0,2.863273859024048,0.0
5.633333333333334,47000.0,2.9074997901916504,0.0
5.65,47000.0,2.9516730308532715,0.0
5.666666666666667,47000.0,2.9958152770996094,0.0
5.683333333333334,47000.0,3.0398929119110107,0.0
5.7,47000.0,3.083908796310425,0.0
5.716666666666667,47000.0,3.1278722286224365,0.0
5.733333333333333,47000.0,3.1717476844787598,0.0
5.75,47000.0,3.2155416011810303,0.0
5.766666666666667,47000.0,3.2592639923095703,0.0
5.783333333333333,47000.0,3.3028860092163086,0.0
5.8,47000.0,3.3464064598083496,0.0
5.816666666666666,47000.0,3.3898444175720215,0.0
5.833333333333333,47000.0,3.433164596557617,0.0
5.85,47000.0,3.476381540298462,0.0
5.866666666666666,47000.0,3.5194787979125977,0.0
5.883333333333334,47000.0,3.5624682903289795,0.0
5.9,47000.0,3.6053261756896973,0.0
5.916666666666667,47000.0,3.6480658054351807,0.0
5.933333333333334,47000.0,3.690669059753418,0.0
5.95,47000.0,3.733154773712158,0.0
5.966666666666667,47000.0,3.775486946105957,0.0
5.983333333333333,47000.0,3.8176863193511963,0.0
6.0,47000.0,3.8597426414489746,0.0
6.016666666666667,47000.0,3.901646614074707,0.0
6.033333333333333,47000.0,3.943401336669922,0.0
6.05,47000.0,3.985013961791992,0.0
6.066666666666666,47000.0,4.02647590637207,0.0
6.083333333333333,47000.0,4.067781448364258,0.0
6.1,47000.0,4.108908653259277,0.0
6.116666666666666,47000.0,4.149901390075684,0.0
6.133333333333334,47000.0,4.190733909606934,0.0
6.15,47000.0,4.231376647949219,0.0
6.166666666666667,47000.0,4.271873474121094,0.0
6.183333333333334,47000.0,4.312211990356445,0.0
6.2,47000.0,4.352370262145996,0.0
6.216666666666667,47000.0,4.392348289489746,0.0
6.233333333333333,47000.0,4.432157039642334,0.0
6.25,47000.0,4.471805095672607,0.0
6.266666666666667,47000.0,4.511265754699707,0.0
6.283333333333333,47000.0,4.550544261932373,0.0
6.3,47000.0,4.589653015136719,0.0
6.316666666666666,47000.0,4.628578186035156,0.0
6.333333333333333,47000.0,4.667317867279053,0.0
6.35,47000.0,4.705896854400635,0.0
6.366666666666666,47000.0,4.7442779541015625,0.0
6.383333333333334,47000.0,4.7824602127075195,0.0
6.4,47000.0,4.820469856262207,0.0
6.416666666666667,47000.0,4.858292579650879,0.0
6.433333333333334,47000.0,4.895929336547852,0.0
6.45,47000.0,4.933380126953125,0.0
6.466666666666667,47000.0,4.97061824798584,0.0
6.483333333333333,47000.0,5.0076799392700195,0.0
6.5,47000.0,5.044555187225342,0.0
6.516666666666667,47000.0,5.081233024597168,0.0
6.533333333333333,47000.0,5.117711067199707,0.0
6.55,47000.0,5.1540069580078125,0.0
6.566666666666666,47000.0,5.190094947814941,0.0
6.583333333333333,47000.0,5.225991725921631,0.0
6.6,47000.0,5.261711120605469,0.0
6.616666666666666,47000.0,5.297237396240234,0.0
6.633333333333334,47000.0,5.33253288269043,0.0
6.65,47000.0,5.367640018463135,0.0
6.666666666666667,47000.0,5.402549743652344,0.0
6.683333333333334,47000.0,5.437264442443848,0.0
6.7,47000.0,5.471776008605957,0.0
6.716666666666667,47000.0,5.506078720092773,0.0
6.733333333333333,47000.0,5.54018497467041,0.0
6.75,47000.0,5.5741047859191895,0.0
6.766666666666667,47000.0,5.607810020446777,0.0
6.783333333333333,47000.0,5.641298770904541,0.0
6.8,47000.0,5.67459774017334,0.0
6.816666666666666,47000.0,5.70770263671875,0.0
6.833333333333333,47000.0,5.740601062774658,0.0
6.85,47000.0,5.773292541503906,0.0
6.866666666666666,47000.0,5.805788993835449,0.0
6.883333333333334,47000.0,5.838080406188965,0.0
6.9,47000.0,5.8701677322387695,0.0
6.916666666666667,47000.0,5.9020490646362305,0.0
6.933333333333334,47000.0,5.933719635009766,0.0
6.95,47000.0,5.965183258056641,0.0
6.966666666666667,47000.0,5.996451377868652,0.0
6.983333333333333,47000.0,6.027491569519043,0.0
7.0,47000.0,6.0583648681640625,0.0
7.016666666666667,47000.0,6.089012145996094,0.0
7.033333333333333,47000.0,6.1194305419921875,0.0
7.05,47000.0,6.149657726287842,0.0
7.066666666666666,47000.0,6.179664611816406,0.0
7.083333333333333,47000.0,6.209490776062012,0.0
7.1,47000.0,6.23911714553833,0.0
7.116666666666666,47000.0,6.26853084564209,0.0
7.133333333333334,47000.0,6.297770977020264,0.0
7.15,47000.0,6.3267621994018555,0.0
7.166666666666667,47000.0,6.355587482452393,0.0
7.183333333333334,47000.0,6.384198188781738,0.0
7.2,47000.0,6.412607192993164,0.0
7.216666666666667,47000.0,6.440842628479004,0.0
7.233333333333333,47000.0,6.468863487243652,0.0
7.25,47000.0,6.496690273284912,0.0
7.266666666666667,47000.0,6.524335861206055,0.0
7.283333333333333,47000.0,6.551763534545898,0.0
7.3,47000.0,6.579009532928467,0.0
7.316666666666666,47000.0,6.606054306030273,0.0
7.333333333333333,47000.0,6.632915019989014,0.0
7.35,47000.0,6.659579753875732,0.0
7.366666666666666,47000.0,6.686047077178955,0.0
7.383333333333334,47000.0,6.712321758270264,0.0
7.4,47000.0,6.738411903381348,0.0
7.416666666666667,47000.0,6.764310359954834,0.0
7.433333333333334,47000.0,6.790034294128418,0.0
7.45,47000.0,6.815560340881348,0.0
7.466666666666667,47000.0,6.840915679931641,0.0
7.483333333333333,47000.0,6.866059303283691,0.0
7.5,47000.0,6.891035079956055,0.0
7.516666666666667,47000.0,6.9158124923706055,0.0
7.533333333333333,47000.0,6.940402030944824,0.0
7.55,47000.0,6.9648237228393555,0.0
7.566666666666666,47000.0,6.9890456199646,0.0
7.583333333333333,47000.0,7.0131306648254395,0.0
7.6,47000.0,7.037018775939941,0.0
7.616666666666666,47000.0,7.0607380867004395,0.0
7.633333333333334,47000.0,7.084252834320068,0.0
7.65,47000.0,7.107577800750732,0.0
7.666666666666667,47000.0,7.130762100219727,0.0
7.683333333333334,47000.0,7.153751373291016,0.0
7.7,47000.0,7.176551342010498,0.0
7.716666666666667,47000.0,7.199179649353027,0.0
7.733333333333333,47000.0,7.221660137176514,0.0
7.75,47000.0,7.243949890136719,0.0
7.766666666666667,47000.0,7.266082286834717,0.0
7.783333333333333,47000.0,7.288041114807129,0.0
7.8,47000.0,7.309812545776367,0.0
7.816666666666666,47000.0,7.331409454345703,0.0
7.833333333333333,47000.0,7.352853298187256,0.0
7.85,47000.0,7.374122619628906,0.0
7.866666666666666,47000.0,7.395247459411621,0.0
7.883333333333334,47000.0,7.416196346282959,0.0
7.9,47000.0,7.436995506286621,0.0
7.916666666666667,47000.0,7.45759916305542,0.0
7.933333333333334,47000.0,7.4780778884887695,0.0
7.95,47000.0,7.498388290405273,0.0
7.966666666666667,47000.0,7.5185346603393555,0.0
7.983333333333333,47000.0,7.538531303405762,0.0
8.0,47000.0,7.558355331420898,0.0
8.016666666666667,47000.0,7.578017234802246,0.0
8.033333333333333,47000.0,7.597554683685303,0.0
8.05,47000.0,7.6169233322143555,0.0
8.066666666666666,47000.0,7.636154651641846,0.0
8.083333333333334,47000.0,7.65522575378418,0.0
8.1,47000.0,7.674139022827148,0.0
8.116666666666667,47000.0,7.69291877746582,0.0
8.133333333333333,47000.0,7.711561679840088,0.0
8.15,47000.0,7.730027675628662,0.0
8.166666666666666,47000.0,7.748378753662109,0.0
8.183333333333334,47000.0,7.766556739807129,0.0
8.2,47000.0,7.78461217880249,0.0
8.216666666666667,47000.0,7.802523136138916,0.0
8.233333333333333,47000.0,7.820302963256836,0.0
8.25,47000.0,7.837950706481934,0.0
8.266666666666667,47000.0,7.855432033538818,0.0
8.283333333333333,47000.0,7.872829437255859,0.0
8.3,47000.0,7.890064239501953,0.0
8.316666666666666,47000.0,7.907175064086914,0.0
8.333333333333334,47000.0,7.924159526824951,0.0
8.35,47000.0,7.941027641296387,0.0
8.366666666666667,47000.0,7.957764625549316,0.0
8.383333333333333,47000.0,7.974374771118164,0.0
8.4,47000.0,7.990861892700195,0.0
8.416666666666666,47000.0,8.007227897644043,0.0
8.433333333333334,47000.0,8.023473739624023,0.0
8.45,47000.0,8.03961181640625,0.0
8.466666666666667,47000.0,8.055559158325195,0.0
8.483333333333333,47000.0,8.071367263793945,0.0
8.5,47000.0,8.087162017822266,0.0
8.516666666666667,47000.0,8.102819442749023,0.0
8.533333333333333,47000.0,8.118301391601562,0.0
8.55,47000.0,8.133767127990723,0.0
8.566666666666666,47000.0,8.149026870727539,0.0
8.583333333333334,47000.0,8.164188385009766,0.0
8.6,47000.0,8.17926025390625,0.0
8.616666666666667,47000.0,8.194133758544922,0.0
8.633333333333333,47000.0,8.208882331848145,0.0
8.65,47000.0,8.223550796508789,0.0
8.666666666666666,47000.0,8.238082885742188,0.0
8.683333333333334,47000.0,8.25247573852539,0.0
8.7,47000.0,8.266819953918457,0.0
8.716666666666667,47000.0,8.281005859375,0.0
8.733333333333333,47000.0,8.295096397399902,0.0
8.75,47000.0,8.309040069580078,0.0
8.766666666666667,47000.0,8.322900772094727,0.0
8.783333333333333,47000.0,8.336631774902344,0.0
8.8,47000.0,8.35020637512207,0.0
8.816666666666666,47000.0,8.363744735717773,0.0
8.833333333333334,47000.0,8.377161026000977,0.0
8.85,47000.0,8.390378952026367,0.0
8.866666666666667,47000.0,8.403496742248535,0.0
8.883333333333333,47000.0,8.416545867919922,0.0
8.9,47000.0,8.429462432861328,0.0
8.916666666666666,47000.0,8.442315101623535,0.0
8.933333333333334,47000.0,8.455001831054688,0.0
8.95,47000.0,8.467573165893555,0.0
8.966666666666667,47000.0,8.480073928833008,0.0
8.983333333333333,47000.0,8.492406845092773,0.0
9.0,47000.0,8.504621505737305,0.0
9.016666666666667,47000.0,8.516709327697754,0.0
9.033333333333333,47000.0,8.528690338134766,0.0
9.05,47000.0,8.540550231933594,0.0
9.066666666666666,47000.0,8.552268981933594,0.0
9.083333333333334,47000.0,8.563933372497559,0.0
9.1,47000.0,8.57553768157959,0.0
9.116666666666667,47000.0,8.586934089660645,0.0
9.133333333333333,47000.0,8.598287582397461,0.0
9.15,47000.0,8.609569549560547,0.0
9.166666666666666,47000.0,8.620735168457031,0.0
9.183333333333334,47000.0,8.631696701049805,0.0
9.2,47000.0,8.642656326293945,0.0
9.216666666666667,47000.0,8.65349006652832,0.0
9.233333333333333,47000.0,8.664165496826172,0.0
9.25,47000.0,8.674802780151367,0.0
9.266666666666667,47000.0,8.685262680053711,0.0
9.283333333333333,47000.0,8.695649147033691,0.0
9.3,47000.0,8.70599365234375,0.0
9.316666666666666,47000.0,8.716252326965332,0.0
9.333333333333334,47000.0,8.72640609741211,0.0
9.35,47000.0,8.736474990844727,0.0
9.366666666666667,47000.0,8.746461868286133,0.0
9.383333333333333,47000.0,8.756293296813965,0.0
9.4,47000.0,8.766067504882812,0.0
9.416666666666666,47000.0,8.775737762451172,0.0
9.433333333333334,47000.0,8.785279273986816,0.0
9.45,47000.0,8.79475212097168,0.0
9.466666666666667,47000.0,8.804100036621094,0.0
9.483333333333333,47000.0,8.813396453857422,0.0
9.5,47000.0,8.822576522827148,0.0
9.516666666666667,47000.0,8.831655502319336,0.0
9.533333333333333,47000.0,8.840681076049805,0.0
9.55,47000.0,8.849603652954102,0.0
9.566666666666666,47000.0,8.858428001403809,0.0
9.583333333333334,47000.0,8.86718463897705,0.0
9.6,47000.0,8.875916481018066,0.0
9.616666666666667,47000.0,8.884571075439453,0.0
9.633333333333333,47000.0,8.893047332763672,0.0
9.65,47000.0,8.901479721069336,0.0
9.666666666666666,47000.0,8.909860610961914,0.0
9.683333333333334,47000.0,8.918218612670898,0.0
9.7,47000.0,8.926389694213867,0.0
9.716666666666667,47000.0,8.934465408325195,0.0
9.733333333333333,47000.0,8.942520141601562,0.0
9.75,47000.0,8.950465202331543,0.0
9.766666666666667,47000.0,8.958378791809082,0.0
9.783333333333333,47000.0,8.966218948364258,0.0
9.8,47000.0,8.973955154418945,0.0
9.816666666666666,47000.0,8.981649398803711,0.0
9.833333333333334,47000.0,8.989243507385254,0.0
9.85,47000.0,8.996779441833496,0.0
9.866666666666667,47000.0,9.00422477722168,0.0
9.883333333333333,47000.0,9.011581420898438,0.0
9.9,47000.0,9.018834114074707,0.0
9.916666666666666,47000.0,9.02606201171875,0.0
9.933333333333334,47000.0,9.033212661743164,0.0
9.95,47000.0,9.040311813354492,0.0
9.966666666666667,47000.0,9.047270774841309,0.0
9.983333333333333,47000.0,9.054191589355469,0.0
10.0,47000.0,9.061002731323242,0.0
10.016666666666667,47000.0,9.067771911621094,0.0
0.0,147750.0,9.9702730178833,0.0
0.016666666666666666,147750.0,4.940536975860596,0.0
0.03333333333333333,147750.0,0.5546623468399048,66.11374407582939
0.05,147750.0,0.0,81.99052132701422
0.06666666666666667,147750.0,0.0,82.46445497630332
0.08333333333333333,147750.0,0.0,81.99052132701422
0.1,147750.0,0.0,81.04265402843602
0.11666666666666667,147750.0,0.0,80.56872037914692
0.13333333333333333,147750.0,0.0,80.80568720379146
0.15,147750.0,0.0,81.27962085308057
0.16666666666666666,147750.0,0.0,79.85781990521326
0.18333333333333332,147750.0,0.0,80.80568720379146
0.2,147750.0,0.0,80.56872037914692
0.21666666666666667,147750.0,0.0,81.51658767772511
0.23333333333333334,147750.0,0.0,82.46445497630332
0.25,147750.0,0.0,82.22748815165876
0.26666666666666666,147750.0,0.0,83.17535545023696
0.2833333333333333,147750.0,0.0,83.64928909952607
0.3,147750.0,0.0,84.36018957345972
0.31666666666666665,147750.0,0.0,85.78199052132702
0.3333333333333333,147750.0,0.0,87.20379146919431
0.35,147750.0,0.0,86.96682464454977
0.36666666666666664,147750.0,0.0,87.44075829383885
0.38333333333333336,147750.0,0.0,90.28436018957346
0.4,147750.0,0.0,90.75829383886256
0.4166666666666667,147750.0,0.0,92.41706161137441
0.43333333333333335,147750.0,0.0,94.54976303317537
0.45,147750.0,0.0,95.73459715639811
0.4666666666666667,147750.0,0.0,97.86729857819904
0.48333333333333334,147750.0,0.0,99.0521327014218
0.5,147750.0,0.0,100.0
0.5166666666666667,147750.0,0.0,100.0
0.5333333333333333,147750.0,0.0,100.0
0.55,147750.0,0.0,100.0
0.5666666666666667,147750.0,0.0,100.0
0.5833333333333334,147750.0,0.0,100.0
0.6,147750.0,0.0,100.0
0.6166666666666667,147750.0,0.0,100.0
0.6333333333333333,147750.0,0.0,100.0
0.65,147750.0,0.0,100.0
0.6666666666666666,147750.0,0.0,100.0
0.6833333333333333,147750.0,0.0,100.0
0.7,147750.0,0.0,100.0
0.7166666666666667,147750.0,0.0,100.0
0.7333333333333333,147750.0,0.0,100.0
0.75,147750.0,0.0,100.0
0.7666666666666667,147750.0,0.0,100.0
0.7833333333333333,147750.0,0.0,100.0
0.8,147750.0,0.0,100.0
0.8166666666666667,147750.0,0.0,100.0
0.8333333333333334,147750.0,0.0,100.0
0.85,147750.0,0.0,100.0
0.8666666666666667,147750.0,0.0,100.0
0.8833333333333333,147750.0,0.0,100.0
0.9,147750.0,0.0,100.0
0.9166666666666666,147750.0,0.0,100.0
0.9333333333333333,147750.0,0.0,100.0
0.95,147750.0,0.0,100.0
0.9666666666666667,147750.0,0.0,100.0
0.9833333333333333,147750.0,0.0,100.0
1.0,147750.0,0.0,100.0
1.0166666666666666,147750.0,0.0,100.0
1.0333333333333334,147750.0,0.0,100.0
1.05,147750.0,0.0,100.0
1.0666666666666667,147750.0,0.0,100.0
1.0833333333333333,147750.0,0.0,100.0
1.1,147750.0,0.0,100.0
1.1166666666666667,147750.0,0.0,100.0
1.1333333333333333,147750.0,0.0,100.0
1.15,147750.0,0.0,100.0
1.1666666666666667,147750.0,0.0,100.0
1.1833333333333333,147750.0,0.0,100.0
1.2,147750.0,0.0,100.0
1.2166666666666666,147750.0,0.0,100.0
1.2333333333333334,147750.0,0.0,100.0
1.25,147750.0,0.0,100.0
1.2666666666666666,147750.0,0.0,100.0
1.2833333333333334,147750.0,0.0,100.0
1.3,147750.0,0.0,100.0
1.3166666666666667,147750.0,0.0,100.0
1.3333333333333333,147750.0,0.0,100.0
1.35,147750.0,0.0,100.0
1.3666666666666667,147750.0,0.0,100.0
1.3833333333333333,147750.0,0.0,100.0
1.4,147750.0,0.0,100.0
1.4166666666666667,147750.0,0.0,100.0
1.4333333333333333,147750.0,0.0,100.0
1.45,147750.0,0.0,100.0
1.4666666666666666,147750.0,0.0,100.0
1.4833333333333334,147750.0,0.0,100.0
1.5,147750.0,0.0,100.0
1.5166666666666666,147750.0,0.0,100.0
1.5333333333333334,147750.0,0.0,100.0
1.55,147750.0,0.0,100.0
1.5666666666666667,147750.0,0.0,100.0
1.5833333333333333,147750.0,0.0,100.0
1.6,147750.0,0.0,100.0
1.6166666666666667,147750.0,0.0,100.0
1.6333333333333333,147750.0,0.0,100.0
1.65,147750.0,0.0,100.0
1.6666666666666667,147750.0,0.0,100.0
1.6833333333333333,147750.0,0.0,100.0
1.7,147750.0,0.0,100.0
1.7166666666666666,147750.0,0.0,100.0
1.7333333333333334,147750.0,0.0,100.0
1.75,147750.0,0.0,100.0
1.7666666666666666,147750.0,0.0,100.0
1.7833333333333334,147750.0,0.0,100.0
1.8,147750.0,0.0,100.0
1.8166666666666667,147750.0,0.0,100.0
1.8333333333333333,147750.0,0.0,100.0
1.85,147750.0,0.0,100.0
1.8666666666666667,147750.0,0.0,100.0
1.8833333333333333,147750.0,0.0,100.0
1.9,147750.0,0.0,100.0
1.9166666666666667,147750.0,0.0,100.0
1.9333333333333333,147750.0,0.0,100.0
1.95,147750.0,0.0,100.0
1.9666666666666666,147750.0,0.0,100.0
1.9833333333333334,147750.0,0.0,100.0
2.0,147750.0,0.0,100.0
2.0166666666666666,147750.0,0.0,100.0
2.033333333333333,147750.0,0.0,100.0
2.05,147750.0,0.0,100.0
2.066666666666667,147750.0,0.0,100.0
2.0833333333333335,147750.0,0.0,100.0
2.1,147750.0,0.0,100.0
2.1166666666666667,147750.0,0.0,100.0
2.1333333333333333,147750.0,0.0,100.0
2.15,147750.0,0.0,100.0
2.1666666666666665,147750.0,0.0,100.0
2.183333333333333,147750.0,0.0,100.0
2.2,147750.0,0.0,100.0
2.216666666666667,147750.0,0.0,100.0
2.2333333333333334,147750.0,0.0,100.0
2.25,147750.0,0.0,100.0
2.2666666666666666,147750.0,0.0,100.0
2.283333333333333,147750.0,0.0,100.0
2.3,147750.0,0.0,100.0
2.316666666666667,147750.0,0.0,100.0
2.3333333333333335,147750.0,0.0,100.0
2.35,147750.0,0.0,100.0
2.3666666666666667,147750.0,0.0,100.0
2.3833333333333333,147750.0,0.0,100.0
2.4,147750.0,0.0,100.0
2.4166666666666665,147750.0,0.0,100.0
2.433333333333333,147750.0,0.0,100.0
2.45,147750.0,0.0,100.0
2.466666666666667,147750.0,0.0,100.0
2.4833333333333334,147750.0,0.0,100.0
2.5,147750.0,0.0,100.0
2.5166666666666666,147750.0,0.0,100.0
2.533333333333333,147750.0,0.0,100.0
2.55,147750.0,0.0,100.0
2.566666666666667,147750.0,0.0,100.0
2.5833333333333335,147750.0,0.0,100.0
2.6,147750.0,0.0,100.0
2.6166666666666667,147750.0,0.0,100.0
2.6333333333333333,147750.0,0.0,100.0
2.65,147750.0,0.0,100.0
2.6666666666666665,147750.0,0.0,100.0
2.683333333333333,147750.0,0.0,100.0
2.7,147750.0,0.0,100.0
2.716666666666667,147750.0,0.0,100.0
2.7333333333333334,147750.0,0.0,100.0
2.75,147750.0,0.0,100.0
2.7666666666666666,147750.0,0.0,100.0
2.783333333333333,147750.0,0.0,99.0521327014218
2.8,147750.0,0.0,98.5781990521327
2.816666666666667,147750.0,0.0,98.5781990521327
2.8333333333333335,147750.0,0.0,98.5781990521327
2.85,147750.0,0.0,98.5781990521327
2.8666666666666667,147750.0,0.0,98.5781990521327
2.8833333333333333,147750.0,0.0,98.5781990521327
2.9,147750.0,0.0,98.5781990521327
2.9166666666666665,147750.0,0.0,98.10426540284361
2.933333333333333,147750.0,0.0,97.6303317535545
2.95,147750.0,0.0,97.1563981042654
2.966666666666667,147750.0,0.0,96.6824644549763
2.9833333333333334,147750.0,0.0,96.6824644549763
3.0,147750.0,0.0,96.2085308056872
3.0166666666666666,147750.0,0.0,96.2085308056872
3.033333333333333,147750.0,0.0,95.260663507109
3.05,147750.0,0.0,95.260663507109
3.066666666666667,147750.0,0.0,94.7867298578199
3.0833333333333335,147750.0,0.0,94.7867298578199
3.1,147750.0,0.0,94.3127962085308
3.1166666666666667,147750.0,0.0,93.8388625592417
3.1333333333333333,147750.0,0.0,93.36492890995261
3.15,147750.0,0.0,92.89099526066352
3.1666666666666665,147750.0,0.0,92.89099526066352
3.183333333333333,147750.0,0.0,92.41706161137441
3.2,147750.0,0.0,91.4691943127962
3.216666666666667,147750.0,0.0,91.4691943127962
3.2333333333333334,147750.0,0.0,90.52132701421802
3.25,147750.0,0.0,90.52132701421802
3.2666666666666666,147750.0,0.0,89.57345971563981
3.283333333333333,147750.0,0.0,89.57345971563981
3.3,147750.0,0.0,89.57345971563981
3.316666666666667,147750.0,0.0,88.62559241706161
3.3333333333333335,147750.0,0.0,87.67772511848341
3.35,147750.0,0.0,87.20379146919431
3.3666666666666667,147750.0,0.0,87.20379146919431
3.3833333333333333,147750.0,0.0,85.78199052132702
3.4,147750.0,0.0,85.78199052132702
3.4166666666666665,147750.0,0.0,84.59715639810426
3.433333333333333,147750.0,0.0,83.64928909952607
3.45,147750.0,0.0,83.64928909952607
3.466666666666667,147750.0,0.0,83.64928909952607
3.4833333333333334,147750.0,0.0,82.22748815165876
3.5,147750.0,0.0,81.75355450236967
3.5166666666666666,147750.0,0.0,81.75355450236967
3.533333333333333,147750.0,0.0,80.33175355450237
3.55,147750.0,0.0,80.09478672985783
3.566666666666667,147750.0,0.0,79.62085308056872
3.5833333333333335,147750.0,0.0,79.14691943127961
3.6,147750.0,0.0,78.19905213270142
3.6166666666666667,147750.0,0.0,78.19905213270142
3.6333333333333333,147750.0,0.0,76.30331753554502
3.65,147750.0,0.0,75.82938388625593
3.6666666666666665,147750.0,0.0,74.40758293838863
3.683333333333333,147750.0,0.0,73.69668246445498
3.7,147750.0,0.0,72.74881516587678
3.716666666666667,147750.0,0.0,72.74881516587678
3.7333333333333334,147750.0,0.0,72.27488151658767
3.75,147750.0,0.0,71.32701421800948
3.7666666666666666,147750.0,0.0,70.85308056872039
3.783333333333333,147750.0,0.0,70.85308056872039
3.8,147750.0,3.1944924558047205e-05,69.43127962085308
3.816666666666667,147750.0,5.82664470130112e-05,69.19431279620854
3.8333333333333335,147750.0,7.840750913601369e-05,68.72037914691943
3.85,147750.0,0.00011448306031525135,67.77251184834124
3.8666666666666667,147750.0,0.00016873542335815728,66.35071090047393
3.8833333333333333,147750.0,0.00024533472605980933,65.40284360189574
3.9,147750.0,0.000349816691596061,64.92890995260665
3.9166666666666665,147750.0,0.0004890057607553899,63.98104265402843
3.933333333333333,147750.0,0.000671114306896925,62.32227488151659
3.95,147750.0,0.0009059043368324637,61.37440758293838
3.966666666666667,147750.0,0.001204875996336341,61.37440758293838
3.9833333333333334,147750.0,0.0015814704820513725,60.90047393364929
4.0,147750.0,0.0020513408817350864,59.95260663507109
4.016666666666667,147750.0,0.0026325767394155264,58.53080568720379
4.033333333333333,147750.0,0.0033459512051194906,57.81990521327014
4.05,147750.0,0.003880549455061555,56.39810426540285
4.066666666666666,147750.0,0.004351568873971701,55.92417061611374
4.083333333333333,147750.0,0.004929268267005682,55.45023696682464
4.1,147750.0,0.00563387107104063,54.502369668246445
4.116666666666666,147750.0,0.006488459650427103,53.55450236966824
4.133333333333334,147750.0,0.0075193108059465885,53.317535545023695
4.15,147750.0,0.008756140246987343,52.3696682464455
4.166666666666667,147750.0,0.010232262313365936,50.947867298578196
4.183333333333334,147750.0,0.011984815821051598,50.4739336492891
4.2,147750.0,0.014054941013455391,49.052132701421804
4.216666666666667,147750.0,0.016487834975123405,48.1042654028436
4.233333333333333,147750.0,0.019332759082317352,46.91943127962085
4.25,147750.0,0.022642984986305237,45.97156398104265
4.266666666666667,147750.0,0.026475638151168823,45.497630331753555
4.283333333333333,147750.0,0.030891265720129013,44.54976303317535
4.3,147750.0,0.03595360368490219,43.127962085308056
4.316666666666666,147750.0,0.041728705167770386,41.943127962085306
4.333333333333333,147750.0,0.04828456789255142,40.99526066350711
4.35,147750.0,0.05568985641002655,40.047393364928915
4.366666666666666,147750.0,0.06401319801807404,39.09952606635071
4.383333333333334,147750.0,0.0733218565583229,38.62559241706161
4.4,147750.0,0.08360940217971802,37.44075829383886
4.416666666666667,147750.0,0.09128034114837646,36.492890995260666
4.433333333333334,147750.0,0.09987480938434601,34.12322274881517
4.45,147750.0,0.1094597727060318,33.649289099526065
4.466666666666667,147750.0,0.1200994998216629,32.22748815165877
4.483333333333333,147750.0,0.13185429573059082,31.516587677725116
4.5,147750.0,0.1447790116071701,30.568720379146917
4.516666666666667,147750.0,0.1589219570159912,29.14691943127962
4.533333333333333,147750.0,0.17432472109794617,28.199052132701425
4.55,147750.0,0.19101999700069427,26.303317535545023
4.566666666666666,147750.0,0.2090313881635666,24.644549763033176
4.583333333333333,147750.0,0.22837254405021667,23.696682464454977
4.6,147750.0,0.24904829263687134,23.696682464454977
4.616666666666666,147750.0,0.27105337381362915,22.748815165876778
4.633333333333334,147750.0,0.29437267780303955,21.32701421800948
4.65,147750.0,0.318983256816864,19.194312796208532
4.666666666666667,147750.0,0.3448536992073059,18.246445497630333
4.683333333333334,147750.0,0.3719448745250702,17.298578199052134
4.7,147750.0,0.4002125859260559,15.876777251184834
4.716666666666667,147750.0,0.42960619926452637,14.691943127962084
4.733333333333333,147750.0,0.4600713849067688,13.744075829383887
4.75,147750.0,0.4915512204170227,11.848341232227488
4.766666666666667,147750.0,0.5239858627319336,10.42654028436019
4.783333333333333,147750.0,0.5573165416717529,9.004739336492891
4.8,147750.0,0.5914822220802307,8.293838862559241
4.816666666666666,147750.0,0.6264220476150513,8.293838862559241
4.833333333333333,147750.0,0.6620776057243347,7.345971563981042
4.85,147750.0,0.6983904838562012,4.976303317535545
4.866666666666666,147750.0,0.7353053092956543,3.7914691943127963
4.883333333333334,147750.0,0.7727702260017395,3.7914691943127963
4.9,147750.0,0.8107343912124634,3.7914691943127963
4.916666666666667,147750.0,0.8491491079330444,1.8957345971563981
4.933333333333334,147750.0,0.8879709839820862,0.23696682464454977
4.95,147750.0,0.9271615743637085,0.23696682464454977
4.966666666666667,147750.0,0.9666820764541626,0.23696682464454977
4.983333333333333,147750.0,1.0064948797225952,0.0
5.0,147750.0,1.0465666055679321,0.0
5.016666666666667,147750.0,1.0868704319000244,0.0
5.033333333333333,147750.0,1.1273784637451172,0.0
5.05,147750.0,1.1680691242218018,0.0
5.066666666666666,147750.0,1.2089167833328247,0.0
5.083333333333333,147750.0,1.2499058246612549,0.0
5.1,147750.0,1.2910182476043701,0.0
5.116666666666666,147750.0,1.3322365283966064,0.0
5.133333333333334,147750.0,1.373550295829773,0.0
5.15,147750.0,1.414947748184204,0.0
5.166666666666667,147750.0,1.4564123153686523,0.0
5.183333333333334,147750.0,1.4979329109191895,0.0
5.2,147750.0,1.5395121574401855,0.0
5.216666666666667,147750.0,1.5811396837234497,0.0
5.233333333333333,147750.0,1.622807502746582,0.0
5.25,147750.0,1.6645166873931885,0.0
5.266666666666667,147750.0,1.7062591314315796,0.0
5.283333333333333,147750.0,1.7480230331420898,0.0
5.3,147750.0,1.7898120880126953,0.0
5.316666666666666,147750.0,1.831634521484375,0.0
5.333333333333333,147750.0,1.873480200767517,0.0
5.35,147750.0,1.9153553247451782,0.0
5.366666666666666,147750.0,1.9572508335113525,0.0
5.383333333333334,147750.0,1.9991672039031982,0.0
5.4,147750.0,2.0411016941070557,0.0
5.416666666666667,147750.0,2.0830464363098145,0.0
5.433333333333334,147750.0,2.1250052452087402,0.0
5.45,147750.0,2.1669745445251465,0.0
5.466666666666667,147750.0,2.2089452743530273,0.0
5.483333333333333,147750.0,2.2509303092956543,0.0
5.5,147750.0,2.2929153442382812,0.0
5.516666666666667,147750.0,2.334900379180908,0.0
5.533333333333333,147750.0,2.376885414123535,0.0
5.55,147750.0,2.418870449066162,0.0
5.566666666666666,147750.0,2.460855484008789,0.0
5.583333333333333,147750.0,2.502840518951416,0.0
5.6,147750.0,2.544797658920288,0.0
5.616666666666666,147750.0,2.5867421627044678,0.0
5.633333333333334,147750.0,2.628669261932373,0.0
5.65,147750.0,2.6705708503723145,0.0
5.666666666666667,147750.0,2.7124407291412354,0.0
5.683333333333334,147750.0,2.75427508354187,0.0
5.7,147750.0,2.796065092086792,0.0
5.716666666666667,147750.0,2.837820053100586,0.0
5.733333333333333,147750.0,2.879514217376709,0.0
5.75,147750.0,2.921132802963257,0.0
5.766666666666667,147750.0,2.9627175331115723,0.0
5.783333333333333,147750.0,3.0042226314544678,0.0
5.8,147750.0,3.045647144317627,0.0
5.816666666666666,147750.0,3.0869996547698975,0.0
5.833333333333333,147750.0,3.128272294998169,0.0
5.85,147750.0,3.169421911239624,0.0
5.866666666666666,147750.0,3.210510015487671,0.0
5.883333333333334,147750.0,3.2514901161193848,0.0
5.9,147750.0,3.292363166809082,0.0
5.916666666666667,147750.0,3.3331305980682373,0.0
5.933333333333334,147750.0,3.373767614364624,0.0
5.95,147750.0,3.4143152236938477,0.0
5.966666666666667,147750.0,3.454730272293091,0.0
5.983333333333333,147750.0,3.495028018951416,0.0
6.0,147750.0,3.5351908206939697,0.0
6.016666666666667,147750.0,3.575230598449707,0.0
6.033333333333333,147750.0,3.6151351928710938,0.0
6.05,147750.0,3.6549010276794434,0.0
6.066666666666666,147750.0,3.6945300102233887,0.0
6.083333333333333,147750.0,3.7340247631073,0.0
6.1,147750.0,3.7733829021453857,0.0
6.116666666666666,147750.0,3.8125853538513184,0.0
6.133333333333334,147750.0,3.851646900177002,0.0
6.15,147750.0,3.8905584812164307,0.0
6.166666666666667,147750.0,3.9293124675750732,0.0
6.183333333333334,147750.0,3.967928171157837,0.0
6.2,147750.0,4.006369590759277,0.0
6.216666666666667,147750.0,4.044671058654785,0.0
6.233333333333333,147750.0,4.082823276519775,0.0
6.25,147750.0,4.120779991149902,0.0
6.266666666666667,147750.0,4.158584117889404,0.0
6.283333333333333,147750.0,4.196246147155762,0.0
6.3,147750.0,4.23374080657959,0.0
6.316666666666666,147750.0,4.271056175231934,0.0
6.333333333333333,147750.0,4.308194160461426,0.0
6.35,147750.0,4.3451738357543945,0.0
6.366666666666666,147750.0,4.3819708824157715,0.0
6.383333333333334,147750.0,4.418610572814941,0.0
6.4,147750.0,4.455080986022949,0.0
6.416666666666667,147750.0,4.491364002227783,0.0
6.433333333333334,147750.0,4.527482986450195,0.0
6.45,147750.0,4.563440799713135,0.0
6.466666666666667,147750.0,4.599196434020996,0.0
6.483333333333333,147750.0,4.634768486022949,0.0
6.5,147750.0,4.670166969299316,0.0
6.516666666666667,147750.0,4.705405235290527,0.0
6.533333333333333,147750.0,4.740445137023926,0.0
6.55,147750.0,4.775318145751953,0.0
6.566666666666666,147750.0,4.81001091003418,0.0
6.583333333333333,147750.0,4.844512939453125,0.0
6.6,147750.0,4.8788251876831055,0.0
6.616666666666666,147750.0,4.9129533767700195,0.0
6.633333333333334,147750.0,4.946898460388184,0.0
6.65,147750.0,4.98066520690918,0.0
6.666666666666667,147750.0,5.01424503326416,0.0
6.683333333333334,147750.0,5.047631740570068,0.0
6.7,147750.0,5.080834865570068,0.0
6.716666666666667,147750.0,5.113852500915527,0.0
6.733333333333333,147750.0,5.1466827392578125,0.0
6.75,147750.0,5.179312705993652,0.0
6.766666666666667,147750.0,5.211771011352539,0.0
6.783333333333333,147750.0,5.244040012359619,0.0
6.8,147750.0,5.276111125946045,0.0
6.816666666666666,147750.0,5.307986259460449,0.0
6.833333333333333,147750.0,5.339678764343262,0.0
6.85,147750.0,5.371181011199951,0.0
6.866666666666666,147750.0,5.402493953704834,0.0
6.883333333333334,147750.0,5.43359899520874,0.0
6.9,147750.0,5.464521408081055,0.0
6.916666666666667,147750.0,5.495240211486816,0.0
6.933333333333334,147750.0,5.525777816772461,0.0
6.95,147750.0,5.556112289428711,0.0
6.966666666666667,147750.0,5.586261749267578,0.0
6.983333333333333,147750.0,5.6162261962890625,0.0
7.0,147750.0,5.64597225189209,0.0
7.016666666666667,147750.0,5.675550937652588,0.0
7.033333333333333,147750.0,5.704916000366211,0.0
7.05,147750.0,5.734113693237305,0.0
7.066666666666666,147750.0,5.763115882873535,0.0
7.083333333333333,147750.0,5.79190731048584,0.0
7.1,147750.0,5.8205156326293945,0.0
7.116666666666666,147750.0,5.848901748657227,0.0
7.133333333333334,147750.0,5.877139091491699,0.0
7.15,147750.0,5.905181884765625,0.0
7.166666666666667,147750.0,5.932997703552246,0.0
7.183333333333334,147750.0,5.960671901702881,0.0
7.2,147750.0,5.9881134033203125,0.0
7.216666666666667,147750.0,6.015426158905029,0.0
7.233333333333333,147750.0,6.0425310134887695,0.0
7.25,147750.0,6.06942081451416,0.0
7.266666666666667,147750.0,6.096127510070801,0.0
7.283333333333333,147750.0,6.12263298034668,0.0
7.3,147750.0,6.1489715576171875,0.0
7.316666666666666,147750.0,6.17510461807251,0.0
7.333333333333333,147750.0,6.201060771942139,0.0
7.35,147750.0,6.226850509643555,0.0
7.366666666666666,147750.0,6.252440452575684,0.0
7.383333333333334,147750.0,6.277863502502441,0.0
7.4,147750.0,6.303075313568115,0.0
7.416666666666667,147750.0,6.328135013580322,0.0
7.433333333333334,147750.0,6.352993011474609,0.0
7.45,147750.0,6.377684593200684,0.0
7.466666666666667,147750.0,6.402196407318115,0.0
7.483333333333333,147750.0,6.426523208618164,0.0
7.5,147750.0,6.450675964355469,0.0
7.516666666666667,147750.0,6.4746413230896,0.0
7.533333333333333,147750.0,6.498443126678467,0.0
7.55,147750.0,6.5220513343811035,0.0
7.566666666666666,147750.0,6.545516014099121,0.0
7.583333333333333,147750.0,6.568772315979004,0.0
7.6,147750.0,6.59189510345459,0.0
7.616666666666666,147750.0,6.61482048034668,0.0
7.633333333333334,147750.0,6.637584686279297,0.0
7.65,147750.0,6.660176753997803,0.0
7.666666666666667,147750.0,6.682590007781982,0.0
7.683333333333334,147750.0,6.704827785491943,0.0
7.7,147750.0,6.726892948150635,0.0
7.716666666666667,147750.0,6.748804092407227,0.0
7.733333333333333,147750.0,6.770549774169922,0.0
7.75,147750.0,6.79211950302124,0.0
7.766666666666667,147750.0,6.813520431518555,0.0
7.783333333333333,147750.0,6.834794044494629,0.0
7.8,147750.0,6.855880260467529,0.0
7.816666666666666,147750.0,6.876804828643799,0.0
7.833333333333333,147750.0,6.897580623626709,0.0
7.85,147750.0,6.9181718826293945,0.0
7.866666666666666,147750.0,6.938622951507568,0.0
7.883333333333334,147750.0,6.958928108215332,0.0
7.9,147750.0,6.979070663452148,0.0
7.916666666666667,147750.0,6.999051094055176,0.0
7.933333333333334,147750.0,7.018873691558838,0.0
7.95,147750.0,7.038539409637451,0.0
7.966666666666667,147750.0,7.058080673217773,0.0
7.983333333333333,147750.0,7.07742977142334,0.0
8.0,147750.0,7.096677780151367,0.0
8.016666666666667,147750.0,7.115743637084961,0.0
8.033333333333333,147750.0,7.13464879989624,0.0
8.05,147750.0,7.153437614440918,0.0
8.066666666666666,147750.0,7.172063827514648,0.0
8.083333333333334,147750.0,7.190507411956787,0.0
8.1,147750.0,7.208867073059082,0.0
8.116666666666667,147750.0,7.22706937789917,0.0
8.133333333333333,147750.0,7.245129108428955,0.0
8.15,147750.0,7.263034820556641,0.0
8.166666666666666,147750.0,7.280820846557617,0.0
8.183333333333334,147750.0,7.298458576202393,0.0
8.2,147750.0,7.315924644470215,0.0
8.216666666666667,147750.0,7.333330154418945,0.0
8.233333333333333,147750.0,7.350561141967773,0.0
8.25,147750.0,7.36768102645874,0.0
8.266666666666667,147750.0,7.3846049308776855,0.0
8.283333333333333,147750.0,7.4014692306518555,0.0
8.3,147750.0,7.418160438537598,0.0
8.316666666666666,147750.0,7.434730052947998,0.0
8.333333333333334,147750.0,7.451164245605469,0.0
8.35,147750.0,7.467494964599609,0.0
8.366666666666667,147750.0,7.483671188354492,0.0
8.383333333333333,147750.0,7.499748706817627,0.0
8.4,147750.0,7.5157060623168945,0.0
8.416666666666666,147750.0,7.53153133392334,0.0
8.433333333333334,147750.0,7.547233581542969,0.0
8.45,147750.0,7.562792778015137,0.0
8.466666666666667,147750.0,7.578265190124512,0.0
8.483333333333333,147750.0,7.593636512756348,0.0
8.5,147750.0,7.608838081359863,0.0
8.516666666666667,147750.0,7.623955726623535,0.0
8.533333333333333,147750.0,7.638935089111328,0.0
8.55,147750.0,7.653802871704102,0.0
8.566666666666666,147750.0,7.668559551239014,0.0
8.583333333333334,147750.0,7.683207035064697,0.0
8.6,147750.0,7.697749614715576,0.0
8.616666666666667,147750.0,7.712185859680176,0.0
8.633333333333333,147750.0,7.726519584655762,0.0
8.65,147750.0,7.740721702575684,0.0
8.666666666666666,147750.0,7.754836082458496,0.0
8.683333333333334,147750.0,7.7688093185424805,0.0
8.7,147750.0,7.782707214355469,0.0
8.716666666666667,147750.0,7.796489715576172,0.0
8.733333333333333,147750.0,7.810164928436279,0.0
8.75,147750.0,7.823709487915039,0.0
8.766666666666667,147750.0,7.837172508239746,0.0
8.783333333333333,147750.0,7.850493431091309,0.0
8.8,147750.0,7.8637003898620605,0.0
8.816666666666666,147750.0,7.8767852783203125,0.0
8.833333333333334,147750.0,7.889793395996094,0.0
8.85,147750.0,7.902697563171387,0.0
8.866666666666667,147750.0,7.915485858917236,0.0
8.883333333333333,147750.0,7.928176403045654,0.0
8.9,147750.0,7.940752029418945,0.0
8.916666666666666,147750.0,7.9532060623168945,0.0
8.933333333333334,147750.0,7.9654741287231445,0.0
8.95,147750.0,7.977646350860596,0.0
8.966666666666667,147750.0,7.989731788635254,0.0
8.983333333333333,147750.0,8.001758575439453,0.0
9.0,147750.0,8.013687133789062,0.0
9.016666666666667,147750.0,8.02551555633545,0.0
9.033333333333333,147750.0,8.03727912902832,0.0
9.05,147750.0,8.048894882202148,0.0
9.066666666666666,147750.0,8.060380935668945,0.0
9.083333333333334,147750.0,8.071786880493164,0.0
9.1,147750.0,8.08306884765625,0.0
9.116666666666667,147750.0,8.094218254089355,0.0
9.133333333333333,147750.0,8.105283737182617,0.0
9.15,147750.0,8.116243362426758,0.0
9.166666666666666,147750.0,8.127119064331055,0.0
9.183333333333334,147750.0,8.137849807739258,0.0
9.2,147750.0,8.148487091064453,0.0
9.216666666666667,147750.0,8.159063339233398,0.0
9.233333333333333,147750.0,8.169502258300781,0.0
9.25,147750.0,8.179878234863281,0.0
9.266666666666667,147750.0,8.190193176269531,0.0
9.283333333333333,147750.0,8.200390815734863,0.0
9.3,147750.0,8.210468292236328,0.0
9.316666666666666,147750.0,8.220460891723633,0.0
9.333333333333334,147750.0,8.230389595031738,0.0
9.35,147750.0,8.240192413330078,0.0
9.366666666666667,147750.0,8.249868392944336,0.0
9.383333333333333,147750.0,8.259535789489746,0.0
9.4,147750.0,8.269003868103027,0.0
9.416666666666666,147750.0,8.278413772583008,0.0
9.433333333333334,147750.0,8.287761688232422,0.0
9.45,147750.0,8.297040939331055,0.0
9.466666666666667,147750.0,8.306192398071289,0.0
9.483333333333333,147750.0,8.315256118774414,0.0
9.5,147750.0,8.324275970458984,0.0
9.516666666666667,147750.0,8.333168029785156,0.0
9.533333333333333,147750.0,8.342009544372559,0.0
9.55,147750.0,8.35073471069336,0.0
9.566666666666666,147750.0,8.359391212463379,0.0
9.583333333333334,147750.0,8.36793327331543,0.0
9.6,147750.0,8.376365661621094,0.0
9.616666666666667,147750.0,8.384746551513672,0.0
9.633333333333333,147750.0,8.393085479736328,0.0
9.65,147750.0,8.401317596435547,0.0
9.666666666666666,147750.0,8.40949821472168,0.0
9.683333333333334,147750.0,8.417556762695312,0.0
9.7,147750.0,8.425531387329102,0.0
9.716666666666667,147750.0,8.433412551879883,0.0
9.733333333333333,147750.0,8.4412260055542,0.0
9.75,147750.0,8.448968887329102,0.0
9.766666666666667,147750.0,8.456705093383789,0.0
9.783333333333333,147750.0,8.464278221130371,0.0
9.8,147750.0,8.471769332885742,0.0
9.816666666666666,147750.0,8.479230880737305,0.0
9.833333333333334,147750.0,8.486644744873047,0.0
9.85,147750.0,8.493990898132324,0.0
9.866666666666667,147750.0,8.50121784210205,0.0
9.883333333333333,147750.0,8.50837516784668,0.0
9.9,147750.0,8.515491485595703,0.0
9.916666666666666,147750.0,8.5225830078125,0.0
9.933333333333334,147750.0,8.529499053955078,0.0
9.95,147750.0,8.536293983459473,0.0
9.966666666666667,147750.0,8.543062210083008,0.0
9.983333333333333,147750.0,8.54975414276123,0.0
10.0,147750.0,8.556385040283203,0.0
10.016666666666667,147750.0,8.563011169433594,0.0
0.0,248500.0,9.9702730178833,0.0
0.016666666666666666,248500.0,4.940480709075928,0.0
0.03333333333333333,248500.0,0.5545321702957153,66.11374407582939
0.05,248500.0,0.0,81.99052132701422
0.06666666666666667,248500.0,0.0,82.46445497630332
0.08333333333333333,248500.0,0.0,81.99052132701422
0.1,248500.0,0.0,81.04265402843602
0.11666666666666667,248500.0,0.0,80.56872037914692
0.13333333333333333,248500.0,0.0,80.80568720379146
0.15,248500.0,0.0,81.27962085308057
0.16666666666666666,248500.0,0.0,79.85781990521326
0.18333333333333332,248500.0,0.0,80.80568720379146
0.2,248500.0,0.0,80.56872037914692
0.21666666666666667,248500.0,0.0,81.51658767772511
0.23333333333333334,248500.0,0.0,82.46445497630332
0.25,248500.0,0.0,82.22748815165876
0.26666666666666666,248500.0,0.0,83.17535545023696
0.2833333333333333,248500.0,0.0,83.64928909952607
0.3,248500.0,0.0,84.36018957345972
0.31666666666666665,248500.0,0.0,85.78199052132702
0.3333333333333333,248500.0,0.0,87.20379146919431
0.35,248500.0,0.0,86.96682464454977
0.36666666666666664,248500.0,0.0,87.44075829383885
0.38333333333333336,248500.0,0.0,90.28436018957346
0.4,248500.0,0.0,90.75829383886256
0.4166666666666667,248500.0,0.0,92.41706161137441
0.43333333333333335,248500.0,0.0,94.54976303317537
0.45,248500.0,0.0,95.73459715639811
0.4666666666666667,248500.0,0.0,97.86729857819904
0.48333333333333334,248500.0,0.0,99.0521327014218
0.5,248500.0,0.0,100.0
0.5166666666666667,248500.0,0.0,100.0
0.5333333333333333,248500.0,0.0,100.0
0.55,248500.0,0.0,100.0
0.5666666666666667,248500.0,0.0,100.0
0.5833333333333334,248500.0,0.0,100.0
0.6,248500.0,0.0,100.0
0.6166666666666667,248500.0,0.0,100.0
0.6333333333333333,248500.0,0.0,100.0
0.65,248500.0,0.0,100.0
0.6666666666666666,248500.0,0.0,100.0
0.6833333333333333,248500.0,0.0,100.0
0.7,248500.0,0.0,100.0
0.7166666666666667,248500.0,0.0,100.0
0.7333333333333333,248500.0,0.0,100.0
0.75,248500.0,0.0,100.0
0.7666666666666667,248500.0,0.0,100.0
0.7833333333333333,248500.0,0.0,100.0
0.8,248500.0,0.0,100.0
0.8166666666666667,248500.0,0.0,100.0
0.8333333333333334,248500.0,0.0,100.0
0.85,248500.0,0.0,100.0
0.8666666666666667,248500.0,0.0,100.0
0.8833333333333333,248500.0,0.0,100.0
0.9,248500.0,0.0,100.0
0.9166666666666666,248500.0,0.0,100.0
0.9333333333333333,248500.0,0.0,100.0
0.95,248500.0,0.0,100.0
0.9666666666666667,248500.0,0.0,100.0
0.9833333333333333,248500.0,0.0,100.0
1.0,248500.0,0.0,100.0
1.0166666666666666,248500.0,0.0,100.0
1.0333333333333334,248500.0,0.0,100.0
1.05,248500.0,0.0,100.0
1.0666666666666667,248500.0,0.0,100.0
1.0833333333333333,248500.0,0.0,100.0
1.1,248500.0,0.0,100.0
1.1166666666666667,248500.0,0.0,100.0
1.1333333333333333,248500.0,0.0,100.0
1.15,248500.0,0.0,100.0
1.1666666666666667,248500.0,0.0,100.0
1.1833333333333333,248500.0,0.0,100.0
1.2,248500.0,0.0,100.0
1.2166666666666666,248500.0,0.0,100.0
1.2333333333333334,248500.0,0.0,100.0
1.25,248500.0,0.0,100.0
1.2666666666666666,248500.0,0.0,100.0
1.2833333333333334,248500.0,0.0,100.0
1.3,248500.0,0.0,100.0
1.3166666666666667,248500.0,0.0,100.0
1.3333333333333333,248500.0,0.0,100.0
1.35,248500.0,0.0,100.0
1.3666666666666667,248500.0,0.0,100.0
1.3833333333333333,248500.0,0.0,100.0
1.4,248500.0,0.0,100.0
1.4166666666666667,248500.0,0.0,100.0
1.4333333333333333,248500.0,0.0,100.0
1.45,248500.0,0.0,100.0
1.4666666666666666,248500.0,0.0,100.0
1.4833333333333334,248500.0,0.0,100.0
1.5,248500.0,0.0,100.0
1.5166666666666666,248500.0,0.0,100.0
1.5333333333333334,248500.0,0.0,100.0
1.55,248500.0,0.0,100.0
1.5666666666666667,248500.0,0.0,100.0
1.5833333333333333,248500.0,0.0,100.0
1.6,248500.0,0.0,100.0
1.6166666666666667,248500.0,0.0,100.0
1.6333333333333333,248500.0,0.0,100.0
1.65,248500.0,0.0,100.0
1.6666666666666667,248500.0,0.0,100.0
1.6833333333333333,248500.0,0.0,100.0
1.7,248500.0,0.0,100.0
1.7166666666666666,248500.0,0.0,100.0
1.7333333333333334,248500.0,0.0,100.0
1.75,248500.0,0.0,100.0
1.7666666666666666,248500.0,0.0,100.0
1.7833333333333334,248500.0,0.0,100.0
1.8,248500.0,0.0,100.0
1.8166666666666667,248500.0,0.0,100.0
1.8333333333333333,248500.0,0.0,100.0
1.85,248500.0,0.0,100.0
1.8666666666666667,248500.0,0.0,100.0
1.8833333333333333,248500.0,0.0,100.0
1.9,248500.0,0.0,100.0
1.9166666666666667,248500.0,0.0,100.0
1.9333333333333333,248500.0,0.0,100.0
1.95,248500.0,0.0,100.0
1.9666666666666666,248500.0,0.0,100.0
1.9833333333333334,248500.0,0.0,100.0
2.0,248500.0,0.0,100.0
2.0166666666666666,248500.0,0.0,100.0
2.033333333333333,248500.0,0.0,100.0
2.05,248500.0,0.0,100.0
2.066666666666667,248500.0,0.0,100.0
2.0833333333333335,248500.0,0.0,100.0
2.1,248500.0,0.0,100.0
2.1166666666666667,248500.0,0.0,100.0
2.1333333333333333,248500.0,0.0,100.0
2.15,248500.0,0.0,100.0
2.1666666666666665,248500.0,0.0,100.0
2.183333333333333,248500.0,0.0,100.0
2.2,248500.0,0.0,100.0
2.216666666666667,248500.0,0.0,100.0
2.2333333333333334,248500.0,0.0,100.0
2.25,248500.0,0.0,100.0
2.2666666666666666,248500.0,0.0,100.0
2.283333333333333,248500.0,0.0,100.0
2.3,248500.0,0.0,100.0
2.316666666666667,248500.0,0.0,100.0
2.3333333333333335,248500.0,0.0,100.0
2.35,248500.0,0.0,100.0
2.3666666666666667,248500.0,0.0,100.0
2.3833333333333333,248500.0,0.0,100.0
2.4,248500.0,0.0,100.0
2.4166666666666665,248500.0,0.0,100.0
2.433333333333333,248500.0,0.0,100.0
2.45,248500.0,0.0,100.0
2.466666666666667,248500.0,0.0,100.0
2.4833333333333334,248500.0,0.0,100.0
2.5,248500.0,0.0,100.0
2.5166666666666666,248500.0,0.0,100.0
2.533333333333333,248500.0,0.0,100.0
2.55,248500.0,0.0,100.0
2.566666666666667,248500.0,0.0,100.0
2.5833333333333335,248500.0,0.0,100.0
2.6,248500.0,0.0,100.0
2.6166666666666667,248500.0,0.0,100.0
2.6333333333333333,248500.0,0.0,100.0
2.65,248500.0,0.0,100.0
2.6666666666666665,248500.0,0.0,100.0
2.683333333333333,248500.0,0.0,100.0
2.7,248500.0,0.0,100.0
2.716666666666667,248500.0,0.0,100.0
2.7333333333333334,248500.0,0.0,100.0
2.75,248500.0,0.0,100.0
2.7666666666666666,248500.0,0.0,100.0
2.783333333333333,248500.0,0.0,100.0
2.8,248500.0,0.0,99.0521327014218
2.816666666666667,248500.0,0.0,98.5781990521327
2.8333333333333335,248500.0,0.0,98.5781990521327
2.85,248500.0,0.0,98.5781990521327
2.8666666666666667,248500.0,0.0,98.5781990521327
2.8833333333333333,248500.0,0.0,98.5781990521327
2.9,248500.0,0.0,98.5781990521327
2.9166666666666665,248500.0,0.0,98.5781990521327
2.933333333333333,248500.0,0.0,98.10426540284361
2.95,248500.0,0.0,97.6303317535545
2.966666666666667,248500.0,0.0,97.1563981042654
2.9833333333333334,248500.0,0.0,96.6824644549763
3.0,248500.0,0.0,96.6824644549763
3.0166666666666666,248500.0,0.0,96.2085308056872
3.033333333333333,248500.0,0.0,96.2085308056872
3.05,248500.0,0.0,95.73459715639811
3.066666666666667,248500.0,0.0,95.260663507109
3.0833333333333335,248500.0,0.0,95.260663507109
3.1,248500.0,0.0,94.7867298578199
3.1166666666666667,248500.0,0.0,94.3127962085308
3.1333333333333333,248500.0,0.0,93.8388625592417
3.15,248500.0,0.0,93.8388625592417
3.1666666666666665,248500.0,0.0,92.89099526066352
3.183333333333333,248500.0,0.0,92.89099526066352
3.2,248500.0,0.0,92.89099526066352
3.216666666666667,248500.0,0.0,91.4691943127962
3.2333333333333334,248500.0,0.0,91.4691943127962
3.25,248500.0,0.0,90.99526066350711
3.2666666666666666,248500.0,0.0,90.52132701421802
3.283333333333333,248500.0,0.0,90.04739336492891
3.3,248500.0,0.0,89.57345971563981
3.316666666666667,248500.0,0.0,89.57345971563981
3.3333333333333335,248500.0,0.0,89.0995260663507
3.35,248500.0,0.0,88.15165876777252
3.3666666666666667,248500.0,0.0,87.20379146919431
3.3833333333333333,248500.0,0.0,87.20379146919431
3.4,248500.0,0.0,86.25592417061611
3.4166666666666665,248500.0,0.0,85.78199052132702
3.433333333333333,248500.0,0.0,85.07109004739335
3.45,248500.0,0.0,84.12322274881517
3.466666666666667,248500.0,0.0,83.64928909952607
3.4833333333333334,248500.0,0.0,83.64928909952607
3.5,248500.0,0.0,82.70142180094787
3.5166666666666666,248500.0,0.0,82.22748815165876
3.533333333333333,248500.0,0.0,81.75355450236967
3.55,248500.0,0.0,81.75355450236967
3.566666666666667,248500.0,0.0,80.33175355450237
3.5833333333333335,248500.0,0.0,80.09478672985783
3.6,248500.0,0.0,79.62085308056872
3.6166666666666667,248500.0,0.0,78.67298578199052
3.6333333333333333,248500.0,0.0,78.19905213270142
3.65,248500.0,0.0,77.72511848341233
3.6666666666666665,248500.0,0.0,76.30331753554502
3.683333333333333,248500.0,0.0,75.35545023696683
3.7,248500.0,0.0,73.93364928909952
3.716666666666667,248500.0,0.0,73.69668246445498
3.7333333333333334,248500.0,0.0,72.74881516587678
3.75,248500.0,0.0,72.74881516587678
3.7666666666666666,248500.0,0.0,72.27488151658767
3.783333333333333,248500.0,0.0,70.85308056872039
3.8,248500.0,0.0,70.85308056872039
3.816666666666667,248500.0,7.78703679316095e-09,70.85308056872039
3.8333333333333335,248500.0,3.433996607782319e-05,69.19431279620854
3.85,248500.0,5.3502124501392245e-05,68.72037914691943
3.8666666666666667,248500.0,7.374025881290436e-05,68.72037914691943
3.8833333333333333,248500.0,0.00010949518764391541,67.77251184834124
3.9,248500.0,0.00016283617878798395,66.82464454976304
3.9166666666666665,248500.0,0.00023766650701873004,65.40284360189574
3.933333333333333,248500.0,0.00033915432868525386,64.92890995260665
3.95,248500.0,0.0004736421979032457,63.98104265402843
3.966666666666667,248500.0,0.0006487253122031689,62.796208530805686
3.9833333333333334,248500.0,0.0008733724243938923,61.84834123222749
4.0,248500.0,0.0011581096332520247,61.37440758293838
4.016666666666667,248500.0,0.0015151817351579666,61.37440758293838
4.033333333333333,248500.0,0.001958784880116582,59.95260663507109
4.05,248500.0,0.002505251206457615,59.47867298578199
4.066666666666666,248500.0,0.0031732632778584957,58.29383886255924
4.083333333333333,248500.0,0.0037441898602992296,56.39810426540285
4.1,248500.0,0.004178264178335667,56.39810426540285
4.116666666666666,248500.0,0.004708573222160339,55.92417061611374
4.133333333333334,248500.0,0.0053529292345047,54.976303317535546
4.15,248500.0,0.0061315856873989105,54.02843601895735
4.166666666666667,248500.0,0.007067539729177952,53.317535545023695
4.183333333333334,248500.0,0.008186742663383484,53.317535545023695
4.2,248500.0,0.009518155828118324,51.8957345971564
4.216666666666667,248500.0,0.01109405979514122,50.947867298578196
4.233333333333333,248500.0,0.012950155884027481,49.5260663507109
4.25,248500.0,0.01512560248374939,49.052132701421804
4.266666666666667,248500.0,0.01766304299235344,47.39336492890995
4.283333333333333,248500.0,0.020608574151992798,46.91943127962085
4.3,248500.0,0.024011746048927307,45.97156398104265
4.316666666666666,248500.0,0.02792515605688095,45.497630331753555
4.333333333333333,248500.0,0.03240422159433365,44.54976303317535
4.35,248500.0,0.037506669759750366,42.65402843601896
4.366666666666666,248500.0,0.04329200088977814,41.943127962085306
4.383333333333334,248500.0,0.04982110112905502,40.99526066350711
4.4,248500.0,0.05715501308441162,40.52132701421801
4.416666666666667,248500.0,0.06535421311855316,39.09952606635071
4.433333333333334,248500.0,0.07447800040245056,38.62559241706161
4.45,248500.0,0.08389531821012497,37.44075829383886
4.466666666666667,248500.0,0.09134963154792786,37.44075829383886
4.483333333333333,248500.0,0.09966272860765457,34.59715639810427
4.5,248500.0,0.10889287292957306,33.649289099526065
4.516666666666667,248500.0,0.11909665167331696,32.22748815165877
4.533333333333333,248500.0,0.13032662868499756,31.516587677725116
4.55,248500.0,0.14263060688972473,31.04265402843602
4.566666666666666,248500.0,0.15605111420154572,30.09478672985782
4.583333333333333,248500.0,0.17062410712242126,29.14691943127962
4.6,248500.0,0.18637815117835999,27.251184834123222
4.616666666666666,248500.0,0.20333480834960938,25.118483412322274
4.633333333333334,248500.0,0.22150564193725586,24.644549763033176
4.65,248500.0,0.2408963292837143,23.696682464454977
4.666666666666667,248500.0,0.26150307059288025,23.22274881516588
4.683333333333334,248500.0,0.2833143472671509,22.274881516587676
4.7,248500.0,0.30631038546562195,20.14218009478673
4.716666666666667,248500.0,0.33046528697013855,18.72037914691943
4.733333333333333,248500.0,0.3557455539703369,17.77251184834123
4.75,248500.0,0.38211363554000854,16.824644549763033
4.766666666666667,248500.0,0.40952613949775696,15.402843601895736
4.783333333333333,248500.0,0.4379364252090454,14.691943127962084
4.8,248500.0,0.4672940969467163,14.218009478672986
4.816666666666666,248500.0,0.4975477159023285,11.848341232227488
4.833333333333333,248500.0,0.5286448001861572,10.90047393364929
4.85,248500.0,0.5605323314666748,9.47867298578199
4.866666666666666,248500.0,0.5931558012962341,8.293838862559241
4.883333333333334,248500.0,0.6264623999595642,8.293838862559241
4.9,248500.0,0.6603995561599731,8.293838862559241
4.916666666666667,248500.0,0.6949196457862854,4.976303317535545
4.933333333333334,248500.0,0.7299726605415344,3.7914691943127963
4.95,248500.0,0.7655123472213745,3.7914691943127963
4.966666666666667,248500.0,0.8014962077140808,3.7914691943127963
4.983333333333333,248500.0,0.8378812074661255,3.3175355450236967
5.0,248500.0,0.8746298551559448,0.9478672985781991
5.016666666666667,248500.0,0.9117066860198975,0.23696682464454977
5.033333333333333,248500.0,0.9490790367126465,0.23696682464454977
5.05,248500.0,0.9867150783538818,0.23696682464454977
5.066666666666666,248500.0,1.0245862007141113,0.0
5.083333333333333,248500.0,1.0626659393310547,0.0
5.1,248500.0,1.100933313369751,0.0
5.116666666666666,248500.0,1.1393661499023438,0.0
5.133333333333334,248500.0,1.1779463291168213,0.0
5.15,248500.0,1.2166540622711182,0.0
5.166666666666667,248500.0,1.2554757595062256,0.0
5.183333333333334,248500.0,1.294400930404663,0.0
5.2,248500.0,1.3334145545959473,0.0
5.216666666666667,248500.0,1.3725056648254395,0.0
5.233333333333333,248500.0,1.4116628170013428,0.0
5.25,248500.0,1.4508848190307617,0.0
5.266666666666667,248500.0,1.490157127380371,0.0
5.283333333333333,248500.0,1.5294787883758545,0.0
5.3,248500.0,1.5688414573669434,0.0
5.316666666666666,248500.0,1.6082451343536377,0.0
5.333333333333333,248500.0,1.6476695537567139,0.0
5.35,248500.0,1.6871330738067627,0.0
5.366666666666666,248500.0,1.726621389389038,0.0
5.383333333333334,248500.0,1.7661371231079102,0.0
5.4,248500.0,1.8056710958480835,0.0
5.416666666666667,248500.0,1.8452262878417969,0.0
5.433333333333334,248500.0,1.8847988843917847,0.0
5.45,248500.0,1.924383282661438,0.0
5.466666666666667,248500.0,1.963982105255127,0.0
5.483333333333333,248500.0,2.003601312637329,0.0
5.5,248500.0,2.0432302951812744,0.0
5.516666666666667,248500.0,2.082860231399536,0.0
5.533333333333333,248500.0,2.1225082874298096,0.0
5.55,248500.0,2.1621551513671875,0.0
5.566666666666666,248500.0,2.201794385910034,0.0
5.583333333333333,248500.0,2.241441249847412,0.0
5.6,248500.0,2.281071901321411,0.0
5.616666666666666,248500.0,2.3207061290740967,0.0
5.633333333333334,248500.0,2.3603127002716064,0.0
5.65,248500.0,2.399911880493164,0.0
5.666666666666667,248500.0,2.439483165740967,0.0
5.683333333333334,248500.0,2.479048728942871,0.0
5.7,248500.0,2.5185766220092773,0.0
5.716666666666667,248500.0,2.5580639839172363,0.0
5.733333333333333,248500.0,2.5975208282470703,0.0
5.75,248500.0,2.63694167137146,0.0
5.766666666666667,248500.0,2.676323413848877,0.0
5.783333333333333,248500.0,2.715653419494629,0.0
5.8,248500.0,2.754924774169922,0.0
5.816666666666666,248500.0,2.7941391468048096,0.0
5.833333333333333,248500.0,2.8332901000976562,0.0
5.85,248500.0,2.872363328933716,0.0
5.866666666666666,248500.0,2.911363124847412,0.0
5.883333333333334,248500.0,2.9502880573272705,0.0
5.9,248500.0,2.989131212234497,0.0
5.916666666666667,248500.0,3.0278830528259277,0.0
5.933333333333334,248500.0,3.0665526390075684,0.0
5.95,248500.0,3.1051177978515625,0.0
5.966666666666667,248500.0,3.1435751914978027,0.0
5.983333333333333,248500.0,3.1819379329681396,0.0
6.0,248500.0,3.220167875289917,0.0
6.016666666666667,248500.0,3.258314609527588,0.0
6.033333333333333,248500.0,3.2963340282440186,0.0
6.05,248500.0,3.3342373371124268,0.0
6.066666666666666,248500.0,3.372006893157959,0.0
6.083333333333333,248500.0,3.4096710681915283,0.0
6.1,248500.0,3.4471945762634277,0.0
6.116666666666666,248500.0,3.48460054397583,0.0
6.133333333333334,248500.0,3.5218586921691895,0.0
6.15,248500.0,3.5589969158172607,0.0
6.166666666666667,248500.0,3.595993995666504,0.0
6.183333333333334,248500.0,3.6328463554382324,0.0
6.2,248500.0,3.6695659160614014,0.0
6.216666666666667,248500.0,3.706132650375366,0.0
6.233333333333333,248500.0,3.7425594329833984,0.0
6.25,248500.0,3.7788286209106445,0.0
6.266666666666667,248500.0,3.814953088760376,0.0
6.283333333333333,248500.0,3.8509280681610107,0.0
6.3,248500.0,3.886742353439331,0.0
6.316666666666666,248500.0,3.9224119186401367,0.0
6.333333333333333,248500.0,3.95792293548584,0.0
6.35,248500.0,3.9932713508605957,0.0
6.366666666666666,248500.0,4.028476715087891,0.0
6.383333333333334,248500.0,4.063529014587402,0.0
6.4,248500.0,4.098396301269531,0.0
6.416666666666667,248500.0,4.133124351501465,0.0
6.433333333333334,248500.0,4.167693138122559,0.0
6.45,248500.0,4.202085494995117,0.0
6.466666666666667,248500.0,4.236324310302734,0.0
6.483333333333333,248500.0,4.270398139953613,0.0
6.5,248500.0,4.304312705993652,0.0
6.516666666666667,248500.0,4.338059425354004,0.0
6.533333333333333,248500.0,4.371621131896973,0.0
6.55,248500.0,4.405014991760254,0.0
6.566666666666666,248500.0,4.438256740570068,0.0
6.583333333333333,248500.0,4.471332550048828,0.0
6.6,248500.0,4.5042338371276855,0.0
6.616666666666666,248500.0,4.536965370178223,0.0
6.633333333333334,248500.0,4.569508075714111,0.0
6.65,248500.0,4.601888656616211,0.0
6.666666666666667,248500.0,4.634113788604736,0.0
6.683333333333334,248500.0,4.666136741638184,0.0
6.7,248500.0,4.697980880737305,0.0
6.716666666666667,248500.0,4.7296600341796875,0.0
6.733333333333333,248500.0,4.76116943359375,0.0
6.75,248500.0,4.792508125305176,0.0
6.766666666666667,248500.0,4.823661804199219,0.0
6.783333333333333,248500.0,4.8546319007873535,0.0
6.8,248500.0,4.885426998138428,0.0
6.816666666666666,248500.0,4.916038513183594,0.0
6.833333333333333,248500.0,4.946475028991699,0.0
6.85,248500.0,4.976739883422852,0.0
6.866666666666666,248500.0,5.006805419921875,0.0
6.883333333333334,248500.0,5.036705017089844,0.0
6.9,248500.0,5.066436767578125,0.0
6.916666666666667,248500.0,5.095956802368164,0.0
6.933333333333334,248500.0,5.125322341918945,0.0
6.95,248500.0,5.154499530792236,0.0
6.966666666666667,248500.0,5.183489799499512,0.0
6.983333333333333,248500.0,5.212306976318359,0.0
7.0,248500.0,5.240929126739502,0.0
7.016666666666667,248500.0,5.26936149597168,0.0
7.033333333333333,248500.0,5.297636985778809,0.0
7.05,248500.0,5.325718879699707,0.0
7.066666666666666,248500.0,5.353632926940918,0.0
7.083333333333333,248500.0,5.381352424621582,0.0
7.1,248500.0,5.408908843994141,0.0
7.116666666666666,248500.0,5.436272621154785,0.0
7.133333333333334,248500.0,5.463438987731934,0.0
7.15,248500.0,5.490462303161621,0.0
7.166666666666667,248500.0,5.517267227172852,0.0
7.183333333333334,248500.0,5.543909072875977,0.0
7.2,248500.0,5.570363998413086,0.0
7.216666666666667,248500.0,5.596642971038818,0.0
7.233333333333333,248500.0,5.622745513916016,0.0
7.25,248500.0,5.648680686950684,0.0
7.266666666666667,248500.0,5.674446105957031,0.0
7.283333333333333,248500.0,5.700014114379883,0.0
7.3,248500.0,5.725419998168945,0.0
7.316666666666666,248500.0,5.750628471374512,0.0
7.333333333333333,248500.0,5.775691986083984,0.0
7.35,248500.0,5.800537109375,0.0
7.366666666666666,248500.0,5.825242519378662,0.0
7.383333333333334,248500.0,5.849766731262207,0.0
7.4,248500.0,5.874114513397217,0.0
7.416666666666667,248500.0,5.898283958435059,0.0
7.433333333333334,248500.0,5.922293663024902,0.0
7.45,248500.0,5.946135520935059,0.0
7.466666666666667,248500.0,5.96978759765625,0.0
7.483333333333333,248500.0,5.993283271789551,0.0
7.5,248500.0,6.0165815353393555,0.0
7.516666666666667,248500.0,6.039749622344971,0.0
7.533333333333333,248500.0,6.062723159790039,0.0
7.55,248500.0,6.085503101348877,0.0
7.566666666666666,248500.0,6.108147621154785,0.0
7.583333333333333,248500.0,6.1306304931640625,0.0
7.6,248500.0,6.152900218963623,0.0
7.616666666666666,248500.0,6.175046920776367,0.0
7.633333333333334,248500.0,6.197013854980469,0.0
7.65,248500.0,6.21882438659668,0.0
7.666666666666667,248500.0,6.240440845489502,0.0
7.683333333333334,248500.0,6.261936187744141,0.0
7.7,248500.0,6.283232688903809,0.0
7.716666666666667,248500.0,6.304408073425293,0.0
7.733333333333333,248500.0,6.325396537780762,0.0
7.75,248500.0,6.3462138175964355,0.0
7.766666666666667,248500.0,6.366899490356445,0.0
7.783333333333333,248500.0,6.387425422668457,0.0
7.8,248500.0,6.407790184020996,0.0
7.816666666666666,248500.0,6.42803955078125,0.0
7.833333333333333,248500.0,6.448099136352539,0.0
7.85,248500.0,6.468010425567627,0.0
7.866666666666666,248500.0,6.487775802612305,0.0
7.883333333333334,248500.0,6.507383346557617,0.0
7.9,248500.0,6.526838779449463,0.0
7.916666666666667,248500.0,6.546135425567627,0.0
7.933333333333334,248500.0,6.565286159515381,0.0
7.95,248500.0,6.584288120269775,0.0
7.966666666666667,248500.0,6.603160858154297,0.0
7.983333333333333,248500.0,6.621877193450928,0.0
8.0,248500.0,6.640445709228516,0.0
8.016666666666667,248500.0,6.658855438232422,0.0
8.033333333333333,248500.0,6.677156448364258,0.0
8.05,248500.0,6.695286750793457,0.0
8.066666666666666,248500.0,6.713273048400879,0.0
8.083333333333334,248500.0,6.731122970581055,0.0
8.1,248500.0,6.7488322257995605,0.0
8.116666666666667,248500.0,6.76643180847168,0.0
8.133333333333333,248500.0,6.783858776092529,0.0
8.15,248500.0,6.801197052001953,0.0
8.166666666666666,248500.0,6.818385124206543,0.0
8.183333333333334,248500.0,6.835434436798096,0.0
8.2,248500.0,6.852339744567871,0.0
8.216666666666667,248500.0,6.8691182136535645,0.0
8.233333333333333,248500.0,6.885773658752441,0.0
8.25,248500.0,6.902275085449219,0.0
8.266666666666667,248500.0,6.918698310852051,0.0
8.283333333333333,248500.0,6.93496036529541,0.0
8.3,248500.0,6.951079368591309,0.0
8.316666666666666,248500.0,6.967104434967041,0.0
8.333333333333334,248500.0,6.983027935028076,0.0
8.35,248500.0,6.998784065246582,0.0
8.366666666666667,248500.0,7.014444351196289,0.0
8.383333333333333,248500.0,7.029952526092529,0.0
8.4,248500.0,7.045409202575684,0.0
8.416666666666666,248500.0,7.060693740844727,0.0
8.433333333333334,248500.0,7.075859546661377,0.0
8.45,248500.0,7.090898036956787,0.0
8.466666666666667,248500.0,7.105855941772461,0.0
8.483333333333333,248500.0,7.120670795440674,0.0
8.5,248500.0,7.135383605957031,0.0
8.516666666666667,248500.0,7.150005340576172,0.0
8.533333333333333,248500.0,7.164506912231445,0.0
8.55,248500.0,7.178874492645264,0.0
8.566666666666666,248500.0,7.193150520324707,0.0
8.583333333333334,248500.0,7.207329273223877,0.0
8.6,248500.0,7.221357822418213,0.0
8.616666666666667,248500.0,7.235301494598389,0.0
8.633333333333333,248500.0,7.249145030975342,0.0
8.65,248500.0,7.262877464294434,0.0
8.666666666666666,248500.0,7.276515483856201,0.0
8.683333333333334,248500.0,7.290051460266113,0.0
8.7,248500.0,7.303476333618164,0.0
8.716666666666667,248500.0,7.316789627075195,0.0
8.733333333333333,248500.0,7.329987049102783,0.0
8.75,248500.0,7.343074321746826,0.0
8.766666666666667,248500.0,7.3560895919799805,0.0
8.783333333333333,248500.0,7.368985176086426,0.0
8.8,248500.0,7.3817901611328125,0.0
8.816666666666666,248500.0,7.394495487213135,0.0
8.833333333333334,248500.0,7.407081127166748,0.0
8.85,248500.0,7.419597625732422,0.0
8.866666666666667,248500.0,7.431988716125488,0.0
8.883333333333333,248500.0,7.4442644119262695,0.0
8.9,248500.0,7.456484794616699,0.0
8.916666666666666,248500.0,7.468573570251465,0.0
8.933333333333334,248500.0,7.480557441711426,0.0
8.95,248500.0,7.492457866668701,0.0
8.966666666666667,248500.0,7.504219055175781,0.0
8.983333333333333,248500.0,7.515920162200928,0.0
9.0,248500.0,7.527523994445801,0.0
9.016666666666667,248500.0,7.539015769958496,0.0
9.033333333333333,248500.0,7.550389289855957,0.0
9.05,248500.0,7.561670303344727,0.0
9.066666666666666,248500.0,7.57285737991333,0.0
9.083333333333334,248500.0,7.5839619636535645,0.0
9.1,248500.0,7.594961166381836,0.0
9.116666666666667,248500.0,7.605869770050049,0.0
9.133333333333333,248500.0,7.616645812988281,0.0
9.15,248500.0,7.627322673797607,0.0
9.166666666666666,248500.0,7.637956142425537,0.0
9.183333333333334,248500.0,7.6484527587890625,0.0
9.2,248500.0,7.65885066986084,0.0
9.216666666666667,248500.0,7.669163703918457,0.0
9.233333333333333,248500.0,7.679360389709473,0.0
9.25,248500.0,7.689469337463379,0.0
9.266666666666667,248500.0,7.69947624206543,0.0
9.283333333333333,248500.0,7.709387302398682,0.0
9.3,248500.0,7.719199180603027,0.0
9.316666666666666,248500.0,7.728933334350586,0.0
9.333333333333334,248500.0,7.738603591918945,0.0
9.35,248500.0,7.748201370239258,0.0
9.366666666666667,248500.0,7.757673263549805,0.0
9.383333333333333,248500.0,7.7670440673828125,0.0
9.4,248500.0,7.7763261795043945,0.0
9.416666666666666,248500.0,7.7855119705200195,0.0
9.433333333333334,248500.0,7.794637203216553,0.0
9.45,248500.0,7.803662300109863,0.0
9.466666666666667,248500.0,7.812582969665527,0.0
9.483333333333333,248500.0,7.821414470672607,0.0
9.5,248500.0,7.83015775680542,0.0
9.516666666666667,248500.0,7.838860988616943,0.0
9.533333333333333,248500.0,7.847487449645996,0.0
9.55,248500.0,7.856016635894775,0.0
9.566666666666666,248500.0,7.86447811126709,0.0
9.583333333333334,248500.0,7.872848987579346,0.0
9.6,248500.0,7.8811354637146,0.0
9.616666666666667,248500.0,7.889344215393066,0.0
9.633333333333333,248500.0,7.8974456787109375,0.0
9.65,248500.0,7.90547513961792,0.0
9.666666666666666,248500.0,7.913448333740234,0.0
9.683333333333334,248500.0,7.921333312988281,0.0
9.7,248500.0,7.929133415222168,0.0
9.716666666666667,248500.0,7.9368696212768555,0.0
9.733333333333333,248500.0,7.944526672363281,0.0
9.75,248500.0,7.952038288116455,0.0
9.766666666666667,248500.0,7.959484100341797,0.0
9.783333333333333,248500.0,7.966848850250244,0.0
9.8,248500.0,7.97410774230957,0.0
9.816666666666666,248500.0,7.981311798095703,0.0
9.833333333333334,248500.0,7.988466262817383,0.0
9.85,248500.0,7.99556827545166,0.0
9.866666666666667,248500.0,8.002579689025879,0.0
9.883333333333333,248500.0,8.009510040283203,0.0
9.9,248500.0,8.016334533691406,0.0
9.916666666666666,248500.0,8.023109436035156,0.0
9.933333333333334,248500.0,8.029878616333008,0.0
9.95,248500.0,8.036565780639648,0.0
9.966666666666667,248500.0,8.04314136505127,0.0
9.983333333333333,248500.0,8.04966926574707,0.0
10.0,248500.0,8.056119918823242,0.0
10.016666666666667,248500.0,8.062555313110352,0.0
0.0,349250.0,9.9702730178833,0.0
0.016666666666666666,349250.0,4.940423011779785,0.0
0.03333333333333333,349250.0,0.5543965101242065,66.11374407582939
0.05,349250.0,0.0,81.99052132701422
0.06666666666666667,349250.0,0.0,82.46445497630332
0.08333333333333333,349250.0,0.0,81.99052132701422
0.1,349250.0,0.0,81.04265402843602
0.11666666666666667,349250.0,0.0,80.56872037914692
0.13333333333333333,349250.0,0.0,80.80568720379146
0.15,349250.0,0.0,81.27962085308057
0.16666666666666666,349250.0,0.0,79.85781990521326
0.18333333333333332,349250.0,0.0,80.80568720379146
0.2,349250.0,0.0,80.56872037914692
0.21666666666666667,349250.0,0.0,81.51658767772511
0.23333333333333334,349250.0,0.0,82.46445497630332
0.25,349250.0,0.0,82.22748815165876
0.26666666666666666,349250.0,0.0,83.17535545023696
0.2833333333333333,349250.0,0.0,83.64928909952607
0.3,349250.0,0.0,84.36018957345972
0.31666666666666665,349250.0,0.0,85.78199052132702
0.3333333333333333,349250.0,0.0,87.20379146919431
0.35,349250.0,0.0,86.96682464454977
0.36666666666666664,349250.0,0.0,87.44075829383885
0.38333333333333336,349250.0,0.0,90.28436018957346
0.4,349250.0,0.0,90.75829383886256
0.4166666666666667,349250.0,0.0,92.41706161137441
0.43333333333333335,349250.0,0.0,94.54976303317537
0.45,349250.0,0.0,95.73459715639811
0.4666666666666667,349250.0,0.0,97.86729857819904
0.48333333333333334,349250.0,0.0,99.0521327014218
0.5,349250.0,0.0,100.0
0.5166666666666667,349250.0,0.0,100.0
0.5333333333333333,349250.0,0.0,100.0
0.55,349250.0,0.0,100.0
0.5666666666666667,349250.0,0.0,100.0
0.5833333333333334,349250.0,0.0,100.0
0.6,349250.0,0.0,100.0
0.6166666666666667,349250.0,0.0,100.0
0.6333333333333333,349250.0,0.0,100.0
0.65,349250.0,0.0,100.0
0.6666666666666666,349250.0,0.0,100.0
0.6833333333333333,349250.0,0.0,100.0
0.7,349250.0,0.0,100.0
0.7166666666666667,349250.0,0.0,100.0
0.7333333333333333,349250.0,0.0,100.0
0.75,349250.0,0.0,100.0
0.7666666666666667,349250.0,0.0,100.0
0.7833333333333333,349250.0,0.0,100.0
0.8,349250.0,0.0,100.0
0.8166666666666667,349250.0,0.0,100.0
0.8333333333333334,349250.0,0.0,100.0
0.85,349250.0,0.0,100.0
0.8666666666666667,349250.0,0.0,100.0
0.8833333333333333,349250.0,0.0,100.0
0.9,349250.0,0.0,100.0
0.9166666666666666,349250.0,0.0,100.0
0.9333333333333333,349250.0,0.0,100.0
0.95,349250.0,0.0,100.0
0.9666666666666667,349250.0,0.0,100.0
0.9833333333333333,349250.0,0.0,100.0
1.0,349250.0,0.0,100.0
1.0166666666666666,349250.0,0.0,100.0
1.0333333333333334,349250.0,0.0,100.0
1.05,349250.0,0.0,100.0
1.0666666666666667,349250.0,0.0,100.0
1.0833333333333333,349250.0,0.0,100.0
1.1,349250.0,0.0,100.0
1.1166666666666667,349250.0,0.0,100.0
1.1333333333333333,349250.0,0.0,100.0
1.15,349250.0,0.0,100.0
1.1666666666666667,349250.0,0.0,100.0
1.1833333333333333,349250.0,0.0,100.0
1.2,349250.0,0.0,100.0
1.2166666666666666,349250.0,0.0,100.0
1.2333333333333334,349250.0,0.0,100.0
1.25,349250.0,0.0,100.0
1.2666666666666666,349250.0,0.0,100.0
1.2833333333333334,349250.0,0.0,100.0
1.3,349250.0,0.0,100.0
1.3166666666666667,349250.0,0.0,100.0
1.3333333333333333,349250.0,0.0,100.0
1.35,349250.0,0.0,100.0
1.3666666666666667,349250.0,0.0,100.0
1.3833333333333333,349250.0,0.0,100.0
1.4,349250.0,0.0,100.0
1.4166666666666667,349250.0,0.0,100.0
1.4333333333333333,349250.0,0.0,100.0
1.45,349250.0,0.0,100.0
1.4666666666666666,349250.0,0.0,100.0
1.4833333333333334,349250.0,0.0,100.0
1.5,349250.0,0.0,100.0
1.5166666666666666,349250.0,0.0,100.0
1.5333333333333334,349250.0,0.0,100.0
1.55,349250.0,0.0,100.0
1.5666666666666667,349250.0,0.0,100.0
1.5833333333333333,349250.0,0.0,100.0
1.6,349250.0,0.0,100.0
1.6166666666666667,349250.0,0.0,100.0
1.6333333333333333,349250.0,0.0,100.0
1.65,349250.0,0.0,100.0
1.6666666666666667,349250.0,0.0,100.0
1.6833333333333333,349250.0,0.0,100.0
1.7,349250.0,0.0,100.0
1.7166666666666666,349250.0,0.0,100.0
1.7333333333333334,349250.0,0.0,100.0
1.75,349250.0,0.0,100.0
1.7666666666666666,349250.0,0.0,100.0
1.7833333333333334,349250.0,0.0,100.0
1.8,349250.0,0.0,100.0
1.8166666666666667,349250.0,0.0,100.0
1.8333333333333333,349250.0,0.0,100.0
1.85,349250.0,0.0,100.0
1.8666666666666667,349250.0,0.0,100.0
1.8833333333333333,349250.0,0.0,100.0
1.9,349250.0,0.0,100.0
1.9166666666666667,349250.0,0.0,100.0
1.9333333333333333,349250.0,0.0,100.0
1.95,349250.0,0.0,100.0
1.9666666666666666,349250.0,0.0,100.0
1.9833333333333334,349250.0,0.0,100.0
2.0,349250.0,0.0,100.0
2.0166666666666666,349250.0,0.0,100.0
2.033333333333333,349250.0,0.0,100.0
2.05,349250.0,0.0,100.0
2.066666666666667,349250.0,0.0,100.0
2.0833333333333335,349250.0,0.0,100.0
2.1,349250.0,0.0,100.0
2.1166666666666667,349250.0,0.0,100.0
2.1333333333333333,349250.0,0.0,100.0
2.15,349250.0,0.0,100.0
2.1666666666666665,349250.0,0.0,100.0
2.183333333333333,349250.0,0.0,100.0
2.2,349250.0,0.0,100.0
2.216666666666667,349250.0,0.0,100.0
2.2333333333333334,349250.0,0.0,100.0
2.25,349250.0,0.0,100.0
2.2666666666666666,349250.0,0.0,100.0
2.283333333333333,349250.0,0.0,100.0
2.3,349250.0,0.0,100.0
2.316666666666667,349250.0,0.0,100.0
2.3333333333333335,349250.0,0.0,100.0
2.35,349250.0,0.0,100.0
2.3666666666666667,349250.0,0.0,100.0
2.3833333333333333,349250.0,0.0,100.0
2.4,349250.0,0.0,100.0
2.4166666666666665,349250.0,0.0,100.0
2.433333333333333,349250.0,0.0,100.0
2.45,349250.0,0.0,100.0
2.466666666666667,349250.0,0.0,100.0
2.4833333333333334,349250.0,0.0,100.0
2.5,349250.0,0.0,100.0
2.5166666666666666,349250.0,0.0,100.0
2.533333333333333,349250.0,0.0,100.0
2.55,349250.0,0.0,100.0
2.566666666666667,349250.0,0.0,100.0
2.5833333333333335,349250.0,0.0,100.0
2.6,349250.0,0.0,100.0
2.6166666666666667,349250.0,0.0,100.0
2.6333333333333333,349250.0,0.0,100.0
2.65,349250.0,0.0,100.0
2.6666666666666665,349250.0,0.0,100.0
2.683333333333333,349250.0,0.0,100.0
2.7,349250.0,0.0,100.0
2.716666666666667,349250.0,0.0,100.0
2.7333333333333334,349250.0,0.0,100.0
2.75,349250.0,0.0,100.0
2.7666666666666666,349250.0,0.0,100.0
2.783333333333333,349250.0,0.0,100.0
2.8,349250.0,0.0,100.0
2.816666666666667,349250.0,0.0,99.0521327014218
2.8333333333333335,349250.0,0.0,98.5781990521327
2.85,349250.0,0.0,98.5781990521327
2.8666666666666667,349250.0,0.0,98.5781990521327
2.8833333333333333,349250.0,0.0,98.5781990521327
2.9,349250.0,0.0,98.5781990521327
2.9166666666666665,349250.0,0.0,98.5781990521327
2.933333333333333,349250.0,0.0,98.5781990521327
2.95,349250.0,0.0,98.10426540284361
2.966666666666667,349250.0,0.0,97.6303317535545
2.9833333333333334,349250.0,0.0,97.1563981042654
3.0,349250.0,0.0,97.1563981042654
3.0166666666666666,349250.0,0.0,96.6824644549763
3.033333333333333,349250.0,0.0,96.2085308056872
3.05,349250.0,0.0,96.2085308056872
3.066666666666667,349250.0,0.0,95.73459715639811
3.0833333333333335,349250.0,0.0,95.260663507109
3.1,349250.0,0.0,95.260663507109
3.1166666666666667,349250.0,0.0,94.7867298578199
3.1333333333333333,349250.0,0.0,94.7867298578199
3.15,349250.0,0.0,94.3127962085308
3.1666666666666665,349250.0,0.0,93.8388625592417
3.183333333333333,349250.0,0.0,93.36492890995261
3.2,349250.0,0.0,92.89099526066352
3.216666666666667,349250.0,0.0,92.89099526066352
3.2333333333333334,349250.0,0.0,91.4691943127962
3.25,349250.0,0.0,91.4691943127962
3.2666666666666666,349250.0,0.0,90.99526066350711
3.283333333333333,349250.0,0.0,90.52132701421802
3.3,349250.0,0.0,90.52132701421802
3.316666666666667,349250.0,0.0,89.57345971563981
3.3333333333333335,349250.0,0.0,89.57345971563981
3.35,349250.0,0.0,89.0995260663507
3.3666666666666667,349250.0,0.0,88.15165876777252
3.3833333333333333,349250.0,0.0,87.67772511848341
3.4,349250.0,0.0,87.20379146919431
3.4166666666666665,349250.0,0.0,86.7298578199052
3.433333333333333,349250.0,0.0,85.78199052132702
3.45,349250.0,0.0,85.54502369668246
3.466666666666667,349250.0,0.0,84.59715639810426
3.4833333333333334,349250.0,0.0,83.64928909952607
3.5,349250.0,0.0,83.64928909952607
3.5166666666666666,349250.0,0.0,83.64928909952607
3.533333333333333,349250.0,0.0,82.22748815165876
3.55,349250.0,0.0,82.22748815165876
3.566666666666667,349250.0,0.0,81.75355450236967
3.5833333333333335,349250.0,0.0,80.33175355450237
3.6,349250.0,0.0,80.09478672985783
3.6166666666666667,349250.0,0.0,79.62085308056872
3.6333333333333333,349250.0,0.0,79.62085308056872
3.65,349250.0,0.0,78.67298578199052
3.6666666666666665,349250.0,0.0,78.19905213270142
3.683333333333333,349250.0,0.0,77.25118483412322
3.7,349250.0,0.0,76.30331753554502
3.716666666666667,349250.0,0.0,75.35545023696683
3.7333333333333334,349250.0,0.0,73.69668246445498
3.75,349250.0,0.0,73.69668246445498
3.7666666666666666,349250.0,0.0,72.74881516587678
3.783333333333333,349250.0,0.0,72.74881516587678
3.8,349250.0,0.0,72.27488151658767
3.816666666666667,349250.0,0.0,70.85308056872039
3.8333333333333335,349250.0,0.0,70.85308056872039
3.85,349250.0,2.1343382616834106e-09,70.37914691943128
3.8666666666666667,349250.0,3.376120366738178e-05,69.19431279620854
3.8833333333333333,349250.0,4.8185243940679356e-05,68.72037914691943
3.9,349250.0,6.773620407329872e-05,68.72037914691943
3.9166666666666665,349250.0,0.00010231892520096153,68.72037914691943
3.933333333333333,349250.0,0.00015373164205811918,67.29857819905213
3.95,349250.0,0.00022554784663952887,65.40284360189574
3.966666666666667,349250.0,0.00032251898664981127,64.92890995260665
3.9833333333333334,349250.0,0.0004504555545281619,64.21800947867298
4.0,349250.0,0.00061629997799173,63.270142180094794
4.016666666666667,349250.0,0.0008282086346298456,61.84834123222749
4.033333333333333,349250.0,0.0010957049671560526,61.84834123222749
4.05,349250.0,0.0014298114692792296,61.37440758293838
4.066666666666666,349250.0,0.0018432514043524861,59.95260663507109
4.083333333333333,349250.0,0.0023506139405071735,59.95260663507109
4.1,349250.0,0.0029685390181839466,58.29383886255924
4.116666666666666,349250.0,0.0035935556516051292,57.81990521327014
4.133333333333334,349250.0,0.003988506272435188,56.39810426540285
4.15,349250.0,0.004469255451112986,55.92417061611374
4.166666666666667,349250.0,0.0050513045862317085,55.45023696682464
4.183333333333334,349250.0,0.005752278491854668,54.502369668246445
4.2,349250.0,0.006592078134417534,53.55450236966824
4.216666666666667,349250.0,0.007593092508614063,53.317535545023695
4.233333333333333,349250.0,0.008780345320701599,52.843601895734594
4.25,349250.0,0.010181530378758907,51.8957345971564
4.266666666666667,349250.0,0.01182730495929718,50.947867298578196
4.283333333333333,349250.0,0.013751311227679253,49.5260663507109
4.3,349250.0,0.01599014364182949,48.5781990521327
4.316666666666666,349250.0,0.01858336851000786,47.39336492890995
4.333333333333333,349250.0,0.02157348208129406,46.44549763033176
4.35,349250.0,0.025005728006362915,46.44549763033176
4.366666666666666,349250.0,0.028927847743034363,45.497630331753555
4.383333333333334,349250.0,0.03338984027504921,44.54976303317535
4.4,349250.0,0.03844349831342697,42.89099526066351
4.416666666666667,349250.0,0.044141896069049835,41.943127962085306
4.433333333333334,349250.0,0.05053913593292236,40.52132701421801
4.45,349250.0,0.057689081877470016,40.52132701421801
4.466666666666667,349250.0,0.06564484536647797,39.09952606635071
4.483333333333333,349250.0,0.07445812225341797,38.62559241706161
4.5,349250.0,0.08331914991140366,37.44075829383886
4.516666666666667,349250.0,0.09045238792896271,37.44075829383886
4.533333333333333,349250.0,0.09837415814399719,36.018957345971565
4.55,349250.0,0.10713592171669006,33.649289099526065
4.566666666666666,349250.0,0.11678680032491684,33.175355450236964
4.583333333333333,349250.0,0.12737271189689636,31.516587677725116
4.6,349250.0,0.13893574476242065,31.04265402843602
4.616666666666666,349250.0,0.15151311457157135,31.04265402843602
4.633333333333334,349250.0,0.16513699293136597,29.14691943127962
4.65,349250.0,0.17983338236808777,28.672985781990523
4.666666666666667,349250.0,0.19562123715877533,26.77725118483412
4.683333333333334,349250.0,0.2125130146741867,25.118483412322274
4.7,349250.0,0.23051421344280243,24.170616113744074
4.716666666666667,349250.0,0.2496235966682434,23.696682464454977
4.733333333333333,349250.0,0.2698324918746948,23.22274881516588
4.75,349250.0,0.29112544655799866,22.748815165876778
4.766666666666667,349250.0,0.3134818375110626,20.14218009478673
4.783333333333333,349250.0,0.336874783039093,18.72037914691943
4.8,349250.0,0.3612721264362335,17.77251184834123
4.816666666666666,349250.0,0.3866385817527771,16.824644549763033
4.833333333333333,349250.0,0.4129340648651123,15.402843601895736
4.85,349250.0,0.4401159882545471,14.691943127962084
4.866666666666666,349250.0,0.4681389033794403,14.691943127962084
4.883333333333334,349250.0,0.49695706367492676,12.322274881516588
4.9,349250.0,0.5265244841575623,11.374407582938389
4.916666666666667,349250.0,0.5567936897277832,9.95260663507109
4.933333333333334,349250.0,0.5877159237861633,8.293838862559241
4.95,349250.0,0.6192465424537659,8.293838862559241
4.966666666666667,349250.0,0.6513404250144958,8.293838862559241
4.983333333333333,349250.0,0.6839549541473389,6.398104265402843
5.0,349250.0,0.7170462608337402,4.502369668246446
5.016666666666667,349250.0,0.7505752444267273,3.7914691943127963
5.033333333333333,349250.0,0.7845056653022766,3.7914691943127963
5.05,349250.0,0.8187980055809021,3.7914691943127963
5.066666666666666,349250.0,0.8534205555915833,2.3696682464454977
5.083333333333333,349250.0,0.8883403539657593,0.23696682464454977
5.1,349250.0,0.9235297441482544,0.23696682464454977
5.116666666666666,349250.0,0.9589622020721436,0.23696682464454977
5.133333333333334,349250.0,0.9946101307868958,0.23696682464454977
5.15,349250.0,1.0304536819458008,0.0
5.166666666666667,349250.0,1.0664699077606201,0.0
5.183333333333334,349250.0,1.1026394367218018,0.0
5.2,349250.0,1.1389473676681519,0.0
5.216666666666667,349250.0,1.175379753112793,0.0
5.233333333333333,349250.0,1.2119219303131104,0.0
5.25,349250.0,1.2485570907592773,0.0
5.266666666666667,349250.0,1.2852790355682373,0.0
5.283333333333333,349250.0,1.3220775127410889,0.0
5.3,349250.0,1.3589413166046143,0.0
5.316666666666666,349250.0,1.3958637714385986,0.0
5.333333333333333,349250.0,1.4328423738479614,0.0
5.35,349250.0,1.4698586463928223,0.0
5.366666666666666,349250.0,1.5069234371185303,0.0
5.383333333333334,349250.0,1.5440280437469482,0.0
5.4,349250.0,1.5811638832092285,0.0
5.416666666666667,349250.0,1.6183267831802368,0.0
5.433333333333334,349250.0,1.6555187702178955,0.0
5.45,349250.0,1.6927425861358643,0.0
5.466666666666667,349250.0,1.7299730777740479,0.0
5.483333333333333,349250.0,1.7672178745269775,0.0
5.5,349250.0,1.804483413696289,0.0
5.516666666666667,349250.0,1.8417601585388184,0.0
5.533333333333333,349250.0,1.8790446519851685,0.0
5.55,349250.0,1.9163371324539185,0.0
5.566666666666666,349250.0,1.953632116317749,0.0
5.583333333333333,349250.0,1.9909343719482422,0.0
5.6,349250.0,2.028245449066162,0.0
5.616666666666666,349250.0,2.065556526184082,0.0
5.633333333333334,349250.0,2.102867603302002,0.0
5.65,349250.0,2.140164613723755,0.0
5.666666666666667,349250.0,2.1774401664733887,0.0
5.683333333333334,349250.0,2.2147109508514404,0.0
5.7,349250.0,2.251957893371582,0.0
5.716666666666667,349250.0,2.289196491241455,0.0
5.733333333333333,349250.0,2.3264243602752686,0.0
5.75,349250.0,2.363612651824951,0.0
5.766666666666667,349250.0,2.4007654190063477,0.0
5.783333333333333,349250.0,2.4378929138183594,0.0
5.8,349250.0,2.474973201751709,0.0
5.816666666666666,349250.0,2.512012243270874,0.0
5.833333333333333,349250.0,2.5489985942840576,0.0
5.85,349250.0,2.585937023162842,0.0
5.866666666666666,349250.0,2.6228132247924805,0.0
5.883333333333334,349250.0,2.6596314907073975,0.0
5.9,349250.0,2.696387767791748,0.0
5.916666666666667,349250.0,2.7330737113952637,0.0
5.933333333333334,349250.0,2.769686222076416,0.0
5.95,349250.0,2.806224822998047,0.0
5.966666666666667,349250.0,2.842677593231201,0.0
5.983333333333333,349250.0,2.8790602684020996,0.0
6.0,349250.0,2.9153451919555664,0.0
6.016666666666667,349250.0,2.9515347480773926,0.0
6.033333333333333,349250.0,2.987624168395996,0.0
6.05,349250.0,3.023611307144165,0.0
6.066666666666666,349250.0,3.0594820976257324,0.0
6.083333333333333,349250.0,3.095256805419922,0.0
6.1,349250.0,3.1309123039245605,0.0
6.116666666666666,349250.0,3.166454315185547,0.0
6.133333333333334,349250.0,3.2018840312957764,0.0
6.15,349250.0,3.2371912002563477,0.0
6.166666666666667,349250.0,3.27237606048584,0.0
6.183333333333334,349250.0,3.3074378967285156,0.0
6.2,349250.0,3.3423709869384766,0.0
6.216666666666667,349250.0,3.3771743774414062,0.0
6.233333333333333,349250.0,3.411853790283203,0.0
6.25,349250.0,3.446394443511963,0.0
6.266666666666667,349250.0,3.4808013439178467,0.0
6.283333333333333,349250.0,3.515075445175171,0.0
6.3,349250.0,3.5492100715637207,0.0
6.316666666666666,349250.0,3.583204984664917,0.0
6.333333333333333,349250.0,3.6170554161071777,0.0
6.35,349250.0,3.6507644653320312,0.0
6.366666666666666,349250.0,3.6843302249908447,0.0
6.383333333333334,349250.0,3.717744827270508,0.0
6.4,349250.0,3.751021146774292,0.0
6.416666666666667,349250.0,3.784149169921875,0.0
6.433333333333334,349250.0,3.81711745262146,0.0
6.45,349250.0,3.8499491214752197,0.0
6.466666666666667,349250.0,3.88262939453125,0.0
6.483333333333333,349250.0,3.9151597023010254,0.0
6.5,349250.0,3.9475269317626953,0.0
6.516666666666667,349250.0,3.9797496795654297,0.0
6.533333333333333,349250.0,4.011828899383545,0.0
6.55,349250.0,4.043737888336182,0.0
6.566666666666666,349250.0,4.075483322143555,0.0
6.583333333333333,349250.0,4.107072830200195,0.0
6.6,349250.0,4.138513088226318,0.0
6.616666666666666,349250.0,4.169788360595703,0.0
6.633333333333334,349250.0,4.200897216796875,0.0
6.65,349250.0,4.231863975524902,0.0
6.666666666666667,349250.0,4.262666702270508,0.0
6.683333333333334,349250.0,4.29331111907959,0.0
6.7,349250.0,4.323779582977295,0.0
6.716666666666667,349250.0,4.354063987731934,0.0
6.733333333333333,349250.0,4.384215354919434,0.0
6.75,349250.0,4.414199352264404,0.0
6.766666666666667,349250.0,4.444024085998535,0.0
6.783333333333333,349250.0,4.473674297332764,0.0
6.8,349250.0,4.503138065338135,0.0
6.816666666666666,349250.0,4.53245735168457,0.0
6.833333333333333,349250.0,4.561610698699951,0.0
6.85,349250.0,4.590585708618164,0.0
6.866666666666666,349250.0,4.6194047927856445,0.0
6.883333333333334,349250.0,4.648032188415527,0.0
6.9,349250.0,4.676516532897949,0.0
6.916666666666667,349250.0,4.704837799072266,0.0
6.933333333333334,349250.0,4.732956886291504,0.0
6.95,349250.0,4.760922431945801,0.0
6.966666666666667,349250.0,4.788723945617676,0.0
6.983333333333333,349250.0,4.816349983215332,0.0
7.0,349250.0,4.843819618225098,0.0
7.016666666666667,349250.0,4.871116638183594,0.0
7.033333333333333,349250.0,4.898208141326904,0.0
7.05,349250.0,4.925152778625488,0.0
7.066666666666666,349250.0,4.951920509338379,0.0
7.083333333333333,349250.0,4.9785261154174805,0.0
7.1,349250.0,5.004971027374268,0.0
7.116666666666666,349250.0,5.031237602233887,0.0
7.133333333333334,349250.0,5.057334899902344,0.0
7.15,349250.0,5.083256721496582,0.0
7.166666666666667,349250.0,5.109018802642822,0.0
7.183333333333334,349250.0,5.134614944458008,0.0
7.2,349250.0,5.160035133361816,0.0
7.216666666666667,349250.0,5.185290813446045,0.0
7.233333333333333,349250.0,5.210389137268066,0.0
7.25,349250.0,5.235302925109863,0.0
7.266666666666667,349250.0,5.2600531578063965,0.0
7.283333333333333,349250.0,5.284629821777344,0.0
7.3,349250.0,5.309052467346191,0.0
7.316666666666666,349250.0,5.333278179168701,0.0
7.333333333333333,349250.0,5.3573760986328125,0.0
7.35,349250.0,5.381290435791016,0.0
7.366666666666666,349250.0,5.405059814453125,0.0
7.383333333333334,349250.0,5.428644180297852,0.0
7.4,349250.0,5.452080726623535,0.0
7.416666666666667,349250.0,5.475320816040039,0.0
7.433333333333334,349250.0,5.498424530029297,0.0
7.45,349250.0,5.521345138549805,0.0
7.466666666666667,349250.0,5.544122695922852,0.0
7.483333333333333,349250.0,5.566702842712402,0.0
7.5,349250.0,5.589153289794922,0.0
7.516666666666667,349250.0,5.611419677734375,0.0
7.533333333333333,349250.0,5.6335530281066895,0.0
7.55,349250.0,5.655512809753418,0.0
7.566666666666666,349250.0,5.677330493927002,0.0
7.583333333333333,349250.0,5.698965072631836,0.0
7.6,349250.0,5.72044563293457,0.0
7.616666666666666,349250.0,5.741748332977295,0.0
7.633333333333334,349250.0,5.762929439544678,0.0
7.65,349250.0,5.783933639526367,0.0
7.666666666666667,349250.0,5.804791450500488,0.0
7.683333333333334,349250.0,5.8254804611206055,0.0
7.7,349250.0,5.84604549407959,0.0
7.716666666666667,349250.0,5.866408824920654,0.0
7.733333333333333,349250.0,5.886664867401123,0.0
7.75,349250.0,5.9067487716674805,0.0
7.766666666666667,349250.0,5.926687717437744,0.0
7.783333333333333,349250.0,5.946483135223389,0.0
7.8,349250.0,5.96610164642334,0.0
7.816666666666666,349250.0,5.9856085777282715,0.0
7.833333333333333,349250.0,6.00494909286499,0.0
7.85,349250.0,6.0241570472717285,0.0
7.866666666666666,349250.0,6.043185710906982,0.0
7.883333333333334,349250.0,6.062062740325928,0.0
7.9,349250.0,6.080811500549316,0.0
7.916666666666667,349250.0,6.099411487579346,0.0
7.933333333333334,349250.0,6.117862701416016,0.0
7.95,349250.0,6.136197090148926,0.0
7.966666666666667,349250.0,6.154364585876465,0.0
7.983333333333333,349250.0,6.1724066734313965,0.0
8.0,349250.0,6.19029426574707,0.0
8.016666666666667,349250.0,6.208052635192871,0.0
8.033333333333333,349250.0,6.225677490234375,0.0
8.05,349250.0,6.243132591247559,0.0
8.066666666666666,349250.0,6.260519027709961,0.0
8.083333333333334,349250.0,6.277730464935303,0.0
8.1,349250.0,6.294816017150879,0.0
8.116666666666667,349250.0,6.311761856079102,0.0
8.133333333333333,349250.0,6.3285698890686035,0.0
8.15,349250.0,6.345264434814453,0.0
8.166666666666666,349250.0,6.361824989318848,0.0
8.183333333333334,349250.0,6.378263473510742,0.0
8.2,349250.0,6.394567966461182,0.0
8.216666666666667,349250.0,6.410734176635742,0.0
8.233333333333333,349250.0,6.426768779754639,0.0
8.25,349250.0,6.442703723907471,0.0
8.266666666666667,349250.0,6.458503723144531,0.0
8.283333333333333,349250.0,6.474172592163086,0.0
8.3,349250.0,6.489712715148926,0.0
8.316666666666666,349250.0,6.505175590515137,0.0
8.333333333333334,349250.0,6.52046537399292,0.0
8.35,349250.0,6.535632133483887,0.0
8.366666666666667,349250.0,6.550727844238281,0.0
8.383333333333333,349250.0,6.565688133239746,0.0
8.4,349250.0,6.580544471740723,0.0
8.416666666666666,349250.0,6.595267295837402,0.0
8.433333333333334,349250.0,6.609884262084961,0.0
8.45,349250.0,6.624388694763184,0.0
8.466666666666667,349250.0,6.638791084289551,0.0
8.483333333333333,349250.0,6.6530866622924805,0.0
8.5,349250.0,6.667263031005859,0.0
8.516666666666667,349250.0,6.681332111358643,0.0
8.533333333333333,349250.0,6.695272445678711,0.0
8.55,349250.0,6.70913553237915,0.0
8.566666666666666,349250.0,6.722870826721191,0.0
8.583333333333334,349250.0,6.736517906188965,0.0
8.6,349250.0,6.750056266784668,0.0
8.616666666666667,349250.0,6.7635393142700195,0.0
8.633333333333333,349250.0,6.776864051818848,0.0
8.65,349250.0,6.7900800704956055,0.0
8.666666666666666,349250.0,6.803219318389893,0.0
8.683333333333334,349250.0,6.816267967224121,0.0
8.7,349250.0,6.8292036056518555,0.0
8.716666666666667,349250.0,6.842050075531006,0.0
8.733333333333333,349250.0,6.854781150817871,0.0
8.75,349250.0,6.867394924163818,0.0
8.766666666666667,349250.0,6.8799638748168945,0.0
8.783333333333333,349250.0,6.89240837097168,0.0
8.8,349250.0,6.904778003692627,0.0
8.816666666666666,349250.0,6.917027473449707,0.0
8.833333333333334,349250.0,6.929183006286621,0.0
8.85,349250.0,6.9412641525268555,0.0
8.866666666666667,349250.0,6.9532365798950195,0.0
8.883333333333333,349250.0,6.965124130249023,0.0
8.9,349250.0,6.976897716522217,0.0
8.916666666666666,349250.0,6.988574028015137,0.0
8.933333333333334,349250.0,7.000178337097168,0.0
8.95,349250.0,7.0117268562316895,0.0
8.966666666666667,349250.0,7.023125648498535,0.0
8.983333333333333,349250.0,7.034424304962158,0.0
9.0,349250.0,7.045639514923096,0.0
9.016666666666667,349250.0,7.056760311126709,0.0
9.033333333333333,349250.0,7.067816734313965,0.0
9.05,349250.0,7.078774452209473,0.0
9.066666666666666,349250.0,7.089628219604492,0.0
9.083333333333334,349250.0,7.100362300872803,0.0
9.1,349250.0,7.111022472381592,0.0
9.116666666666667,349250.0,7.121654510498047,0.0
9.133333333333333,349250.0,7.132148265838623,0.0
9.15,349250.0,7.14254093170166,0.0
9.166666666666666,349250.0,7.152744770050049,0.0
9.183333333333334,349250.0,7.162876605987549,0.0
9.2,349250.0,7.172905921936035,0.0
9.216666666666667,349250.0,7.182852268218994,0.0
9.233333333333333,349250.0,7.192710876464844,0.0
9.25,349250.0,7.202475547790527,0.0
9.266666666666667,349250.0,7.212145805358887,0.0
9.283333333333333,349250.0,7.221810340881348,0.0
9.3,349250.0,7.231311798095703,0.0
9.316666666666666,349250.0,7.2407379150390625,0.0
9.333333333333334,349250.0,7.250070571899414,0.0
9.35,349250.0,7.259295463562012,0.0
9.366666666666667,349250.0,7.268477916717529,0.0
9.383333333333333,349250.0,7.277529716491699,0.0
9.4,349250.0,7.286542892456055,0.0
9.416666666666666,349250.0,7.295444488525391,0.0
9.433333333333334,349250.0,7.304264068603516,0.0
9.45,349250.0,7.312980651855469,0.0
9.466666666666667,349250.0,7.321681022644043,0.0
9.483333333333333,349250.0,7.3302507400512695,0.0
9.5,349250.0,7.338737964630127,0.0
9.516666666666667,349250.0,7.34714412689209,0.0
9.533333333333333,349250.0,7.355477333068848,0.0
9.55,349250.0,7.363725185394287,0.0
9.566666666666666,349250.0,7.371913909912109,0.0
9.583333333333334,349250.0,7.380007743835449,0.0
9.6,349250.0,7.3880205154418945,0.0
9.616666666666667,349250.0,7.395959854125977,0.0
9.633333333333333,349250.0,7.403810024261475,0.0
9.65,349250.0,7.411559104919434,0.0
9.666666666666666,349250.0,7.419295310974121,0.0
9.683333333333334,349250.0,7.426970481872559,0.0
9.7,349250.0,7.434520721435547,0.0
9.716666666666667,349250.0,7.442005157470703,0.0
9.733333333333333,349250.0,7.449403285980225,0.0
9.75,349250.0,7.4567084312438965,0.0
9.766666666666667,349250.0,7.463961124420166,0.0
9.783333333333333,349250.0,7.471166133880615,0.0
9.8,349250.0,7.478276252746582,0.0
9.816666666666666,349250.0,7.485321521759033,0.0
9.833333333333334,349250.0,7.492283821105957,0.0
9.85,349250.0,7.499185085296631,0.0
9.866666666666667,349250.0,7.506025314331055,0.0
9.883333333333333,349250.0,7.512794494628906,0.0
9.9,349250.0,7.519543647766113,0.0
9.916666666666666,349250.0,7.5261735916137695,0.0
9.933333333333334,349250.0,7.532744407653809,0.0
9.95,349250.0,7.539247035980225,0.0
9.966666666666667,349250.0,7.545693397521973,0.0
9.983333333333333,349250.0,7.552088737487793,0.0
10.0,349250.0,7.558375358581543,0.0
10.016666666666667,349250.0,7.564639568328857,0.0
0.0,450000.0,9.9702730178833,0.0
0.016666666666666666,450000.0,4.940367221832275,0.0
0.03333333333333333,450000.0,0.5542647838592529,66.11374407582939
0.05,450000.0,0.0,81.99052132701422
0.06666666666666667,450000.0,0.0,82.46445497630332
0.08333333333333333,450000.0,0.0,81.99052132701422
0.1,450000.0,0.0,81.04265402843602
0.11666666666666667,450000.0,0.0,80.56872037914692
0.13333333333333333,450000.0,0.0,80.80568720379146
0.15,450000.0,0.0,81.27962085308057
0.16666666666666666,450000.0,0.0,79.85781990521326
0.18333333333333332,450000.0,0.0,80.80568720379146
0.2,450000.0,0.0,80.56872037914692
0.21666666666666667,450000.0,0.0,81.51658767772511
0.23333333333333334,450000.0,0.0,82.46445497630332
0.25,450000.0,0.0,82.22748815165876
0.26666666666666666,450000.0,0.0,83.17535545023696
0.2833333333333333,450000.0,0.0,83.64928909952607
0.3,450000.0,0.0,84.36018957345972
0.31666666666666665,450000.0,0.0,85.78199052132702
0.3333333333333333,450000.0,0.0,87.20379146919431
0.35,450000.0,0.0,86.96682464454977
0.36666666666666664,450000.0,0.0,87.44075829383885
0.38333333333333336,450000.0,0.0,90.28436018957346
0.4,450000.0,0.0,90.75829383886256
0.4166666666666667,450000.0,0.0,92.41706161137441
0.43333333333333335,450000.0,0.0,94.54976303317537
0.45,450000.0,0.0,96.2085308056872
0.4666666666666667,450000.0,0.0,97.86729857819904
0.48333333333333334,450000.0,0.0,99.52606635071089
0.5,450000.0,0.0,100.0
0.5166666666666667,450000.0,0.0,100.0
0.5333333333333333,450000.0,0.0,100.0
0.55,450000.0,0.0,100.0
0.5666666666666667,450000.0,0.0,100.0
0.5833333333333334,450000.0,0.0,100.0
0.6,450000.0,0.0,100.0
0.6166666666666667,450000.0,0.0,100.0
0.6333333333333333,450000.0,0.0,100.0
0.65,450000.0,0.0,100.0
0.6666666666666666,450000.0,0.0,100.0
0.6833333333333333,450000.0,0.0,100.0
0.7,450000.0,0.0,100.0
0.7166666666666667,450000.0,0.0,100.0
0.7333333333333333,450000.0,0.0,100.0
0.75,450000.0,0.0,100.0
0.7666666666666667,450000.0,0.0,100.0
0.7833333333333333,450000.0,0.0,100.0
0.8,450000.0,0.0,100.0
0.8166666666666667,450000.0,0.0,100.0
0.8333333333333334,450000.0,0.0,100.0
0.85,450000.0,0.0,100.0
0.8666666666666667,450000.0,0.0,100.0
0.8833333333333333,450000.0,0.0,100.0
0.9,450000.0,0.0,100.0
0.9166666666666666,450000.0,0.0,100.0
0.9333333333333333,450000.0,0.0,100.0
0.95,450000.0,0.0,100.0
0.9666666666666667,450000.0,0.0,100.0
0.9833333333333333,450000.0,0.0,100.0
1.0,450000.0,0.0,100.0
1.0166666666666666,450000.0,0.0,100.0
1.0333333333333334,450000.0,0.0,100.0
1.05,450000.0,0.0,100.0
1.0666666666666667,450000.0,0.0,100.0
1.0833333333333333,450000.0,0.0,100.0
1.1,450000.0,0.0,100.0
1.1166666666666667,450000.0,0.0,100.0
1.1333333333333333,450000.0,0.0,100.0
1.15,450000.0,0.0,100.0
1.1666666666666667,450000.0,0.0,100.0
1.1833333333333333,450000.0,0.0,100.0
1.2,450000.0,0.0,100.0
1.2166666666666666,450000.0,0.0,100.0
1.2333333333333334,450000.0,0.0,100.0
1.25,450000.0,0.0,100.0
1.2666666666666666,450000.0,0.0,100.0
1.2833333333333334,450000.0,0.0,100.0
1.3,450000.0,0.0,100.0
1.3166666666666667,450000.0,0.0,100.0
1.3333333333333333,450000.0,0.0,100.0
1.35,450000.0,0.0,100.0
1.3666666666666667,450000.0,0.0,100.0
1.3833333333333333,450000.0,0.0,100.0
1.4,450000.0,0.0,100.0
1.4166666666666667,450000.0,0.0,100.0
1.4333333333333333,450000.0,0.0,100.0
1.45,450000.0,0.0,100.0
1.4666666666666666,450000.0,0.0,100.0
1.4833333333333334,450000.0,0.0,100.0
1.5,450000.0,0.0,100.0
1.5166666666666666,450000.0,0.0,100.0
1.5333333333333334,450000.0,0.0,100.0
1.55,450000.0,0.0,100.0
1.5666666666666667,450000.0,0.0,100.0
1.5833333333333333,450000.0,0.0,100.0
1.6,450000.0,0.0,100.0
1.6166666666666667,450000.0,0.0,100.0
1.6333333333333333,450000.0,0.0,100.0
1.65,450000.0,0.0,100.0
1.6666666666666667,450000.0,0.0,100.0
1.6833333333333333,450000.0,0.0,100.0
1.7,450000.0,0.0,100.0
1.7166666666666666,450000.0,0.0,100.0
1.7333333333333334,450000.0,0.0,100.0
1.75,450000.0,0.0,100.0
1.7666666666666666,450000.0,0.0,100.0
1.7833333333333334,450000.0,0.0,100.0
1.8,450000.0,0.0,100.0
1.8166666666666667,450000.0,0.0,100.0
1.8333333333333333,450000.0,0.0,100.0
1.85,450000.0,0.0,100.0
1.8666666666666667,450000.0,0.0,100.0
1.8833333333333333,450000.0,0.0,100.0
1.9,450000.0,0.0,100.0
1.9166666666666667,450000.0,0.0,100.0
1.9333333333333333,450000.0,0.0,100.0
1.95,450000.0,0.0,100.0
1.9666666666666666,450000.0,0.0,100.0
1.9833333333333334,450000.0,0.0,100.0
2.0,450000.0,0.0,100.0
2.0166666666666666,450000.0,0.0,100.0
2.033333333333333,450000.0,0.0,100.0
2.05,450000.0,0.0,100.0
2.066666666666667,450000.0,0.0,100.0
2.0833333333333335,450000.0,0.0,100.0
2.1,450000.0,0.0,100.0
2.1166666666666667,450000.0,0.0,100.0
2.1333333333333333,450000.0,0.0,100.0
2.15,450000.0,0.0,100.0
2.1666666666666665,450000.0,0.0,100.0
2.183333333333333,450000.0,0.0,100.0
2.2,450000.0,0.0,100.0
2.216666666666667,450000.0,0.0,100.0
2.2333333333333334,450000.0,0.0,100.0
2.25,450000.0,0.0,100.0
2.2666666666666666,450000.0,0.0,100.0
2.283333333333333,450000.0,0.0,100.0
2.3,450000.0,0.0,100.0
2.316666666666667,450000.0,0.0,100.0
2.3333333333333335,450000.0,0.0,100.0
2.35,450000.0,0.0,100.0
2.3666666666666667,450000.0,0.0,100.0
2.3833333333333333,450000.0,0.0,100.0
2.4,450000.0,0.0,100.0
2.4166666666666665,450000.0,0.0,100.0
2.433333333333333,450000.0,0.0,100.0
2.45,450000.0,0.0,100.0
2.466666666666667,450000.0,0.0,100.0
2.4833333333333334,450000.0,0.0,100.0
2.5,450000.0,0.0,100.0
2.5166666666666666,450000.0,0.0,100.0
2.533333333333333,450000.0,0.0,100.0
2.55,450000.0,0.0,100.0
2.566666666666667,450000.0,0.0,100.0
2.5833333333333335,450000.0,0.0,100.0
2.6,450000.0,0.0,100.0
2.6166666666666667,450000.0,0.0,100.0
2.6333333333333333,450000.0,0.0,100.0
2.65,450000.0,0.0,100.0
2.6666666666666665,450000.0,0.0,100.0
2.683333333333333,450000.0,0.0,100.0
2.7,450000.0,0.0,100.0
2.716666666666667,450000.0,0.0,100.0
2.7333333333333334,450000.0,0.0,100.0
2.75,450000.0,0.0,100.0
2.7666666666666666,450000.0,0.0,100.0
2.783333333333333,450000.0,0.0,100.0
2.8,450000.0,0.0,100.0
2.816666666666667,450000.0,0.0,100.0
2.8333333333333335,450000.0,0.0,99.0521327014218
2.85,450000.0,0.0,98.5781990521327
2.8666666666666667,450000.0,0.0,98.5781990521327
2.8833333333333333,450000.0,0.0,98.5781990521327
2.9,450000.0,0.0,98.5781990521327
2.9166666666666665,450000.0,0.0,98.5781990521327
2.933333333333333,450000.0,0.0,98.5781990521327
2.95,450000.0,0.0,98.5781990521327
2.966666666666667,450000.0,0.0,98.10426540284361
2.9833333333333334,450000.0,0.0,97.6303317535545
3.0,450000.0,0.0,97.1563981042654
3.0166666666666666,450000.0,0.0,97.1563981042654
3.033333333333333,450000.0,0.0,96.6824644549763
3.05,450000.0,0.0,96.2085308056872
3.066666666666667,450000.0,0.0,96.2085308056872
3.0833333333333335,450000.0,0.0,96.2085308056872
3.1,450000.0,0.0,95.260663507109
3.1166666666666667,450000.0,0.0,95.260663507109
3.1333333333333333,450000.0,0.0,94.7867298578199
3.15,450000.0,0.0,94.7867298578199
3.1666666666666665,450000.0,0.0,94.3127962085308
3.183333333333333,450000.0,0.0,93.8388625592417
3.2,450000.0,0.0,93.36492890995261
3.216666666666667,450000.0,0.0,92.89099526066352
3.2333333333333334,450000.0,0.0,92.89099526066352
3.25,450000.0,0.0,92.89099526066352
3.2666666666666666,450000.0,0.0,91.4691943127962
3.283333333333333,450000.0,0.0,91.4691943127962
3.3,450000.0,0.0,90.52132701421802
3.316666666666667,450000.0,0.0,90.52132701421802
3.3333333333333335,450000.0,0.0,89.57345971563981
3.35,450000.0,0.0,89.57345971563981
3.3666666666666667,450000.0,0.0,89.57345971563981
3.3833333333333333,450000.0,0.0,88.62559241706161
3.4,450000.0,0.0,88.15165876777252
3.4166666666666665,450000.0,0.0,87.20379146919431
3.433333333333333,450000.0,0.0,87.20379146919431
3.45,450000.0,0.0,86.25592417061611
3.466666666666667,450000.0,0.0,85.78199052132702
3.4833333333333334,450000.0,0.0,85.07109004739335
3.5,450000.0,0.0,84.59715639810426
3.5166666666666666,450000.0,0.0,83.64928909952607
3.533333333333333,450000.0,0.0,83.64928909952607
3.55,450000.0,0.0,83.17535545023696
3.566666666666667,450000.0,0.0,82.22748815165876
3.5833333333333335,450000.0,0.0,81.75355450236967
3.6,450000.0,0.0,81.75355450236967
3.6166666666666667,450000.0,0.0,80.33175355450237
3.6333333333333333,450000.0,0.0,80.09478672985783
3.65,450000.0,0.0,79.62085308056872
3.6666666666666665,450000.0,0.0,79.62085308056872
3.683333333333333,450000.0,0.0,78.67298578199052
3.7,450000.0,0.0,77.72511848341233
3.716666666666667,450000.0,0.0,77.25118483412322
3.7333333333333334,450000.0,0.0,76.30331753554502
3.75,450000.0,0.0,74.88151658767772
3.7666666666666666,450000.0,0.0,73.69668246445498
3.783333333333333,450000.0,0.0,73.22274881516587
3.8,450000.0,0.0,72.74881516587678
3.816666666666667,450000.0,0.0,72.74881516587678
3.8333333333333335,450000.0,0.0,72.27488151658767
3.85,450000.0,0.0,70.85308056872039
3.8666666666666667,450000.0,0.0,70.85308056872039
3.8833333333333333,450000.0,0.0,70.37914691943128
3.9,450000.0,3.0116885682218708e-05,69.19431279620854
3.9166666666666665,450000.0,4.23749334004242e-05,68.72037914691943
3.933333333333333,450000.0,6.047970600775443e-05,68.72037914691943
3.95,450000.0,9.311805479228497e-05,68.72037914691943
3.966666666666667,450000.0,0.00014169359928928316,67.29857819905213
3.9833333333333334,450000.0,0.00020938827947247773,65.87677725118483
4.0,450000.0,0.00030050709028728306,65.40284360189574
4.016666666666667,450000.0,0.00042030823533423245,64.45497630331754
4.033333333333333,450000.0,0.00057505804579705,63.270142180094794
4.05,450000.0,0.0007720828289166093,61.84834123222749
4.066666666666666,450000.0,0.001019895076751709,61.84834123222749
4.083333333333333,450000.0,0.0013283304870128632,61.84834123222749
4.1,450000.0,0.00170868169516325,60.426540284360186
4.116666666666666,450000.0,0.0021738396026194096,59.95260663507109
4.133333333333334,450000.0,0.0027384585700929165,59.241706161137444
4.15,450000.0,0.003419069107621908,58.29383886255924
4.166666666666667,450000.0,0.0037875212728977203,56.872037914691944
4.183333333333334,450000.0,0.004217902198433876,56.39810426540285
4.2,450000.0,0.004737223498523235,55.92417061611374
4.216666666666667,450000.0,0.005360637325793505,55.45023696682464
4.233333333333333,450000.0,0.0061052106320858,54.02843601895735
4.25,450000.0,0.006990044843405485,53.317535545023695
4.266666666666667,450000.0,0.008036475628614426,53.317535545023695
4.283333333333333,450000.0,0.00926816277205944,52.3696682464455
4.3,450000.0,0.010711155831813812,52.3696682464455
4.316666666666666,450000.0,0.012393992394208908,50.4739336492891
4.333333333333333,450000.0,0.01434782799333334,49.052132701421804
4.35,450000.0,0.016606274992227554,48.34123222748815
4.366666666666666,450000.0,0.019205451011657715,47.39336492890995
4.383333333333334,450000.0,0.022183848544955254,46.91943127962085
4.4,450000.0,0.025582361966371536,46.44549763033176
4.416666666666667,450000.0,0.029443765059113503,45.023696682464454
4.433333333333334,450000.0,0.03381272777915001,44.54976303317535
4.45,450000.0,0.038735151290893555,43.3649289099526
4.466666666666667,450000.0,0.044257987290620804,41.943127962085306
4.483333333333333,450000.0,0.05042864382266998,41.46919431279621
4.5,450000.0,0.05729425698518753,40.52132701421801
4.516666666666667,450000.0,0.06490121781826019,40.047393364928915
4.533333333333333,450000.0,0.0732947438955307,39.09952606635071
4.55,450000.0,0.08191774785518646,37.91469194312796
4.566666666666666,450000.0,0.08864179253578186,37.44075829383886
4.583333333333333,450000.0,0.09608148038387299,37.44075829383886
4.6,450000.0,0.10428152978420258,36.018957345971565
4.616666666666666,450000.0,0.11328479647636414,33.175355450236964
4.633333333333334,450000.0,0.12313178926706314,32.22748815165877
4.65,450000.0,0.13385966420173645,31.516587677725116
4.666666666666667,450000.0,0.14550112187862396,31.04265402843602
4.683333333333334,450000.0,0.15808522701263428,31.04265402843602
4.7,450000.0,0.1716359555721283,29.620853080568722
4.716666666666667,450000.0,0.18617099523544312,28.199052132701425
4.733333333333333,450000.0,0.20170345902442932,26.540284360189574
4.75,450000.0,0.2182396650314331,25.59241706161137
4.766666666666667,450000.0,0.235780730843544,24.170616113744074
4.783333333333333,450000.0,0.25432145595550537,23.696682464454977
4.8,450000.0,0.27385103702545166,23.22274881516588
4.816666666666666,450000.0,0.2943532466888428,22.274881516587676
4.833333333333333,450000.0,0.31580787897109985,20.61611374407583
4.85,450000.0,0.3381889760494232,18.72037914691943
4.866666666666666,450000.0,0.36146631836891174,18.246445497630333
4.883333333333334,450000.0,0.38560745120048523,17.298578199052134
4.9,450000.0,0.41057640314102173,16.350710900473935
4.916666666666667,450000.0,0.4363352656364441,14.691943127962084
4.933333333333334,450000.0,0.46284469962120056,14.691943127962084
4.95,450000.0,0.49006471037864685,13.744075829383887
4.966666666666667,450000.0,0.5179531574249268,11.848341232227488
4.983333333333333,450000.0,0.5464708209037781,10.90047393364929
5.0,450000.0,0.5755747556686401,9.24170616113744
5.016666666666667,450000.0,0.6052252054214478,8.293838862559241
5.033333333333333,450000.0,0.635382890701294,8.293838862559241
5.05,450000.0,0.6660110950469971,8.293838862559241
5.066666666666666,450000.0,0.6970705986022949,5.924170616113744
5.083333333333333,450000.0,0.7285271883010864,3.7914691943127963
5.1,450000.0,0.7603490948677063,3.7914691943127963
5.116666666666666,450000.0,0.7925042510032654,3.7914691943127963
5.133333333333334,450000.0,0.8249626159667969,3.7914691943127963
5.15,450000.0,0.8576958179473877,2.843601895734597
5.166666666666667,450000.0,0.890678346157074,0.23696682464454977
5.183333333333334,450000.0,0.9238852262496948,0.23696682464454977
5.2,450000.0,0.9572967290878296,0.23696682464454977
5.216666666666667,450000.0,0.9908936023712158,0.23696682464454977
5.233333333333333,450000.0,1.0246520042419434,0.0
5.25,450000.0,1.0585558414459229,0.0
5.266666666666667,450000.0,1.0925910472869873,0.0
5.283333333333333,450000.0,1.126742959022522,0.0
5.3,450000.0,1.160998821258545,0.0
5.316666666666666,450000.0,1.195349097251892,0.0
5.333333333333333,450000.0,1.229783058166504,0.0
5.35,450000.0,1.2642951011657715,0.0
5.366666666666666,450000.0,1.2988693714141846,0.0
5.383333333333334,450000.0,1.333503246307373,0.0
5.4,450000.0,1.3681889772415161,0.0
5.416666666666667,450000.0,1.4029264450073242,0.0
5.433333333333334,450000.0,1.4377036094665527,0.0
5.45,450000.0,1.472515344619751,0.0
5.466666666666667,450000.0,1.5073505640029907,0.0
5.483333333333333,450000.0,1.5422260761260986,0.0
5.5,450000.0,1.5771183967590332,0.0
5.516666666666667,450000.0,1.6120374202728271,0.0
5.533333333333333,450000.0,1.6469775438308716,0.0
5.55,450000.0,1.6819324493408203,0.0
5.566666666666666,450000.0,1.7169020175933838,0.0
5.583333333333333,450000.0,1.7518765926361084,0.0
5.6,450000.0,1.7868647575378418,0.0
5.616666666666666,450000.0,1.821858525276184,0.0
5.633333333333334,450000.0,1.8568538427352905,0.0
5.65,450000.0,1.891848087310791,0.0
5.666666666666667,450000.0,1.9268419742584229,0.0
5.683333333333334,450000.0,1.9618362188339233,0.0
5.7,450000.0,1.9968153238296509,0.0
5.716666666666667,450000.0,2.0317893028259277,0.0
5.733333333333333,450000.0,2.0667569637298584,0.0
5.75,450000.0,2.1016809940338135,0.0
5.766666666666667,450000.0,2.1365981101989746,0.0
5.783333333333333,450000.0,2.1714916229248047,0.0
5.8,450000.0,2.2063605785369873,0.0
5.816666666666666,450000.0,2.2411935329437256,0.0
5.833333333333333,450000.0,2.2760064601898193,0.0
5.85,450000.0,2.3107852935791016,0.0
5.866666666666666,450000.0,2.3455190658569336,0.0
5.883333333333334,450000.0,2.380189895629883,0.0
5.9,450000.0,2.4148316383361816,0.0
5.916666666666667,450000.0,2.4494094848632812,0.0
5.933333333333334,450000.0,2.4839282035827637,0.0
5.95,450000.0,2.5183892250061035,0.0
5.966666666666667,450000.0,2.5527918338775635,0.0
5.983333333333333,450000.0,2.5871353149414062,0.0
6.0,450000.0,2.6213858127593994,0.0
6.016666666666667,450000.0,2.6555676460266113,0.0
6.033333333333333,450000.0,2.689680576324463,0.0
6.05,450000.0,2.7237048149108887,0.0
6.066666666666666,450000.0,2.7576372623443604,0.0
6.083333333333333,450000.0,2.7914788722991943,0.0
6.1,450000.0,2.8252296447753906,0.0
6.116666666666666,450000.0,2.858881950378418,0.0
6.133333333333334,450000.0,2.8924365043640137,0.0
6.15,450000.0,2.9258968830108643,0.0
6.166666666666667,450000.0,2.959239959716797,0.0
6.183333333333334,450000.0,2.9924731254577637,0.0
6.2,450000.0,3.0256128311157227,0.0
6.216666666666667,450000.0,3.058626651763916,0.0
6.233333333333333,450000.0,3.091515064239502,0.0
6.25,450000.0,3.124293327331543,0.0
6.266666666666667,450000.0,3.1569442749023438,0.0
6.283333333333333,450000.0,3.1894800662994385,0.0
6.3,450000.0,3.221884250640869,0.0
6.316666666666666,450000.0,3.254166603088379,0.0
6.333333333333333,450000.0,3.2863221168518066,0.0
6.35,450000.0,3.318345546722412,0.0
6.366666666666666,450000.0,3.3502399921417236,0.0
6.383333333333334,450000.0,3.3820037841796875,0.0
6.4,450000.0,3.413639545440674,0.0
6.416666666666667,450000.0,3.445132255554199,0.0
6.433333333333334,450000.0,3.476491689682007,0.0
6.45,450000.0,3.5077152252197266,0.0
6.466666666666667,450000.0,3.5388083457946777,0.0
6.483333333333333,450000.0,3.5697569847106934,0.0
6.5,450000.0,3.6005637645721436,0.0
6.516666666666667,450000.0,3.6312289237976074,0.0
6.533333333333333,450000.0,3.6617431640625,0.0
6.55,450000.0,3.692117214202881,0.0
6.566666666666666,450000.0,3.7223525047302246,0.0
6.583333333333333,450000.0,3.7524468898773193,0.0
6.6,450000.0,3.782383680343628,0.0
6.616666666666666,450000.0,3.812177896499634,0.0
6.633333333333334,450000.0,3.841827869415283,0.0
6.65,450000.0,3.8713226318359375,0.0
6.666666666666667,450000.0,3.900665044784546,0.0
6.683333333333334,450000.0,3.9298648834228516,0.0
6.7,450000.0,3.958899974822998,0.0
6.716666666666667,450000.0,3.9878106117248535,0.0
6.733333333333333,450000.0,4.016559600830078,0.0
6.75,450000.0,4.045151710510254,0.0
6.766666666666667,450000.0,4.073581695556641,0.0
6.783333333333333,450000.0,4.101846694946289,0.0
6.8,450000.0,4.129971027374268,0.0
6.816666666666666,450000.0,4.157967567443848,0.0
6.833333333333333,450000.0,4.185805320739746,0.0
6.85,450000.0,4.213470458984375,0.0
6.866666666666666,450000.0,4.240962982177734,0.0
6.883333333333334,450000.0,4.268315315246582,0.0
6.9,450000.0,4.295507431030273,0.0
6.916666666666667,450000.0,4.322548866271973,0.0
6.933333333333334,450000.0,4.349437713623047,0.0
6.95,450000.0,4.376150131225586,0.0
6.966666666666667,450000.0,4.402724266052246,0.0
6.983333333333333,450000.0,4.42913293838501,0.0
7.0,450000.0,4.455387592315674,0.0
7.016666666666667,450000.0,4.481485843658447,0.0
7.033333333333333,450000.0,4.507427215576172,0.0
7.05,450000.0,4.533200263977051,0.0
7.066666666666666,450000.0,4.5588154792785645,0.0
7.083333333333333,450000.0,4.58427619934082,0.0
7.1,450000.0,4.6095685958862305,0.0
7.116666666666666,450000.0,4.634705543518066,0.0
7.133333333333334,450000.0,4.659688472747803,0.0
7.15,450000.0,4.684516906738281,0.0
7.166666666666667,450000.0,4.709176063537598,0.0
7.183333333333334,450000.0,4.733664035797119,0.0
7.2,450000.0,4.758020877838135,0.0
7.216666666666667,450000.0,4.782217025756836,0.0
7.233333333333333,450000.0,4.806245803833008,0.0
7.25,450000.0,4.83011531829834,0.0
7.266666666666667,450000.0,4.853819370269775,0.0
7.283333333333333,450000.0,4.87736701965332,0.0
7.3,450000.0,4.900766849517822,0.0
7.316666666666666,450000.0,4.924008846282959,0.0
7.333333333333333,450000.0,4.947091102600098,0.0
7.35,450000.0,4.970005989074707,0.0
7.366666666666666,450000.0,4.9927520751953125,0.0
7.383333333333334,450000.0,5.0153608322143555,0.0
7.4,450000.0,5.037812232971191,0.0
7.416666666666667,450000.0,5.060119152069092,0.0
7.433333333333334,450000.0,5.082275390625,0.0
7.45,450000.0,5.104255676269531,0.0
7.466666666666667,450000.0,5.126092910766602,0.0
7.483333333333333,450000.0,5.147751808166504,0.0
7.5,450000.0,5.169281959533691,0.0
7.516666666666667,450000.0,5.190657615661621,0.0
7.533333333333333,450000.0,5.211884498596191,0.0
7.55,450000.0,5.2329607009887695,0.0
7.566666666666666,450000.0,5.253874778747559,0.0
7.583333333333333,450000.0,5.274649620056152,0.0
7.6,450000.0,5.2952446937561035,0.0
7.616666666666666,450000.0,5.315721035003662,0.0
7.633333333333334,450000.0,5.336027145385742,0.0
7.65,450000.0,5.356218338012695,0.0
7.666666666666667,450000.0,5.376223564147949,0.0
7.683333333333334,450000.0,5.396103382110596,0.0
7.7,450000.0,5.415828704833984,0.0
7.716666666666667,450000.0,5.435410499572754,0.0
7.733333333333333,450000.0,5.454867362976074,0.0
7.75,450000.0,5.474172592163086,0.0
7.766666666666667,450000.0,5.493321895599365,0.0
7.783333333333333,450000.0,5.512316703796387,0.0
7.8,450000.0,5.531203746795654,0.0
7.816666666666666,450000.0,5.549917221069336,0.0
7.833333333333333,450000.0,5.568511962890625,0.0
7.85,450000.0,5.5869622230529785,0.0
7.866666666666666,450000.0,5.605262756347656,0.0
7.883333333333334,450000.0,5.623404502868652,0.0
7.9,450000.0,5.641441345214844,0.0
7.916666666666667,450000.0,5.659341812133789,0.0
7.933333333333334,450000.0,5.677091598510742,0.0
7.95,450000.0,5.69471549987793,0.0
7.966666666666667,450000.0,5.712190628051758,0.0
7.983333333333333,450000.0,5.729565143585205,0.0
8.0,450000.0,5.746780872344971,0.0
8.016666666666667,450000.0,5.763852596282959,0.0
8.033333333333333,450000.0,5.7808051109313965,0.0
8.05,450000.0,5.797602653503418,0.0
8.066666666666666,450000.0,5.814299583435059,0.0
8.083333333333334,450000.0,5.830857753753662,0.0
8.1,450000.0,5.847292423248291,0.0
8.116666666666667,450000.0,5.863592147827148,0.0
8.133333333333333,450000.0,5.879744529724121,0.0
8.15,450000.0,5.895820617675781,0.0
8.166666666666666,450000.0,5.911750316619873,0.0
8.183333333333334,450000.0,5.927546501159668,0.0
8.2,450000.0,5.9432268142700195,0.0
8.216666666666667,450000.0,5.958772659301758,0.0
8.233333333333333,450000.0,5.974226951599121,0.0
8.25,450000.0,5.989534854888916,0.0
8.266666666666667,450000.0,6.0047197341918945,0.0
8.283333333333333,450000.0,6.0197882652282715,0.0
8.3,450000.0,6.034759044647217,0.0
8.316666666666666,450000.0,6.049586772918701,0.0
8.333333333333334,450000.0,6.064301013946533,0.0
8.35,450000.0,6.0788798332214355,0.0
8.366666666666667,450000.0,6.0933732986450195,0.0
8.383333333333333,450000.0,6.107757568359375,0.0
8.4,450000.0,6.122007369995117,0.0
8.416666666666666,450000.0,6.13617467880249,0.0
8.433333333333334,450000.0,6.1501970291137695,0.0
8.45,450000.0,6.164137840270996,0.0
8.466666666666667,450000.0,6.17796516418457,0.0
8.483333333333333,450000.0,6.19167947769165,0.0
8.5,450000.0,6.205252647399902,0.0
8.516666666666667,450000.0,6.218790054321289,0.0
8.533333333333333,450000.0,6.2322187423706055,0.0
8.55,450000.0,6.245528221130371,0.0
8.566666666666666,450000.0,6.258720397949219,0.0
8.583333333333334,450000.0,6.271775722503662,0.0
8.6,450000.0,6.284782409667969,0.0
8.616666666666667,450000.0,6.297689437866211,0.0
8.633333333333333,450000.0,6.310483932495117,0.0
8.65,450000.0,6.3231730461120605,0.0
8.666666666666666,450000.0,6.335748195648193,0.0
8.683333333333334,450000.0,6.348300933837891,0.0
8.7,450000.0,6.360722541809082,0.0
8.716666666666667,450000.0,6.373030662536621,0.0
8.733333333333333,450000.0,6.385262489318848,0.0
8.75,450000.0,6.397395133972168,0.0
8.766666666666667,450000.0,6.409438133239746,0.0
8.783333333333333,450000.0,6.421383380889893,0.0
8.8,450000.0,6.433244228363037,0.0
8.816666666666666,450000.0,6.444991111755371,0.0
8.833333333333334,450000.0,6.4566755294799805,0.0
8.85,450000.0,6.468161582946777,0.0
8.866666666666667,450000.0,6.479549884796143,0.0
8.883333333333333,450000.0,6.490840911865234,0.0
8.9,450000.0,6.502044677734375,0.0
8.916666666666666,450000.0,6.513177871704102,0.0
8.933333333333334,450000.0,6.524214267730713,0.0
8.95,450000.0,6.5351762771606445,0.0
8.966666666666667,450000.0,6.546051979064941,0.0
8.983333333333333,450000.0,6.556831359863281,0.0
9.0,450000.0,6.5675225257873535,0.0
9.016666666666667,450000.0,6.578159809112549,0.0
9.033333333333333,450000.0,6.588706970214844,0.0
9.05,450000.0,6.599165439605713,0.0
9.066666666666666,450000.0,6.609511375427246,0.0
9.083333333333334,450000.0,6.619811058044434,0.0
9.1,450000.0,6.629990100860596,0.0
9.116666666666667,450000.0,6.640117645263672,0.0
9.133333333333333,450000.0,6.650149345397949,0.0
9.15,450000.0,6.660111904144287,0.0
9.166666666666666,450000.0,6.669971466064453,0.0
9.183333333333334,450000.0,6.679763317108154,0.0
9.2,450000.0,6.689440727233887,0.0
9.216666666666667,450000.0,6.699110507965088,0.0
9.233333333333333,450000.0,6.708698749542236,0.0
9.25,450000.0,6.718166351318359,0.0
9.266666666666667,450000.0,6.72755241394043,0.0
9.283333333333333,450000.0,6.736863613128662,0.0
9.3,450000.0,6.7460503578186035,0.0
9.316666666666666,450000.0,6.75523042678833,0.0
9.333333333333334,450000.0,6.764281272888184,0.0
9.35,450000.0,6.773275375366211,0.0
9.366666666666667,450000.0,6.782157897949219,0.0
9.383333333333333,450000.0,6.790968418121338,0.0
9.4,450000.0,6.799687385559082,0.0
9.416666666666666,450000.0,6.808389663696289,0.0
9.433333333333334,450000.0,6.816960334777832,0.0
9.45,450000.0,6.825438976287842,0.0
9.466666666666667,450000.0,6.833861351013184,0.0
9.483333333333333,450000.0,6.842240333557129,0.0
9.5,450000.0,6.85050106048584,0.0
9.516666666666667,450000.0,6.858699321746826,0.0
9.533333333333333,450000.0,6.866815567016602,0.0
9.55,450000.0,6.874857425689697,0.0
9.566666666666666,450000.0,6.8828277587890625,0.0
9.583333333333334,450000.0,6.890707015991211,0.0
9.6,450000.0,6.898488521575928,0.0
9.616666666666667,450000.0,6.906230449676514,0.0
9.633333333333333,450000.0,6.913954734802246,0.0
9.65,450000.0,6.9215407371521,0.0
9.666666666666666,450000.0,6.929058074951172,0.0
9.683333333333334,450000.0,6.9365081787109375,0.0
9.7,450000.0,6.9438676834106445,0.0
9.716666666666667,450000.0,6.951159954071045,0.0
9.733333333333333,450000.0,6.958410263061523,0.0
9.75,450000.0,6.965540885925293,0.0
9.766666666666667,450000.0,6.972630500793457,0.0
9.783333333333333,450000.0,6.979658126831055,0.0
9.8,450000.0,6.986591339111328,0.0
9.816666666666666,450000.0,6.993465900421143,0.0
9.833333333333334,450000.0,7.000242233276367,0.0
9.85,450000.0,7.007010459899902,0.0
9.866666666666667,450000.0,7.013694763183594,0.0
9.883333333333333,450000.0,7.020308971405029,0.0
9.9,450000.0,7.026849746704102,0.0
9.916666666666666,450000.0,7.033324241638184,0.0
9.933333333333334,450000.0,7.039757251739502,0.0
9.95,450000.0,7.0460920333862305,0.0
9.966666666666667,450000.0,7.052377700805664,0.0
9.983333333333333,450000.0,7.058590888977051,0.0
10.0,450000.0,7.064748764038086,0.0
10.016666666666667,450000.0,7.070846080780029,0.0
0.0,487500.0,9.9702730178833,0.0
0.016666666666666666,487500.0,4.940347671508789,0.0
0.03333333333333333,487500.0,0.554214358329773,66.11374407582939
0.05,487500.0,0.0,81.99052132701422
0.06666666666666667,487500.0,0.0,82.46445497630332
0.08333333333333333,487500.0,0.0,81.99052132701422
0.1,487500.0,0.0,81.04265402843602
0.11666666666666667,487500.0,0.0,80.56872037914692
0.13333333333333333,487500.0,0.0,80.80568720379146
0.15,487500.0,0.0,81.27962085308057
0.16666666666666666,487500.0,0.0,79.85781990521326
0.18333333333333332,487500.0,0.0,80.80568720379146
0.2,487500.0,0.0,80.56872037914692
0.21666666666666667,487500.0,0.0,81.51658767772511
0.23333333333333334,487500.0,0.0,82.46445497630332
0.25,487500.0,0.0,82.22748815165876
0.26666666666666666,487500.0,0.0,83.17535545023696
0.2833333333333333,487500.0,0.0,83.64928909952607
0.3,487500.0,0.0,84.36018957345972
0.31666666666666665,487500.0,0.0,85.78199052132702
0.3333333333333333,487500.0,0.0,87.20379146919431
0.35,487500.0,0.0,86.96682464454977
0.36666666666666664,487500.0,0.0,87.44075829383885
0.38333333333333336,487500.0,0.0,90.28436018957346
0.4,487500.0,0.0,90.75829383886256
0.4166666666666667,487500.0,0.0,92.41706161137441
0.43333333333333335,487500.0,0.0,94.54976303317537
0.45,487500.0,0.0,96.2085308056872
0.4666666666666667,487500.0,0.0,97.86729857819904
0.48333333333333334,487500.0,0.0,99.52606635071089
0.5,487500.0,0.0,100.0
0.5166666666666667,487500.0,0.0,100.0
0.5333333333333333,487500.0,0.0,100.0
0.55,487500.0,0.0,100.0
0.5666666666666667,487500.0,0.0,100.0
0.5833333333333334,487500.0,0.0,100.0
0.6,487500.0,0.0,100.0
0.6166666666666667,487500.0,0.0,100.0
0.6333333333333333,487500.0,0.0,100.0
0.65,487500.0,0.0,100.0
0.6666666666666666,487500.0,0.0,100.0
0.6833333333333333,487500.0,0.0,100.0
0.7,487500.0,0.0,100.0
0.7166666666666667,487500.0,0.0,100.0
0.7333333333333333,487500.0,0.0,100.0
0.75,487500.0,0.0,100.0
0.7666666666666667,487500.0,0.0,100.0
0.7833333333333333,487500.0,0.0,100.0
0.8,487500.0,0.0,100.0
0.8166666666666667,487500.0,0.0,100.0
0.8333333333333334,487500.0,0.0,100.0
0.85,487500.0,0.0,100.0
0.8666666666666667,487500.0,0.0,100.0
0.8833333333333333,487500.0,0.0,100.0
0.9,487500.0,0.0,100.0
0.9166666666666666,487500.0,0.0,100.0
0.9333333333333333,487500.0,0.0,100.0
0.95,487500.0,0.0,100.0
0.9666666666666667,487500.0,0.0,100.0
0.9833333333333333,487500.0,0.0,100.0
1.0,487500.0,0.0,100.0
1.0166666666666666,487500.0,0.0,100.0
1.0333333333333334,487500.0,0.0,100.0
1.05,487500.0,0.0,100.0
1.0666666666666667,487500.0,0.0,100.0
1.0833333333333333,487500.0,0.0,100.0
1.1,487500.0,0.0,100.0
1.1166666666666667,487500.0,0.0,100.0
1.1333333333333333,487500.0,0.0,100.0
1.15,487500.0,0.0,100.0
1.1666666666666667,487500.0,0.0,100.0
1.1833333333333333,487500.0,0.0,100.0
1.2,487500.0,0.0,100.0
1.2166666666666666,487500.0,0.0,100.0
1.2333333333333334,487500.0,0.0,100.0
1.25,487500.0,0.0,100.0
1.2666666666666666,487500.0,0.0,100.0
1.2833333333333334,487500.0,0.0,100.0
1.3,487500.0,0.0,100.0
1.3166666666666667,487500.0,0.0,100.0
1.3333333333333333,487500.0,0.0,100.0
1.35,487500.0,0.0,100.0
1.3666666666666667,487500.0,0.0,100.0
1.3833333333333333,487500.0,0.0,100.0
1.4,487500.0,0.0,100.0
1.4166666666666667,487500.0,0.0,100.0
1.4333333333333333,487500.0,0.0,100.0
1.45,487500.0,0.0,100.0
1.4666666666666666,487500.0,0.0,100.0
1.4833333333333334,487500.0,0.0,100.0
1.5,487500.0,0.0,100.0
1.5166666666666666,487500.0,0.0,100.0
1.5333333333333334,487500.0,0.0,100.0
1.55,487500.0,0.0,100.0
1.5666666666666667,487500.0,0.0,100.0
1.5833333333333333,487500.0,0.0,100.0
1.6,487500.0,0.0,100.0
1.6166666666666667,487500.0,0.0,100.0
1.6333333333333333,487500.0,0.0,100.0
1.65,487500.0,0.0,100.0
1.6666666666666667,487500.0,0.0,100.0
1.6833333333333333,487500.0,0.0,100.0
1.7,487500.0,0.0,100.0
1.7166666666666666,487500.0,0.0,100.0
1.7333333333333334,487500.0,0.0,100.0
1.75,487500.0,0.0,100.0
1.7666666666666666,487500.0,0.0,100.0
1.7833333333333334,487500.0,0.0,100.0
1.8,487500.0,0.0,100.0
1.8166666666666667,487500.0,0.0,100.0
1.8333333333333333,487500.0,0.0,100.0
1.85,487500.0,0.0,100.0
1.8666666666666667,487500.0,0.0,100.0
1.8833333333333333,487500.0,0.0,100.0
1.9,487500.0,0.0,100.0
1.9166666666666667,487500.0,0.0,100.0
1.9333333333333333,487500.0,0.0,100.0
1.95,487500.0,0.0,100.0
1.9666666666666666,487500.0,0.0,100.0
1.9833333333333334,487500.0,0.0,100.0
2.0,487500.0,0.0,100.0
2.0166666666666666,487500.0,0.0,100.0
2.033333333333333,487500.0,0.0,100.0
2.05,487500.0,0.0,100.0
2.066666666666667,487500.0,0.0,100.0
2.0833333333333335,487500.0,0.0,100.0
2.1,487500.0,0.0,100.0
2.1166666666666667,487500.0,0.0,100.0
2.1333333333333333,487500.0,0.0,100.0
2.15,487500.0,0.0,100.0
2.1666666666666665,487500.0,0.0,100.0
2.183333333333333,487500.0,0.0,100.0
2.2,487500.0,0.0,100.0
2.216666666666667,487500.0,0.0,100.0
2.2333333333333334,487500.0,0.0,100.0
2.25,487500.0,0.0,100.0
2.2666666666666666,487500.0,0.0,100.0
2.283333333333333,487500.0,0.0,100.0
2.3,487500.0,0.0,100.0
2.316666666666667,487500.0,0.0,100.0
2.3333333333333335,487500.0,0.0,100.0
2.35,487500.0,0.0,100.0
2.3666666666666667,487500.0,0.0,100.0
2.3833333333333333,487500.0,0.0,100.0
2.4,487500.0,0.0,100.0
2.4166666666666665,487500.0,0.0,100.0
2.433333333333333,487500.0,0.0,100.0
2.45,487500.0,0.0,100.0
2.466666666666667,487500.0,0.0,100.0
2.4833333333333334,487500.0,0.0,100.0
2.5,487500.0,0.0,100.0
2.5166666666666666,487500.0,0.0,100.0
2.533333333333333,487500.0,0.0,100.0
2.55,487500.0,0.0,100.0
2.566666666666667,487500.0,0.0,100.0
2.5833333333333335,487500.0,0.0,100.0
2.6,487500.0,0.0,100.0
2.6166666666666667,487500.0,0.0,100.0
2.6333333333333333,487500.0,0.0,100.0
2.65,487500.0,0.0,100.0
2.6666666666666665,487500.0,0.0,100.0
2.683333333333333,487500.0,0.0,100.0
2.7,487500.0,0.0,100.0
2.716666666666667,487500.0,0.0,100.0
2.7333333333333334,487500.0,0.0,100.0
2.75,487500.0,0.0,100.0
2.7666666666666666,487500.0,0.0,100.0
2.783333333333333,487500.0,0.0,100.0
2.8,487500.0,0.0,100.0
2.816666666666667,487500.0,0.0,100.0
2.8333333333333335,487500.0,0.0,99.52606635071089
2.85,487500.0,0.0,99.0521327014218
2.8666666666666667,487500.0,0.0,98.5781990521327
2.8833333333333333,487500.0,0.0,98.5781990521327
2.9,487500.0,0.0,98.5781990521327
2.9166666666666665,487500.0,0.0,98.5781990521327
2.933333333333333,487500.0,0.0,98.5781990521327
2.95,487500.0,0.0,98.5781990521327
2.966666666666667,487500.0,0.0,98.10426540284361
2.9833333333333334,487500.0,0.0,98.10426540284361
3.0,487500.0,0.0,97.1563981042654
3.0166666666666666,487500.0,0.0,97.1563981042654
3.033333333333333,487500.0,0.0,96.6824644549763
3.05,487500.0,0.0,96.2085308056872
3.066666666666667,487500.0,0.0,96.2085308056872
3.0833333333333335,487500.0,0.0,96.2085308056872
3.1,487500.0,0.0,95.260663507109
3.1166666666666667,487500.0,0.0,95.260663507109
3.1333333333333333,487500.0,0.0,94.7867298578199
3.15,487500.0,0.0,94.7867298578199
3.1666666666666665,487500.0,0.0,94.7867298578199
3.183333333333333,487500.0,0.0,93.8388625592417
3.2,487500.0,0.0,93.8388625592417
3.216666666666667,487500.0,0.0,92.89099526066352
3.2333333333333334,487500.0,0.0,92.89099526066352
3.25,487500.0,0.0,92.89099526066352
3.2666666666666666,487500.0,0.0,91.4691943127962
3.283333333333333,487500.0,0.0,91.4691943127962
3.3,487500.0,0.0,90.99526066350711
3.316666666666667,487500.0,0.0,90.52132701421802
3.3333333333333335,487500.0,0.0,90.04739336492891
3.35,487500.0,0.0,89.57345971563981
3.3666666666666667,487500.0,0.0,89.57345971563981
3.3833333333333333,487500.0,0.0,89.0995260663507
3.4,487500.0,0.0,88.15165876777252
3.4166666666666665,487500.0,0.0,87.67772511848341
3.433333333333333,487500.0,0.0,87.20379146919431
3.45,487500.0,0.0,86.7298578199052
3.466666666666667,487500.0,0.0,85.78199052132702
3.4833333333333334,487500.0,0.0,85.07109004739335
3.5,487500.0,0.0,85.07109004739335
3.5166666666666666,487500.0,0.0,83.64928909952607
3.533333333333333,487500.0,0.0,83.64928909952607
3.55,487500.0,0.0,83.64928909952607
3.566666666666667,487500.0,0.0,82.22748815165876
3.5833333333333335,487500.0,0.0,82.22748815165876
3.6,487500.0,0.0,81.75355450236967
3.6166666666666667,487500.0,0.0,80.80568720379146
3.6333333333333333,487500.0,0.0,80.09478672985783
3.65,487500.0,0.0,79.62085308056872
3.6666666666666665,487500.0,0.0,79.62085308056872
3.683333333333333,487500.0,0.0,79.14691943127961
3.7,487500.0,0.0,78.67298578199052
3.716666666666667,487500.0,0.0,77.25118483412322
3.7333333333333334,487500.0,0.0,77.25118483412322
3.75,487500.0,0.0,76.30331753554502
3.7666666666666666,487500.0,0.0,74.88151658767772
3.783333333333333,487500.0,0.0,73.69668246445498
3.8,487500.0,0.0,73.22274881516587
3.816666666666667,487500.0,0.0,72.74881516587678
3.8333333333333335,487500.0,0.0,72.27488151658767
3.85,487500.0,0.0,72.27488151658767
3.8666666666666667,487500.0,0.0,70.85308056872039
3.8833333333333333,487500.0,0.0,70.85308056872039
3.9,487500.0,5.502212161445641e-07,70.37914691943128
3.9166666666666665,487500.0,3.782909334404394e-05,69.19431279620854
3.933333333333333,487500.0,4.3154621380381286e-05,68.72037914691943
3.95,487500.0,6.423324521165341e-05,68.72037914691943
3.966666666666667,487500.0,9.97251772787422e-05,68.72037914691943
3.9833333333333334,487500.0,0.00015143887139856815,66.82464454976304
4.0,487500.0,0.00022272848582360893,65.87677725118483
4.016666666666667,487500.0,0.0003179649356752634,65.40284360189574
4.033333333333333,487500.0,0.00044243564479984343,64.21800947867298
4.05,487500.0,0.0006023932946845889,63.270142180094794
4.066666666666666,487500.0,0.00080513721331954,62.32227488151659
4.083333333333333,487500.0,0.0010591205209493637,61.84834123222749
4.1,487500.0,0.0013740765862166882,61.84834123222749
4.116666666666666,487500.0,0.001761141698807478,60.426540284360186
4.133333333333334,487500.0,0.0022330149076879025,59.95260663507109
4.15,487500.0,0.0028040679171681404,59.241706161137444
4.166666666666667,487500.0,0.0034517820458859205,58.29383886255924
4.183333333333334,487500.0,0.003808832261711359,56.872037914691944
4.2,487500.0,0.004240814596414566,56.39810426540285
4.216666666666667,487500.0,0.0047607929445803165,55.92417061611374
4.233333333333333,487500.0,0.005383483599871397,55.45023696682464
4.25,487500.0,0.006125420331954956,54.02843601895735
4.266666666666667,487500.0,0.007005102001130581,53.317535545023695
4.283333333333333,487500.0,0.008043124340474606,53.317535545023695
4.3,487500.0,0.00926228053867817,52.843601895734594
4.316666666666666,487500.0,0.01068759337067604,52.3696682464455
4.333333333333333,487500.0,0.01234655175358057,50.4739336492891
4.35,487500.0,0.014268898405134678,49.5260663507109
4.366666666666666,487500.0,0.016486871987581253,48.34123222748815
4.383333333333334,487500.0,0.019034942612051964,47.867298578199055
4.4,487500.0,0.021949926391243935,46.91943127962085
4.416666666666667,487500.0,0.025270750746130943,46.44549763033176
4.433333333333334,487500.0,0.029038241133093834,45.023696682464454
4.45,487500.0,0.03329474478960037,45.023696682464454
4.466666666666667,487500.0,0.038084011524915695,43.3649289099526
4.483333333333333,487500.0,0.04345052316784859,42.41706161137441
4.5,487500.0,0.04943947494029999,41.943127962085306
4.516666666666667,487500.0,0.056095805019140244,40.52132701421801
4.533333333333333,487500.0,0.06346386671066284,40.52132701421801
4.55,487500.0,0.07158668339252472,39.09952606635071
4.566666666666666,487500.0,0.08047789335250854,37.91469194312796
4.583333333333333,487500.0,0.08695375919342041,37.44075829383886
4.6,487500.0,0.09411254525184631,37.44075829383886
4.616666666666666,487500.0,0.10199714452028275,36.018957345971565
4.633333333333334,487500.0,0.11064828932285309,34.12322274881517
4.65,487500.0,0.12010487914085388,33.175355450236964
4.666666666666667,487500.0,0.1304028332233429,31.516587677725116
4.683333333333334,487500.0,0.14157423377037048,31.04265402843602
4.7,487500.0,0.15364709496498108,31.04265402843602
4.716666666666667,487500.0,0.16664566099643707,30.568720379146917
4.733333333333333,487500.0,0.18058808147907257,28.672985781990523
4.75,487500.0,0.1954880803823471,26.77725118483412
4.766666666666667,487500.0,0.21135304868221283,26.066350710900476
4.783333333333333,487500.0,0.22818568348884583,25.118483412322274
4.8,487500.0,0.24598278105258942,24.170616113744074
4.816666666666666,487500.0,0.26473578810691833,23.22274881516588
4.833333333333333,487500.0,0.28443074226379395,22.748815165876778
4.85,487500.0,0.30504873394966125,22.03791469194313
4.866666666666666,487500.0,0.3265684247016907,19.66824644549763
4.883333333333334,487500.0,0.34896183013916016,18.72037914691943
4.9,487500.0,0.37219926714897156,18.246445497630333
4.916666666666667,487500.0,0.3962472081184387,16.824644549763033
4.933333333333334,487500.0,0.4210703372955322,15.876777251184834
4.95,487500.0,0.44663259387016296,14.691943127962084
4.966666666666667,487500.0,0.47289490699768066,14.691943127962084
4.983333333333333,487500.0,0.49981871247291565,12.796208530805686
5.0,487500.0,0.5273650884628296,11.374407582938389
5.016666666666667,487500.0,0.5554957389831543,10.42654028436019
5.033333333333333,487500.0,0.5841714143753052,9.24170616113744
5.05,487500.0,0.6133544445037842,8.293838862559241
5.066666666666666,487500.0,0.6430085897445679,8.293838862559241
5.083333333333333,487500.0,0.6730983853340149,8.293838862559241
5.1,487500.0,0.703587532043457,5.924170616113744
5.116666666666666,487500.0,0.7344451546669006,3.7914691943127963
5.133333333333334,487500.0,0.7656409740447998,3.7914691943127963
5.15,487500.0,0.7971460819244385,3.7914691943127963
5.166666666666667,487500.0,0.8289319276809692,3.7914691943127963
5.183333333333334,487500.0,0.8609727025032043,1.8957345971563981
5.2,487500.0,0.8932448625564575,0.23696682464454977
5.216666666666667,487500.0,0.9257253408432007,0.23696682464454977
5.233333333333333,487500.0,0.9583925008773804,0.23696682464454977
5.25,487500.0,0.991231381893158,0.23696682464454977
5.266666666666667,487500.0,1.02422297000885,0.0
5.283333333333333,487500.0,1.0573508739471436,0.0
5.3,487500.0,1.0906003713607788,0.0
5.316666666666666,487500.0,1.123961091041565,0.0
5.333333333333333,487500.0,1.1574195623397827,0.0
5.35,487500.0,1.1909672021865845,0.0
5.366666666666666,487500.0,1.224589228630066,0.0
5.383333333333334,487500.0,1.2582824230194092,0.0
5.4,487500.0,1.2920395135879517,0.0
5.416666666666667,487500.0,1.3258552551269531,0.0
5.433333333333334,487500.0,1.359712839126587,0.0
5.45,487500.0,1.3936185836791992,0.0
5.466666666666667,487500.0,1.427562952041626,0.0
5.483333333333333,487500.0,1.4615404605865479,0.0
5.5,487500.0,1.495546817779541,0.0
5.516666666666667,487500.0,1.5295816659927368,0.0
5.533333333333333,487500.0,1.5636467933654785,0.0
5.55,487500.0,1.5977294445037842,0.0
5.566666666666666,487500.0,1.63181734085083,0.0
5.583333333333333,487500.0,1.6659234762191772,0.0
5.6,487500.0,1.700045108795166,0.0
5.616666666666666,487500.0,1.7341796159744263,0.0
5.633333333333334,487500.0,1.7683151960372925,0.0
5.65,487500.0,1.8024511337280273,0.0
5.666666666666667,487500.0,1.8365843296051025,0.0
5.683333333333334,487500.0,1.8707207441329956,0.0
5.7,487500.0,1.9048510789871216,0.0
5.716666666666667,487500.0,1.9389830827713013,0.0
5.733333333333333,487500.0,1.9730956554412842,0.0
5.75,487500.0,2.0071897506713867,0.0
5.766666666666667,487500.0,2.0412774085998535,0.0
5.783333333333333,487500.0,2.0753536224365234,0.0
5.8,487500.0,2.109387159347534,0.0
5.816666666666666,487500.0,2.1434035301208496,0.0
5.833333333333333,487500.0,2.177407741546631,0.0
5.85,487500.0,2.211369037628174,0.0
5.866666666666666,487500.0,2.2452945709228516,0.0
5.883333333333334,487500.0,2.2791593074798584,0.0
5.9,487500.0,2.3130037784576416,0.0
5.916666666666667,487500.0,2.3468031883239746,0.0
5.933333333333334,487500.0,2.3805501461029053,0.0
5.95,487500.0,2.414236068725586,0.0
5.966666666666667,487500.0,2.447857618331909,0.0
5.983333333333333,487500.0,2.4814298152923584,0.0
6.0,487500.0,2.5149378776550293,0.0
6.016666666666667,487500.0,2.548353910446167,0.0
6.033333333333333,487500.0,2.581713914871216,0.0
6.05,487500.0,2.61499285697937,0.0
6.066666666666666,487500.0,2.6481988430023193,0.0
6.083333333333333,487500.0,2.6813149452209473,0.0
6.1,487500.0,2.714336395263672,0.0
6.116666666666666,487500.0,2.747262477874756,0.0
6.133333333333334,487500.0,2.780111789703369,0.0
6.15,487500.0,2.8128628730773926,0.0
6.166666666666667,487500.0,2.845503807067871,0.0
6.183333333333334,487500.0,2.878044605255127,0.0
6.2,487500.0,2.910475492477417,0.0
6.216666666666667,487500.0,2.942805767059326,0.0
6.233333333333333,487500.0,2.975024700164795,0.0
6.25,487500.0,3.007133722305298,0.0
6.266666666666667,487500.0,3.0391268730163574,0.0
6.283333333333333,487500.0,3.0710055828094482,0.0
6.3,487500.0,3.1027629375457764,0.0
6.316666666666666,487500.0,3.134399890899658,0.0
6.333333333333333,487500.0,3.165921688079834,0.0
6.35,487500.0,3.197309732437134,0.0
6.366666666666666,487500.0,3.2285821437835693,0.0
6.383333333333334,487500.0,3.259723424911499,0.0
6.4,487500.0,3.2907309532165527,0.0
6.416666666666667,487500.0,3.321615219116211,0.0
6.433333333333334,487500.0,3.3523714542388916,0.0
6.45,487500.0,3.38299560546875,0.0
6.466666666666667,487500.0,3.4134788513183594,0.0
6.483333333333333,487500.0,3.4438257217407227,0.0
6.5,487500.0,3.4740405082702637,0.0
6.516666666666667,487500.0,3.50410795211792,0.0
6.533333333333333,487500.0,3.5340487957000732,0.0
6.55,487500.0,3.563852548599243,0.0
6.566666666666666,487500.0,3.593520402908325,0.0
6.583333333333333,487500.0,3.623035192489624,0.0
6.6,487500.0,3.652411460876465,0.0
6.616666666666666,487500.0,3.681652069091797,0.0
6.633333333333334,487500.0,3.7107417583465576,0.0
6.65,487500.0,3.739689350128174,0.0
6.666666666666667,487500.0,3.768493175506592,0.0
6.683333333333334,487500.0,3.7971510887145996,0.0
6.7,487500.0,3.8256566524505615,0.0
6.716666666666667,487500.0,3.854013204574585,0.0
6.733333333333333,487500.0,3.882227897644043,0.0
6.75,487500.0,3.9102940559387207,0.0
6.766666666666667,487500.0,3.9382104873657227,0.0
6.783333333333333,487500.0,3.9659695625305176,0.0
6.8,487500.0,3.9935789108276367,0.0
6.816666666666666,487500.0,4.021028518676758,0.0
6.833333333333333,487500.0,4.048348426818848,0.0
6.85,487500.0,4.075503826141357,0.0
6.866666666666666,487500.0,4.102529525756836,0.0
6.883333333333334,487500.0,4.129396438598633,0.0
6.9,487500.0,4.1561079025268555,0.0
6.916666666666667,487500.0,4.182668685913086,0.0
6.933333333333334,487500.0,4.209073066711426,0.0
6.95,487500.0,4.235334396362305,0.0
6.966666666666667,487500.0,4.261438369750977,0.0
6.983333333333333,487500.0,4.287391185760498,0.0
7.0,487500.0,4.313179969787598,0.0
7.016666666666667,487500.0,4.338809967041016,0.0
7.033333333333333,487500.0,4.364298343658447,0.0
7.05,487500.0,4.389632225036621,0.0
7.066666666666666,487500.0,4.414792537689209,0.0
7.083333333333333,487500.0,4.439815521240234,0.0
7.1,487500.0,4.464678764343262,0.0
7.116666666666666,487500.0,4.489386558532715,0.0
7.133333333333334,487500.0,4.513940811157227,0.0
7.15,487500.0,4.538348197937012,0.0
7.166666666666667,487500.0,4.562577247619629,0.0
7.183333333333334,487500.0,4.586662292480469,0.0
7.2,487500.0,4.610591888427734,0.0
7.216666666666667,487500.0,4.6343817710876465,0.0
7.233333333333333,487500.0,4.658011436462402,0.0
7.25,487500.0,4.681479454040527,0.0
7.266666666666667,487500.0,4.70479154586792,0.0
7.283333333333333,487500.0,4.727949142456055,0.0
7.3,487500.0,4.75095272064209,0.0
7.316666666666666,487500.0,4.7738118171691895,0.0
7.333333333333333,487500.0,4.796513080596924,0.0
7.35,487500.0,4.819052219390869,0.0
7.366666666666666,487500.0,4.84145450592041,0.0
7.383333333333334,487500.0,4.863691806793213,0.0
7.4,487500.0,4.885751724243164,0.0
7.416666666666667,487500.0,4.90769100189209,0.0
7.433333333333334,487500.0,4.929479122161865,0.0
7.45,487500.0,4.951115608215332,0.0
7.466666666666667,487500.0,4.972600936889648,0.0
7.483333333333333,487500.0,4.993899822235107,0.0
7.5,487500.0,5.015077590942383,0.0
7.516666666666667,487500.0,5.036114692687988,0.0
7.533333333333333,487500.0,5.057003021240234,0.0
7.55,487500.0,5.077740669250488,0.0
7.566666666666666,487500.0,5.098321914672852,0.0
7.583333333333333,487500.0,5.118771076202393,0.0
7.6,487500.0,5.139052391052246,0.0
7.616666666666666,487500.0,5.159204006195068,0.0
7.633333333333334,487500.0,5.179194927215576,0.0
7.65,487500.0,5.199043273925781,0.0
7.666666666666667,487500.0,5.218746662139893,0.0
7.683333333333334,487500.0,5.238307952880859,0.0
7.7,487500.0,5.257714748382568,0.0
7.716666666666667,487500.0,5.277005195617676,0.0
7.733333333333333,487500.0,5.296164512634277,0.0
7.75,487500.0,5.3151350021362305,0.0
7.766666666666667,487500.0,5.333992958068848,0.0
7.783333333333333,487500.0,5.352705955505371,0.0
7.8,487500.0,5.371275901794434,0.0
7.816666666666666,487500.0,5.389716148376465,0.0
7.833333333333333,487500.0,5.408000469207764,0.0
7.85,487500.0,5.426149368286133,0.0
7.866666666666666,487500.0,5.444189071655273,0.0
7.883333333333334,487500.0,5.462079048156738,0.0
7.9,487500.0,5.479825973510742,0.0
7.916666666666667,487500.0,5.497445106506348,0.0
7.933333333333334,487500.0,5.5149245262146,0.0
7.95,487500.0,5.532279968261719,0.0
7.966666666666667,487500.0,5.549483776092529,0.0
7.983333333333333,487500.0,5.5665764808654785,0.0
8.0,487500.0,5.583529949188232,0.0
8.016666666666667,487500.0,5.600329399108887,0.0
8.033333333333333,487500.0,5.617037773132324,0.0
8.05,487500.0,5.633614540100098,0.0
8.066666666666666,487500.0,5.650050640106201,0.0
8.083333333333334,487500.0,5.6663618087768555,0.0
8.1,487500.0,5.682501792907715,0.0
8.116666666666667,487500.0,5.698579788208008,0.0
8.133333333333333,487500.0,5.714498519897461,0.0
8.15,487500.0,5.730297088623047,0.0
8.166666666666666,487500.0,5.745977401733398,0.0
8.183333333333334,487500.0,5.761527061462402,0.0
8.2,487500.0,5.776989459991455,0.0
8.216666666666667,487500.0,5.792300224304199,0.0
8.233333333333333,487500.0,5.807487487792969,0.0
8.25,487500.0,5.822563171386719,0.0
8.266666666666667,487500.0,5.837520122528076,0.0
8.283333333333333,487500.0,5.852350234985352,0.0
8.3,487500.0,5.867063522338867,0.0
8.316666666666666,487500.0,5.881683349609375,0.0
8.333333333333334,487500.0,5.896178245544434,0.0
8.35,487500.0,5.9105224609375,0.0
8.366666666666667,487500.0,5.924773216247559,0.0
8.383333333333333,487500.0,5.9389543533325195,0.0
8.4,487500.0,5.9530229568481445,0.0
8.416666666666666,487500.0,5.966957092285156,0.0
8.433333333333334,487500.0,5.9807844161987305,0.0
8.45,487500.0,5.994487762451172,0.0
8.466666666666667,487500.0,6.008108139038086,0.0
8.483333333333333,487500.0,6.021646499633789,0.0
8.5,487500.0,6.035059928894043,0.0
8.516666666666667,487500.0,6.048356056213379,0.0
8.533333333333333,487500.0,6.061553001403809,0.0
8.55,487500.0,6.074625492095947,0.0
8.566666666666666,487500.0,6.087632179260254,0.0
8.583333333333334,487500.0,6.100525856018066,0.0
8.6,487500.0,6.113304138183594,0.0
8.616666666666667,487500.0,6.125960826873779,0.0
8.633333333333333,487500.0,6.1385321617126465,0.0
8.65,487500.0,6.151058197021484,0.0
8.666666666666666,487500.0,6.163466930389404,0.0
8.683333333333334,487500.0,6.175776481628418,0.0
8.7,487500.0,6.188000679016113,0.0
8.716666666666667,487500.0,6.200094223022461,0.0
8.733333333333333,487500.0,6.212141513824463,0.0
8.75,487500.0,6.2239484786987305,0.0
8.766666666666667,487500.0,6.235644340515137,0.0
8.783333333333333,487500.0,6.247248649597168,0.0
8.8,487500.0,6.25885009765625,0.0
8.816666666666666,487500.0,6.27031135559082,0.0
8.833333333333334,487500.0,6.281682968139648,0.0
8.85,487500.0,6.292964935302734,0.0
8.866666666666667,487500.0,6.304148197174072,0.0
8.883333333333333,487500.0,6.3152666091918945,0.0
8.9,487500.0,6.326282978057861,0.0
8.916666666666666,487500.0,6.337246894836426,0.0
8.933333333333334,487500.0,6.3481035232543945,0.0
8.95,487500.0,6.358878135681152,0.0
8.966666666666667,487500.0,6.3695526123046875,0.0
8.983333333333333,487500.0,6.380189895629883,0.0
9.0,487500.0,6.390748977661133,0.0
9.016666666666667,487500.0,6.4012064933776855,0.0
9.033333333333333,487500.0,6.411562919616699,0.0
9.05,487500.0,6.421875953674316,0.0
9.066666666666666,487500.0,6.4320759773254395,0.0
9.083333333333334,487500.0,6.442221641540527,0.0
9.1,487500.0,6.452254295349121,0.0
9.116666666666667,487500.0,6.462226390838623,0.0
9.133333333333333,487500.0,6.472116947174072,0.0
9.15,487500.0,6.481934547424316,0.0
9.166666666666666,487500.0,6.491628170013428,0.0
9.183333333333334,487500.0,6.501298427581787,0.0
9.2,487500.0,6.510923385620117,0.0
9.216666666666667,487500.0,6.520418167114258,0.0
9.233333333333333,487500.0,6.529852390289307,0.0
9.25,487500.0,6.539201736450195,0.0
9.266666666666667,487500.0,6.5484395027160645,0.0
9.283333333333333,487500.0,6.557623863220215,0.0
9.3,487500.0,6.566737174987793,0.0
9.316666666666666,487500.0,6.575761795043945,0.0
9.333333333333334,487500.0,6.584751129150391,0.0
9.35,487500.0,6.593614101409912,0.0
9.366666666666667,487500.0,6.602395534515381,0.0
9.383333333333333,487500.0,6.611098766326904,0.0
9.4,487500.0,6.619766712188721,0.0
9.416666666666666,487500.0,6.628330230712891,0.0
9.433333333333334,487500.0,6.636818885803223,0.0
9.45,487500.0,6.645220756530762,0.0
9.466666666666667,487500.0,6.653567790985107,0.0
9.483333333333333,487500.0,6.661807537078857,0.0
9.5,487500.0,6.6699934005737305,0.0
9.516666666666667,487500.0,6.678093910217285,0.0
9.533333333333333,487500.0,6.6861090660095215,0.0
9.55,487500.0,6.694062232971191,0.0
9.566666666666666,487500.0,6.701930522918701,0.0
9.583333333333334,487500.0,6.7096967697143555,0.0
9.6,487500.0,6.717432975769043,0.0
9.616666666666667,487500.0,6.725162506103516,0.0
9.633333333333333,487500.0,6.732753753662109,0.0
9.65,487500.0,6.7402777671813965,0.0
9.666666666666666,487500.0,6.747718811035156,0.0
9.683333333333334,487500.0,6.755091190338135,0.0
9.7,487500.0,6.762349605560303,0.0
9.716666666666667,487500.0,6.769599914550781,0.0
9.733333333333333,487500.0,6.7767510414123535,0.0
9.75,487500.0,6.783841133117676,0.0
9.766666666666667,487500.0,6.790832042694092,0.0
9.783333333333333,487500.0,6.797773838043213,0.0
9.8,487500.0,6.804644584655762,0.0
9.816666666666666,487500.0,6.811421871185303,0.0
9.833333333333334,487500.0,6.81818962097168,0.0
9.85,487500.0,6.824887275695801,0.0
9.866666666666667,487500.0,6.831503391265869,0.0
9.883333333333333,487500.0,6.838047981262207,0.0
9.9,487500.0,6.8445234298706055,0.0
9.916666666666666,487500.0,6.850968360900879,0.0
9.933333333333334,487500.0,6.857316017150879,0.0
9.95,487500.0,6.8636016845703125,0.0
9.966666666666667,487500.0,6.869848251342773,0.0
9.983333333333333,487500.0,6.8759965896606445,0.0
10.0,487500.0,6.882102966308594,0.0
10.016666666666667,487500.0,6.888141632080078,0.0
0.0,525000.0,9.9702730178833,0.0
0.016666666666666666,525000.0,4.940326690673828,0.0
0.03333333333333333,525000.0,0.5541656017303467,66.11374407582939
0.05,525000.0,0.0,81.99052132701422
0.06666666666666667,525000.0,0.0,82.46445497630332
0.08333333333333333,525000.0,0.0,81.99052132701422
0.1,525000.0,0.0,81.04265402843602
0.11666666666666667,525000.0,0.0,80.56872037914692
0.13333333333333333,525000.0,0.0,80.80568720379146
0.15,525000.0,0.0,81.27962085308057
0.16666666666666666,525000.0,0.0,79.85781990521326
0.18333333333333332,525000.0,0.0,80.80568720379146
0.2,525000.0,0.0,80.56872037914692
0.21666666666666667,525000.0,0.0,81.51658767772511
0.23333333333333334,525000.0,0.0,82.46445497630332
0.25,525000.0,0.0,82.22748815165876
0.26666666666666666,525000.0,0.0,83.17535545023696
0.2833333333333333,525000.0,0.0,83.64928909952607
0.3,525000.0,0.0,84.36018957345972
0.31666666666666665,525000.0,0.0,85.78199052132702
0.3333333333333333,525000.0,0.0,87.20379146919431
0.35,525000.0,0.0,86.96682464454977
0.36666666666666664,525000.0,0.0,87.44075829383885
0.38333333333333336,525000.0,0.0,90.28436018957346
0.4,525000.0,0.0,90.75829383886256
0.4166666666666667,525000.0,0.0,92.41706161137441
0.43333333333333335,525000.0,0.0,94.54976303317537
0.45,525000.0,0.0,96.2085308056872
0.4666666666666667,525000.0,0.0,97.86729857819904
0.48333333333333334,525000.0,0.0,99.52606635071089
0.5,525000.0,0.0,100.0
0.5166666666666667,525000.0,0.0,100.0
0.5333333333333333,525000.0,0.0,100.0
0.55,525000.0,0.0,100.0
0.5666666666666667,525000.0,0.0,100.0
0.5833333333333334,525000.0,0.0,100.0
0.6,525000.0,0.0,100.0
0.6166666666666667,525000.0,0.0,100.0
0.6333333333333333,525000.0,0.0,100.0
0.65,525000.0,0.0,100.0
0.6666666666666666,525000.0,0.0,100.0
0.6833333333333333,525000.0,0.0,100.0
0.7,525000.0,0.0,100.0
0.7166666666666667,525000.0,0.0,100.0
0.7333333333333333,525000.0,0.0,100.0
0.75,525000.0,0.0,100.0
0.7666666666666667,525000.0,0.0,100.0
0.7833333333333333,525000.0,0.0,100.0
0.8,525000.0,0.0,100.0
0.8166666666666667,525000.0,0.0,100.0
0.8333333333333334,525000.0,0.0,100.0
0.85,525000.0,0.0,100.0
0.8666666666666667,525000.0,0.0,100.0
0.8833333333333333,525000.0,0.0,100.0
0.9,525000.0,0.0,100.0
0.9166666666666666,525000.0,0.0,100.0
0.9333333333333333,525000.0,0.0,100.0
0.95,525000.0,0.0,100.0
0.9666666666666667,525000.0,0.0,100.0
0.9833333333333333,525000.0,0.0,100.0
1.0,525000.0,0.0,100.0
1.0166666666666666,525000.0,0.0,100.0
1.0333333333333334,525000.0,0.0,100.0
1.05,525000.0,0.0,100.0
1.0666666666666667,525000.0,0.0,100.0
1.0833333333333333,525000.0,0.0,100.0
1.1,525000.0,0.0,100.0
1.1166666666666667,525000.0,0.0,100.0
1.1333333333333333,525000.0,0.0,100.0
1.15,525000.0,0.0,100.0
1.1666666666666667,525000.0,0.0,100.0
1.1833333333333333,525000.0,0.0,100.0
1.2,525000.0,0.0,100.0
1.2166666666666666,525000.0,0.0,100.0
1.2333333333333334,525000.0,0.0,100.0
1.25,525000.0,0.0,100.0
1.2666666666666666,525000.0,0.0,100.0
1.2833333333333334,525000.0,0.0,100.0
1.3,525000.0,0.0,100.0
1.3166666666666667,525000.0,0.0,100.0
1.3333333333333333,525000.0,0.0,100.0
1.35,525000.0,0.0,100.0
1.3666666666666667,525000.0,0.0,100.0
1.3833333333333333,525000.0,0.0,100.0
1.4,525000.0,0.0,100.0
1.4166666666666667,525000.0,0.0,100.0
1.4333333333333333,525000.0,0.0,100.0
1.45,525000.0,0.0,100.0
1.4666666666666666,525000.0,0.0,100.0
1.4833333333333334,525000.0,0.0,100.0
1.5,525000.0,0.0,100.0
1.5166666666666666,525000.0,0.0,100.0
1.5333333333333334,525000.0,0.0,100.0
1.55,525000.0,0.0,100.0
1.5666666666666667,525000.0,0.0,100.0
1.5833333333333333,525000.0,0.0,100.0
1.6,525000.0,0.0,100.0
1.6166666666666667,525000.0,0.0,100.0
1.6333333333333333,525000.0,0.0,100.0
1.65,525000.0,0.0,100.0
1.6666666666666667,525000.0,0.0,100.0
1.6833333333333333,525000.0,0.0,100.0
1.7,525000.0,0.0,100.0
1.7166666666666666,525000.0,0.0,100.0
1.7333333333333334,525000.0,0.0,100.0
1.75,525000.0,0.0,100.0
1.7666666666666666,525000.0,0.0,100.0
1.7833333333333334,525000.0,0.0,100.0
1.8,525000.0,0.0,100.0
1.8166666666666667,525000.0,0.0,100.0
1.8333333333333333,525000.0,0.0,100.0
1.85,525000.0,0.0,100.0
1.8666666666666667,525000.0,0.0,100.0
1.8833333333333333,525000.0,0.0,100.0
1.9,525000.0,0.0,100.0
1.9166666666666667,525000.0,0.0,100.0
1.9333333333333333,525000.0,0.0,100.0
1.95,525000.0,0.0,100.0
1.9666666666666666,525000.0,0.0,100.0
1.9833333333333334,525000.0,0.0,100.0
2.0,525000.0,0.0,100.0
2.0166666666666666,525000.0,0.0,100.0
2.033333333333333,525000.0,0.0,100.0
2.05,525000.0,0.0,100.0
2.066666666666667,525000.0,0.0,100.0
2.0833333333333335,525000.0,0.0,100.0
2.1,525000.0,0.0,100.0
2.1166666666666667,525000.0,0.0,100.0
2.1333333333333333,525000.0,0.0,100.0
2.15,525000.0,0.0,100.0
2.1666666666666665,525000.0,0.0,100.0
2.183333333333333,525000.0,0.0,100.0
2.2,525000.0,0.0,100.0
2.216666666666667,525000.0,0.0,100.0
2.2333333333333334,525000.0,0.0,100.0
2.25,525000.0,0.0,100.0
2.2666666666666666,525000.0,0.0,100.0
2.283333333333333,525000.0,0.0,100.0
2.3,525000.0,0.0,100.0
2.316666666666667,525000.0,0.0,100.0
2.3333333333333335,525000.0,0.0,100.0
2.35,525000.0,0.0,100.0
2.3666666666666667,525000.0,0.0,100.0
2.3833333333333333,525000.0,0.0,100.0
2.4,525000.0,0.0,100.0
2.4166666666666665,525000.0,0.0,100.0
2.433333333333333,525000.0,0.0,100.0
2.45,525000.0,0.0,100.0
2.466666666666667,525000.0,0.0,100.0
2.4833333333333334,525000.0,0.0,100.0
2.5,525000.0,0.0,100.0
2.5166666666666666,525000.0,0.0,100.0
2.533333333333333,525000.0,0.0,100.0
2.55,525000.0,0.0,100.0
2.566666666666667,525000.0,0.0,100.0
2.5833333333333335,525000.0,0.0,100.0
2.6,525000.0,0.0,100.0
2.6166666666666667,525000.0,0.0,100.0
2.6333333333333333,525000.0,0.0,100.0
2.65,525000.0,0.0,100.0
2.6666666666666665,525000.0,0.0,100.0
2.683333333333333,525000.0,0.0,100.0
2.7,525000.0,0.0,100.0
2.716666666666667,525000.0,0.0,100.0
2.7333333333333334,525000.0,0.0,100.0
2.75,525000.0,0.0,100.0
2.7666666666666666,525000.0,0.0,100.0
2.783333333333333,525000.0,0.0,100.0
2.8,525000.0,0.0,100.0
2.816666666666667,525000.0,0.0,100.0
2.8333333333333335,525000.0,0.0,100.0
2.85,525000.0,0.0,99.0521327014218
2.8666666666666667,525000.0,0.0,98.5781990521327
2.8833333333333333,525000.0,0.0,98.5781990521327
2.9,525000.0,0.0,98.5781990521327
2.9166666666666665,525000.0,0.0,98.5781990521327
2.933333333333333,525000.0,0.0,98.5781990521327
2.95,525000.0,0.0,98.5781990521327
2.966666666666667,525000.0,0.0,98.5781990521327
2.9833333333333334,525000.0,0.0,98.10426540284361
3.0,525000.0,0.0,97.1563981042654
3.0166666666666666,525000.0,0.0,97.1563981042654
3.033333333333333,525000.0,0.0,97.1563981042654
3.05,525000.0,0.0,96.2085308056872
3.066666666666667,525000.0,0.0,96.2085308056872
3.0833333333333335,525000.0,0.0,96.2085308056872
3.1,525000.0,0.0,95.73459715639811
3.1166666666666667,525000.0,0.0,95.260663507109
3.1333333333333333,525000.0,0.0,95.260663507109
3.15,525000.0,0.0,94.7867298578199
3.1666666666666665,525000.0,0.0,94.7867298578199
3.183333333333333,525000.0,0.0,94.3127962085308
3.2,525000.0,0.0,93.8388625592417
3.216666666666667,525000.0,0.0,93.36492890995261
3.2333333333333334,525000.0,0.0,92.89099526066352
3.25,525000.0,0.0,92.89099526066352
3.2666666666666666,525000.0,0.0,92.89099526066352
3.283333333333333,525000.0,0.0,91.4691943127962
3.3,525000.0,0.0,91.4691943127962
3.316666666666667,525000.0,0.0,90.52132701421802
3.3333333333333335,525000.0,0.0,90.52132701421802
3.35,525000.0,0.0,89.57345971563981
3.3666666666666667,525000.0,0.0,89.57345971563981
3.3833333333333333,525000.0,0.0,89.57345971563981
3.4,525000.0,0.0,88.62559241706161
3.4166666666666665,525000.0,0.0,88.15165876777252
3.433333333333333,525000.0,0.0,87.20379146919431
3.45,525000.0,0.0,87.20379146919431
3.466666666666667,525000.0,0.0,86.25592417061611
3.4833333333333334,525000.0,0.0,85.78199052132702
3.5,525000.0,0.0,85.07109004739335
3.5166666666666666,525000.0,0.0,84.59715639810426
3.533333333333333,525000.0,0.0,83.64928909952607
3.55,525000.0,0.0,83.64928909952607
3.566666666666667,525000.0,0.0,83.17535545023696
3.5833333333333335,525000.0,0.0,82.22748815165876
3.6,525000.0,0.0,81.75355450236967
3.6166666666666667,525000.0,0.0,81.75355450236967
3.6333333333333333,525000.0,0.0,80.33175355450237
3.65,525000.0,0.0,80.09478672985783
3.6666666666666665,525000.0,0.0,79.62085308056872
3.683333333333333,525000.0,0.0,79.62085308056872
3.7,525000.0,0.0,78.67298578199052
3.716666666666667,525000.0,0.0,78.67298578199052
3.7333333333333334,525000.0,0.0,77.25118483412322
3.75,525000.0,0.0,76.77725118483413
3.7666666666666666,525000.0,0.0,75.82938388625593
3.783333333333333,525000.0,0.0,74.17061611374407
3.8,525000.0,0.0,73.69668246445498
3.816666666666667,525000.0,0.0,73.22274881516587
3.8333333333333335,525000.0,0.0,72.74881516587678
3.85,525000.0,0.0,72.27488151658767
3.8666666666666667,525000.0,0.0,71.32701421800948
3.8833333333333333,525000.0,0.0,70.85308056872039
3.9,525000.0,0.0,70.85308056872039
3.9166666666666665,525000.0,4.717360752692912e-06,70.37914691943128
3.933333333333333,525000.0,3.55647352989763e-05,69.19431279620854
3.95,525000.0,4.4466403778642416e-05,68.72037914691943
3.966666666666667,525000.0,6.829103222116828e-05,68.72037914691943
3.9833333333333334,525000.0,0.0001065114774974063,68.72037914691943
4.0,525000.0,0.0001612538908375427,66.35071090047393
4.016666666666667,525000.0,0.00023597656399942935,65.87677725118483
4.033333333333333,525000.0,0.0003350929182488471,64.92890995260665
4.05,525000.0,0.00046389905037358403,64.21800947867298
4.066666666666666,525000.0,0.00062863330822438,62.796208530805686
4.083333333333333,525000.0,0.0008365511312149465,62.32227488151659
4.1,525000.0,0.0010960260406136513,61.84834123222749
4.116666666666666,525000.0,0.0014166519977152348,61.84834123222749
4.133333333333334,525000.0,0.0018094026017934084,59.95260663507109
4.15,525000.0,0.0022867354564368725,59.47867298578199
4.166666666666667,525000.0,0.0028627472929656506,59.241706161137444
4.183333333333334,525000.0,0.003467152826488018,58.29383886255924
4.2,525000.0,0.0038254819810390472,56.872037914691944
4.216666666666667,525000.0,0.004257940221577883,56.39810426540285
4.233333333333333,525000.0,0.004777204245328903,55.45023696682464
4.25,525000.0,0.0053975218906998634,54.976303317535546
4.266666666666667,525000.0,0.006134921684861183,54.02843601895735
4.283333333333333,525000.0,0.007007264532148838,53.317535545023695
4.3,525000.0,0.008034419268369675,53.317535545023695
4.316666666666666,525000.0,0.00923827663064003,52.843601895734594
4.333333333333333,525000.0,0.0106429448351264,52.3696682464455
4.35,525000.0,0.012274671345949173,50.4739336492891
4.366666666666666,525000.0,0.014161955565214157,50.0
4.383333333333334,525000.0,0.01633552648127079,48.34123222748815
4.4,525000.0,0.01882830262184143,48.34123222748815
4.416666666666667,525000.0,0.021675266325473785,46.91943127962085
4.433333333333334,525000.0,0.024913614615797997,46.44549763033176
4.45,525000.0,0.028582075610756874,45.97156398104265
4.466666666666667,525000.0,0.03272094577550888,45.023696682464454
4.483333333333333,525000.0,0.03737163543701172,43.3649289099526
4.5,525000.0,0.04257671535015106,42.89099526066351
4.516666666666667,525000.0,0.04837892949581146,41.943127962085306
4.533333333333333,525000.0,0.05482112616300583,40.52132701421801
4.55,525000.0,0.06194546818733215,40.52132701421801
4.566666666666666,525000.0,0.06979306042194366,39.57345971563981
4.583333333333333,525000.0,0.07840313762426376,38.388625592417064
4.6,525000.0,0.08520979434251785,37.44075829383886
4.616666666666666,525000.0,0.09208604693412781,37.44075829383886
4.633333333333334,525000.0,0.09965406358242035,36.96682464454976
4.65,525000.0,0.10795274376869202,36.018957345971565
4.666666666666667,525000.0,0.11701939254999161,33.175355450236964
4.683333333333334,525000.0,0.12688875198364258,31.990521327014214
4.7,525000.0,0.1375921219587326,31.516587677725116
4.716666666666667,525000.0,0.149156853556633,31.04265402843602
4.733333333333333,525000.0,0.16160620748996735,30.568720379146917
4.75,525000.0,0.17495951056480408,29.620853080568722
4.766666666666667,525000.0,0.18923009932041168,28.199052132701425
4.783333333333333,525000.0,0.2044277787208557,26.540284360189574
4.8,525000.0,0.22055558860301971,25.59241706161137
4.816666666666666,525000.0,0.23761287331581116,24.644549763033176
4.833333333333333,525000.0,0.25559258460998535,23.696682464454977
4.85,525000.0,0.2744830250740051,23.22274881516588
4.866666666666666,525000.0,0.2942686080932617,22.274881516587676
4.883333333333334,525000.0,0.3149295151233673,21.563981042654028
4.9,525000.0,0.3364417254924774,19.66824644549763
4.916666666666667,525000.0,0.35877716541290283,18.246445497630333
4.933333333333334,525000.0,0.38190561532974243,17.298578199052134
4.95,525000.0,0.40579527616500854,16.350710900473935
4.966666666666667,525000.0,0.4304106831550598,15.165876777251185
4.983333333333333,525000.0,0.45571762323379517,14.691943127962084
5.0,525000.0,0.4816778600215912,14.691943127962084
5.016666666666667,525000.0,0.5082553625106812,12.796208530805686
5.033333333333333,525000.0,0.5354128479957581,10.90047393364929
5.05,525000.0,0.5631133317947388,10.42654028436019
5.066666666666666,525000.0,0.5913208723068237,8.767772511848342
5.083333333333333,525000.0,0.6200006008148193,8.293838862559241
5.1,525000.0,0.6491175293922424,8.293838862559241
5.116666666666666,525000.0,0.6786388158798218,8.293838862559241
5.133333333333334,525000.0,0.7085303068161011,5.924170616113744
5.15,525000.0,0.7387641668319702,3.7914691943127963
5.166666666666667,525000.0,0.7693129777908325,3.7914691943127963
5.183333333333334,525000.0,0.8001492023468018,3.7914691943127963
5.2,525000.0,0.8312445878982544,3.7914691943127963
5.216666666666667,525000.0,0.8625779747962952,2.3696682464454977
5.233333333333333,525000.0,0.8941253423690796,0.23696682464454977
5.25,525000.0,0.9258691072463989,0.23696682464454977
5.266666666666667,525000.0,0.9577897787094116,0.23696682464454977
5.283333333333333,525000.0,0.9898701906204224,0.23696682464454977
5.3,525000.0,1.022092580795288,0.0
5.316666666666666,525000.0,1.0544445514678955,0.0
5.333333333333333,525000.0,1.0869126319885254,0.0
5.35,525000.0,1.1194769144058228,0.0
5.366666666666666,525000.0,1.1521345376968384,0.0
5.383333333333334,525000.0,1.1848738193511963,0.0
5.4,525000.0,1.2176856994628906,0.0
5.416666666666667,525000.0,1.250566005706787,0.0
5.433333333333334,525000.0,1.2835001945495605,0.0
5.45,525000.0,1.316484808921814,0.0
5.466666666666667,525000.0,1.3495194911956787,0.0
5.483333333333333,525000.0,1.3825962543487549,0.0
5.5,525000.0,1.4157097339630127,0.0
5.516666666666667,525000.0,1.4488571882247925,0.0
5.533333333333333,525000.0,1.482031226158142,0.0
5.55,525000.0,1.515228033065796,0.0
5.566666666666666,525000.0,1.5484497547149658,0.0
5.583333333333333,525000.0,1.5816898345947266,0.0
5.6,525000.0,1.6149380207061768,0.0
5.616666666666666,525000.0,1.648194670677185,0.0
5.633333333333334,525000.0,1.6814690828323364,0.0
5.65,525000.0,1.714749813079834,0.0
5.666666666666667,525000.0,1.7480340003967285,0.0
5.683333333333334,525000.0,1.7813224792480469,0.0
5.7,525000.0,1.8146066665649414,0.0
5.716666666666667,525000.0,1.8478903770446777,0.0
5.733333333333333,525000.0,1.8811652660369873,0.0
5.75,525000.0,1.9144313335418701,0.0
5.766666666666667,525000.0,1.9476783275604248,0.0
5.783333333333333,525000.0,1.98091721534729,0.0
5.8,525000.0,2.0141263008117676,0.0
5.816666666666666,525000.0,2.04732608795166,0.0
5.833333333333333,525000.0,2.080493927001953,0.0
5.85,525000.0,2.113633155822754,0.0
5.866666666666666,525000.0,2.146749973297119,0.0
5.883333333333334,525000.0,2.179811954498291,0.0
5.9,525000.0,2.2128543853759766,0.0
5.916666666666667,525000.0,2.2458648681640625,0.0
5.933333333333334,525000.0,2.278820753097534,0.0
5.95,525000.0,2.3117148876190186,0.0
5.966666666666667,525000.0,2.344569206237793,0.0
5.983333333333333,525000.0,2.377363920211792,0.0
6.0,525000.0,2.410097599029541,0.0
6.016666666666667,525000.0,2.4427733421325684,0.0
6.033333333333333,525000.0,2.4753737449645996,0.0
6.05,525000.0,2.5079128742218018,0.0
6.066666666666666,525000.0,2.5403735637664795,0.0
6.083333333333333,525000.0,2.5727548599243164,0.0
6.1,525000.0,2.60504150390625,0.0
6.116666666666666,525000.0,2.637260675430298,0.0
6.133333333333334,525000.0,2.669386863708496,0.0
6.15,525000.0,2.7014307975769043,0.0
6.166666666666667,525000.0,2.7333645820617676,0.0
6.183333333333334,525000.0,2.7652125358581543,0.0
6.2,525000.0,2.796961784362793,0.0
6.216666666666667,525000.0,2.8286032676696777,0.0
6.233333333333333,525000.0,2.8601555824279785,0.0
6.25,525000.0,2.8915929794311523,0.0
6.266666666666667,525000.0,2.922910690307617,0.0
6.283333333333333,525000.0,2.9541382789611816,0.0
6.3,525000.0,2.9852395057678223,0.0
6.316666666666666,525000.0,3.016221523284912,0.0
6.333333333333333,525000.0,3.0470900535583496,0.0
6.35,525000.0,3.077836275100708,0.0
6.366666666666666,525000.0,3.108474016189575,0.0
6.383333333333334,525000.0,3.138972043991089,0.0
6.4,525000.0,3.1693549156188965,0.0
6.416666666666667,525000.0,3.1996192932128906,0.0
6.433333333333334,525000.0,3.2297611236572266,0.0
6.45,525000.0,3.259766101837158,0.0
6.466666666666667,525000.0,3.2896430492401123,0.0
6.483333333333333,525000.0,3.319395065307617,0.0
6.5,525000.0,3.349022388458252,0.0
6.516666666666667,525000.0,3.37850284576416,0.0
6.533333333333333,525000.0,3.4078524112701416,0.0
6.55,525000.0,3.437070608139038,0.0
6.566666666666666,525000.0,3.4661500453948975,0.0
6.583333333333333,525000.0,3.4950976371765137,0.0
6.6,525000.0,3.5238966941833496,0.0
6.616666666666666,525000.0,3.552572250366211,0.0
6.633333333333334,525000.0,3.5811004638671875,0.0
6.65,525000.0,3.609489679336548,0.0
6.666666666666667,525000.0,3.637742519378662,0.0
6.683333333333334,525000.0,3.665850877761841,0.0
6.7,525000.0,3.6938247680664062,0.0
6.716666666666667,525000.0,3.7216482162475586,0.0
6.733333333333333,525000.0,3.7493278980255127,0.0
6.75,525000.0,3.7768611907958984,0.0
6.766666666666667,525000.0,3.804245948791504,0.0
6.783333333333333,525000.0,3.8314907550811768,0.0
6.8,525000.0,3.8585853576660156,0.0
6.816666666666666,525000.0,3.88554310798645,0.0
6.833333333333333,525000.0,3.912346363067627,0.0
6.85,525000.0,3.939002752304077,0.0
6.866666666666666,525000.0,3.9655203819274902,0.0
6.883333333333334,525000.0,3.991889715194702,0.0
6.9,525000.0,4.018097877502441,0.0
6.916666666666667,525000.0,4.044170379638672,0.0
6.933333333333334,525000.0,4.070090293884277,0.0
6.95,525000.0,4.095862865447998,0.0
6.966666666666667,525000.0,4.121502876281738,0.0
6.983333333333333,525000.0,4.14698600769043,0.0
7.0,525000.0,4.172292709350586,0.0
7.016666666666667,525000.0,4.19746208190918,0.0
7.033333333333333,525000.0,4.22249698638916,0.0
7.05,525000.0,4.247382164001465,0.0
7.066666666666666,525000.0,4.272106170654297,0.0
7.083333333333333,525000.0,4.296673774719238,0.0
7.1,525000.0,4.321104049682617,0.0
7.116666666666666,525000.0,4.345376014709473,0.0
7.133333333333334,525000.0,4.369512557983398,0.0
7.15,525000.0,4.393493175506592,0.0
7.166666666666667,525000.0,4.4173173904418945,0.0
7.183333333333334,525000.0,4.440987586975098,0.0
7.2,525000.0,4.464519500732422,0.0
7.216666666666667,525000.0,4.487887859344482,0.0
7.233333333333333,525000.0,4.511096954345703,0.0
7.25,525000.0,4.534148216247559,0.0
7.266666666666667,525000.0,4.557070732116699,0.0
7.283333333333333,525000.0,4.579835891723633,0.0
7.3,525000.0,4.602436065673828,0.0
7.316666666666666,525000.0,4.6248931884765625,0.0
7.333333333333333,525000.0,4.64720344543457,0.0
7.35,525000.0,4.66937255859375,0.0
7.366666666666666,525000.0,4.691383361816406,0.0
7.383333333333334,525000.0,4.713244438171387,0.0
7.4,525000.0,4.734969139099121,0.0
7.416666666666667,525000.0,4.7565412521362305,0.0
7.433333333333334,525000.0,4.777965068817139,0.0
7.45,525000.0,4.79923677444458,0.0
7.466666666666667,525000.0,4.820351600646973,0.0
7.483333333333333,525000.0,4.841312885284424,0.0
7.5,525000.0,4.862144470214844,0.0
7.516666666666667,525000.0,4.882818222045898,0.0
7.533333333333333,525000.0,4.903347015380859,0.0
7.55,525000.0,4.9237165451049805,0.0
7.566666666666666,525000.0,4.943957328796387,0.0
7.583333333333333,525000.0,4.964067459106445,0.0
7.6,525000.0,4.9840087890625,0.0
7.616666666666666,525000.0,5.003835201263428,0.0
7.633333333333334,525000.0,5.023516654968262,0.0
7.65,525000.0,5.043025016784668,0.0
7.666666666666667,525000.0,5.062407970428467,0.0
7.683333333333334,525000.0,5.081659317016602,0.0
7.7,525000.0,5.100764274597168,0.0
7.716666666666667,525000.0,5.119731426239014,0.0
7.733333333333333,525000.0,5.1385579109191895,0.0
7.75,525000.0,5.1572418212890625,0.0
7.766666666666667,525000.0,5.1757965087890625,0.0
7.783333333333333,525000.0,5.194174766540527,0.0
7.8,525000.0,5.212451934814453,0.0
7.816666666666666,525000.0,5.230598449707031,0.0
7.833333333333333,525000.0,5.248602867126465,0.0
7.85,525000.0,5.266467571258545,0.0
7.866666666666666,525000.0,5.2841997146606445,0.0
7.883333333333334,525000.0,5.301796913146973,0.0
7.9,525000.0,5.319247722625732,0.0
7.916666666666667,525000.0,5.336586952209473,0.0
7.933333333333334,525000.0,5.353806972503662,0.0
7.95,525000.0,5.37087869644165,0.0
7.966666666666667,525000.0,5.387829303741455,0.0
7.983333333333333,525000.0,5.404627799987793,0.0
8.0,525000.0,5.421332359313965,0.0
8.016666666666667,525000.0,5.437899589538574,0.0
8.033333333333333,525000.0,5.454321384429932,0.0
8.05,525000.0,5.470623970031738,0.0
8.066666666666666,525000.0,5.486791610717773,0.0
8.083333333333334,525000.0,5.502841472625732,0.0
8.1,525000.0,5.518772602081299,0.0
8.116666666666667,525000.0,5.534568786621094,0.0
8.133333333333333,525000.0,5.550239562988281,0.0
8.15,525000.0,5.5657758712768555,0.0
8.166666666666666,525000.0,5.581218719482422,0.0
8.183333333333334,525000.0,5.596536159515381,0.0
8.2,525000.0,5.611728668212891,0.0
8.216666666666667,525000.0,5.626791954040527,0.0
8.233333333333333,525000.0,5.641746520996094,0.0
8.25,525000.0,5.656571388244629,0.0
8.266666666666667,525000.0,5.67127799987793,0.0
8.283333333333333,525000.0,5.6858954429626465,0.0
8.3,525000.0,5.700380802154541,0.0
8.316666666666666,525000.0,5.714755058288574,0.0
8.333333333333334,525000.0,5.7290143966674805,0.0
8.35,525000.0,5.743196487426758,0.0
8.366666666666667,525000.0,5.75724458694458,0.0
8.383333333333333,525000.0,5.771162033081055,0.0
8.4,525000.0,5.784998416900635,0.0
8.416666666666666,525000.0,5.798711776733398,0.0
8.433333333333334,525000.0,5.812319755554199,0.0
8.45,525000.0,5.825847625732422,0.0
8.466666666666667,525000.0,5.839225769042969,0.0
8.483333333333333,525000.0,5.852507591247559,0.0
8.5,525000.0,5.8657050132751465,0.0
8.516666666666667,525000.0,5.878795146942139,0.0
8.533333333333333,525000.0,5.891753196716309,0.0
8.55,525000.0,5.904645919799805,0.0
8.566666666666666,525000.0,5.917438507080078,0.0
8.583333333333334,525000.0,5.9301347732543945,0.0
8.6,525000.0,5.942716121673584,0.0
8.616666666666667,525000.0,5.95521354675293,0.0
8.633333333333333,525000.0,5.967607498168945,0.0
8.65,525000.0,5.979834079742432,0.0
8.666666666666666,525000.0,5.991901397705078,0.0
8.683333333333334,525000.0,6.003891944885254,0.0
8.7,525000.0,6.015783786773682,0.0
8.716666666666667,525000.0,6.027585029602051,0.0
8.733333333333333,525000.0,6.039271831512451,0.0
8.75,525000.0,6.050876140594482,0.0
8.766666666666667,525000.0,6.062438011169434,0.0
8.783333333333333,525000.0,6.073873996734619,0.0
8.8,525000.0,6.08522367477417,0.0
8.816666666666666,525000.0,6.096492767333984,0.0
8.833333333333334,525000.0,6.107656002044678,0.0
8.85,525000.0,6.1187543869018555,0.0
8.866666666666667,525000.0,6.129758834838867,0.0
8.883333333333333,525000.0,6.140687465667725,0.0
8.9,525000.0,6.151524543762207,0.0
8.916666666666666,525000.0,6.162290096282959,0.0
8.933333333333334,525000.0,6.172927379608154,0.0
8.95,525000.0,6.183559417724609,0.0
8.966666666666667,525000.0,6.194073677062988,0.0
8.983333333333333,525000.0,6.2045159339904785,0.0
9.0,525000.0,6.2148542404174805,0.0
9.016666666666667,525000.0,6.225155353546143,0.0
9.033333333333333,525000.0,6.235320568084717,0.0
9.05,525000.0,6.245457649230957,0.0
9.066666666666666,525000.0,6.2554931640625,0.0
9.083333333333334,525000.0,6.265469551086426,0.0
9.1,525000.0,6.275365829467773,0.0
9.116666666666667,525000.0,6.285173416137695,0.0
9.133333333333333,525000.0,6.294867515563965,0.0
9.15,525000.0,6.304537773132324,0.0
9.166666666666666,525000.0,6.31418514251709,0.0
9.183333333333334,525000.0,6.323686599731445,0.0
9.2,525000.0,6.333135604858398,0.0
9.216666666666667,525000.0,6.342491149902344,0.0
9.233333333333333,525000.0,6.351795196533203,0.0
9.25,525000.0,6.360988140106201,0.0
9.266666666666667,525000.0,6.370138168334961,0.0
9.283333333333333,525000.0,6.379194259643555,0.0
9.3,525000.0,6.3881988525390625,0.0
9.316666666666666,525000.0,6.397076606750488,0.0
9.333333333333334,525000.0,6.405891418457031,0.0
9.35,525000.0,6.414626598358154,0.0
9.366666666666667,525000.0,6.423328399658203,0.0
9.383333333333333,525000.0,6.431957244873047,0.0
9.4,525000.0,6.440474987030029,0.0
9.416666666666666,525000.0,6.448944091796875,0.0
9.433333333333334,525000.0,6.4573259353637695,0.0
9.45,525000.0,6.465648651123047,0.0
9.466666666666667,525000.0,6.473870277404785,0.0
9.483333333333333,525000.0,6.482039928436279,0.0
9.5,525000.0,6.490119457244873,0.0
9.516666666666667,525000.0,6.498100757598877,0.0
9.533333333333333,525000.0,6.506052017211914,0.0
9.55,525000.0,6.513912677764893,0.0
9.566666666666666,525000.0,6.52168607711792,0.0
9.583333333333334,525000.0,6.529422283172607,0.0
9.6,525000.0,6.537116050720215,0.0
9.616666666666667,525000.0,6.544690132141113,0.0
9.633333333333333,525000.0,6.552194118499756,0.0
9.65,525000.0,6.559625625610352,0.0
9.666666666666666,525000.0,6.566983222961426,0.0
9.683333333333334,525000.0,6.574252128601074,0.0
9.7,525000.0,6.581485748291016,0.0
9.716666666666667,525000.0,6.588622093200684,0.0
9.733333333333333,525000.0,6.595712184906006,0.0
9.75,525000.0,6.602742671966553,0.0
9.766666666666667,525000.0,6.609671592712402,0.0
9.783333333333333,525000.0,6.616538047790527,0.0
9.8,525000.0,6.623325347900391,0.0
9.816666666666666,525000.0,6.630093574523926,0.0
9.833333333333334,525000.0,6.636787414550781,0.0
9.85,525000.0,6.6434245109558105,0.0
9.866666666666667,525000.0,6.649979591369629,0.0
9.883333333333333,525000.0,6.656462669372559,0.0
9.9,525000.0,6.662897109985352,0.0
9.916666666666666,525000.0,6.669240951538086,0.0
9.933333333333334,525000.0,6.6755266189575195,0.0
9.95,525000.0,6.681778430938721,0.0
9.966666666666667,525000.0,6.6879167556762695,0.0
9.983333333333333,525000.0,6.6940107345581055,0.0
10.0,525000.0,6.70005464553833,0.0
10.016666666666667,525000.0,6.706040859222412,0.0
0.0,562500.0,9.9702730178833,0.0
0.016666666666666666,562500.0,4.940307140350342,0.0
0.03333333333333333,562500.0,0.5541141033172607,66.11374407582939
0.05,562500.0,0.0,81.99052132701422
0.06666666666666667,562500.0,0.0,82.46445497630332
0.08333333333333333,562500.0,0.0,81.99052132701422
0.1,562500.0,0.0,81.04265402843602
0.11666666666666667,562500.0,0.0,80.56872037914692
0.13333333333333333,562500.0,0.0,80.80568720379146
0.15,562500.0,0.0,81.27962085308057
0.16666666666666666,562500.0,0.0,79.85781990521326
0.18333333333333332,562500.0,0.0,80.80568720379146
0.2,562500.0,0.0,80.56872037914692
0.21666666666666667,562500.0,0.0,81.51658767772511
0.23333333333333334,562500.0,0.0,82.46445497630332
0.25,562500.0,0.0,82.22748815165876
0.26666666666666666,562500.0,0.0,83.17535545023696
0.2833333333333333,562500.0,0.0,83.64928909952607
0.3,562500.0,0.0,84.36018957345972
0.31666666666666665,562500.0,0.0,85.78199052132702
0.3333333333333333,562500.0,0.0,87.20379146919431
0.35,562500.0,0.0,86.96682464454977
0.36666666666666664,562500.0,0.0,87.44075829383885
0.38333333333333336,562500.0,0.0,90.28436018957346
0.4,562500.0,0.0,90.75829383886256
0.4166666666666667,562500.0,0.0,92.89099526066352
0.43333333333333335,562500.0,0.0,94.54976303317537
0.45,562500.0,0.0,96.2085308056872
0.4666666666666667,562500.0,0.0,97.86729857819904
0.48333333333333334,562500.0,0.0,99.52606635071089
0.5,562500.0,0.0,100.0
0.5166666666666667,562500.0,0.0,100.0
0.5333333333333333,562500.0,0.0,100.0
0.55,562500.0,0.0,100.0
0.5666666666666667,562500.0,0.0,100.0
0.5833333333333334,562500.0,0.0,100.0
0.6,562500.0,0.0,100.0
0.6166666666666667,562500.0,0.0,100.0
0.6333333333333333,562500.0,0.0,100.0
0.65,562500.0,0.0,100.0
0.6666666666666666,562500.0,0.0,100.0
0.6833333333333333,562500.0,0.0,100.0
0.7,562500.0,0.0,100.0
0.7166666666666667,562500.0,0.0,100.0
0.7333333333333333,562500.0,0.0,100.0
0.75,562500.0,0.0,100.0
0.7666666666666667,562500.0,0.0,100.0
0.7833333333333333,562500.0,0.0,100.0
0.8,562500.0,0.0,100.0
0.8166666666666667,562500.0,0.0,100.0
0.8333333333333334,562500.0,0.0,100.0
0.85,562500.0,0.0,100.0
0.8666666666666667,562500.0,0.0,100.0
0.8833333333333333,562500.0,0.0,100.0
0.9,562500.0,0.0,100.0
0.9166666666666666,562500.0,0.0,100.0
0.9333333333333333,562500.0,0.0,100.0
0.95,562500.0,0.0,100.0
0.9666666666666667,562500.0,0.0,100.0
0.9833333333333333,562500.0,0.0,100.0
1.0,562500.0,0.0,100.0
1.0166666666666666,562500.0,0.0,100.0
1.0333333333333334,562500.0,0.0,100.0
1.05,562500.0,0.0,100.0
1.0666666666666667,562500.0,0.0,100.0
1.0833333333333333,562500.0,0.0,100.0
1.1,562500.0,0.0,100.0
1.1166666666666667,562500.0,0.0,100.0
1.1333333333333333,562500.0,0.0,100.0
1.15,562500.0,0.0,100.0
1.1666666666666667,562500.0,0.0,100.0
1.1833333333333333,562500.0,0.0,100.0
1.2,562500.0,0.0,100.0
1.2166666666666666,562500.0,0.0,100.0
1.2333333333333334,562500.0,0.0,100.0
1.25,562500.0,0.0,100.0
1.2666666666666666,562500.0,0.0,100.0
1.2833333333333334,562500.0,0.0,100.0
1.3,562500.0,0.0,100.0
1.3166666666666667,562500.0,0.0,100.0
1.3333333333333333,562500.0,0.0,100.0
1.35,562500.0,0.0,100.0
1.3666666666666667,562500.0,0.0,100.0
1.3833333333333333,562500.0,0.0,100.0
1.4,562500.0,0.0,100.0
1.4166666666666667,562500.0,0.0,100.0
1.4333333333333333,562500.0,0.0,100.0
1.45,562500.0,0.0,100.0
1.4666666666666666,562500.0,0.0,100.0
1.4833333333333334,562500.0,0.0,100.0
1.5,562500.0,0.0,100.0
1.5166666666666666,562500.0,0.0,100.0
1.5333333333333334,562500.0,0.0,100.0
1.55,562500.0,0.0,100.0
1.5666666666666667,562500.0,0.0,100.0
1.5833333333333333,562500.0,0.0,100.0
1.6,562500.0,0.0,100.0
1.6166666666666667,562500.0,0.0,100.0
1.6333333333333333,562500.0,0.0,100.0
1.65,562500.0,0.0,100.0
1.6666666666666667,562500.0,0.0,100.0
1.6833333333333333,562500.0,0.0,100.0
1.7,562500.0,0.0,100.0
1.7166666666666666,562500.0,0.0,100.0
1.7333333333333334,562500.0,0.0,100.0
1.75,562500.0,0.0,100.0
1.7666666666666666,562500.0,0.0,100.0
1.7833333333333334,562500.0,0.0,100.0
1.8,562500.0,0.0,100.0
1.8166666666666667,562500.0,0.0,100.0
1.8333333333333333,562500.0,0.0,100.0
1.85,562500.0,0.0,100.0
1.8666666666666667,562500.0,0.0,100.0
1.8833333333333333,562500.0,0.0,100.0
1.9,562500.0,0.0,100.0
1.9166666666666667,562500.0,0.0,100.0
1.9333333333333333,562500.0,0.0,100.0
1.95,562500.0,0.0,100.0
1.9666666666666666,562500.0,0.0,100.0
1.9833333333333334,562500.0,0.0,100.0
2.0,562500.0,0.0,100.0
2.0166666666666666,562500.0,0.0,100.0
2.033333333333333,562500.0,0.0,100.0
2.05,562500.0,0.0,100.0
2.066666666666667,562500.0,0.0,100.0
2.0833333333333335,562500.0,0.0,100.0
2.1,562500.0,0.0,100.0
2.1166666666666667,562500.0,0.0,100.0
2.1333333333333333,562500.0,0.0,100.0
2.15,562500.0,0.0,100.0
2.1666666666666665,562500.0,0.0,100.0
2.183333333333333,562500.0,0.0,100.0
2.2,562500.0,0.0,100.0
2.216666666666667,562500.0,0.0,100.0
2.2333333333333334,562500.0,0.0,100.0
2.25,562500.0,0.0,100.0
2.2666666666666666,562500.0,0.0,100.0
2.283333333333333,562500.0,0.0,100.0
2.3,562500.0,0.0,100.0
2.316666666666667,562500.0,0.0,100.0
2.3333333333333335,562500.0,0.0,100.0
2.35,562500.0,0.0,100.0
2.3666666666666667,562500.0,0.0,100.0
2.3833333333333333,562500.0,0.0,100.0
2.4,562500.0,0.0,100.0
2.4166666666666665,562500.0,0.0,100.0
2.433333333333333,562500.0,0.0,100.0
2.45,562500.0,0.0,100.0
2.466666666666667,562500.0,0.0,100.0
2.4833333333333334,562500.0,0.0,100.0
2.5,562500.0,0.0,100.0
2.5166666666666666,562500.0,0.0,100.0
2.533333333333333,562500.0,0.0,100.0
2.55,562500.0,0.0,100.0
2.566666666666667,562500.0,0.0,100.0
2.5833333333333335,562500.0,0.0,100.0
2.6,562500.0,0.0,100.0
2.6166666666666667,562500.0,0.0,100.0
2.6333333333333333,562500.0,0.0,100.0
2.65,562500.0,0.0,100.0
2.6666666666666665,562500.0,0.0,100.0
2.683333333333333,562500.0,0.0,100.0
2.7,562500.0,0.0,100.0
2.716666666666667,562500.0,0.0,100.0
2.7333333333333334,562500.0,0.0,100.0
2.75,562500.0,0.0,100.0
2.7666666666666666,562500.0,0.0,100.0
2.783333333333333,562500.0,0.0,100.0
2.8,562500.0,0.0,100.0
2.816666666666667,562500.0,0.0,100.0
2.8333333333333335,562500.0,0.0,100.0
2.85,562500.0,0.0,99.52606635071089
2.8666666666666667,562500.0,0.0,98.5781990521327
2.8833333333333333,562500.0,0.0,98.5781990521327
2.9,562500.0,0.0,98.5781990521327
2.9166666666666665,562500.0,0.0,98.5781990521327
2.933333333333333,562500.0,0.0,98.5781990521327
2.95,562500.0,0.0,98.5781990521327
2.966666666666667,562500.0,0.0,98.5781990521327
2.9833333333333334,562500.0,0.0,98.10426540284361
3.0,562500.0,0.0,97.6303317535545
3.0166666666666666,562500.0,0.0,97.1563981042654
3.033333333333333,562500.0,0.0,97.1563981042654
3.05,562500.0,0.0,96.6824644549763
3.066666666666667,562500.0,0.0,96.2085308056872
3.0833333333333335,562500.0,0.0,96.2085308056872
3.1,562500.0,0.0,96.2085308056872
3.1166666666666667,562500.0,0.0,95.260663507109
3.1333333333333333,562500.0,0.0,95.260663507109
3.15,562500.0,0.0,94.7867298578199
3.1666666666666665,562500.0,0.0,94.7867298578199
3.183333333333333,562500.0,0.0,94.7867298578199
3.2,562500.0,0.0,93.8388625592417
3.216666666666667,562500.0,0.0,93.8388625592417
3.2333333333333334,562500.0,0.0,92.89099526066352
3.25,562500.0,0.0,92.89099526066352
3.2666666666666666,562500.0,0.0,92.89099526066352
3.283333333333333,562500.0,0.0,91.4691943127962
3.3,562500.0,0.0,91.4691943127962
3.316666666666667,562500.0,0.0,90.99526066350711
3.3333333333333335,562500.0,0.0,90.52132701421802
3.35,562500.0,0.0,90.04739336492891
3.3666666666666667,562500.0,0.0,89.57345971563981
3.3833333333333333,562500.0,0.0,89.57345971563981
3.4,562500.0,0.0,89.0995260663507
3.4166666666666665,562500.0,0.0,88.62559241706161
3.433333333333333,562500.0,0.0,87.67772511848341
3.45,562500.0,0.0,87.20379146919431
3.466666666666667,562500.0,0.0,86.7298578199052
3.4833333333333334,562500.0,0.0,86.25592417061611
3.5,562500.0,0.0,85.07109004739335
3.5166666666666666,562500.0,0.0,85.07109004739335
3.533333333333333,562500.0,0.0,84.12322274881517
3.55,562500.0,0.0,83.64928909952607
3.566666666666667,562500.0,0.0,83.64928909952607
3.5833333333333335,562500.0,0.0,82.70142180094787
3.6,562500.0,0.0,82.22748815165876
3.6166666666666667,562500.0,0.0,81.75355450236967
3.6333333333333333,562500.0,0.0,81.27962085308057
3.65,562500.0,0.0,80.09478672985783
3.6666666666666665,562500.0,0.0,79.62085308056872
3.683333333333333,562500.0,0.0,79.62085308056872
3.7,562500.0,0.0,79.62085308056872
3.716666666666667,562500.0,0.0,78.67298578199052
3.7333333333333334,562500.0,0.0,77.72511848341233
3.75,562500.0,0.0,77.25118483412322
3.7666666666666666,562500.0,0.0,76.30331753554502
3.783333333333333,562500.0,0.0,74.88151658767772
3.8,562500.0,0.0,73.69668246445498
3.816666666666667,562500.0,0.0,73.22274881516587
3.8333333333333335,562500.0,0.0,73.22274881516587
3.85,562500.0,0.0,72.74881516587678
3.8666666666666667,562500.0,0.0,72.27488151658767
3.8833333333333333,562500.0,0.0,70.85308056872039
3.9,562500.0,0.0,70.85308056872039
3.9166666666666665,562500.0,0.0,70.37914691943128
3.933333333333333,562500.0,1.1820947293017525e-05,70.14218009478674
3.95,562500.0,3.416117397136986e-05,69.19431279620854
3.966666666666667,562500.0,4.621242987923324e-05,68.72037914691943
3.9833333333333334,562500.0,7.257715333253145e-05,68.72037914691943
4.0,562500.0,0.0001133821060648188,68.72037914691943
4.016666666666667,562500.0,0.00017098947137128562,66.35071090047393
4.033333333333333,562500.0,0.0002489482576493174,65.87677725118483
4.05,562500.0,0.0003516916767694056,64.92890995260665
4.066666666666666,562500.0,0.00048450910253450274,64.21800947867298
4.083333333333333,562500.0,0.0006535944412462413,62.796208530805686
4.1,562500.0,0.0008661251049488783,62.32227488151659
4.116666666666666,562500.0,0.0011303579667583108,61.84834123222749
4.133333333333334,562500.0,0.0014557571848854423,61.37440758293838
4.15,562500.0,0.00185310747474432,59.95260663507109
4.166666666666667,562500.0,0.0023346240632236004,59.47867298578199
4.183333333333334,562500.0,0.002914054784923792,59.241706161137444
4.2,562500.0,0.003478625789284706,58.29383886255924
4.216666666666667,562500.0,0.0038372683338820934,56.872037914691944
4.233333333333333,562500.0,0.004269038327038288,56.39810426540285
4.25,562500.0,0.004786211531609297,55.45023696682464
4.266666666666667,562500.0,0.005402597598731518,54.976303317535546
4.283333333333333,562500.0,0.006133669055998325,54.02843601895735
4.3,562500.0,0.006996635347604752,53.317535545023695
4.316666666666666,562500.0,0.008010581135749817,53.317535545023695
4.333333333333333,562500.0,0.009196588769555092,52.843601895734594
4.35,562500.0,0.010577656328678131,52.3696682464455
4.366666666666666,562500.0,0.012178931385278702,50.947867298578196
4.383333333333334,562500.0,0.014027648605406284,50.0
4.4,562500.0,0.016153112053871155,48.34123222748815
4.416666666666667,562500.0,0.0185866542160511,48.34123222748815
4.433333333333334,562500.0,0.02136167511343956,46.91943127962085
4.45,562500.0,0.024513360112905502,46.91943127962085
4.466666666666667,562500.0,0.028078582137823105,45.97156398104265
4.483333333333333,562500.0,0.032095495611429214,45.023696682464454
4.5,562500.0,0.03660362958908081,44.07582938388626
4.516666666666667,562500.0,0.04164307937026024,43.3649289099526
4.533333333333333,562500.0,0.04725473001599312,41.943127962085306
4.55,562500.0,0.0534791424870491,40.99526066350711
4.566666666666666,562500.0,0.060356415808200836,40.52132701421801
4.583333333333333,562500.0,0.06792568415403366,39.57345971563981
4.6,562500.0,0.07622446119785309,38.62559241706161
4.616666666666666,562500.0,0.08342080563306808,37.44075829383886
4.633333333333334,562500.0,0.09001427888870239,37.44075829383886
4.65,562500.0,0.09726589173078537,36.96682464454976
4.666666666666667,562500.0,0.10521279275417328,36.018957345971565
4.683333333333334,562500.0,0.11389059573411942,33.649289099526065
4.7,562500.0,0.12333309650421143,32.22748815165877
4.716666666666667,562500.0,0.1335705816745758,31.516587677725116
4.733333333333333,562500.0,0.14462952315807343,31.04265402843602
4.75,562500.0,0.1565333604812622,31.04265402843602
4.766666666666667,562500.0,0.16930145025253296,30.568720379146917
4.783333333333333,562500.0,0.18294799327850342,29.14691943127962
4.8,562500.0,0.1974831223487854,26.540284360189574
4.816666666666666,562500.0,0.2129116803407669,26.066350710900476
4.833333333333333,562500.0,0.22923389077186584,25.59241706161137
4.85,562500.0,0.24644550681114197,24.170616113744074
4.866666666666666,562500.0,0.264537513256073,23.22274881516588
4.883333333333334,562500.0,0.28349587321281433,22.748815165876778
4.9,562500.0,0.3033031225204468,22.03791469194313
4.916666666666667,562500.0,0.3239382803440094,21.563981042654028
4.933333333333334,562500.0,0.34537601470947266,18.72037914691943
4.95,562500.0,0.36758872866630554,18.246445497630333
4.966666666666667,562500.0,0.3905472755432129,17.298578199052134
4.983333333333333,562500.0,0.41421961784362793,16.350710900473935
5.0,562500.0,0.4385724663734436,14.691943127962084
5.016666666666667,562500.0,0.46357131004333496,14.691943127962084
5.033333333333333,562500.0,0.48918092250823975,14.691943127962084
5.05,562500.0,0.5153654217720032,12.322274881516588
5.066666666666666,562500.0,0.542090654373169,10.90047393364929
5.083333333333333,562500.0,0.5693232417106628,9.715639810426541
5.1,562500.0,0.597027063369751,8.767772511848342
5.116666666666666,562500.0,0.6251697540283203,8.293838862559241
5.133333333333334,562500.0,0.6537195444107056,8.293838862559241
5.15,562500.0,0.6826461553573608,8.293838862559241
5.166666666666667,562500.0,0.711918830871582,5.450236966824645
5.183333333333334,562500.0,0.7415091395378113,3.7914691943127963
5.2,562500.0,0.7713931798934937,3.7914691943127963
5.216666666666667,562500.0,0.8015432357788086,3.7914691943127963
5.233333333333333,562500.0,0.8319367170333862,3.7914691943127963
5.25,562500.0,0.8625507354736328,2.3696682464454977
5.266666666666667,562500.0,0.8933661580085754,0.23696682464454977
5.283333333333333,562500.0,0.9243631362915039,0.23696682464454977
5.3,562500.0,0.9555268287658691,0.23696682464454977
5.316666666666666,562500.0,0.9868382215499878,0.23696682464454977
5.333333333333333,562500.0,1.0182850360870361,0.0
5.35,562500.0,1.0498509407043457,0.0
5.366666666666666,562500.0,1.081521987915039,0.0
5.383333333333334,562500.0,1.113290786743164,0.0
5.4,562500.0,1.145148754119873,0.0
5.416666666666667,562500.0,1.1770821809768677,0.0
5.433333333333334,562500.0,1.209083080291748,0.0
5.45,562500.0,1.2411469221115112,0.0
5.466666666666667,562500.0,1.273263692855835,0.0
5.483333333333333,562500.0,1.3054327964782715,0.0
5.5,562500.0,1.337641954421997,0.0
5.516666666666667,562500.0,1.369887351989746,0.0
5.533333333333333,562500.0,1.402176856994629,0.0
5.55,562500.0,1.4344911575317383,0.0
5.566666666666666,562500.0,1.4668325185775757,0.0
5.583333333333333,562500.0,1.4991918802261353,0.0
5.6,562500.0,1.5315840244293213,0.0
5.616666666666666,562500.0,1.5639796257019043,0.0
5.633333333333334,562500.0,1.5963858366012573,0.0
5.65,562500.0,1.6288154125213623,0.0
5.666666666666667,562500.0,1.6612496376037598,0.0
5.683333333333334,562500.0,1.6936836242675781,0.0
5.7,562500.0,1.7261221408843994,0.0
5.716666666666667,562500.0,1.7585585117340088,0.0
5.733333333333333,562500.0,1.7909817695617676,0.0
5.75,562500.0,1.8234041929244995,0.0
5.766666666666667,562500.0,1.8558186292648315,0.0
5.783333333333333,562500.0,1.8882168531417847,0.0
5.8,562500.0,1.9206122159957886,0.0
5.816666666666666,562500.0,1.952996015548706,0.0
5.833333333333333,562500.0,1.9853452444076538,0.0
5.85,562500.0,2.017671585083008,0.0
5.866666666666666,562500.0,2.049973964691162,0.0
5.883333333333334,562500.0,2.0822343826293945,0.0
5.9,562500.0,2.114468574523926,0.0
5.916666666666667,562500.0,2.146672010421753,0.0
5.933333333333334,562500.0,2.1788315773010254,0.0
5.95,562500.0,2.2109360694885254,0.0
5.966666666666667,562500.0,2.2430100440979004,0.0
5.983333333333333,562500.0,2.2750296592712402,0.0
6.0,562500.0,2.307001829147339,0.0
6.016666666666667,562500.0,2.3389086723327637,0.0
6.033333333333333,562500.0,2.370748519897461,0.0
6.05,562500.0,2.4025216102600098,0.0
6.066666666666666,562500.0,2.43422794342041,0.0
6.083333333333333,562500.0,2.4658641815185547,0.0
6.1,562500.0,2.497431755065918,0.0
6.116666666666666,562500.0,2.5289111137390137,0.0
6.133333333333334,562500.0,2.5603206157684326,0.0
6.15,562500.0,2.5916380882263184,0.0
6.166666666666667,562500.0,2.622866630554199,0.0
6.183333333333334,562500.0,2.6540122032165527,0.0
6.2,562500.0,2.685074806213379,0.0
6.216666666666667,562500.0,2.7160253524780273,0.0
6.233333333333333,562500.0,2.7468814849853516,0.0
6.25,562500.0,2.7776403427124023,0.0
6.266666666666667,562500.0,2.808288097381592,0.0
6.283333333333333,562500.0,2.838843584060669,0.0
6.3,562500.0,2.869283676147461,0.0
6.316666666666666,562500.0,2.8995985984802246,0.0
6.333333333333333,562500.0,2.9298367500305176,0.0
6.35,562500.0,2.959939956665039,0.0
6.366666666666666,562500.0,2.9899368286132812,0.0
6.383333333333334,562500.0,3.0198159217834473,0.0
6.4,562500.0,3.049569606781006,0.0
6.416666666666667,562500.0,3.0792086124420166,0.0
6.433333333333334,562500.0,3.1087212562561035,0.0
6.45,562500.0,3.138104200363159,0.0
6.466666666666667,562500.0,3.16737961769104,0.0
6.483333333333333,562500.0,3.1965270042419434,0.0
6.5,562500.0,3.2255489826202393,0.0
6.516666666666667,562500.0,3.2544384002685547,0.0
6.533333333333333,562500.0,3.2832016944885254,0.0
6.55,562500.0,3.311837911605835,0.0
6.566666666666666,562500.0,3.3403334617614746,0.0
6.583333333333333,562500.0,3.368699312210083,0.0
6.6,562500.0,3.396932363510132,0.0
6.616666666666666,562500.0,3.4250216484069824,0.0
6.633333333333334,562500.0,3.4529881477355957,0.0
6.65,562500.0,3.4808144569396973,0.0
6.666666666666667,562500.0,3.508509635925293,0.0
6.683333333333334,562500.0,3.5360665321350098,0.0
6.7,562500.0,3.5634841918945312,0.0
6.716666666666667,562500.0,3.5907623767852783,0.0
6.733333333333333,562500.0,3.617892265319824,0.0
6.75,562500.0,3.644897937774658,0.0
6.766666666666667,562500.0,3.6717610359191895,0.0
6.783333333333333,562500.0,3.6984825134277344,0.0
6.8,562500.0,3.725062131881714,0.0
6.816666666666666,562500.0,3.7514941692352295,0.0
6.833333333333333,562500.0,3.77778959274292,0.0
6.85,562500.0,3.8039417266845703,0.0
6.866666666666666,562500.0,3.8299574851989746,0.0
6.883333333333334,562500.0,3.855823040008545,0.0
6.9,562500.0,3.8815505504608154,0.0
6.916666666666667,562500.0,3.907130718231201,0.0
6.933333333333334,562500.0,3.932572841644287,0.0
6.95,562500.0,3.9578628540039062,0.0
6.966666666666667,562500.0,3.9830074310302734,0.0
6.983333333333333,562500.0,4.008020401000977,0.0
7.0,562500.0,4.032855033874512,0.0
7.016666666666667,562500.0,4.0575642585754395,0.0
7.033333333333333,562500.0,4.082119941711426,0.0
7.05,562500.0,4.10655403137207,0.0
7.066666666666666,562500.0,4.130815029144287,0.0
7.083333333333333,562500.0,4.154950141906738,0.0
7.1,562500.0,4.178938865661621,0.0
7.116666666666666,562500.0,4.202767372131348,0.0
7.133333333333334,562500.0,4.2264580726623535,0.0
7.15,562500.0,4.249988079071045,0.0
7.166666666666667,562500.0,4.273387908935547,0.0
7.183333333333334,562500.0,4.296633720397949,0.0
7.2,562500.0,4.319737434387207,0.0
7.216666666666667,562500.0,4.342674255371094,0.0
7.233333333333333,562500.0,4.365476608276367,0.0
7.25,562500.0,4.388129234313965,0.0
7.266666666666667,562500.0,4.410648345947266,0.0
7.283333333333333,562500.0,4.433011531829834,0.0
7.3,562500.0,4.455221176147461,0.0
7.316666666666666,562500.0,4.477296829223633,0.0
7.333333333333333,562500.0,4.499223709106445,0.0
7.35,562500.0,4.520998954772949,0.0
7.366666666666666,562500.0,4.5426177978515625,0.0
7.383333333333334,562500.0,4.5641069412231445,0.0
7.4,562500.0,4.585457801818848,0.0
7.416666666666667,562500.0,4.606653213500977,0.0
7.433333333333334,562500.0,4.627682685852051,0.0
7.45,562500.0,4.64859676361084,0.0
7.466666666666667,562500.0,4.6693525314331055,0.0
7.483333333333333,562500.0,4.689943313598633,0.0
7.5,562500.0,4.7104172706604,0.0
7.516666666666667,562500.0,4.730740547180176,0.0
7.533333333333333,562500.0,4.750911712646484,0.0
7.55,562500.0,4.770943641662598,0.0
7.566666666666666,562500.0,4.790818214416504,0.0
7.583333333333333,562500.0,4.810591697692871,0.0
7.6,562500.0,4.830193519592285,0.0
7.616666666666666,562500.0,4.849664688110352,0.0
7.633333333333334,562500.0,4.8690032958984375,0.0
7.65,562500.0,4.888213634490967,0.0
7.666666666666667,562500.0,4.907266616821289,0.0
7.683333333333334,562500.0,4.926188945770264,0.0
7.7,562500.0,4.944965362548828,0.0
7.716666666666667,562500.0,4.963621139526367,0.0
7.733333333333333,562500.0,4.982129096984863,0.0
7.75,562500.0,5.00051212310791,0.0
7.766666666666667,562500.0,5.018771171569824,0.0
7.783333333333333,562500.0,5.036881446838379,0.0
7.8,562500.0,5.054837226867676,0.0
7.816666666666666,562500.0,5.072685241699219,0.0
7.833333333333333,562500.0,5.090374946594238,0.0
7.85,562500.0,5.107946872711182,0.0
7.866666666666666,562500.0,5.1253767013549805,0.0
7.883333333333334,562500.0,5.142690658569336,0.0
7.9,562500.0,5.1598711013793945,0.0
7.916666666666667,562500.0,5.176912307739258,0.0
7.933333333333334,562500.0,5.1938347816467285,0.0
7.95,562500.0,5.210597991943359,0.0
7.966666666666667,562500.0,5.227267265319824,0.0
7.983333333333333,562500.0,5.2437944412231445,0.0
8.0,562500.0,5.260216236114502,0.0
8.016666666666667,562500.0,5.2765092849731445,0.0
8.033333333333333,562500.0,5.2926740646362305,0.0
8.05,562500.0,5.3087263107299805,0.0
8.066666666666666,562500.0,5.324643135070801,0.0
8.083333333333334,562500.0,5.340420722961426,0.0
8.1,562500.0,5.356084823608398,0.0
8.116666666666667,562500.0,5.371598720550537,0.0
8.133333333333333,562500.0,5.387042999267578,0.0
8.15,562500.0,5.402337074279785,0.0
8.166666666666666,562500.0,5.417518615722656,0.0
8.183333333333334,562500.0,5.432572841644287,0.0
8.2,562500.0,5.447509288787842,0.0
8.216666666666667,562500.0,5.462340354919434,0.0
8.233333333333333,562500.0,5.47708797454834,0.0
8.25,562500.0,5.491674423217773,0.0
8.266666666666667,562500.0,5.506165981292725,0.0
8.283333333333333,562500.0,5.520531177520752,0.0
8.3,562500.0,5.534780502319336,0.0
8.316666666666666,562500.0,5.548962593078613,0.0
8.333333333333334,562500.0,5.562973976135254,0.0
8.35,562500.0,5.576885223388672,0.0
8.366666666666667,562500.0,5.5906982421875,0.0
8.383333333333333,562500.0,5.604413032531738,0.0
8.4,562500.0,5.617974758148193,0.0
8.416666666666666,562500.0,5.631499290466309,0.0
8.433333333333334,562500.0,5.644889831542969,0.0
8.45,562500.0,5.658153533935547,0.0
8.466666666666667,562500.0,5.671319961547852,0.0
8.483333333333333,562500.0,5.684368133544922,0.0
8.5,562500.0,5.697344779968262,0.0
8.516666666666667,562500.0,5.710232257843018,0.0
8.533333333333333,562500.0,5.723001480102539,0.0
8.55,562500.0,5.7356696128845215,0.0
8.566666666666666,562500.0,5.748211860656738,0.0
8.583333333333334,562500.0,5.76053524017334,0.0
8.6,562500.0,5.772783279418945,0.0
8.616666666666667,562500.0,5.7849531173706055,0.0
8.633333333333333,562500.0,5.797007083892822,0.0
8.65,562500.0,5.808950424194336,0.0
8.666666666666666,562500.0,5.820831298828125,0.0
8.683333333333334,562500.0,5.832599639892578,0.0
8.7,562500.0,5.84427547454834,0.0
8.716666666666667,562500.0,5.855879783630371,0.0
8.733333333333333,562500.0,5.867393493652344,0.0
8.75,562500.0,5.878807544708252,0.0
8.766666666666667,562500.0,5.890113830566406,0.0
8.783333333333333,562500.0,5.901365756988525,0.0
8.8,562500.0,5.91251802444458,0.0
8.816666666666666,562500.0,5.923575401306152,0.0
8.833333333333334,562500.0,5.934535026550293,0.0
8.85,562500.0,5.9454569816589355,0.0
8.866666666666667,562500.0,5.956267356872559,0.0
8.883333333333333,562500.0,5.967014312744141,0.0
8.9,562500.0,5.977659225463867,0.0
8.916666666666666,562500.0,5.988265514373779,0.0
8.933333333333334,562500.0,5.998763561248779,0.0
8.95,562500.0,6.009202003479004,0.0
8.966666666666667,562500.0,6.019548416137695,0.0
8.983333333333333,562500.0,6.029798984527588,0.0
9.0,562500.0,6.0399556159973145,0.0
9.016666666666667,562500.0,6.050087928771973,0.0
9.033333333333333,562500.0,6.060080528259277,0.0
9.05,562500.0,6.070038795471191,0.0
9.066666666666666,562500.0,6.079911231994629,0.0
9.083333333333334,562500.0,6.089714050292969,0.0
9.1,562500.0,6.099416255950928,0.0
9.116666666666667,562500.0,6.109086036682129,0.0
9.133333333333333,562500.0,6.118691444396973,0.0
9.15,562500.0,6.128198146820068,0.0
9.166666666666666,562500.0,6.137621879577637,0.0
9.183333333333334,562500.0,6.146968841552734,0.0
9.2,562500.0,6.15624475479126,0.0
9.216666666666667,562500.0,6.165444374084473,0.0
9.233333333333333,562500.0,6.174591064453125,0.0
9.25,562500.0,6.183645248413086,0.0
9.266666666666667,562500.0,6.1926422119140625,0.0
9.283333333333333,562500.0,6.201560974121094,0.0
9.3,562500.0,6.2104010581970215,0.0
9.316666666666666,562500.0,6.21915864944458,0.0
9.333333333333334,562500.0,6.2278618812561035,0.0
9.35,562500.0,6.236546993255615,0.0
9.366666666666667,562500.0,6.245107650756836,0.0
9.383333333333333,562500.0,6.253606796264648,0.0
9.4,562500.0,6.2620038986206055,0.0
9.416666666666666,562500.0,6.270381450653076,0.0
9.433333333333334,562500.0,6.278637886047363,0.0
9.45,562500.0,6.286853790283203,0.0
9.466666666666667,562500.0,6.294981956481934,0.0
9.483333333333333,562500.0,6.303040027618408,0.0
9.5,562500.0,6.3110270500183105,0.0
9.516666666666667,562500.0,6.318924903869629,0.0
9.533333333333333,562500.0,6.326739311218262,0.0
9.55,562500.0,6.334486961364746,0.0
9.566666666666666,562500.0,6.342223167419434,0.0
9.583333333333334,562500.0,6.349884986877441,0.0
9.6,562500.0,6.3574442863464355,0.0
9.616666666666667,562500.0,6.364933967590332,0.0
9.633333333333333,562500.0,6.3723464012146,0.0
9.65,562500.0,6.379696369171143,0.0
9.666666666666666,562500.0,6.386969089508057,0.0
9.683333333333334,562500.0,6.394180774688721,0.0
9.7,562500.0,6.401321887969971,0.0
9.716666666666667,562500.0,6.408422470092773,0.0
9.733333333333333,562500.0,6.415435791015625,0.0
9.75,562500.0,6.422336578369141,0.0
9.766666666666667,562500.0,6.429193019866943,0.0
9.783333333333333,562500.0,6.435979843139648,0.0
9.8,562500.0,6.4427490234375,0.0
9.816666666666666,562500.0,6.449462890625,0.0
9.833333333333334,562500.0,6.456077575683594,0.0
9.85,562500.0,6.462625980377197,0.0
9.866666666666667,562500.0,6.469117164611816,0.0
9.883333333333333,562500.0,6.475553512573242,0.0
9.9,562500.0,6.481872081756592,0.0
9.916666666666666,562500.0,6.488157749176025,0.0
9.933333333333334,562500.0,6.494399547576904,0.0
9.95,562500.0,6.500540733337402,0.0
9.966666666666667,562500.0,6.506651878356934,0.0
9.983333333333333,562500.0,6.512697696685791,0.0
10.0,562500.0,6.518681526184082,0.0
10.016666666666667,562500.0,6.524591445922852,0.0
0.0,600000.0,9.9702730178833,0.0
0.016666666666666666,600000.0,4.940285682678223,0.0
0.03333333333333333,600000.0,0.5540643930435181,66.11374407582939
0.05,600000.0,0.0,81.99052132701422
0.06666666666666667,600000.0,0.0,82.46445497630332
0.08333333333333333,600000.0,0.0,81.99052132701422
0.1,600000.0,0.0,81.04265402843602
0.11666666666666667,600000.0,0.0,80.56872037914692
0.13333333333333333,600000.0,0.0,80.80568720379146
0.15,600000.0,0.0,81.27962085308057
0.16666666666666666,600000.0,0.0,79.85781990521326
0.18333333333333332,600000.0,0.0,80.80568720379146
0.2,600000.0,0.0,80.56872037914692
0.21666666666666667,600000.0,0.0,81.51658767772511
0.23333333333333334,600000.0,0.0,82.46445497630332
0.25,600000.0,0.0,82.22748815165876
0.26666666666666666,600000.0,0.0,83.17535545023696
0.2833333333333333,600000.0,0.0,83.64928909952607
0.3,600000.0,0.0,84.36018957345972
0.31666666666666665,600000.0,0.0,85.78199052132702
0.3333333333333333,600000.0,0.0,87.20379146919431
0.35,600000.0,0.0,86.96682464454977
0.36666666666666664,600000.0,0.0,87.44075829383885
0.38333333333333336,600000.0,0.0,90.28436018957346
0.4,600000.0,0.0,90.75829383886256
0.4166666666666667,600000.0,0.0,92.89099526066352
0.43333333333333335,600000.0,0.0,94.54976303317537
0.45,600000.0,0.0,96.2085308056872
0.4666666666666667,600000.0,0.0,97.86729857819904
0.48333333333333334,600000.0,0.0,99.52606635071089
0.5,600000.0,0.0,100.0
0.5166666666666667,600000.0,0.0,100.0
0.5333333333333333,600000.0,0.0,100.0
0.55,600000.0,0.0,100.0
0.5666666666666667,600000.0,0.0,100.0
0.5833333333333334,600000.0,0.0,100.0
0.6,600000.0,0.0,100.0
0.6166666666666667,600000.0,0.0,100.0
0.6333333333333333,600000.0,0.0,100.0
0.65,600000.0,0.0,100.0
0.6666666666666666,600000.0,0.0,100.0
0.6833333333333333,600000.0,0.0,100.0
0.7,600000.0,0.0,100.0
0.7166666666666667,600000.0,0.0,100.0
0.7333333333333333,600000.0,0.0,100.0
0.75,600000.0,0.0,100.0
0.7666666666666667,600000.0,0.0,100.0
0.7833333333333333,600000.0,0.0,100.0
0.8,600000.0,0.0,100.0
0.8166666666666667,600000.0,0.0,100.0
0.8333333333333334,600000.0,0.0,100.0
0.85,600000.0,0.0,100.0
0.8666666666666667,600000.0,0.0,100.0
0.8833333333333333,600000.0,0.0,100.0
0.9,600000.0,0.0,100.0
0.9166666666666666,600000.0,0.0,100.0
0.9333333333333333,600000.0,0.0,100.0
0.95,600000.0,0.0,100.0
0.9666666666666667,600000.0,0.0,100.0
0.9833333333333333,600000.0,0.0,100.0
1.0,600000.0,0.0,100.0
1.0166666666666666,600000.0,0.0,100.0
1.0333333333333334,600000.0,0.0,100.0
1.05,600000.0,0.0,100.0
1.0666666666666667,600000.0,0.0,100.0
1.0833333333333333,600000.0,0.0,100.0
1.1,600000.0,0.0,100.0
1.1166666666666667,600000.0,0.0,100.0
1.1333333333333333,600000.0,0.0,100.0
1.15,600000.0,0.0,100.0
1.1666666666666667,600000.0,0.0,100.0
1.1833333333333333,600000.0,0.0,100.0
1.2,600000.0,0.0,100.0
1.2166666666666666,600000.0,0.0,100.0
1.2333333333333334,600000.0,0.0,100.0
1.25,600000.0,0.0,100.0
1.2666666666666666,600000.0,0.0,100.0
1.2833333333333334,600000.0,0.0,100.0
1.3,600000.0,0.0,100.0
1.3166666666666667,600000.0,0.0,100.0
1.3333333333333333,600000.0,0.0,100.0
1.35,600000.0,0.0,100.0
1.3666666666666667,600000.0,0.0,100.0
1.3833333333333333,600000.0,0.0,100.0
1.4,600000.0,0.0,100.0
1.4166666666666667,600000.0,0.0,100.0
1.4333333333333333,600000.0,0.0,100.0
1.45,600000.0,0.0,100.0
1.4666666666666666,600000.0,0.0,100.0
1.4833333333333334,600000.0,0.0,100.0
1.5,600000.0,0.0,100.0
1.5166666666666666,600000.0,0.0,100.0
1.5333333333333334,600000.0,0.0,100.0
1.55,600000.0,0.0,100.0
1.5666666666666667,600000.0,0.0,100.0
1.5833333333333333,600000.0,0.0,100.0
1.6,600000.0,0.0,100.0
1.6166666666666667,600000.0,0.0,100.0
1.6333333333333333,600000.0,0.0,100.0
1.65,600000.0,0.0,100.0
1.6666666666666667,600000.0,0.0,100.0
1.6833333333333333,600000.0,0.0,100.0
1.7,600000.0,0.0,100.0
1.7166666666666666,600000.0,0.0,100.0
1.7333333333333334,600000.0,0.0,100.0
1.75,600000.0,0.0,100.0
1.7666666666666666,600000.0,0.0,100.0
1.7833333333333334,600000.0,0.0,100.0
1.8,600000.0,0.0,100.0
1.8166666666666667,600000.0,0.0,100.0
1.8333333333333333,600000.0,0.0,100.0
1.85,600000.0,0.0,100.0
1.8666666666666667,600000.0,0.0,100.0
1.8833333333333333,600000.0,0.0,100.0
1.9,600000.0,0.0,100.0
1.9166666666666667,600000.0,0.0,100.0
1.9333333333333333,600000.0,0.0,100.0
1.95,600000.0,0.0,100.0
1.9666666666666666,600000.0,0.0,100.0
1.9833333333333334,600000.0,0.0,100.0
2.0,600000.0,0.0,100.0
2.0166666666666666,600000.0,0.0,100.0
2.033333333333333,600000.0,0.0,100.0
2.05,600000.0,0.0,100.0
2.066666666666667,600000.0,0.0,100.0
2.0833333333333335,600000.0,0.0,100.0
2.1,600000.0,0.0,100.0
2.1166666666666667,600000.0,0.0,100.0
2.1333333333333333,600000.0,0.0,100.0
2.15,600000.0,0.0,100.0
2.1666666666666665,600000.0,0.0,100.0
2.183333333333333,600000.0,0.0,100.0
2.2,600000.0,0.0,100.0
2.216666666666667,600000.0,0.0,100.0
2.2333333333333334,600000.0,0.0,100.0
2.25,600000.0,0.0,100.0
2.2666666666666666,600000.0,0.0,100.0
2.283333333333333,600000.0,0.0,100.0
2.3,600000.0,0.0,100.0
2.316666666666667,600000.0,0.0,100.0
2.3333333333333335,600000.0,0.0,100.0
2.35,600000.0,0.0,100.0
2.3666666666666667,600000.0,0.0,100.0
2.3833333333333333,600000.0,0.0,100.0
2.4,600000.0,0.0,100.0
2.4166666666666665,600000.0,0.0,100.0
2.433333333333333,600000.0,0.0,100.0
2.45,600000.0,0.0,100.0
2.466666666666667,600000.0,0.0,100.0
2.4833333333333334,600000.0,0.0,100.0
2.5,600000.0,0.0,100.0
2.5166666666666666,600000.0,0.0,100.0
2.533333333333333,600000.0,0.0,100.0
2.55,600000.0,0.0,100.0
2.566666666666667,600000.0,0.0,100.0
2.5833333333333335,600000.0,0.0,100.0
2.6,600000.0,0.0,100.0
2.6166666666666667,600000.0,0.0,100.0
2.6333333333333333,600000.0,0.0,100.0
2.65,600000.0,0.0,100.0
2.6666666666666665,600000.0,0.0,100.0
2.683333333333333,600000.0,0.0,100.0
2.7,600000.0,0.0,100.0
2.716666666666667,600000.0,0.0,100.0
2.7333333333333334,600000.0,0.0,100.0
2.75,600000.0,0.0,100.0
2.7666666666666666,600000.0,0.0,100.0
2.783333333333333,600000.0,0.0,100.0
2.8,600000.0,0.0,100.0
2.816666666666667,600000.0,0.0,100.0
2.8333333333333335,600000.0,0.0,100.0
2.85,600000.0,0.0,99.52606635071089
2.8666666666666667,600000.0,0.0,99.0521327014218
2.8833333333333333,600000.0,0.0,98.5781990521327
2.9,600000.0,0.0,98.5781990521327
2.9166666666666665,600000.0,0.0,98.5781990521327
2.933333333333333,600000.0,0.0,98.5781990521327
2.95,600000.0,0.0,98.5781990521327
2.966666666666667,600000.0,0.0,98.5781990521327
2.9833333333333334,600000.0,0.0,98.5781990521327
3.0,600000.0,0.0,98.10426540284361
3.0166666666666666,600000.0,0.0,97.1563981042654
3.033333333333333,600000.0,0.0,97.1563981042654
3.05,600000.0,0.0,97.1563981042654
3.066666666666667,600000.0,0.0,96.2085308056872
3.0833333333333335,600000.0,0.0,96.2085308056872
3.1,600000.0,0.0,96.2085308056872
3.1166666666666667,600000.0,0.0,95.73459715639811
3.1333333333333333,600000.0,0.0,95.260663507109
3.15,600000.0,0.0,94.7867298578199
3.1666666666666665,600000.0,0.0,94.7867298578199
3.183333333333333,600000.0,0.0,94.7867298578199
3.2,600000.0,0.0,93.8388625592417
3.216666666666667,600000.0,0.0,93.8388625592417
3.2333333333333334,600000.0,0.0,93.36492890995261
3.25,600000.0,0.0,92.89099526066352
3.2666666666666666,600000.0,0.0,92.89099526066352
3.283333333333333,600000.0,0.0,92.41706161137441
3.3,600000.0,0.0,91.4691943127962
3.316666666666667,600000.0,0.0,91.4691943127962
3.3333333333333335,600000.0,0.0,90.52132701421802
3.35,600000.0,0.0,90.52132701421802
3.3666666666666667,600000.0,0.0,90.04739336492891
3.3833333333333333,600000.0,0.0,89.57345971563981
3.4,600000.0,0.0,89.57345971563981
3.4166666666666665,600000.0,0.0,88.62559241706161
3.433333333333333,600000.0,0.0,88.15165876777252
3.45,600000.0,0.0,87.20379146919431
3.466666666666667,600000.0,0.0,87.20379146919431
3.4833333333333334,600000.0,0.0,86.25592417061611
3.5,600000.0,0.0,85.78199052132702
3.5166666666666666,600000.0,0.0,85.07109004739335
3.533333333333333,600000.0,0.0,84.59715639810426
3.55,600000.0,0.0,83.64928909952607
3.566666666666667,600000.0,0.0,83.64928909952607
3.5833333333333335,600000.0,0.0,83.17535545023696
3.6,600000.0,0.0,82.22748815165876
3.6166666666666667,600000.0,0.0,82.22748815165876
3.6333333333333333,600000.0,0.0,81.75355450236967
3.65,600000.0,0.0,80.80568720379146
3.6666666666666665,600000.0,0.0,80.09478672985783
3.683333333333333,600000.0,0.0,79.62085308056872
3.7,600000.0,0.0,79.62085308056872
3.716666666666667,600000.0,0.0,79.14691943127961
3.7333333333333334,600000.0,0.0,78.67298578199052
3.75,600000.0,0.0,77.25118483412322
3.7666666666666666,600000.0,0.0,77.25118483412322
3.783333333333333,600000.0,0.0,76.30331753554502
3.8,600000.0,0.0,74.88151658767772
3.816666666666667,600000.0,0.0,73.69668246445498
3.8333333333333335,600000.0,0.0,73.22274881516587
3.85,600000.0,0.0,72.74881516587678
3.8666666666666667,600000.0,0.0,72.74881516587678
3.8833333333333333,600000.0,0.0,72.27488151658767
3.9,600000.0,0.0,70.85308056872039
3.9166666666666665,600000.0,0.0,70.85308056872039
3.933333333333333,600000.0,0.0,70.37914691943128
3.95,600000.0,2.084554944303818e-05,69.66824644549763
3.966666666666667,600000.0,3.34421856678091e-05,68.72037914691943
3.9833333333333334,600000.0,4.828922828892246e-05,68.72037914691943
4.0,600000.0,7.70236729294993e-05,68.72037914691943
4.016666666666667,600000.0,0.00012027486081933603,68.72037914691943
4.033333333333333,600000.0,0.00018058424757327884,66.35071090047393
4.05,600000.0,0.0002615597622934729,65.87677725118483
4.066666666666666,600000.0,0.0003676363849081099,64.45497630331754
4.083333333333333,600000.0,0.0005040814285166562,64.21800947867298
4.1,600000.0,0.0006770374020561576,63.270142180094794
4.116666666666666,600000.0,0.000893585616722703,62.32227488151659
4.133333333333334,600000.0,0.0011618704302236438,61.84834123222749
4.15,600000.0,0.0014911709586158395,61.37440758293838
4.166666666666667,600000.0,0.0018920551519840956,59.95260663507109
4.183333333333334,600000.0,0.0023764497600495815,59.47867298578199
4.2,600000.0,0.00295777409337461,59.241706161137444
4.216666666666667,600000.0,0.0034861331805586815,58.767772511848335
4.233333333333333,600000.0,0.0038441219367086887,56.872037914691944
4.25,600000.0,0.00427405908703804,56.39810426540285
4.266666666666667,600000.0,0.004787842743098736,55.45023696682464
4.283333333333333,600000.0,0.00539880245923996,54.976303317535546
4.3,600000.0,0.0061218515038490295,54.502369668246445
4.316666666666666,600000.0,0.006973518989980221,53.317535545023695
4.333333333333333,600000.0,0.007972156628966331,53.317535545023695
4.35,600000.0,0.009137891232967377,52.843601895734594
4.366666666666666,600000.0,0.010492773726582527,52.3696682464455
4.383333333333334,600000.0,0.012060792185366154,51.8957345971564
4.4,600000.0,0.013867903500795364,50.4739336492891
4.416666666666667,600000.0,0.015941962599754333,48.34123222748815
4.433333333333334,600000.0,0.0183128509670496,48.34123222748815
4.45,600000.0,0.02101222611963749,47.39336492890995
4.466666666666667,600000.0,0.024073559790849686,46.91943127962085
4.483333333333333,600000.0,0.027531703934073448,45.97156398104265
4.5,600000.0,0.0314229354262352,45.497630331753555
4.516666666666667,600000.0,0.035784654319286346,44.54976303317535
4.533333333333333,600000.0,0.04065500199794769,43.3649289099526
4.55,600000.0,0.0460725799202919,41.943127962085306
4.566666666666666,600000.0,0.05207609012722969,41.46919431279621
4.583333333333333,600000.0,0.058703452348709106,40.52132701421801
4.6,600000.0,0.06599191576242447,40.047393364928915
4.616666666666666,600000.0,0.07397739589214325,39.09952606635071
4.633333333333334,600000.0,0.08159323036670685,38.388625592417064
4.65,600000.0,0.08790430426597595,37.44075829383886
4.666666666666667,600000.0,0.09484054893255234,37.44075829383886
4.683333333333334,600000.0,0.1024375855922699,36.96682464454976
4.7,600000.0,0.11072944104671478,35.54502369668246
4.716666666666667,600000.0,0.11974824965000153,33.175355450236964
4.733333333333333,600000.0,0.12952351570129395,31.990521327014214
4.75,600000.0,0.14008137583732605,31.516587677725116
4.766666666666667,600000.0,0.151444673538208,31.04265402843602
4.783333333333333,600000.0,0.16363291442394257,30.568720379146917
4.8,600000.0,0.17666128277778625,30.568720379146917
4.816666666666666,600000.0,0.19054056704044342,28.672985781990523
4.833333333333333,600000.0,0.20527678728103638,26.540284360189574
4.85,600000.0,0.22087180614471436,26.066350710900476
4.866666666666666,600000.0,0.23732303082942963,24.644549763033176
4.883333333333334,600000.0,0.25462305545806885,24.170616113744074
4.9,600000.0,0.272760808467865,23.22274881516588
4.916666666666667,600000.0,0.2917213439941406,22.748815165876778
4.933333333333334,600000.0,0.31148552894592285,22.03791469194313
4.95,600000.0,0.3320317566394806,20.61611374407583
4.966666666666667,600000.0,0.3533343970775604,18.72037914691943
4.983333333333333,600000.0,0.37536656856536865,18.246445497630333
5.0,600000.0,0.398099422454834,17.298578199052134
5.016666666666667,600000.0,0.42150139808654785,15.876777251184834
5.033333333333333,600000.0,0.4455404281616211,14.691943127962084
5.05,600000.0,0.47018295526504517,14.691943127962084
5.066666666666666,600000.0,0.49539628624916077,14.691943127962084
5.083333333333333,600000.0,0.5211479663848877,12.322274881516588
5.1,600000.0,0.5474046468734741,10.90047393364929
5.116666666666666,600000.0,0.5741338729858398,9.715639810426541
5.133333333333334,600000.0,0.6013028621673584,8.767772511848342
5.15,600000.0,0.6288802027702332,8.293838862559241
5.166666666666667,600000.0,0.656836748123169,8.293838862559241
5.183333333333334,600000.0,0.6851447820663452,7.819905213270142
5.2,600000.0,0.7137755155563354,5.450236966824645
5.216666666666667,600000.0,0.7427024841308594,3.7914691943127963
5.233333333333333,600000.0,0.7719040513038635,3.7914691943127963
5.25,600000.0,0.8013550043106079,3.7914691943127963
5.266666666666667,600000.0,0.83103346824646,3.7914691943127963
5.283333333333333,600000.0,0.8609185218811035,3.7914691943127963
5.3,600000.0,0.890990138053894,0.23696682464454977
5.316666666666666,600000.0,0.921232283115387,0.23696682464454977
5.333333333333333,600000.0,0.9516315460205078,0.23696682464454977
5.35,600000.0,0.9821685552597046,0.23696682464454977
5.366666666666666,600000.0,1.0128346681594849,0.0
5.383333333333334,600000.0,1.0436124801635742,0.0
5.4,600000.0,1.0744892358779907,0.0
5.416666666666667,600000.0,1.105459451675415,0.0
5.433333333333334,600000.0,1.1365095376968384,0.0
5.45,600000.0,1.1676331758499146,0.0
5.466666666666667,600000.0,1.198822259902954,0.0
5.483333333333333,600000.0,1.2300691604614258,0.0
5.5,600000.0,1.261368751525879,0.0
5.516666666666667,600000.0,1.2927170991897583,0.0
5.533333333333333,600000.0,1.3241066932678223,0.0
5.55,600000.0,1.3555324077606201,0.0
5.566666666666666,600000.0,1.3869915008544922,0.0
5.583333333333333,600000.0,1.4184818267822266,0.0
5.6,600000.0,1.449989914894104,0.0
5.616666666666666,600000.0,1.4815187454223633,0.0
5.633333333333334,600000.0,1.5130696296691895,0.0
5.65,600000.0,1.5446345806121826,0.0
5.666666666666667,600000.0,1.576209306716919,0.0
5.683333333333334,600000.0,1.6077930927276611,0.0
5.7,600000.0,1.6393826007843018,0.0
5.716666666666667,600000.0,1.6709721088409424,0.0
5.733333333333333,600000.0,1.7025580406188965,0.0
5.75,600000.0,1.7341418266296387,0.0
5.766666666666667,600000.0,1.7657203674316406,0.0
5.783333333333333,600000.0,1.7972835302352905,0.0
5.8,600000.0,1.8288384675979614,0.0
5.816666666666666,600000.0,1.8603891134262085,0.0
5.833333333333333,600000.0,1.8919188976287842,0.0
5.85,600000.0,1.9234297275543213,0.0
5.866666666666666,600000.0,1.9549157619476318,0.0
5.883333333333334,600000.0,1.9863736629486084,0.0
5.9,600000.0,2.0178048610687256,0.0
5.916666666666667,600000.0,2.049198627471924,0.0
5.933333333333334,600000.0,2.080552101135254,0.0
5.95,600000.0,2.111891031265259,0.0
5.966666666666667,600000.0,2.1431641578674316,0.0
5.983333333333333,600000.0,2.174405574798584,0.0
6.0,600000.0,2.205592155456543,0.0
6.016666666666667,600000.0,2.236724853515625,0.0
6.033333333333333,600000.0,2.267817497253418,0.0
6.05,600000.0,2.298839569091797,0.0
6.066666666666666,600000.0,2.3297979831695557,0.0
6.083333333333333,600000.0,2.360696792602539,0.0
6.1,600000.0,2.3915324211120605,0.0
6.116666666666666,600000.0,2.4222731590270996,0.0
6.133333333333334,600000.0,2.452953815460205,0.0
6.15,600000.0,2.483550548553467,0.0
6.166666666666667,600000.0,2.514068603515625,0.0
6.183333333333334,600000.0,2.5445022583007812,0.0
6.2,600000.0,2.5748419761657715,0.0
6.216666666666667,600000.0,2.6051013469696045,0.0
6.233333333333333,600000.0,2.635268211364746,0.0
6.25,600000.0,2.665335178375244,0.0
6.266666666666667,600000.0,2.695307731628418,0.0
6.283333333333333,600000.0,2.7251710891723633,0.0
6.3,600000.0,2.754938840866089,0.0
6.316666666666666,600000.0,2.7846035957336426,0.0
6.333333333333333,600000.0,2.814168691635132,0.0
6.35,600000.0,2.8436279296875,0.0
6.366666666666666,600000.0,2.872969150543213,0.0
6.383333333333334,600000.0,2.90220308303833,0.0
6.4,600000.0,2.9313254356384277,0.0
6.416666666666667,600000.0,2.9603357315063477,0.0
6.433333333333334,600000.0,2.9892234802246094,0.0
6.45,600000.0,3.0180039405822754,0.0
6.466666666666667,600000.0,3.046666145324707,0.0
6.483333333333333,600000.0,3.075201988220215,0.0
6.5,600000.0,3.1036038398742676,0.0
6.516666666666667,600000.0,3.131889820098877,0.0
6.533333333333333,600000.0,3.160047769546509,0.0
6.55,600000.0,3.1880922317504883,0.0
6.566666666666666,600000.0,3.2160000801086426,0.0
6.583333333333333,600000.0,3.243783473968506,0.0
6.6,600000.0,3.271439552307129,0.0
6.616666666666666,600000.0,3.298970937728882,0.0
6.633333333333334,600000.0,3.326369047164917,0.0
6.65,600000.0,3.3536322116851807,0.0
6.666666666666667,600000.0,3.3807570934295654,0.0
6.683333333333334,600000.0,3.4077677726745605,0.0
6.7,600000.0,3.4346303939819336,0.0
6.716666666666667,600000.0,3.4613685607910156,0.0
6.733333333333333,600000.0,3.4879703521728516,0.0
6.75,600000.0,3.514432907104492,0.0
6.766666666666667,600000.0,3.540761947631836,0.0
6.783333333333333,600000.0,3.566951036453247,0.0
6.8,600000.0,3.5930075645446777,0.0
6.816666666666666,600000.0,3.618920087814331,0.0
6.833333333333333,600000.0,3.6447038650512695,0.0
6.85,600000.0,3.67034649848938,0.0
6.866666666666666,600000.0,3.6958513259887695,0.0
6.883333333333334,600000.0,3.7212178707122803,0.0
6.9,600000.0,3.7464346885681152,0.0
6.916666666666667,600000.0,3.771531105041504,0.0
6.933333333333334,600000.0,3.796473979949951,0.0
6.95,600000.0,3.821284770965576,0.0
6.966666666666667,600000.0,3.845949172973633,0.0
6.983333333333333,600000.0,3.870474338531494,0.0
7.0,600000.0,3.89485502243042,0.0
7.016666666666667,600000.0,3.9190821647644043,0.0
7.033333333333333,600000.0,3.9431848526000977,0.0
7.05,600000.0,3.967144012451172,0.0
7.066666666666666,600000.0,3.990967273712158,0.0
7.083333333333333,600000.0,4.014644145965576,0.0
7.1,600000.0,4.038173675537109,0.0
7.116666666666666,600000.0,4.061570644378662,0.0
7.133333333333334,600000.0,4.084781646728516,0.0
7.15,600000.0,4.107883453369141,0.0
7.166666666666667,600000.0,4.130842208862305,0.0
7.183333333333334,600000.0,4.1536712646484375,0.0
7.2,600000.0,4.176344871520996,0.0
7.216666666666667,600000.0,4.198863983154297,0.0
7.233333333333333,600000.0,4.221238613128662,0.0
7.25,600000.0,4.2434797286987305,0.0
7.266666666666667,600000.0,4.265584945678711,0.0
7.283333333333333,600000.0,4.287541389465332,0.0
7.3,600000.0,4.309345245361328,0.0
7.316666666666666,600000.0,4.331012725830078,0.0
7.333333333333333,600000.0,4.352555274963379,0.0
7.35,600000.0,4.373918533325195,0.0
7.366666666666666,600000.0,4.3951520919799805,0.0
7.383333333333334,600000.0,4.416236400604248,0.0
7.4,600000.0,4.437205791473389,0.0
7.416666666666667,600000.0,4.458004951477051,0.0
7.433333333333334,600000.0,4.478676795959473,0.0
7.45,600000.0,4.499194145202637,0.0
7.466666666666667,600000.0,4.519586086273193,0.0
7.483333333333333,600000.0,4.539829254150391,0.0
7.5,600000.0,4.559932708740234,0.0
7.516666666666667,600000.0,4.579887866973877,0.0
7.533333333333333,600000.0,4.599701404571533,0.0
7.55,600000.0,4.61939001083374,0.0
7.566666666666666,600000.0,4.638947486877441,0.0
7.583333333333333,600000.0,4.658341407775879,0.0
7.6,600000.0,4.677613258361816,0.0
7.616666666666666,600000.0,4.696751594543457,0.0
7.633333333333334,600000.0,4.715745449066162,0.0
7.65,600000.0,4.734607219696045,0.0
7.666666666666667,600000.0,4.7533464431762695,0.0
7.683333333333334,600000.0,4.771934509277344,0.0
7.7,600000.0,4.790370464324951,0.0
7.716666666666667,600000.0,4.8087158203125,0.0
7.733333333333333,600000.0,4.8269267082214355,0.0
7.75,600000.0,4.844973087310791,0.0
7.766666666666667,600000.0,4.8629045486450195,0.0
7.783333333333333,600000.0,4.880704879760742,0.0
7.8,600000.0,4.898382186889648,0.0
7.816666666666666,600000.0,4.915925979614258,0.0
7.833333333333333,600000.0,4.933341026306152,0.0
7.85,600000.0,4.950619697570801,0.0
7.866666666666666,600000.0,4.9677276611328125,0.0
7.883333333333334,600000.0,4.984765529632568,0.0
7.9,600000.0,5.0016632080078125,0.0
7.916666666666667,600000.0,5.018431186676025,0.0
7.933333333333334,600000.0,5.035077095031738,0.0
7.95,600000.0,5.051581859588623,0.0
7.966666666666667,600000.0,5.067968368530273,0.0
7.983333333333333,600000.0,5.084231376647949,0.0
8.0,600000.0,5.100366592407227,0.0
8.016666666666667,600000.0,5.116354942321777,0.0
8.033333333333333,600000.0,5.132235527038574,0.0
8.05,600000.0,5.148003101348877,0.0
8.066666666666666,600000.0,5.163644790649414,0.0
8.083333333333334,600000.0,5.179170608520508,0.0
8.1,600000.0,5.194587230682373,0.0
8.116666666666667,600000.0,5.2098708152771,0.0
8.133333333333333,600000.0,5.225028991699219,0.0
8.15,600000.0,5.240070343017578,0.0
8.166666666666666,600000.0,5.254987716674805,0.0
8.183333333333334,600000.0,5.269809722900391,0.0
8.2,600000.0,5.284477233886719,0.0
8.216666666666667,600000.0,5.299056053161621,0.0
8.233333333333333,600000.0,5.313539028167725,0.0
8.25,600000.0,5.32789421081543,0.0
8.266666666666667,600000.0,5.342123985290527,0.0
8.283333333333333,600000.0,5.356271743774414,0.0
8.3,600000.0,5.370296478271484,0.0
8.316666666666666,600000.0,5.384195327758789,0.0
8.333333333333334,600000.0,5.397993564605713,0.0
8.35,600000.0,5.411688804626465,0.0
8.366666666666667,600000.0,5.425257205963135,0.0
8.383333333333333,600000.0,5.438737869262695,0.0
8.4,600000.0,5.452097415924072,0.0
8.416666666666666,600000.0,5.465337753295898,0.0
8.433333333333334,600000.0,5.4785027503967285,0.0
8.45,600000.0,5.49155330657959,0.0
8.466666666666667,600000.0,5.5044660568237305,0.0
8.483333333333333,600000.0,5.5173516273498535,0.0
8.5,600000.0,5.530035018920898,0.0
8.516666666666667,600000.0,5.542552471160889,0.0
8.533333333333333,600000.0,5.554966449737549,0.0
8.55,600000.0,5.567258834838867,0.0
8.566666666666666,600000.0,5.579507827758789,0.0
8.583333333333334,600000.0,5.59160852432251,0.0
8.6,600000.0,5.603647232055664,0.0
8.616666666666667,600000.0,5.615577697753906,0.0
8.633333333333333,600000.0,5.6274213790893555,0.0
8.65,600000.0,5.6391801834106445,0.0
8.666666666666666,600000.0,5.650827407836914,0.0
8.683333333333334,600000.0,5.6624274253845215,0.0
8.7,600000.0,5.673874855041504,0.0
8.716666666666667,600000.0,5.68525505065918,0.0
8.733333333333333,600000.0,5.696549415588379,0.0
8.75,600000.0,5.707751274108887,0.0
8.766666666666667,600000.0,5.718878746032715,0.0
8.783333333333333,600000.0,5.729872703552246,0.0
8.8,600000.0,5.74083137512207,0.0
8.816666666666666,600000.0,5.751706123352051,0.0
8.833333333333334,600000.0,5.762511253356934,0.0
8.85,600000.0,5.773189067840576,0.0
8.866666666666667,600000.0,5.7838263511657715,0.0
8.883333333333333,600000.0,5.794384002685547,0.0
8.9,600000.0,5.804840087890625,0.0
8.916666666666666,600000.0,5.81519889831543,0.0
8.933333333333334,600000.0,5.82551383972168,0.0
8.95,600000.0,5.835747718811035,0.0
8.966666666666667,600000.0,5.8458991050720215,0.0
8.983333333333333,600000.0,5.8559722900390625,0.0
9.0,600000.0,5.865964889526367,0.0
9.016666666666667,600000.0,5.87589693069458,0.0
9.033333333333333,600000.0,5.885729789733887,0.0
9.05,600000.0,5.895506858825684,0.0
9.066666666666666,600000.0,5.905180931091309,0.0
9.083333333333334,600000.0,5.914841651916504,0.0
9.1,600000.0,5.924393653869629,0.0
9.116666666666667,600000.0,5.933886528015137,0.0
9.133333333333333,600000.0,5.94328498840332,0.0
9.15,600000.0,5.952632904052734,0.0
9.166666666666666,600000.0,5.961906433105469,0.0
9.183333333333334,600000.0,5.97111177444458,0.0
9.2,600000.0,5.980238914489746,0.0
9.216666666666667,600000.0,5.9892683029174805,0.0
9.233333333333333,600000.0,5.998292922973633,0.0
9.25,600000.0,6.007232666015625,0.0
9.266666666666667,600000.0,6.016070365905762,0.0
9.283333333333333,600000.0,6.0248236656188965,0.0
9.3,600000.0,6.03352689743042,0.0
9.316666666666666,600000.0,6.042200565338135,0.0
9.333333333333334,600000.0,6.050769805908203,0.0
9.35,600000.0,6.059278964996338,0.0
9.366666666666667,600000.0,6.067702293395996,0.0
9.383333333333333,600000.0,6.076081275939941,0.0
9.4,600000.0,6.08435583114624,0.0
9.416666666666666,600000.0,6.0925750732421875,0.0
9.433333333333334,600000.0,6.100737571716309,0.0
9.45,600000.0,6.108802318572998,0.0
9.466666666666667,600000.0,6.116819381713867,0.0
9.483333333333333,600000.0,6.124767303466797,0.0
9.5,600000.0,6.132623672485352,0.0
9.516666666666667,600000.0,6.140437602996826,0.0
9.533333333333333,600000.0,6.148177146911621,0.0
9.55,600000.0,6.1558942794799805,0.0
9.566666666666666,600000.0,6.163483619689941,0.0
9.583333333333334,600000.0,6.171020030975342,0.0
9.6,600000.0,6.178497314453125,0.0
9.616666666666667,600000.0,6.1858954429626465,0.0
9.633333333333333,600000.0,6.193223476409912,0.0
9.65,600000.0,6.200494766235352,0.0
9.666666666666666,600000.0,6.207703590393066,0.0
9.683333333333334,600000.0,6.214811325073242,0.0
9.7,600000.0,6.221871852874756,0.0
9.716666666666667,600000.0,6.2288818359375,0.0
9.733333333333333,600000.0,6.235795021057129,0.0
9.75,600000.0,6.242631912231445,0.0
9.766666666666667,600000.0,6.2494025230407715,0.0
9.783333333333333,600000.0,6.256171703338623,0.0
9.8,600000.0,6.262851238250732,0.0
9.816666666666666,600000.0,6.269454002380371,0.0
9.833333333333334,600000.0,6.276003837585449,0.0
9.85,600000.0,6.282462120056152,0.0
9.866666666666667,600000.0,6.28890323638916,0.0
9.883333333333333,600000.0,6.295230865478516,0.0
9.9,600000.0,6.301516532897949,0.0
9.916666666666666,600000.0,6.3077592849731445,0.0
9.933333333333334,600000.0,6.313914775848389,0.0
9.95,600000.0,6.32002067565918,0.0
9.966666666666667,600000.0,6.326054096221924,0.0
9.983333333333333,600000.0,6.3320393562316895,0.0
10.0,600000.0,6.337935447692871,0.0
10.016666666666667,600000.0,6.343771934509277,0.0
0.0,637500.0,9.9702730178833,0.0
0.016666666666666666,637500.0,4.94025993347168,0.0
0.03333333333333333,637500.0,0.5540139675140381,66.11374407582939
0.05,637500.0,0.0,81.99052132701422
0.06666666666666667,637500.0,0.0,82.46445497630332
0.08333333333333333,637500.0,0.0,81.99052132701422
0.1,637500.0,0.0,81.04265402843602
0.11666666666666667,637500.0,0.0,80.56872037914692
0.13333333333333333,637500.0,0.0,80.80568720379146
0.15,637500.0,0.0,81.27962085308057
0.16666666666666666,637500.0,0.0,79.85781990521326
0.18333333333333332,637500.0,0.0,80.80568720379146
0.2,637500.0,0.0,80.56872037914692
0.21666666666666667,637500.0,0.0,81.51658767772511
0.23333333333333334,637500.0,0.0,82.46445497630332
0.25,637500.0,0.0,82.70142180094787
0.26666666666666666,637500.0,0.0,83.17535545023696
0.2833333333333333,637500.0,0.0,83.64928909952607
0.3,637500.0,0.0,84.36018957345972
0.31666666666666665,637500.0,0.0,85.78199052132702
0.3333333333333333,637500.0,0.0,87.20379146919431
0.35,637500.0,0.0,86.96682464454977
0.36666666666666664,637500.0,0.0,87.44075829383885
0.38333333333333336,637500.0,0.0,90.28436018957346
0.4,637500.0,0.0,90.75829383886256
0.4166666666666667,637500.0,0.0,92.89099526066352
0.43333333333333335,637500.0,0.0,94.54976303317537
0.45,637500.0,0.0,96.2085308056872
0.4666666666666667,637500.0,0.0,97.86729857819904
0.48333333333333334,637500.0,0.0,99.52606635071089
0.5,637500.0,0.0,100.0
0.5166666666666667,637500.0,0.0,100.0
0.5333333333333333,637500.0,0.0,100.0
0.55,637500.0,0.0,100.0
0.5666666666666667,637500.0,0.0,100.0
0.5833333333333334,637500.0,0.0,100.0
0.6,637500.0,0.0,100.0
0.6166666666666667,637500.0,0.0,100.0
0.6333333333333333,637500.0,0.0,100.0
0.65,637500.0,0.0,100.0
0.6666666666666666,637500.0,0.0,100.0
0.6833333333333333,637500.0,0.0,100.0
0.7,637500.0,0.0,100.0
0.7166666666666667,637500.0,0.0,100.0
0.7333333333333333,637500.0,0.0,100.0
0.75,637500.0,0.0,100.0
0.7666666666666667,637500.0,0.0,100.0
0.7833333333333333,637500.0,0.0,100.0
0.8,637500.0,0.0,100.0
0.8166666666666667,637500.0,0.0,100.0
0.8333333333333334,637500.0,0.0,100.0
0.85,637500.0,0.0,100.0
0.8666666666666667,637500.0,0.0,100.0
0.8833333333333333,637500.0,0.0,100.0
0.9,637500.0,0.0,100.0
0.9166666666666666,637500.0,0.0,100.0
0.9333333333333333,637500.0,0.0,100.0
0.95,637500.0,0.0,100.0
0.9666666666666667,637500.0,0.0,100.0
0.9833333333333333,637500.0,0.0,100.0
1.0,637500.0,0.0,100.0
1.0166666666666666,637500.0,0.0,100.0
1.0333333333333334,637500.0,0.0,100.0
1.05,637500.0,0.0,100.0
1.0666666666666667,637500.0,0.0,100.0
1.0833333333333333,637500.0,0.0,100.0
1.1,637500.0,0.0,100.0
1.1166666666666667,637500.0,0.0,100.0
1.1333333333333333,637500.0,0.0,100.0
1.15,637500.0,0.0,100.0
1.1666666666666667,637500.0,0.0,100.0
1.1833333333333333,637500.0,0.0,100.0
1.2,637500.0,0.0,100.0
1.2166666666666666,637500.0,0.0,100.0
1.2333333333333334,637500.0,0.0,100.0
1.25,637500.0,0.0,100.0
1.2666666666666666,637500.0,0.0,100.0
1.2833333333333334,637500.0,0.0,100.0
1.3,637500.0,0.0,100.0
1.3166666666666667,637500.0,0.0,100.0
1.3333333333333333,637500.0,0.0,100.0
1.35,637500.0,0.0,100.0
1.3666666666666667,637500.0,0.0,100.0
1.3833333333333333,637500.0,0.0,100.0
1.4,637500.0,0.0,100.0
1.4166666666666667,637500.0,0.0,100.0
1.4333333333333333,637500.0,0.0,100.0
1.45,637500.0,0.0,100.0
1.4666666666666666,637500.0,0.0,100.0
1.4833333333333334,637500.0,0.0,100.0
1.5,637500.0,0.0,100.0
1.5166666666666666,637500.0,0.0,100.0
1.5333333333333334,637500.0,0.0,100.0
1.55,637500.0,0.0,100.0
1.5666666666666667,637500.0,0.0,100.0
1.5833333333333333,637500.0,0.0,100.0
1.6,637500.0,0.0,100.0
1.6166666666666667,637500.0,0.0,100.0
1.6333333333333333,637500.0,0.0,100.0
1.65,637500.0,0.0,100.0
1.6666666666666667,637500.0,0.0,100.0
1.6833333333333333,637500.0,0.0,100.0
1.7,637500.0,0.0,100.0
1.7166666666666666,637500.0,0.0,100.0
1.7333333333333334,637500.0,0.0,100.0
1.75,637500.0,0.0,100.0
1.7666666666666666,637500.0,0.0,100.0
1.7833333333333334,637500.0,0.0,100.0
1.8,637500.0,0.0,100.0
1.8166666666666667,637500.0,0.0,100.0
1.8333333333333333,637500.0,0.0,100.0
1.85,637500.0,0.0,100.0
1.8666666666666667,637500.0,0.0,100.0
1.8833333333333333,637500.0,0.0,100.0
1.9,637500.0,0.0,100.0
1.9166666666666667,637500.0,0.0,100.0
1.9333333333333333,637500.0,0.0,100.0
1.95,637500.0,0.0,100.0
1.9666666666666666,637500.0,0.0,100.0
1.9833333333333334,637500.0,0.0,100.0
2.0,637500.0,0.0,100.0
2.0166666666666666,637500.0,0.0,100.0
2.033333333333333,637500.0,0.0,100.0
2.05,637500.0,0.0,100.0
2.066666666666667,637500.0,0.0,100.0
2.0833333333333335,637500.0,0.0,100.0
2.1,637500.0,0.0,100.0
2.1166666666666667,637500.0,0.0,100.0
2.1333333333333333,637500.0,0.0,100.0
2.15,637500.0,0.0,100.0
2.1666666666666665,637500.0,0.0,100.0
2.183333333333333,637500.0,0.0,100.0
2.2,637500.0,0.0,100.0
2.216666666666667,637500.0,0.0,100.0
2.2333333333333334,637500.0,0.0,100.0
2.25,637500.0,0.0,100.0
2.2666666666666666,637500.0,0.0,100.0
2.283333333333333,637500.0,0.0,100.0
2.3,637500.0,0.0,100.0
2.316666666666667,637500.0,0.0,100.0
2.3333333333333335,637500.0,0.0,100.0
2.35,637500.0,0.0,100.0
2.3666666666666667,637500.0,0.0,100.0
2.3833333333333333,637500.0,0.0,100.0
2.4,637500.0,0.0,100.0
2.4166666666666665,637500.0,0.0,100.0
2.433333333333333,637500.0,0.0,100.0
2.45,637500.0,0.0,100.0
2.466666666666667,637500.0,0.0,100.0
2.4833333333333334,637500.0,0.0,100.0
2.5,637500.0,0.0,100.0
2.5166666666666666,637500.0,0.0,100.0
2.533333333333333,637500.0,0.0,100.0
2.55,637500.0,0.0,100.0
2.566666666666667,637500.0,0.0,100.0
2.5833333333333335,637500.0,0.0,100.0
2.6,637500.0,0.0,100.0
2.6166666666666667,637500.0,0.0,100.0
2.6333333333333333,637500.0,0.0,100.0
2.65,637500.0,0.0,100.0
2.6666666666666665,637500.0,0.0,100.0
2.683333333333333,637500.0,0.0,100.0
2.7,637500.0,0.0,100.0
2.716666666666667,637500.0,0.0,100.0
2.7333333333333334,637500.0,0.0,100.0
2.75,637500.0,0.0,100.0
2.7666666666666666,637500.0,0.0,100.0
2.783333333333333,637500.0,0.0,100.0
2.8,637500.0,0.0,100.0
2.816666666666667,637500.0,0.0,100.0
2.8333333333333335,637500.0,0.0,100.0
2.85,637500.0,0.0,100.0
2.8666666666666667,637500.0,0.0,99.0521327014218
2.8833333333333333,637500.0,0.0,98.5781990521327
2.9,637500.0,0.0,98.5781990521327
2.9166666666666665,637500.0,0.0,98.5781990521327
2.933333333333333,637500.0,0.0,98.5781990521327
2.95,637500.0,0.0,98.5781990521327
2.966666666666667,637500.0,0.0,98.5781990521327
2.9833333333333334,637500.0,0.0,98.5781990521327
3.0,637500.0,0.0,98.10426540284361
3.0166666666666666,637500.0,0.0,97.6303317535545
3.033333333333333,637500.0,0.0,97.1563981042654
3.05,637500.0,0.0,97.1563981042654
3.066666666666667,637500.0,0.0,96.6824644549763
3.0833333333333335,637500.0,0.0,96.2085308056872
3.1,637500.0,0.0,96.2085308056872
3.1166666666666667,637500.0,0.0,96.2085308056872
3.1333333333333333,637500.0,0.0,95.260663507109
3.15,637500.0,0.0,95.260663507109
3.1666666666666665,637500.0,0.0,94.7867298578199
3.183333333333333,637500.0,0.0,94.7867298578199
3.2,637500.0,0.0,94.7867298578199
3.216666666666667,637500.0,0.0,93.8388625592417
3.2333333333333334,637500.0,0.0,93.8388625592417
3.25,637500.0,0.0,92.89099526066352
3.2666666666666666,637500.0,0.0,92.89099526066352
3.283333333333333,637500.0,0.0,92.89099526066352
3.3,637500.0,0.0,91.4691943127962
3.316666666666667,637500.0,0.0,91.4691943127962
3.3333333333333335,637500.0,0.0,90.99526066350711
3.35,637500.0,0.0,90.52132701421802
3.3666666666666667,637500.0,0.0,90.04739336492891
3.3833333333333333,637500.0,0.0,89.57345971563981
3.4,637500.0,0.0,89.57345971563981
3.4166666666666665,637500.0,0.0,89.0995260663507
3.433333333333333,637500.0,0.0,88.62559241706161
3.45,637500.0,0.0,87.67772511848341
3.466666666666667,637500.0,0.0,87.20379146919431
3.4833333333333334,637500.0,0.0,87.20379146919431
3.5,637500.0,0.0,86.25592417061611
3.5166666666666666,637500.0,0.0,85.54502369668246
3.533333333333333,637500.0,0.0,85.07109004739335
3.55,637500.0,0.0,84.59715639810426
3.566666666666667,637500.0,0.0,83.64928909952607
3.5833333333333335,637500.0,0.0,83.64928909952607
3.6,637500.0,0.0,82.70142180094787
3.6166666666666667,637500.0,0.0,82.22748815165876
3.6333333333333333,637500.0,0.0,81.75355450236967
3.65,637500.0,0.0,81.27962085308057
3.6666666666666665,637500.0,0.0,80.09478672985783
3.683333333333333,637500.0,0.0,80.09478672985783
3.7,637500.0,0.0,79.62085308056872
3.716666666666667,637500.0,0.0,79.62085308056872
3.7333333333333334,637500.0,0.0,78.67298578199052
3.75,637500.0,0.0,78.67298578199052
3.7666666666666666,637500.0,0.0,77.25118483412322
3.783333333333333,637500.0,0.0,77.25118483412322
3.8,637500.0,0.0,75.82938388625593
3.816666666666667,637500.0,0.0,74.17061611374407
3.8333333333333335,637500.0,0.0,73.69668246445498
3.85,637500.0,0.0,73.22274881516587
3.8666666666666667,637500.0,0.0,72.74881516587678
3.8833333333333333,637500.0,0.0,72.27488151658767
3.9,637500.0,0.0,72.27488151658767
3.9166666666666665,637500.0,0.0,70.85308056872039
3.933333333333333,637500.0,0.0,70.85308056872039
3.95,637500.0,0.0,70.37914691943128
3.966666666666667,637500.0,3.110578836640343e-05,69.66824644549763
3.9833333333333334,637500.0,3.325044963276014e-05,68.72037914691943
4.0,637500.0,5.059925024397671e-05,68.72037914691943
4.016666666666667,637500.0,8.153433736879379e-05,68.72037914691943
4.033333333333333,637500.0,0.00012708031863439828,68.72037914691943
4.05,637500.0,0.00018990972603205591,66.35071090047393
4.066666666666666,637500.0,0.00027366337599232793,65.87677725118483
4.083333333333333,637500.0,0.0003827681066468358,64.21800947867298
4.1,637500.0,0.0005224463529884815,64.21800947867298
4.116666666666666,637500.0,0.0006987553788349032,63.270142180094794
4.133333333333334,637500.0,0.0009186881361529231,62.32227488151659
4.15,637500.0,0.0011902404949069023,61.84834123222749
4.166666666666667,637500.0,0.001522523583844304,61.37440758293838
4.183333333333334,637500.0,0.0019258520333096385,59.95260663507109
4.2,637500.0,0.002411855384707451,59.47867298578199
4.216666666666667,637500.0,0.0029935864731669426,59.241706161137444
4.233333333333333,637500.0,0.0034895366989076138,58.767772511848335
4.25,637500.0,0.003845921251922846,56.872037914691944
4.266666666666667,637500.0,0.004272939637303352,56.39810426540285
4.283333333333333,637500.0,0.004782053641974926,55.45023696682464
4.3,637500.0,0.005386103875935078,55.45023696682464
4.316666666666666,637500.0,0.006099422927945852,54.502369668246445
4.333333333333333,637500.0,0.006937923841178417,53.317535545023695
4.35,637500.0,0.007919123396277428,53.317535545023695
4.366666666666666,637500.0,0.009062273427844048,52.843601895734594
4.383333333333334,637500.0,0.010388425551354885,52.3696682464455
4.4,637500.0,0.011920440942049026,51.8957345971564
4.416666666666667,637500.0,0.013683028519153595,50.4739336492891
4.433333333333334,637500.0,0.01570269651710987,48.34123222748815
4.45,637500.0,0.018007773905992508,48.34123222748815
4.466666666666667,637500.0,0.020628292113542557,47.867298578199055
4.483333333333333,637500.0,0.023595955222845078,46.91943127962085
4.5,637500.0,0.026943903416395187,46.91943127962085
4.516666666666667,637500.0,0.03070635348558426,45.497630331753555
4.533333333333333,637500.0,0.034918710589408875,44.54976303317535
4.55,637500.0,0.039617106318473816,43.3649289099526
4.566666666666666,637500.0,0.04483824595808983,42.89099526066351
4.583333333333333,637500.0,0.050618626177310944,41.943127962085306
4.6,637500.0,0.05699438601732254,40.99526066350711
4.616666666666666,637500.0,0.06400089710950851,40.047393364928915
4.633333333333334,637500.0,0.07167237997055054,39.57345971563981
4.65,637500.0,0.07973533123731613,38.388625592417064
4.666666666666667,637500.0,0.08576539903879166,37.44075829383886
4.683333333333334,637500.0,0.09238842129707336,37.44075829383886
4.7,637500.0,0.09963859617710114,36.96682464454976
4.716666666666667,637500.0,0.1075480505824089,36.018957345971565
4.733333333333333,637500.0,0.11614786088466644,34.59715639810427
4.75,637500.0,0.12546643614768982,31.990521327014214
4.766666666666667,637500.0,0.13552916049957275,31.990521327014214
4.783333333333333,637500.0,0.14635878801345825,31.04265402843602
4.8,637500.0,0.15797463059425354,31.04265402843602
4.816666666666666,637500.0,0.1703927218914032,30.568720379146917
4.833333333333333,637500.0,0.18362398445606232,29.14691943127962
4.85,637500.0,0.19767627120018005,27.488151658767773
4.866666666666666,637500.0,0.2125517874956131,26.540284360189574
4.883333333333334,637500.0,0.22825030982494354,25.59241706161137
4.9,637500.0,0.24476687610149384,24.644549763033176
4.916666666666667,637500.0,0.2620920240879059,23.696682464454977
4.933333333333334,637500.0,0.2802133560180664,22.748815165876778
4.95,637500.0,0.2991141378879547,22.03791469194313
4.966666666666667,637500.0,0.3187752962112427,22.03791469194313
4.983333333333333,637500.0,0.33917415142059326,20.14218009478673
5.0,637500.0,0.36028534173965454,18.72037914691943
5.016666666666667,637500.0,0.38208305835723877,18.246445497630333
5.033333333333333,637500.0,0.4045383334159851,16.824644549763033
5.05,637500.0,0.42762064933776855,15.639810426540285
5.066666666666666,637500.0,0.45130017399787903,14.691943127962084
5.083333333333333,637500.0,0.475544810295105,14.691943127962084
5.1,637500.0,0.5003236532211304,14.691943127962084
5.116666666666666,637500.0,0.5256059169769287,12.322274881516588
5.133333333333334,637500.0,0.5513598918914795,10.42654028436019
5.15,637500.0,0.5775537490844727,9.715639810426541
5.166666666666667,637500.0,0.6041579842567444,9.24170616113744
5.183333333333334,637500.0,0.6311442852020264,8.293838862559241
5.2,637500.0,0.6584855914115906,8.293838862559241
5.216666666666667,637500.0,0.6861577033996582,8.293838862559241
5.233333333333333,637500.0,0.7141311168670654,5.450236966824645
5.25,637500.0,0.7423810958862305,3.7914691943127963
5.266666666666667,637500.0,0.7708880305290222,3.7914691943127963
5.283333333333333,637500.0,0.7996288537979126,3.7914691943127963
5.3,637500.0,0.8285825252532959,3.7914691943127963
5.316666666666666,637500.0,0.8577290773391724,3.7914691943127963
5.333333333333333,637500.0,0.8870531320571899,0.23696682464454977
5.35,637500.0,0.9165402054786682,0.23696682464454977
5.366666666666666,637500.0,0.9461733102798462,0.23696682464454977
5.383333333333334,637500.0,0.9759361147880554,0.23696682464454977
5.4,637500.0,1.00581693649292,0.0
5.416666666666667,637500.0,1.035803198814392,0.0
5.433333333333334,637500.0,1.0658864974975586,0.0
5.45,637500.0,1.0960547924041748,0.0
5.466666666666667,637500.0,1.126298427581787,0.0
5.483333333333333,637500.0,1.1566141843795776,0.0
5.5,637500.0,1.1869899034500122,0.0
5.516666666666667,637500.0,1.217421054840088,0.0
5.533333333333333,637500.0,1.2479031085968018,0.0
5.55,637500.0,1.2784254550933838,0.0
5.566666666666666,637500.0,1.308990478515625,0.0
5.583333333333333,637500.0,1.3395884037017822,0.0
5.6,637500.0,1.370217204093933,0.0
5.616666666666666,637500.0,1.4008779525756836,0.0
5.633333333333334,637500.0,1.4315626621246338,0.0
5.65,637500.0,1.4622637033462524,0.0
5.666666666666667,637500.0,1.4929702281951904,0.0
5.683333333333334,637500.0,1.5236945152282715,0.0
5.7,637500.0,1.5544259548187256,0.0
5.716666666666667,637500.0,1.5851638317108154,0.0
5.733333333333333,637500.0,1.6159074306488037,0.0
5.75,637500.0,1.6466584205627441,0.0
5.766666666666667,637500.0,1.6774078607559204,0.0
5.783333333333333,637500.0,1.7081445455551147,0.0
5.8,637500.0,1.7388736009597778,0.0
5.816666666666666,637500.0,1.7695952653884888,0.0
5.833333333333333,637500.0,1.800299048423767,0.0
5.85,637500.0,1.8309988975524902,0.0
5.866666666666666,637500.0,1.8616695404052734,0.0
5.883333333333334,637500.0,1.8923183679580688,0.0
5.9,637500.0,1.9229402542114258,0.0
5.916666666666667,637500.0,1.9535390138626099,0.0
5.933333333333334,637500.0,1.984109878540039,0.0
5.95,637500.0,2.0146327018737793,0.0
5.966666666666667,637500.0,2.0451292991638184,0.0
5.983333333333333,637500.0,2.0755815505981445,0.0
6.0,637500.0,2.105991840362549,0.0
6.016666666666667,637500.0,2.1363611221313477,0.0
6.033333333333333,637500.0,2.1666746139526367,0.0
6.05,637500.0,2.1969313621520996,0.0
6.066666666666666,637500.0,2.2271411418914795,0.0
6.083333333333333,637500.0,2.2572879791259766,0.0
6.1,637500.0,2.2873740196228027,0.0
6.116666666666666,637500.0,2.317375659942627,0.0
6.133333333333334,637500.0,2.347325325012207,0.0
6.15,637500.0,2.377199411392212,0.0
6.166666666666667,637500.0,2.406999111175537,0.0
6.183333333333334,637500.0,2.4367148876190186,0.0
6.2,637500.0,2.466348648071289,0.0
6.216666666666667,637500.0,2.495901107788086,0.0
6.233333333333333,637500.0,2.5253710746765137,0.0
6.25,637500.0,2.5547428131103516,0.0
6.266666666666667,637500.0,2.584031343460083,0.0
6.283333333333333,637500.0,2.613220691680908,0.0
6.3,637500.0,2.6423213481903076,0.0
6.316666666666666,637500.0,2.671322822570801,0.0
6.333333333333333,637500.0,2.700221061706543,0.0
6.35,637500.0,2.7290127277374268,0.0
6.366666666666666,637500.0,2.757699728012085,0.0
6.383333333333334,637500.0,2.786282539367676,0.0
6.4,637500.0,2.814774513244629,0.0
6.416666666666667,637500.0,2.8431496620178223,0.0
6.433333333333334,637500.0,2.871405601501465,0.0
6.45,637500.0,2.8995561599731445,0.0
6.466666666666667,637500.0,2.9275972843170166,0.0
6.483333333333333,637500.0,2.955521583557129,0.0
6.5,637500.0,2.9833197593688965,0.0
6.516666666666667,637500.0,3.0110080242156982,0.0
6.533333333333333,637500.0,3.0385754108428955,0.0
6.55,637500.0,3.066013813018799,0.0
6.566666666666666,637500.0,3.093337059020996,0.0
6.583333333333333,637500.0,3.1205334663391113,0.0
6.6,637500.0,3.1476082801818848,0.0
6.616666666666666,637500.0,3.174553155899048,0.0
6.633333333333334,637500.0,3.2013726234436035,0.0
6.65,637500.0,3.2280728816986084,0.0
6.666666666666667,637500.0,3.254643440246582,0.0
6.683333333333334,637500.0,3.28108286857605,0.0
6.7,637500.0,3.3073954582214355,0.0
6.716666666666667,637500.0,3.3335702419281006,0.0
6.733333333333333,637500.0,3.3596291542053223,0.0
6.75,637500.0,3.3855481147766113,0.0
6.766666666666667,637500.0,3.411343574523926,0.0
6.783333333333333,637500.0,3.436995029449463,0.0
6.8,637500.0,3.4625191688537598,0.0
6.816666666666666,637500.0,3.4879190921783447,0.0
6.833333333333333,637500.0,3.5131778717041016,0.0
6.85,637500.0,3.538306713104248,0.0
6.866666666666666,637500.0,3.563297748565674,0.0
6.883333333333334,637500.0,3.588156223297119,0.0
6.9,637500.0,3.61287260055542,0.0
6.916666666666667,637500.0,3.637462615966797,0.0
6.933333333333334,637500.0,3.6619129180908203,0.0
6.95,637500.0,3.6862237453460693,0.0
6.966666666666667,637500.0,3.710397243499756,0.0
6.983333333333333,637500.0,3.73443341255188,0.0
7.0,637500.0,3.758333921432495,0.0
7.016666666666667,637500.0,3.7821035385131836,0.0
7.033333333333333,637500.0,3.8057353496551514,0.0
7.05,637500.0,3.829224109649658,0.0
7.066666666666666,637500.0,3.852566719055176,0.0
7.083333333333333,637500.0,3.8757762908935547,0.0
7.1,637500.0,3.8988468647003174,0.0
7.116666666666666,637500.0,3.921776294708252,0.0
7.133333333333334,637500.0,3.944566249847412,0.0
7.15,637500.0,3.967223644256592,0.0
7.166666666666667,637500.0,3.989738941192627,0.0
7.183333333333334,637500.0,4.012129783630371,0.0
7.2,637500.0,4.034359455108643,0.0
7.216666666666667,637500.0,4.056457996368408,0.0
7.233333333333333,637500.0,4.078403472900391,0.0
7.25,637500.0,4.10023307800293,0.0
7.266666666666667,637500.0,4.1219072341918945,0.0
7.283333333333333,637500.0,4.143453598022461,0.0
7.3,637500.0,4.164848804473877,0.0
7.316666666666666,637500.0,4.186119556427002,0.0
7.333333333333333,637500.0,4.207264423370361,0.0
7.35,637500.0,4.228229999542236,0.0
7.366666666666666,637500.0,4.249045372009277,0.0
7.383333333333334,637500.0,4.269758224487305,0.0
7.4,637500.0,4.290326118469238,0.0
7.416666666666667,637500.0,4.310760498046875,0.0
7.433333333333334,637500.0,4.331054210662842,0.0
7.45,637500.0,4.3512115478515625,0.0
7.466666666666667,637500.0,4.371228218078613,0.0
7.483333333333333,637500.0,4.39109992980957,0.0
7.5,637500.0,4.410821914672852,0.0
7.516666666666667,637500.0,4.430425643920898,0.0
7.533333333333333,637500.0,4.44989538192749,0.0
7.55,637500.0,4.469232082366943,0.0
7.566666666666666,637500.0,4.48842716217041,0.0
7.583333333333333,637500.0,4.5074872970581055,0.0
7.6,637500.0,4.52640438079834,0.0
7.616666666666666,637500.0,4.545220375061035,0.0
7.633333333333334,637500.0,4.563858509063721,0.0
7.65,637500.0,4.582394123077393,0.0
7.666666666666667,637500.0,4.600779056549072,0.0
7.683333333333334,637500.0,4.619048118591309,0.0
7.7,637500.0,4.637182235717773,0.0
7.716666666666667,637500.0,4.655180931091309,0.0
7.733333333333333,637500.0,4.6730475425720215,0.0
7.75,637500.0,4.690779685974121,0.0
7.766666666666667,637500.0,4.708375930786133,0.0
7.783333333333333,637500.0,4.725854396820068,0.0
7.8,637500.0,4.743212699890137,0.0
7.816666666666666,637500.0,4.760430335998535,0.0
7.833333333333333,637500.0,4.7775397300720215,0.0
7.85,637500.0,4.794513702392578,0.0
7.866666666666666,637500.0,4.811358451843262,0.0
7.883333333333334,637500.0,4.828066825866699,0.0
7.9,637500.0,4.844667434692383,0.0
7.916666666666667,637500.0,4.861119270324707,0.0
7.933333333333334,637500.0,4.87745475769043,0.0
7.95,637500.0,4.893686294555664,0.0
7.966666666666667,637500.0,4.909782409667969,0.0
7.983333333333333,637500.0,4.92576265335083,0.0
8.0,637500.0,4.941616058349609,0.0
8.016666666666667,637500.0,4.957365036010742,0.0
8.033333333333333,637500.0,4.9729814529418945,0.0
8.05,637500.0,4.9884538650512695,0.0
8.066666666666666,637500.0,5.003838539123535,0.0
8.083333333333334,637500.0,5.019105434417725,0.0
8.1,637500.0,5.0342559814453125,0.0
8.116666666666667,637500.0,5.049273490905762,0.0
8.133333333333333,637500.0,5.064175605773926,0.0
8.15,637500.0,5.078963279724121,0.0
8.166666666666666,637500.0,5.093635559082031,0.0
8.183333333333334,637500.0,5.10817289352417,0.0
8.2,637500.0,5.122629165649414,0.0
8.216666666666667,637500.0,5.136972904205322,0.0
8.233333333333333,637500.0,5.151167869567871,0.0
8.25,637500.0,5.165271759033203,0.0
8.266666666666667,637500.0,5.179263591766357,0.0
8.283333333333333,637500.0,5.193144798278809,0.0
8.3,637500.0,5.206916809082031,0.0
8.316666666666666,637500.0,5.220590114593506,0.0
8.333333333333334,637500.0,5.23414421081543,0.0
8.35,637500.0,5.247576713562012,0.0
8.366666666666667,637500.0,5.260915756225586,0.0
8.383333333333333,637500.0,5.274134635925293,0.0
8.4,637500.0,5.287277698516846,0.0
8.416666666666666,637500.0,5.300319671630859,0.0
8.433333333333334,637500.0,5.313180923461914,0.0
8.45,637500.0,5.325868129730225,0.0
8.466666666666667,637500.0,5.338439464569092,0.0
8.483333333333333,637500.0,5.3509392738342285,0.0
8.5,637500.0,5.363347053527832,0.0
8.516666666666667,637500.0,5.375601768493652,0.0
8.533333333333333,637500.0,5.387829303741455,0.0
8.55,637500.0,5.399913787841797,0.0
8.566666666666666,637500.0,5.411909103393555,0.0
8.583333333333334,637500.0,5.423811435699463,0.0
8.6,637500.0,5.435589790344238,0.0
8.616666666666667,637500.0,5.4473347663879395,0.0
8.633333333333333,637500.0,5.458945274353027,0.0
8.65,637500.0,5.470501899719238,0.0
8.666666666666666,637500.0,5.481943607330322,0.0
8.683333333333334,637500.0,5.4933061599731445,0.0
8.7,637500.0,5.50457239151001,0.0
8.716666666666667,637500.0,5.515732765197754,0.0
8.733333333333333,637500.0,5.52683162689209,0.0
8.75,637500.0,5.5377912521362305,0.0
8.766666666666667,637500.0,5.5487470626831055,0.0
8.783333333333333,637500.0,5.5595808029174805,0.0
8.8,637500.0,5.570344924926758,0.0
8.816666666666666,637500.0,5.58099889755249,0.0
8.833333333333334,637500.0,5.591609001159668,0.0
8.85,637500.0,5.60209321975708,0.0
8.866666666666667,637500.0,5.612520217895508,0.0
8.883333333333333,637500.0,5.622835159301758,0.0
8.9,637500.0,5.633147239685059,0.0
8.916666666666666,637500.0,5.643306255340576,0.0
8.933333333333334,637500.0,5.653440952301025,0.0
8.95,637500.0,5.663434982299805,0.0
8.966666666666667,637500.0,5.673418045043945,0.0
8.983333333333333,637500.0,5.683282852172852,0.0
9.0,637500.0,5.693094730377197,0.0
9.016666666666667,637500.0,5.702835559844971,0.0
9.033333333333333,637500.0,5.71250581741333,0.0
9.05,637500.0,5.7221269607543945,0.0
9.066666666666666,637500.0,5.731636047363281,0.0
9.083333333333334,637500.0,5.741067886352539,0.0
9.1,637500.0,5.750431060791016,0.0
9.116666666666667,637500.0,5.759722709655762,0.0
9.133333333333333,637500.0,5.768933296203613,0.0
9.15,637500.0,5.778074264526367,0.0
9.166666666666666,637500.0,5.787154197692871,0.0
9.183333333333334,637500.0,5.79617977142334,0.0
9.2,637500.0,5.805186748504639,0.0
9.216666666666667,637500.0,5.814078330993652,0.0
9.233333333333333,637500.0,5.822914123535156,0.0
9.25,637500.0,5.831653118133545,0.0
9.266666666666667,637500.0,5.84035587310791,0.0
9.283333333333333,637500.0,5.849003791809082,0.0
9.3,637500.0,5.8575358390808105,0.0
9.316666666666666,637500.0,5.866039276123047,0.0
9.333333333333334,637500.0,5.874448776245117,0.0
9.35,637500.0,5.882828712463379,0.0
9.366666666666667,637500.0,5.891142845153809,0.0
9.383333333333333,637500.0,5.899362564086914,0.0
9.4,637500.0,5.907535552978516,0.0
9.416666666666666,637500.0,5.915618896484375,0.0
9.433333333333334,637500.0,5.923649311065674,0.0
9.45,637500.0,5.931614875793457,0.0
9.466666666666667,637500.0,5.939509868621826,0.0
9.483333333333333,637500.0,5.947333335876465,0.0
9.5,637500.0,5.955077171325684,0.0
9.516666666666667,637500.0,5.962811470031738,0.0
9.533333333333333,637500.0,5.970441818237305,0.0
9.55,637500.0,5.977992057800293,0.0
9.566666666666666,637500.0,5.985503196716309,0.0
9.583333333333334,637500.0,5.992918014526367,0.0
9.6,637500.0,6.000280380249023,0.0
9.616666666666667,637500.0,6.007577419281006,0.0
9.633333333333333,637500.0,6.014830112457275,0.0
9.65,637500.0,6.022007465362549,0.0
9.666666666666666,637500.0,6.029109954833984,0.0
9.683333333333334,637500.0,6.036137104034424,0.0
9.7,637500.0,6.043098449707031,0.0
9.716666666666667,637500.0,6.049988269805908,0.0
9.733333333333333,637500.0,6.0568084716796875,0.0
9.75,637500.0,6.063579082489014,0.0
9.766666666666667,637500.0,6.070346355438232,0.0
9.783333333333333,637500.0,6.077012062072754,0.0
9.8,637500.0,6.083600997924805,0.0
9.816666666666666,637500.0,6.090157508850098,0.0
9.833333333333334,637500.0,6.096620559692383,0.0
9.85,637500.0,6.103025436401367,0.0
9.866666666666667,637500.0,6.109329700469971,0.0
9.883333333333333,637500.0,6.1156134605407715,0.0
9.9,637500.0,6.121857643127441,0.0
9.916666666666666,637500.0,6.127995491027832,0.0
9.933333333333334,637500.0,6.13410758972168,0.0
9.95,637500.0,6.140148162841797,0.0
9.966666666666667,637500.0,6.146127700805664,0.0
9.983333333333333,637500.0,6.1520304679870605,0.0
10.0,637500.0,6.15787410736084,0.0
10.016666666666667,637500.0,6.163681983947754,0.0
0.0,675000.0,9.9702730178833,0.0
0.016666666666666666,675000.0,4.94024133682251,0.0
0.03333333333333333,675000.0,0.5539637207984924,66.11374407582939
0.05,675000.0,0.0,81.99052132701422
0.06666666666666667,675000.0,0.0,82.46445497630332
0.08333333333333333,675000.0,0.0,81.99052132701422
0.1,675000.0,0.0,81.04265402843602
0.11666666666666667,675000.0,0.0,80.56872037914692
0.13333333333333333,675000.0,0.0,80.80568720379146
0.15,675000.0,0.0,81.27962085308057
0.16666666666666666,675000.0,0.0,79.85781990521326
0.18333333333333332,675000.0,0.0,80.80568720379146
0.2,675000.0,0.0,80.56872037914692
0.21666666666666667,675000.0,0.0,81.51658767772511
0.23333333333333334,675000.0,0.0,82.46445497630332
0.25,675000.0,0.0,82.70142180094787
0.26666666666666666,675000.0,0.0,83.17535545023696
0.2833333333333333,675000.0,0.0,83.64928909952607
0.3,675000.0,0.0,84.36018957345972
0.31666666666666665,675000.0,0.0,85.78199052132702
0.3333333333333333,675000.0,0.0,87.20379146919431
0.35,675000.0,0.0,86.96682464454977
0.36666666666666664,675000.0,0.0,87.44075829383885
0.38333333333333336,675000.0,0.0,90.28436018957346
0.4,675000.0,0.0,90.75829383886256
0.4166666666666667,675000.0,0.0,92.89099526066352
0.43333333333333335,675000.0,0.0,94.54976303317537
0.45,675000.0,0.0,96.2085308056872
0.4666666666666667,675000.0,0.0,97.86729857819904
0.48333333333333334,675000.0,0.0,99.52606635071089
0.5,675000.0,0.0,100.0
0.5166666666666667,675000.0,0.0,100.0
0.5333333333333333,675000.0,0.0,100.0
0.55,675000.0,0.0,100.0
0.5666666666666667,675000.0,0.0,100.0
0.5833333333333334,675000.0,0.0,100.0
0.6,675000.0,0.0,100.0
0.6166666666666667,675000.0,0.0,100.0
0.6333333333333333,675000.0,0.0,100.0
0.65,675000.0,0.0,100.0
0.6666666666666666,675000.0,0.0,100.0
0.6833333333333333,675000.0,0.0,100.0
0.7,675000.0,0.0,100.0
0.7166666666666667,675000.0,0.0,100.0
0.7333333333333333,675000.0,0.0,100.0
0.75,675000.0,0.0,100.0
0.7666666666666667,675000.0,0.0,100.0
0.7833333333333333,675000.0,0.0,100.0
0.8,675000.0,0.0,100.0
0.8166666666666667,675000.0,0.0,100.0
0.8333333333333334,675000.0,0.0,100.0
0.85,675000.0,0.0,100.0
0.8666666666666667,675000.0,0.0,100.0
0.8833333333333333,675000.0,0.0,100.0
0.9,675000.0,0.0,100.0
0.9166666666666666,675000.0,0.0,100.0
0.9333333333333333,675000.0,0.0,100.0
0.95,675000.0,0.0,100.0
0.9666666666666667,675000.0,0.0,100.0
0.9833333333333333,675000.0,0.0,100.0
1.0,675000.0,0.0,100.0
1.0166666666666666,675000.0,0.0,100.0
1.0333333333333334,675000.0,0.0,100.0
1.05,675000.0,0.0,100.0
1.0666666666666667,675000.0,0.0,100.0
1.0833333333333333,675000.0,0.0,100.0
1.1,675000.0,0.0,100.0
1.1166666666666667,675000.0,0.0,100.0
1.1333333333333333,675000.0,0.0,100.0
1.15,675000.0,0.0,100.0
1.1666666666666667,675000.0,0.0,100.0
1.1833333333333333,675000.0,0.0,100.0
1.2,675000.0,0.0,100.0
1.2166666666666666,675000.0,0.0,100.0
1.2333333333333334,675000.0,0.0,100.0
1.25,675000.0,0.0,100.0
1.2666666666666666,675000.0,0.0,100.0
1.2833333333333334,675000.0,0.0,100.0
1.3,675000.0,0.0,100.0
1.3166666666666667,675000.0,0.0,100.0
1.3333333333333333,675000.0,0.0,100.0
1.35,675000.0,0.0,100.0
1.3666666666666667,675000.0,0.0,100.0
1.3833333333333333,675000.0,0.0,100.0
1.4,675000.0,0.0,100.0
1.4166666666666667,675000.0,0.0,100.0
1.4333333333333333,675000.0,0.0,100.0
1.45,675000.0,0.0,100.0
1.4666666666666666,675000.0,0.0,100.0
1.4833333333333334,675000.0,0.0,100.0
1.5,675000.0,0.0,100.0
1.5166666666666666,675000.0,0.0,100.0
1.5333333333333334,675000.0,0.0,100.0
1.55,675000.0,0.0,100.0
1.5666666666666667,675000.0,0.0,100.0
1.5833333333333333,675000.0,0.0,100.0
1.6,675000.0,0.0,100.0
1.6166666666666667,675000.0,0.0,100.0
1.6333333333333333,675000.0,0.0,100.0
1.65,675000.0,0.0,100.0
1.6666666666666667,675000.0,0.0,100.0
1.6833333333333333,675000.0,0.0,100.0
1.7,675000.0,0.0,100.0
1.7166666666666666,675000.0,0.0,100.0
1.7333333333333334,675000.0,0.0,100.0
1.75,675000.0,0.0,100.0
1.7666666666666666,675000.0,0.0,100.0
1.7833333333333334,675000.0,0.0,100.0
1.8,675000.0,0.0,100.0
1.8166666666666667,675000.0,0.0,100.0
1.8333333333333333,675000.0,0.0,100.0
1.85,675000.0,0.0,100.0
1.8666666666666667,675000.0,0.0,100.0
1.8833333333333333,675000.0,0.0,100.0
1.9,675000.0,0.0,100.0
1.9166666666666667,675000.0,0.0,100.0
1.9333333333333333,675000.0,0.0,100.0
1.95,675000.0,0.0,100.0
1.9666666666666666,675000.0,0.0,100.0
1.9833333333333334,675000.0,0.0,100.0
2.0,675000.0,0.0,100.0
2.0166666666666666,675000.0,0.0,100.0
2.033333333333333,675000.0,0.0,100.0
2.05,675000.0,0.0,100.0
2.066666666666667,675000.0,0.0,100.0
2.0833333333333335,675000.0,0.0,100.0
2.1,675000.0,0.0,100.0
2.1166666666666667,675000.0,0.0,100.0
2.1333333333333333,675000.0,0.0,100.0
2.15,675000.0,0.0,100.0
2.1666666666666665,675000.0,0.0,100.0
2.183333333333333,675000.0,0.0,100.0
2.2,675000.0,0.0,100.0
2.216666666666667,675000.0,0.0,100.0
2.2333333333333334,675000.0,0.0,100.0
2.25,675000.0,0.0,100.0
2.2666666666666666,675000.0,0.0,100.0
2.283333333333333,675000.0,0.0,100.0
2.3,675000.0,0.0,100.0
2.316666666666667,675000.0,0.0,100.0
2.3333333333333335,675000.0,0.0,100.0
2.35,675000.0,0.0,100.0
2.3666666666666667,675000.0,0.0,100.0
2.3833333333333333,675000.0,0.0,100.0
2.4,675000.0,0.0,100.0
2.4166666666666665,675000.0,0.0,100.0
2.433333333333333,675000.0,0.0,100.0
2.45,675000.0,0.0,100.0
2.466666666666667,675000.0,0.0,100.0
2.4833333333333334,675000.0,0.0,100.0
2.5,675000.0,0.0,100.0
2.5166666666666666,675000.0,0.0,100.0
2.533333333333333,675000.0,0.0,100.0
2.55,675000.0,0.0,100.0
2.566666666666667,675000.0,0.0,100.0
2.5833333333333335,675000.0,0.0,100.0
2.6,675000.0,0.0,100.0
2.6166666666666667,675000.0,0.0,100.0
2.6333333333333333,675000.0,0.0,100.0
2.65,675000.0,0.0,100.0
2.6666666666666665,675000.0,0.0,100.0
2.683333333333333,675000.0,0.0,100.0
2.7,675000.0,0.0,100.0
2.716666666666667,675000.0,0.0,100.0
2.7333333333333334,675000.0,0.0,100.0
2.75,675000.0,0.0,100.0
2.7666666666666666,675000.0,0.0,100.0
2.783333333333333,675000.0,0.0,100.0
2.8,675000.0,0.0,100.0
2.816666666666667,675000.0,0.0,100.0
2.8333333333333335,675000.0,0.0,100.0
2.85,675000.0,0.0,100.0
2.8666666666666667,675000.0,0.0,99.52606635071089
2.8833333333333333,675000.0,0.0,98.5781990521327
2.9,675000.0,0.0,98.5781990521327
2.9166666666666665,675000.0,0.0,98.5781990521327
2.933333333333333,675000.0,0.0,98.5781990521327
2.95,675000.0,0.0,98.5781990521327
2.966666666666667,675000.0,0.0,98.5781990521327
2.9833333333333334,675000.0,0.0,98.5781990521327
3.0,675000.0,0.0,98.10426540284361
3.0166666666666666,675000.0,0.0,98.10426540284361
3.033333333333333,675000.0,0.0,97.1563981042654
3.05,675000.0,0.0,97.1563981042654
3.066666666666667,675000.0,0.0,97.1563981042654
3.0833333333333335,675000.0,0.0,96.2085308056872
3.1,675000.0,0.0,96.2085308056872
3.1166666666666667,675000.0,0.0,96.2085308056872
3.1333333333333333,675000.0,0.0,95.73459715639811
3.15,675000.0,0.0,95.260663507109
3.1666666666666665,675000.0,0.0,94.7867298578199
3.183333333333333,675000.0,0.0,94.7867298578199
3.2,675000.0,0.0,94.7867298578199
3.216666666666667,675000.0,0.0,93.8388625592417
3.2333333333333334,675000.0,0.0,93.8388625592417
3.25,675000.0,0.0,93.36492890995261
3.2666666666666666,675000.0,0.0,92.89099526066352
3.283333333333333,675000.0,0.0,92.89099526066352
3.3,675000.0,0.0,92.41706161137441
3.316666666666667,675000.0,0.0,91.4691943127962
3.3333333333333335,675000.0,0.0,90.99526066350711
3.35,675000.0,0.0,90.52132701421802
3.3666666666666667,675000.0,0.0,90.52132701421802
3.3833333333333333,675000.0,0.0,90.04739336492891
3.4,675000.0,0.0,89.57345971563981
3.4166666666666665,675000.0,0.0,89.57345971563981
3.433333333333333,675000.0,0.0,88.62559241706161
3.45,675000.0,0.0,88.15165876777252
3.466666666666667,675000.0,0.0,87.67772511848341
3.4833333333333334,675000.0,0.0,87.20379146919431
3.5,675000.0,0.0,86.25592417061611
3.5166666666666666,675000.0,0.0,86.25592417061611
3.533333333333333,675000.0,0.0,85.07109004739335
3.55,675000.0,0.0,85.07109004739335
3.566666666666667,675000.0,0.0,84.12322274881517
3.5833333333333335,675000.0,0.0,83.64928909952607
3.6,675000.0,0.0,83.64928909952607
3.6166666666666667,675000.0,0.0,82.70142180094787
3.6333333333333333,675000.0,0.0,82.22748815165876
3.65,675000.0,0.0,81.75355450236967
3.6666666666666665,675000.0,0.0,80.80568720379146
3.683333333333333,675000.0,0.0,80.09478672985783
3.7,675000.0,0.0,79.62085308056872
3.716666666666667,675000.0,0.0,79.62085308056872
3.7333333333333334,675000.0,0.0,79.62085308056872
3.75,675000.0,0.0,78.67298578199052
3.7666666666666666,675000.0,0.0,78.19905213270142
3.783333333333333,675000.0,0.0,77.25118483412322
3.8,675000.0,0.0,77.25118483412322
3.816666666666667,675000.0,0.0,75.35545023696683
3.8333333333333335,675000.0,0.0,74.17061611374407
3.85,675000.0,0.0,73.22274881516587
3.8666666666666667,675000.0,0.0,73.22274881516587
3.8833333333333333,675000.0,0.0,72.74881516587678
3.9,675000.0,0.0,72.27488151658767
3.9166666666666665,675000.0,0.0,71.32701421800948
3.933333333333333,675000.0,0.0,70.85308056872039
3.95,675000.0,0.0,70.85308056872039
3.966666666666667,675000.0,3.6531380942506075e-07,70.14218009478674
3.9833333333333334,675000.0,2.9043550966889597e-05,69.19431279620854
4.0,675000.0,3.346071389387362e-05,68.72037914691943
4.016666666666667,675000.0,5.305794911691919e-05,68.72037914691943
4.033333333333333,675000.0,8.603215974289924e-05,68.72037914691943
4.05,675000.0,0.00013371376553550363,67.77251184834124
4.066666666666666,675000.0,0.00019887050439137965,65.87677725118483
4.083333333333333,675000.0,0.0002851538301911205,65.87677725118483
4.1,675000.0,0.0003969626850448549,64.21800947867298
4.116666666666666,675000.0,0.0005394603358581662,64.21800947867298
4.133333333333334,675000.0,0.000718623457942158,63.270142180094794
4.15,675000.0,0.0009413213119842112,62.32227488151659
4.166666666666667,675000.0,0.0012153966818004847,61.84834123222749
4.183333333333334,675000.0,0.0015497305430471897,61.37440758293838
4.2,675000.0,0.0019543932285159826,59.95260663507109
4.216666666666667,675000.0,0.0024406970478594303,59.47867298578199
4.233333333333333,675000.0,0.0030213044956326485,59.241706161137444
4.25,675000.0,0.003488787915557623,58.29383886255924
4.266666666666667,675000.0,0.003842606209218502,56.872037914691944
4.283333333333333,675000.0,0.0042655812576413155,56.39810426540285
4.3,675000.0,0.004768770188093185,55.45023696682464
4.316666666666666,675000.0,0.005364499986171722,55.45023696682464
4.333333333333333,675000.0,0.006066547706723213,54.502369668246445
4.35,675000.0,0.006890082731842995,53.317535545023695
4.366666666666666,675000.0,0.007851894944906235,53.317535545023695
4.383333333333334,675000.0,0.008970338851213455,52.843601895734594
4.4,675000.0,0.010265469551086426,52.3696682464455
4.416666666666667,675000.0,0.011759031563997269,51.8957345971564
4.433333333333334,675000.0,0.013474533334374428,50.4739336492891
4.45,675000.0,0.015437128953635693,48.5781990521327
4.466666666666667,675000.0,0.017673663794994354,48.34123222748815
4.483333333333333,675000.0,0.02021254040300846,47.867298578199055
4.5,675000.0,0.023083746433258057,46.91943127962085
4.516666666666667,675000.0,0.026318617165088654,46.91943127962085
4.533333333333333,675000.0,0.029949601739645004,45.497630331753555
4.55,675000.0,0.03401005268096924,45.497630331753555
4.566666666666666,675000.0,0.03853432461619377,43.838862559241704
4.583333333333333,675000.0,0.043557003140449524,43.3649289099526
4.6,675000.0,0.04911278933286667,41.943127962085306
4.616666666666666,675000.0,0.05523587763309479,40.99526066350711
4.633333333333334,675000.0,0.06196001172065735,40.52132701421801
4.65,675000.0,0.06931781768798828,39.57345971563981
4.666666666666667,675000.0,0.07734037935733795,38.862559241706165
4.683333333333334,675000.0,0.08360489457845688,38.388625592417064
4.7,675000.0,0.08991779386997223,37.44075829383886
4.716666666666667,675000.0,0.09682448953390121,37.44075829383886
4.733333333333333,675000.0,0.10435587167739868,36.96682464454976
4.75,675000.0,0.11254158616065979,35.07109004739337
4.766666666666667,675000.0,0.12140912562608719,33.175355450236964
4.783333333333333,675000.0,0.13098368048667908,31.990521327014214
4.8,675000.0,0.14128711819648743,31.516587677725116
4.816666666666666,675000.0,0.15233880281448364,31.04265402843602
4.833333333333333,675000.0,0.16415466368198395,30.568720379146917
4.85,675000.0,0.17674699425697327,30.568720379146917
4.866666666666666,675000.0,0.19012391567230225,29.14691943127962
4.883333333333334,675000.0,0.20429003238677979,26.540284360189574
4.9,675000.0,0.2192460596561432,26.066350710900476
4.916666666666667,675000.0,0.2349882870912552,25.118483412322274
4.933333333333334,675000.0,0.2515101730823517,24.644549763033176
4.95,675000.0,0.26880091428756714,23.696682464454977
4.966666666666667,675000.0,0.2868463397026062,22.748815165876778
4.983333333333333,675000.0,0.305629700422287,22.03791469194313
5.0,675000.0,0.3251309096813202,22.03791469194313
5.016666666666667,675000.0,0.3453277349472046,19.194312796208532
5.033333333333333,675000.0,0.3661958873271942,18.246445497630333
5.05,675000.0,0.3877094089984894,17.77251184834123
5.066666666666666,675000.0,0.4098412096500397,16.824644549763033
5.083333333333333,675000.0,0.43256109952926636,15.639810426540285
5.1,675000.0,0.45584017038345337,14.691943127962084
5.116666666666666,675000.0,0.4796489477157593,14.691943127962084
5.133333333333334,675000.0,0.5039582252502441,14.691943127962084
5.15,675000.0,0.5287381410598755,12.322274881516588
5.166666666666667,675000.0,0.5539597868919373,10.42654028436019
5.183333333333334,675000.0,0.5795940160751343,9.715639810426541
5.2,675000.0,0.605612576007843,9.24170616113744
5.216666666666667,675000.0,0.631987988948822,8.293838862559241
5.233333333333333,675000.0,0.6586955189704895,8.293838862559241
5.25,675000.0,0.6857106685638428,8.293838862559241
5.266666666666667,675000.0,0.7130085825920105,5.924170616113744
5.283333333333333,675000.0,0.740566074848175,4.265402843601896
5.3,675000.0,0.7683652639389038,3.7914691943127963
5.316666666666666,675000.0,0.7963839173316956,3.7914691943127963
5.333333333333333,675000.0,0.8246012926101685,3.7914691943127963
5.35,675000.0,0.8530006408691406,3.7914691943127963
5.366666666666666,675000.0,0.8815683126449585,0.47393364928909953
5.383333333333334,675000.0,0.9102877974510193,0.23696682464454977
5.4,675000.0,0.9391433000564575,0.23696682464454977
5.416666666666667,675000.0,0.9681230783462524,0.23696682464454977
5.433333333333334,675000.0,0.9972167611122131,0.23696682464454977
5.45,675000.0,1.0264132022857666,0.0
5.466666666666667,675000.0,1.0557012557983398,0.0
5.483333333333333,675000.0,1.0850703716278076,0.0
5.5,675000.0,1.1145120859146118,0.0
5.516666666666667,675000.0,1.1440207958221436,0.0
5.533333333333333,675000.0,1.1735875606536865,0.0
5.55,675000.0,1.2032136917114258,0.0
5.566666666666666,675000.0,1.232881784439087,0.0
5.583333333333333,675000.0,1.2625882625579834,0.0
5.6,675000.0,1.292335033416748,0.0
5.616666666666666,675000.0,1.3221170902252197,0.0
5.633333333333334,675000.0,1.3519299030303955,0.0
5.65,675000.0,1.3817580938339233,0.0
5.666666666666667,675000.0,1.4116110801696777,0.0
5.683333333333334,675000.0,1.4414777755737305,0.0
5.7,675000.0,1.4713534116744995,0.0
5.716666666666667,675000.0,1.5012483596801758,0.0
5.733333333333333,675000.0,1.5311455726623535,0.0
5.75,675000.0,1.561047077178955,0.0
5.766666666666667,675000.0,1.5909518003463745,0.0
5.783333333333333,675000.0,1.6208529472351074,0.0
5.8,675000.0,1.6507501602172852,0.0
5.816666666666666,675000.0,1.6806435585021973,0.0
5.833333333333333,675000.0,1.7105236053466797,0.0
5.85,675000.0,1.7403936386108398,0.0
5.866666666666666,675000.0,1.7702512741088867,0.0
5.883333333333334,675000.0,1.8000943660736084,0.0
5.9,675000.0,1.829912781715393,0.0
5.916666666666667,675000.0,1.859705924987793,0.0
5.933333333333334,675000.0,1.8894681930541992,0.0
5.95,675000.0,1.9192039966583252,0.0
5.966666666666667,675000.0,1.948901891708374,0.0
5.983333333333333,675000.0,1.9785659313201904,0.0
6.0,675000.0,2.008200168609619,0.0
6.016666666666667,675000.0,2.037778377532959,0.0
6.033333333333333,675000.0,2.067328691482544,0.0
6.05,675000.0,2.0968260765075684,0.0
6.066666666666666,675000.0,2.126272201538086,0.0
6.083333333333333,675000.0,2.155668020248413,0.0
6.1,675000.0,2.185006856918335,0.0
6.116666666666666,675000.0,2.214263439178467,0.0
6.133333333333334,675000.0,2.243467330932617,0.0
6.15,675000.0,2.2726035118103027,0.0
6.166666666666667,675000.0,2.3016769886016846,0.0
6.183333333333334,675000.0,2.3306779861450195,0.0
6.2,675000.0,2.35960054397583,0.0
6.216666666666667,675000.0,2.388441801071167,0.0
6.233333333333333,675000.0,2.4172027111053467,0.0
6.25,675000.0,2.4458882808685303,0.0
6.266666666666667,675000.0,2.474470853805542,0.0
6.283333333333333,675000.0,2.502974510192871,0.0
6.3,675000.0,2.5313987731933594,0.0
6.316666666666666,675000.0,2.5597262382507324,0.0
6.333333333333333,675000.0,2.5879592895507812,0.0
6.35,675000.0,2.6160976886749268,0.0
6.366666666666666,675000.0,2.644134044647217,0.0
6.383333333333334,675000.0,2.6720709800720215,0.0
6.4,675000.0,2.6999051570892334,0.0
6.416666666666667,675000.0,2.7276272773742676,0.0
6.433333333333334,675000.0,2.755244493484497,0.0
6.45,675000.0,2.7827603816986084,0.0
6.466666666666667,675000.0,2.810164213180542,0.0
6.483333333333333,675000.0,2.837453842163086,0.0
6.5,675000.0,2.8646371364593506,0.0
6.516666666666667,675000.0,2.8917012214660645,0.0
6.533333333333333,675000.0,2.918659210205078,0.0
6.55,675000.0,2.9455056190490723,0.0
6.566666666666666,675000.0,2.97222900390625,0.0
6.583333333333333,675000.0,2.998838424682617,0.0
6.6,675000.0,3.0253281593322754,0.0
6.616666666666666,675000.0,3.051701545715332,0.0
6.633333333333334,675000.0,3.0779476165771484,0.0
6.65,675000.0,3.104069232940674,0.0
6.666666666666667,675000.0,3.130074977874756,0.0
6.683333333333334,675000.0,3.1559526920318604,0.0
6.7,675000.0,3.181708335876465,0.0
6.716666666666667,675000.0,3.2073357105255127,0.0
6.733333333333333,675000.0,3.2328362464904785,0.0
6.75,675000.0,3.2582144737243652,0.0
6.766666666666667,675000.0,3.2834675312042236,0.0
6.783333333333333,675000.0,3.308591604232788,0.0
6.8,675000.0,3.333587169647217,0.0
6.816666666666666,675000.0,3.3584537506103516,0.0
6.833333333333333,675000.0,3.383190393447876,0.0
6.85,675000.0,3.407804250717163,0.0
6.866666666666666,675000.0,3.432279109954834,0.0
6.883333333333334,675000.0,3.456631898880005,0.0
6.9,675000.0,3.4808402061462402,0.0
6.916666666666667,675000.0,3.5049285888671875,0.0
6.933333333333334,675000.0,3.5288782119750977,0.0
6.95,675000.0,3.552699565887451,0.0
6.966666666666667,675000.0,3.576387405395508,0.0
6.983333333333333,675000.0,3.5999372005462646,0.0
7.0,675000.0,3.623354434967041,0.0
7.016666666666667,675000.0,3.6466307640075684,0.0
7.033333333333333,675000.0,3.6697938442230225,0.0
7.05,675000.0,3.6928036212921143,0.0
7.066666666666666,675000.0,3.7156925201416016,0.0
7.083333333333333,675000.0,3.738435745239258,0.0
7.1,675000.0,3.7610483169555664,0.0
7.116666666666666,675000.0,3.783524990081787,0.0
7.133333333333334,675000.0,3.8058581352233887,0.0
7.15,675000.0,3.8280725479125977,0.0
7.166666666666667,675000.0,3.850137948989868,0.0
7.183333333333334,675000.0,3.872075080871582,0.0
7.2,675000.0,3.8938708305358887,0.0
7.216666666666667,675000.0,3.9155337810516357,0.0
7.233333333333333,675000.0,3.937053918838501,0.0
7.25,675000.0,3.958442211151123,0.0
7.266666666666667,675000.0,3.9797019958496094,0.0
7.283333333333333,675000.0,4.0008134841918945,0.0
7.3,675000.0,4.021787166595459,0.0
7.316666666666666,675000.0,4.042639255523682,0.0
7.333333333333333,675000.0,4.063358306884766,0.0
7.35,675000.0,4.083927631378174,0.0
7.366666666666666,675000.0,4.104366302490234,0.0
7.383333333333334,675000.0,4.124673843383789,0.0
7.4,675000.0,4.1448564529418945,0.0
7.416666666666667,675000.0,4.16487979888916,0.0
7.433333333333334,675000.0,4.184773921966553,0.0
7.45,675000.0,4.204555511474609,0.0
7.466666666666667,675000.0,4.2241902351379395,0.0
7.483333333333333,675000.0,4.243708610534668,0.0
7.5,675000.0,4.263056755065918,0.0
7.516666666666667,675000.0,4.282275199890137,0.0
7.533333333333333,675000.0,4.301386833190918,0.0
7.55,675000.0,4.320372581481934,0.0
7.566666666666666,675000.0,4.339203357696533,0.0
7.583333333333333,675000.0,4.35790491104126,0.0
7.6,675000.0,4.376482963562012,0.0
7.616666666666666,675000.0,4.394932746887207,0.0
7.633333333333334,675000.0,4.413244724273682,0.0
7.65,675000.0,4.431419372558594,0.0
7.666666666666667,675000.0,4.449470520019531,0.0
7.683333333333334,675000.0,4.467384338378906,0.0
7.7,675000.0,4.485184669494629,0.0
7.716666666666667,675000.0,4.502865314483643,0.0
7.733333333333333,675000.0,4.52041482925415,0.0
7.75,675000.0,4.537827968597412,0.0
7.766666666666667,675000.0,4.555108070373535,0.0
7.783333333333333,675000.0,4.572290420532227,0.0
7.8,675000.0,4.5893049240112305,0.0
7.816666666666666,675000.0,4.606227874755859,0.0
7.833333333333333,675000.0,4.62300968170166,0.0
7.85,675000.0,4.639679908752441,0.0
7.866666666666666,675000.0,4.6562347412109375,0.0
7.883333333333334,675000.0,4.672658920288086,0.0
7.9,675000.0,4.688960075378418,0.0
7.916666666666667,675000.0,4.70512580871582,0.0
7.933333333333334,675000.0,4.721196174621582,0.0
7.95,675000.0,4.737138748168945,0.0
7.966666666666667,675000.0,4.752934455871582,0.0
7.983333333333333,675000.0,4.768594741821289,0.0
8.0,675000.0,4.784186363220215,0.0
8.016666666666667,675000.0,4.799642086029053,0.0
8.033333333333333,675000.0,4.8149871826171875,0.0
8.05,675000.0,4.830185890197754,0.0
8.066666666666666,675000.0,4.845283508300781,0.0
8.083333333333334,675000.0,4.86027193069458,0.0
8.1,675000.0,4.875119209289551,0.0
8.116666666666667,675000.0,4.889866828918457,0.0
8.133333333333333,675000.0,4.904505252838135,0.0
8.15,675000.0,4.919010639190674,0.0
8.166666666666666,675000.0,4.933409690856934,0.0
8.183333333333334,675000.0,4.947718620300293,0.0
8.2,675000.0,4.961905002593994,0.0
8.216666666666667,675000.0,4.975984573364258,0.0
8.233333333333333,675000.0,4.9899396896362305,0.0
8.25,675000.0,5.003800392150879,0.0
8.266666666666667,675000.0,5.017541885375977,0.0
8.283333333333333,675000.0,5.031188488006592,0.0
8.3,675000.0,5.044726371765137,0.0
8.316666666666666,675000.0,5.058140754699707,0.0
8.333333333333334,675000.0,5.071464538574219,0.0
8.35,675000.0,5.084675312042236,0.0
8.366666666666667,675000.0,5.09776496887207,0.0
8.383333333333333,675000.0,5.110664367675781,0.0
8.4,675000.0,5.123417854309082,0.0
8.416666666666666,675000.0,5.136058330535889,0.0
8.433333333333334,675000.0,5.148612976074219,0.0
8.45,675000.0,5.161059379577637,0.0
8.466666666666667,675000.0,5.173397064208984,0.0
8.483333333333333,675000.0,5.185647010803223,0.0
8.5,675000.0,5.197810173034668,0.0
8.516666666666667,675000.0,5.209893226623535,0.0
8.533333333333333,675000.0,5.2218523025512695,0.0
8.55,675000.0,5.233726501464844,0.0
8.566666666666666,675000.0,5.2454938888549805,0.0
8.583333333333334,675000.0,5.257204055786133,0.0
8.6,675000.0,5.268808364868164,0.0
8.616666666666667,675000.0,5.280305862426758,0.0
8.633333333333333,675000.0,5.291716575622559,0.0
8.65,675000.0,5.303023338317871,0.0
8.666666666666666,675000.0,5.3142619132995605,0.0
8.683333333333334,675000.0,5.325395584106445,0.0
8.7,675000.0,5.336440086364746,0.0
8.716666666666667,675000.0,5.347399711608887,0.0
8.733333333333333,675000.0,5.358295917510986,0.0
8.75,675000.0,5.369105339050293,0.0
8.766666666666667,675000.0,5.379781246185303,0.0
8.783333333333333,675000.0,5.390418529510498,0.0
8.8,675000.0,5.40099573135376,0.0
8.816666666666666,675000.0,5.411467552185059,0.0
8.833333333333334,675000.0,5.421820640563965,0.0
8.85,675000.0,5.432134628295898,0.0
8.866666666666667,675000.0,5.442356109619141,0.0
8.883333333333333,675000.0,5.4524970054626465,0.0
8.9,675000.0,5.462558746337891,0.0
8.916666666666666,675000.0,5.472551345825195,0.0
8.933333333333334,675000.0,5.4824724197387695,0.0
8.95,675000.0,5.492303848266602,0.0
8.966666666666667,675000.0,5.502062797546387,0.0
8.983333333333333,675000.0,5.511733055114746,0.0
9.0,675000.0,5.5213727951049805,0.0
9.016666666666667,675000.0,5.530888557434082,0.0
9.033333333333333,675000.0,5.5403642654418945,0.0
9.05,675000.0,5.549741744995117,0.0
9.066666666666666,675000.0,5.559083938598633,0.0
9.083333333333334,675000.0,5.568337917327881,0.0
9.1,675000.0,5.577526569366455,0.0
9.116666666666667,675000.0,5.586638450622559,0.0
9.133333333333333,675000.0,5.595664024353027,0.0
9.15,675000.0,5.60468864440918,0.0
9.166666666666666,675000.0,5.613611221313477,0.0
9.183333333333334,675000.0,5.622439384460449,0.0
9.2,675000.0,5.631229400634766,0.0
9.216666666666667,675000.0,5.639932632446289,0.0
9.233333333333333,675000.0,5.6486358642578125,0.0
9.25,675000.0,5.657215595245361,0.0
9.266666666666667,675000.0,5.665726661682129,0.0
9.283333333333333,675000.0,5.674192428588867,0.0
9.3,675000.0,5.682573318481445,0.0
9.316666666666666,675000.0,5.690953254699707,0.0
9.333333333333334,675000.0,5.699191570281982,0.0
9.35,675000.0,5.707411289215088,0.0
9.366666666666667,675000.0,5.715582847595215,0.0
9.383333333333333,675000.0,5.7236433029174805,0.0
9.4,675000.0,5.731690406799316,0.0
9.416666666666666,675000.0,5.7396392822265625,0.0
9.433333333333334,675000.0,5.747518062591553,0.0
9.45,675000.0,5.755349636077881,0.0
9.466666666666667,675000.0,5.763096809387207,0.0
9.483333333333333,675000.0,5.770825386047363,0.0
9.5,675000.0,5.778443336486816,0.0
9.516666666666667,675000.0,5.786014556884766,0.0
9.533333333333333,675000.0,5.793511390686035,0.0
9.55,675000.0,5.800942420959473,0.0
9.566666666666666,675000.0,5.808323383331299,0.0
9.583333333333334,675000.0,5.81563663482666,0.0
9.6,675000.0,5.822900772094727,0.0
9.616666666666667,675000.0,5.830092430114746,0.0
9.633333333333333,675000.0,5.83719539642334,0.0
9.65,675000.0,5.84428596496582,0.0
9.666666666666666,675000.0,5.8512983322143555,0.0
9.683333333333334,675000.0,5.858237266540527,0.0
9.7,675000.0,5.865116119384766,0.0
9.716666666666667,675000.0,5.871917247772217,0.0
9.733333333333333,675000.0,5.878686428070068,0.0
9.75,675000.0,5.885406494140625,0.0
9.766666666666667,675000.0,5.892045021057129,0.0
9.783333333333333,675000.0,5.898627281188965,0.0
9.8,675000.0,5.905116081237793,0.0
9.816666666666666,675000.0,5.911562919616699,0.0
9.833333333333334,675000.0,5.917992115020752,0.0
9.85,675000.0,5.924283027648926,0.0
9.866666666666667,675000.0,5.9305548667907715,0.0
9.883333333333333,675000.0,5.936775207519531,0.0
9.9,675000.0,5.942899703979492,0.0
9.916666666666666,675000.0,5.948987007141113,0.0
9.933333333333334,675000.0,5.954996109008789,0.0
9.95,675000.0,5.960960388183594,0.0
9.966666666666667,675000.0,5.966875076293945,0.0
9.983333333333333,675000.0,5.9727277755737305,0.0
10.0,675000.0,5.978533744812012,0.0
10.016666666666667,675000.0,5.984311103820801,0.0
0.0,712500.0,9.9702730178833,0.0
0.016666666666666666,712500.0,4.940221786499023,0.0
0.03333333333333333,712500.0,0.5539160966873169,66.11374407582939
0.05,712500.0,0.0,81.99052132701422
0.06666666666666667,712500.0,0.0,82.46445497630332
0.08333333333333333,712500.0,0.0,81.99052132701422
0.1,712500.0,0.0,81.04265402843602
0.11666666666666667,712500.0,0.0,80.56872037914692
0.13333333333333333,712500.0,0.0,80.80568720379146
0.15,712500.0,0.0,81.27962085308057
0.16666666666666666,712500.0,0.0,79.85781990521326
0.18333333333333332,712500.0,0.0,80.80568720379146
0.2,712500.0,0.0,80.56872037914692
0.21666666666666667,712500.0,0.0,81.51658767772511
0.23333333333333334,712500.0,0.0,82.46445497630332
0.25,712500.0,0.0,82.70142180094787
0.26666666666666666,712500.0,0.0,83.17535545023696
0.2833333333333333,712500.0,0.0,83.64928909952607
0.3,712500.0,0.0,84.36018957345972
0.31666666666666665,712500.0,0.0,85.78199052132702
0.3333333333333333,712500.0,0.0,87.20379146919431
0.35,712500.0,0.0,86.96682464454977
0.36666666666666664,712500.0,0.0,87.44075829383885
0.38333333333333336,712500.0,0.0,90.28436018957346
0.4,712500.0,0.0,90.75829383886256
0.4166666666666667,712500.0,0.0,93.36492890995261
0.43333333333333335,712500.0,0.0,94.54976303317537
0.45,712500.0,0.0,96.2085308056872
0.4666666666666667,712500.0,0.0,97.86729857819904
0.48333333333333334,712500.0,0.0,99.52606635071089
0.5,712500.0,0.0,100.0
0.5166666666666667,712500.0,0.0,100.0
0.5333333333333333,712500.0,0.0,100.0
0.55,712500.0,0.0,100.0
0.5666666666666667,712500.0,0.0,100.0
0.5833333333333334,712500.0,0.0,100.0
0.6,712500.0,0.0,100.0
0.6166666666666667,712500.0,0.0,100.0
0.6333333333333333,712500.0,0.0,100.0
0.65,712500.0,0.0,100.0
0.6666666666666666,712500.0,0.0,100.0
0.6833333333333333,712500.0,0.0,100.0
0.7,712500.0,0.0,100.0
0.7166666666666667,712500.0,0.0,100.0
0.7333333333333333,712500.0,0.0,100.0
0.75,712500.0,0.0,100.0
0.7666666666666667,712500.0,0.0,100.0
0.7833333333333333,712500.0,0.0,100.0
0.8,712500.0,0.0,100.0
0.8166666666666667,712500.0,0.0,100.0
0.8333333333333334,712500.0,0.0,100.0
0.85,712500.0,0.0,100.0
0.8666666666666667,712500.0,0.0,100.0
0.8833333333333333,712500.0,0.0,100.0
0.9,712500.0,0.0,100.0
0.9166666666666666,712500.0,0.0,100.0
0.9333333333333333,712500.0,0.0,100.0
0.95,712500.0,0.0,100.0
0.9666666666666667,712500.0,0.0,100.0
0.9833333333333333,712500.0,0.0,100.0
1.0,712500.0,0.0,100.0
1.0166666666666666,712500.0,0.0,100.0
1.0333333333333334,712500.0,0.0,100.0
1.05,712500.0,0.0,100.0
1.0666666666666667,712500.0,0.0,100.0
1.0833333333333333,712500.0,0.0,100.0
1.1,712500.0,0.0,100.0
1.1166666666666667,712500.0,0.0,100.0
1.1333333333333333,712500.0,0.0,100.0
1.15,712500.0,0.0,100.0
1.1666666666666667,712500.0,0.0,100.0
1.1833333333333333,712500.0,0.0,100.0
1.2,712500.0,0.0,100.0
1.2166666666666666,712500.0,0.0,100.0
1.2333333333333334,712500.0,0.0,100.0
1.25,712500.0,0.0,100.0
1.2666666666666666,712500.0,0.0,100.0
1.2833333333333334,712500.0,0.0,100.0
1.3,712500.0,0.0,100.0
1.3166666666666667,712500.0,0.0,100.0
1.3333333333333333,712500.0,0.0,100.0
1.35,712500.0,0.0,100.0
1.3666666666666667,712500.0,0.0,100.0
1.3833333333333333,712500.0,0.0,100.0
1.4,712500.0,0.0,100.0
1.4166666666666667,712500.0,0.0,100.0
1.4333333333333333,712500.0,0.0,100.0
1.45,712500.0,0.0,100.0
1.4666666666666666,712500.0,0.0,100.0
1.4833333333333334,712500.0,0.0,100.0
1.5,712500.0,0.0,100.0
1.5166666666666666,712500.0,0.0,100.0
1.5333333333333334,712500.0,0.0,100.0
1.55,712500.0,0.0,100.0
1.5666666666666667,712500.0,0.0,100.0
1.5833333333333333,712500.0,0.0,100.0
1.6,712500.0,0.0,100.0
1.6166666666666667,712500.0,0.0,100.0
1.6333333333333333,712500.0,0.0,100.0
1.65,712500.0,0.0,100.0
1.6666666666666667,712500.0,0.0,100.0
1.6833333333333333,712500.0,0.0,100.0
1.7,712500.0,0.0,100.0
1.7166666666666666,712500.0,0.0,100.0
1.7333333333333334,712500.0,0.0,100.0
1.75,712500.0,0.0,100.0
1.7666666666666666,712500.0,0.0,100.0
1.7833333333333334,712500.0,0.0,100.0
1.8,712500.0,0.0,100.0
1.8166666666666667,712500.0,0.0,100.0
1.8333333333333333,712500.0,0.0,100.0
1.85,712500.0,0.0,100.0
1.8666666666666667,712500.0,0.0,100.0
1.8833333333333333,712500.0,0.0,100.0
1.9,712500.0,0.0,100.0
1.9166666666666667,712500.0,0.0,100.0
1.9333333333333333,712500.0,0.0,100.0
1.95,712500.0,0.0,100.0
1.9666666666666666,712500.0,0.0,100.0
1.9833333333333334,712500.0,0.0,100.0
2.0,712500.0,0.0,100.0
2.0166666666666666,712500.0,0.0,100.0
2.033333333333333,712500.0,0.0,100.0
2.05,712500.0,0.0,100.0
2.066666666666667,712500.0,0.0,100.0
2.0833333333333335,712500.0,0.0,100.0
2.1,712500.0,0.0,100.0
2.1166666666666667,712500.0,0.0,100.0
2.1333333333333333,712500.0,0.0,100.0
2.15,712500.0,0.0,100.0
2.1666666666666665,712500.0,0.0,100.0
2.183333333333333,712500.0,0.0,100.0
2.2,712500.0,0.0,100.0
2.216666666666667,712500.0,0.0,100.0
2.2333333333333334,712500.0,0.0,100.0
2.25,712500.0,0.0,100.0
2.2666666666666666,712500.0,0.0,100.0
2.283333333333333,712500.0,0.0,100.0
2.3,712500.0,0.0,100.0
2.316666666666667,712500.0,0.0,100.0
2.3333333333333335,712500.0,0.0,100.0
2.35,712500.0,0.0,100.0
2.3666666666666667,712500.0,0.0,100.0
2.3833333333333333,712500.0,0.0,100.0
2.4,712500.0,0.0,100.0
2.4166666666666665,712500.0,0.0,100.0
2.433333333333333,712500.0,0.0,100.0
2.45,712500.0,0.0,100.0
2.466666666666667,712500.0,0.0,100.0
2.4833333333333334,712500.0,0.0,100.0
2.5,712500.0,0.0,100.0
2.5166666666666666,712500.0,0.0,100.0
2.533333333333333,712500.0,0.0,100.0
2.55,712500.0,0.0,100.0
2.566666666666667,712500.0,0.0,100.0
2.5833333333333335,712500.0,0.0,100.0
2.6,712500.0,0.0,100.0
2.6166666666666667,712500.0,0.0,100.0
2.6333333333333333,712500.0,0.0,100.0
2.65,712500.0,0.0,100.0
2.6666666666666665,712500.0,0.0,100.0
2.683333333333333,712500.0,0.0,100.0
2.7,712500.0,0.0,100.0
2.716666666666667,712500.0,0.0,100.0
2.7333333333333334,712500.0,0.0,100.0
2.75,712500.0,0.0,100.0
2.7666666666666666,712500.0,0.0,100.0
2.783333333333333,712500.0,0.0,100.0
2.8,712500.0,0.0,100.0
2.816666666666667,712500.0,0.0,100.0
2.8333333333333335,712500.0,0.0,100.0
2.85,712500.0,0.0,100.0
2.8666666666666667,712500.0,0.0,100.0
2.8833333333333333,712500.0,0.0,99.0521327014218
2.9,712500.0,0.0,98.5781990521327
2.9166666666666665,712500.0,0.0,98.5781990521327
2.933333333333333,712500.0,0.0,98.5781990521327
2.95,712500.0,0.0,98.5781990521327
2.966666666666667,712500.0,0.0,98.5781990521327
2.9833333333333334,712500.0,0.0,98.5781990521327
3.0,712500.0,0.0,98.5781990521327
3.0166666666666666,712500.0,0.0,98.10426540284361
3.033333333333333,712500.0,0.0,97.1563981042654
3.05,712500.0,0.0,97.1563981042654
3.066666666666667,712500.0,0.0,97.1563981042654
3.0833333333333335,712500.0,0.0,96.2085308056872
3.1,712500.0,0.0,96.2085308056872
3.1166666666666667,712500.0,0.0,96.2085308056872
3.1333333333333333,712500.0,0.0,96.2085308056872
3.15,712500.0,0.0,95.260663507109
3.1666666666666665,712500.0,0.0,95.260663507109
3.183333333333333,712500.0,0.0,94.7867298578199
3.2,712500.0,0.0,94.7867298578199
3.216666666666667,712500.0,0.0,94.7867298578199
3.2333333333333334,712500.0,0.0,93.8388625592417
3.25,712500.0,0.0,93.8388625592417
3.2666666666666666,712500.0,0.0,92.89099526066352
3.283333333333333,712500.0,0.0,92.89099526066352
3.3,712500.0,0.0,92.89099526066352
3.316666666666667,712500.0,0.0,91.9431279620853
3.3333333333333335,712500.0,0.0,91.4691943127962
3.35,712500.0,0.0,90.99526066350711
3.3666666666666667,712500.0,0.0,90.52132701421802
3.3833333333333333,712500.0,0.0,90.04739336492891
3.4,712500.0,0.0,89.57345971563981
3.4166666666666665,712500.0,0.0,89.57345971563981
3.433333333333333,712500.0,0.0,89.0995260663507
3.45,712500.0,0.0,88.62559241706161
3.466666666666667,712500.0,0.0,87.67772511848341
3.4833333333333334,712500.0,0.0,87.20379146919431
3.5,712500.0,0.0,87.20379146919431
3.5166666666666666,712500.0,0.0,86.25592417061611
3.533333333333333,712500.0,0.0,85.54502369668246
3.55,712500.0,0.0,85.07109004739335
3.566666666666667,712500.0,0.0,84.59715639810426
3.5833333333333335,712500.0,0.0,83.64928909952607
3.6,712500.0,0.0,83.64928909952607
3.6166666666666667,712500.0,0.0,83.17535545023696
3.6333333333333333,712500.0,0.0,82.22748815165876
3.65,712500.0,0.0,82.22748815165876
3.6666666666666665,712500.0,0.0,81.75355450236967
3.683333333333333,712500.0,0.0,80.80568720379146
3.7,712500.0,0.0,80.09478672985783
3.716666666666667,712500.0,0.0,79.62085308056872
3.7333333333333334,712500.0,0.0,79.62085308056872
3.75,712500.0,0.0,79.14691943127961
3.7666666666666666,712500.0,0.0,78.67298578199052
3.783333333333333,712500.0,0.0,77.72511848341233
3.8,712500.0,0.0,77.25118483412322
3.816666666666667,712500.0,0.0,77.25118483412322
3.8333333333333335,712500.0,0.0,74.88151658767772
3.85,712500.0,0.0,74.17061611374407
3.8666666666666667,712500.0,0.0,73.22274881516587
3.8833333333333333,712500.0,0.0,73.22274881516587
3.9,712500.0,0.0,72.74881516587678
3.9166666666666665,712500.0,0.0,72.27488151658767
3.933333333333333,712500.0,0.0,71.32701421800948
3.95,712500.0,0.0,70.85308056872039
3.966666666666667,712500.0,0.0,70.37914691943128
3.9833333333333334,712500.0,3.1514161946688546e-06,70.14218009478674
4.0,712500.0,2.6723835617303848e-05,69.19431279620854
4.016666666666667,712500.0,3.397272666916251e-05,68.72037914691943
4.033333333333333,712500.0,5.55829428776633e-05,68.72037914691943
4.05,712500.0,9.042332385433838e-05,68.72037914691943
4.066666666666666,712500.0,0.0001400587207172066,67.77251184834124
4.083333333333333,712500.0,0.00020731845870614052,65.87677725118483
4.1,712500.0,0.0002958502736873925,65.40284360189574
4.116666666666666,712500.0,0.00041000646888278425,64.21800947867298
4.133333333333334,712500.0,0.0005548826884478331,64.21800947867298
4.15,712500.0,0.0007363599725067616,63.270142180094794
4.166666666666667,712500.0,0.0009611703571863472,62.32227488151659
4.183333333333334,712500.0,0.0012369600590318441,61.84834123222749
4.2,712500.0,0.0015724051045253873,61.37440758293838
4.216666666666667,712500.0,0.001977300038561225,59.95260663507109
4.233333333333333,712500.0,0.002462630392983556,59.47867298578199
4.25,712500.0,0.0030406364239752293,59.241706161137444
4.266666666666667,712500.0,0.003483761101961136,58.767772511848335
4.283333333333333,712500.0,0.003834133967757225,57.345971563981045
4.3,712500.0,0.0042520505376160145,56.872037914691944
4.316666666666666,712500.0,0.0047481246292591095,55.45023696682464
4.333333333333333,712500.0,0.005334210582077503,55.45023696682464
4.35,712500.0,0.0060234349220991135,54.502369668246445
4.366666666666666,712500.0,0.006830357480794191,53.317535545023695
4.383333333333334,712500.0,0.007770964875817299,53.317535545023695
4.4,712500.0,0.008862762711942196,52.843601895734594
4.416666666666667,712500.0,0.01012478768825531,52.3696682464455
4.433333333333334,712500.0,0.011577708646655083,51.8957345971564
4.45,712500.0,0.01324380375444889,50.947867298578196
4.466666666666667,712500.0,0.015146949328482151,49.5260663507109
4.483333333333333,712500.0,0.017312465235590935,48.34123222748815
4.5,712500.0,0.019767221063375473,48.34123222748815
4.516666666666667,712500.0,0.02253953367471695,47.39336492890995
4.533333333333333,712500.0,0.02565908059477806,46.91943127962085
4.55,712500.0,0.029156450182199478,45.97156398104265
4.566666666666666,712500.0,0.03306331858038902,45.497630331753555
4.583333333333333,712500.0,0.037411872297525406,44.312796208530806
4.6,712500.0,0.042234934866428375,43.3649289099526
4.616666666666666,712500.0,0.04756525903940201,42.89099526066351
4.633333333333334,712500.0,0.05343545600771904,41.46919431279621
4.65,712500.0,0.059877391904592514,40.99526066350711
4.666666666666667,712500.0,0.0669221356511116,40.047393364928915
4.683333333333334,712500.0,0.07459935545921326,39.09952606635071
4.7,712500.0,0.08143016695976257,38.388625592417064
4.716666666666667,712500.0,0.0874364972114563,37.44075829383886
4.733333333333333,712500.0,0.09400419890880585,37.44075829383886
4.75,712500.0,0.10116308927536011,36.96682464454976
4.766666666666667,712500.0,0.10894101858139038,36.018957345971565
4.783333333333333,712500.0,0.11736483871936798,34.59715639810427
4.8,712500.0,0.12645870447158813,31.990521327014214
4.816666666666666,712500.0,0.13624431192874908,31.990521327014214
4.833333333333333,712500.0,0.14674051105976105,31.04265402843602
4.85,712500.0,0.15796345472335815,31.04265402843602
4.866666666666666,712500.0,0.16992631554603577,30.568720379146917
4.883333333333334,712500.0,0.18263836205005646,30.09478672985782
4.9,712500.0,0.1961052119731903,28.672985781990523
4.916666666666667,712500.0,0.21032863855361938,26.540284360189574
4.933333333333334,712500.0,0.22530701756477356,26.066350710900476
4.95,712500.0,0.2410358488559723,25.118483412322274
4.966666666666667,712500.0,0.25750625133514404,24.644549763033176
4.983333333333333,712500.0,0.2747061848640442,23.696682464454977
5.0,712500.0,0.292620986700058,22.274881516587676
5.016666666666667,712500.0,0.31123319268226624,22.03791469194313
5.033333333333333,712500.0,0.33052337169647217,22.03791469194313
5.05,712500.0,0.3504689931869507,19.194312796208532
5.066666666666666,712500.0,0.3710465729236603,18.246445497630333
5.083333333333333,712500.0,0.39223071932792664,17.77251184834123
5.1,712500.0,0.41399455070495605,16.824644549763033
5.116666666666666,712500.0,0.43631142377853394,15.639810426540285
5.133333333333334,712500.0,0.45915359258651733,14.691943127962084
5.15,712500.0,0.4824928045272827,14.691943127962084
5.166666666666667,712500.0,0.5063005685806274,14.691943127962084
5.183333333333334,712500.0,0.5305498838424683,12.322274881516588
5.2,712500.0,0.5552138090133667,10.42654028436019
5.216666666666667,712500.0,0.5802651643753052,9.715639810426541
5.233333333333333,712500.0,0.6056752800941467,9.24170616113744
5.25,712500.0,0.6314197778701782,8.767772511848342
5.266666666666667,712500.0,0.6574759483337402,8.293838862559241
5.283333333333333,712500.0,0.6838217377662659,8.293838862559241
5.3,712500.0,0.7104330062866211,6.398104265402843
5.316666666666666,712500.0,0.7372888922691345,4.739336492890995
5.333333333333333,712500.0,0.7643702626228333,3.7914691943127963
5.35,712500.0,0.7916589975357056,3.7914691943127963
5.366666666666666,712500.0,0.8191354274749756,3.7914691943127963
5.383333333333334,712500.0,0.8467848896980286,3.7914691943127963
5.4,712500.0,0.8745909929275513,1.4218009478672986
5.416666666666667,712500.0,0.9025405645370483,0.23696682464454977
5.433333333333334,712500.0,0.9306222200393677,0.23696682464454977
5.45,712500.0,0.9588222503662109,0.23696682464454977
5.466666666666667,712500.0,0.9871296286582947,0.23696682464454977
5.483333333333333,712500.0,1.0155329704284668,0.0
5.5,712500.0,1.044020414352417,0.0
5.516666666666667,712500.0,1.0725884437561035,0.0
5.533333333333333,712500.0,1.101227045059204,0.0
5.55,712500.0,1.1299262046813965,0.0
5.566666666666666,712500.0,1.1586863994598389,0.0
5.583333333333333,712500.0,1.1874959468841553,0.0
5.6,712500.0,1.2163448333740234,0.0
5.616666666666666,712500.0,1.2452387809753418,0.0
5.633333333333334,712500.0,1.2741668224334717,0.0
5.65,712500.0,1.3031272888183594,0.0
5.666666666666667,712500.0,1.3321062326431274,0.0
5.683333333333334,712500.0,1.3611130714416504,0.0
5.7,712500.0,1.3901290893554688,0.0
5.716666666666667,712500.0,1.4191651344299316,0.0
5.733333333333333,712500.0,1.4482150077819824,0.0
5.75,712500.0,1.4772758483886719,0.0
5.766666666666667,712500.0,1.5063402652740479,0.0
5.783333333333333,712500.0,1.5354061126708984,0.0
5.8,712500.0,1.56447172164917,0.0
5.816666666666666,712500.0,1.5935313701629639,0.0
5.833333333333333,712500.0,1.6225874423980713,0.0
5.85,712500.0,1.6516387462615967,0.0
5.866666666666666,712500.0,1.6806803941726685,0.0
5.883333333333334,712500.0,1.7097058296203613,0.0
5.9,712500.0,1.7387166023254395,0.0
5.916666666666667,712500.0,1.7677139043807983,0.0
5.933333333333334,712500.0,1.7966840267181396,0.0
5.95,712500.0,1.8256267309188843,0.0
5.966666666666667,712500.0,1.8545397520065308,0.0
5.983333333333333,712500.0,1.8834271430969238,0.0
6.0,712500.0,1.9122686386108398,0.0
6.016666666666667,712500.0,1.9410756826400757,0.0
6.033333333333333,712500.0,1.9698433876037598,0.0
6.05,712500.0,1.9985663890838623,0.0
6.066666666666666,712500.0,2.0272488594055176,0.0
6.083333333333333,712500.0,2.055880069732666,0.0
6.1,712500.0,2.0844407081604004,0.0
6.116666666666666,712500.0,2.112968921661377,0.0
6.133333333333334,712500.0,2.1414318084716797,0.0
6.15,712500.0,2.1698384284973145,0.0
6.166666666666667,712500.0,2.1981828212738037,0.0
6.183333333333334,712500.0,2.226461172103882,0.0
6.2,712500.0,2.2546682357788086,0.0
6.216666666666667,712500.0,2.282794952392578,0.0
6.233333333333333,712500.0,2.310852289199829,0.0
6.25,712500.0,2.338837146759033,0.0
6.266666666666667,712500.0,2.3667354583740234,0.0
6.283333333333333,712500.0,2.3945565223693848,0.0
6.3,712500.0,2.422287940979004,0.0
6.316666666666666,712500.0,2.4499285221099854,0.0
6.333333333333333,712500.0,2.477487802505493,0.0
6.35,712500.0,2.504958152770996,0.0
6.366666666666666,712500.0,2.5323190689086914,0.0
6.383333333333334,712500.0,2.5596017837524414,0.0
6.4,712500.0,2.5867793560028076,0.0
6.416666666666667,712500.0,2.6138556003570557,0.0
6.433333333333334,712500.0,2.640833854675293,0.0
6.45,712500.0,2.667712926864624,0.0
6.466666666666667,712500.0,2.694489002227783,0.0
6.483333333333333,712500.0,2.721151113510132,0.0
6.5,712500.0,2.747711181640625,0.0
6.516666666666667,712500.0,2.774162769317627,0.0
6.533333333333333,712500.0,2.8005118370056152,0.0
6.55,712500.0,2.8267478942871094,0.0
6.566666666666666,712500.0,2.852870225906372,0.0
6.583333333333333,712500.0,2.87888240814209,0.0
6.6,712500.0,2.9047865867614746,0.0
6.616666666666666,712500.0,2.930577278137207,0.0
6.633333333333334,712500.0,2.9562432765960693,0.0
6.65,712500.0,2.981797695159912,0.0
6.666666666666667,712500.0,3.0072293281555176,0.0
6.683333333333334,712500.0,3.032548189163208,0.0
6.7,712500.0,3.057727098464966,0.0
6.716666666666667,712500.0,3.0828092098236084,0.0
6.733333333333333,712500.0,3.1077585220336914,0.0
6.75,712500.0,3.1325902938842773,0.0
6.766666666666667,712500.0,3.157285690307617,0.0
6.783333333333333,712500.0,3.1818690299987793,0.0
6.8,712500.0,3.206329584121704,0.0
6.816666666666666,712500.0,3.230663299560547,0.0
6.833333333333333,712500.0,3.2548623085021973,0.0
6.85,712500.0,3.278949499130249,0.0
6.866666666666666,712500.0,3.3029022216796875,0.0
6.883333333333334,712500.0,3.3267359733581543,0.0
6.9,712500.0,3.3504343032836914,0.0
6.916666666666667,712500.0,3.374005079269409,0.0
6.933333333333334,712500.0,3.3974504470825195,0.0
6.95,712500.0,3.420762300491333,0.0
6.966666666666667,712500.0,3.4439501762390137,0.0
6.983333333333333,712500.0,3.4670071601867676,0.0
7.0,712500.0,3.489931583404541,0.0
7.016666666666667,712500.0,3.512730360031128,0.0
7.033333333333333,712500.0,3.535402297973633,0.0
7.05,712500.0,3.557934522628784,0.0
7.066666666666666,712500.0,3.580348253250122,0.0
7.083333333333333,712500.0,3.6026196479797363,0.0
7.1,712500.0,3.624774932861328,0.0
7.116666666666666,712500.0,3.646785259246826,0.0
7.133333333333334,712500.0,3.668668270111084,0.0
7.15,712500.0,3.6904234886169434,0.0
7.166666666666667,712500.0,3.7120392322540283,0.0
7.183333333333334,712500.0,3.733523368835449,0.0
7.2,712500.0,3.7548701763153076,0.0
7.216666666666667,712500.0,3.7761051654815674,0.0
7.233333333333333,712500.0,3.7972025871276855,0.0
7.25,712500.0,3.8181514739990234,0.0
7.266666666666667,712500.0,3.8389744758605957,0.0
7.283333333333333,712500.0,3.8596792221069336,0.0
7.3,712500.0,3.880247116088867,0.0
7.316666666666666,712500.0,3.900676727294922,0.0
7.333333333333333,712500.0,3.920964241027832,0.0
7.35,712500.0,3.9411401748657227,0.0
7.366666666666666,712500.0,3.9611802101135254,0.0
7.383333333333334,712500.0,3.9810826778411865,0.0
7.4,712500.0,4.000850200653076,0.0
7.416666666666667,712500.0,4.020500659942627,0.0
7.433333333333334,712500.0,4.040010452270508,0.0
7.45,712500.0,4.059380531311035,0.0
7.466666666666667,712500.0,4.078632354736328,0.0
7.483333333333333,712500.0,4.097754955291748,0.0
7.5,712500.0,4.116732597351074,0.0
7.516666666666667,712500.0,4.135593891143799,0.0
7.533333333333333,712500.0,4.154297828674316,0.0
7.55,712500.0,4.172900199890137,0.0
7.566666666666666,712500.0,4.191366195678711,0.0
7.583333333333333,712500.0,4.209723949432373,0.0
7.6,712500.0,4.227941036224365,0.0
7.616666666666666,712500.0,4.246041297912598,0.0
7.633333333333334,712500.0,4.264008522033691,0.0
7.65,712500.0,4.281846046447754,0.0
7.666666666666667,712500.0,4.2995452880859375,0.0
7.683333333333334,712500.0,4.317112922668457,0.0
7.7,712500.0,4.334567070007324,0.0
7.716666666666667,712500.0,4.351921081542969,0.0
7.733333333333333,712500.0,4.369139671325684,0.0
7.75,712500.0,4.386224269866943,0.0
7.766666666666667,712500.0,4.403193473815918,0.0
7.783333333333333,712500.0,4.4200592041015625,0.0
7.8,712500.0,4.436781883239746,0.0
7.816666666666666,712500.0,4.45337438583374,0.0
7.833333333333333,712500.0,4.469820976257324,0.0
7.85,712500.0,4.48618221282959,0.0
7.866666666666666,712500.0,4.502413749694824,0.0
7.883333333333334,712500.0,4.518530368804932,0.0
7.9,712500.0,4.534519195556641,0.0
7.916666666666667,712500.0,4.5503950119018555,0.0
7.933333333333334,712500.0,4.566164016723633,0.0
7.95,712500.0,4.581814765930176,0.0
7.966666666666667,712500.0,4.597310543060303,0.0
7.983333333333333,712500.0,4.612702369689941,0.0
8.0,712500.0,4.628008842468262,0.0
8.016666666666667,712500.0,4.643161773681641,0.0
8.033333333333333,712500.0,4.658226013183594,0.0
8.05,712500.0,4.673178195953369,0.0
8.066666666666666,712500.0,4.687994956970215,0.0
8.083333333333334,712500.0,4.702694892883301,0.0
8.1,712500.0,4.717292785644531,0.0
8.116666666666667,712500.0,4.731785297393799,0.0
8.133333333333333,712500.0,4.746158599853516,0.0
8.15,712500.0,4.760403633117676,0.0
8.166666666666666,712500.0,4.774551868438721,0.0
8.183333333333334,712500.0,4.788573741912842,0.0
8.2,712500.0,4.802487373352051,0.0
8.216666666666667,712500.0,4.816320419311523,0.0
8.233333333333333,712500.0,4.830021381378174,0.0
8.25,712500.0,4.843602657318115,0.0
8.266666666666667,712500.0,4.857111930847168,0.0
8.283333333333333,712500.0,4.870492935180664,0.0
8.3,712500.0,4.883781433105469,0.0
8.316666666666666,712500.0,4.896968841552734,0.0
8.333333333333334,712500.0,4.909904479980469,0.0
8.35,712500.0,4.922699928283691,0.0
8.366666666666667,712500.0,4.935412883758545,0.0
8.383333333333333,712500.0,4.947991847991943,0.0
8.4,712500.0,4.960531234741211,0.0
8.416666666666666,712500.0,4.97294807434082,0.0
8.433333333333334,712500.0,4.985274314880371,0.0
8.45,712500.0,4.997511386871338,0.0
8.466666666666667,712500.0,5.009607315063477,0.0
8.483333333333333,712500.0,5.021645545959473,0.0
8.5,712500.0,5.033572196960449,0.0
8.516666666666667,712500.0,5.045392990112305,0.0
8.533333333333333,712500.0,5.057147026062012,0.0
8.55,712500.0,5.068790912628174,0.0
8.566666666666666,712500.0,5.080361843109131,0.0
8.583333333333334,712500.0,5.091814994812012,0.0
8.6,712500.0,5.103176116943359,0.0
8.616666666666667,712500.0,5.114456653594971,0.0
8.633333333333333,712500.0,5.125646591186523,0.0
8.65,712500.0,5.136752605438232,0.0
8.666666666666666,712500.0,5.147772789001465,0.0
8.683333333333334,712500.0,5.158708095550537,0.0
8.7,712500.0,5.169552803039551,0.0
8.716666666666667,712500.0,5.180317401885986,0.0
8.733333333333333,712500.0,5.190957069396973,0.0
8.75,712500.0,5.201578617095947,0.0
8.766666666666667,712500.0,5.212069511413574,0.0
8.783333333333333,712500.0,5.222509384155273,0.0
8.8,712500.0,5.23282527923584,0.0
8.816666666666666,712500.0,5.243107795715332,0.0
8.833333333333334,712500.0,5.253269672393799,0.0
8.85,712500.0,5.263369083404541,0.0
8.866666666666667,712500.0,5.2733659744262695,0.0
8.883333333333333,712500.0,5.283332824707031,0.0
8.9,712500.0,5.2931671142578125,0.0
8.916666666666666,712500.0,5.302964687347412,0.0
8.933333333333334,712500.0,5.312664985656738,0.0
8.95,712500.0,5.3223114013671875,0.0
8.966666666666667,712500.0,5.331870079040527,0.0
8.983333333333333,712500.0,5.341373443603516,0.0
9.0,712500.0,5.350790977478027,0.0
9.016666666666667,712500.0,5.360134601593018,0.0
9.033333333333333,712500.0,5.3693976402282715,0.0
9.05,712500.0,5.378609657287598,0.0
9.066666666666666,712500.0,5.387762546539307,0.0
9.083333333333334,712500.0,5.396815299987793,0.0
9.1,712500.0,5.405840873718262,0.0
9.116666666666667,712500.0,5.414791107177734,0.0
9.133333333333333,712500.0,5.423652648925781,0.0
9.15,712500.0,5.432458877563477,0.0
9.166666666666666,712500.0,5.44116735458374,0.0
9.183333333333334,712500.0,5.449870586395264,0.0
9.2,712500.0,5.458475112915039,0.0
9.216666666666667,712500.0,5.467004776000977,0.0
9.233333333333333,712500.0,5.475492000579834,0.0
9.25,712500.0,5.483874320983887,0.0
9.266666666666667,712500.0,5.492254257202148,0.0
9.283333333333333,712500.0,5.500576019287109,0.0
9.3,712500.0,5.508795738220215,0.0
9.316666666666666,712500.0,5.516963958740234,0.0
9.333333333333334,712500.0,5.525064468383789,0.0
9.35,712500.0,5.533118724822998,0.0
9.366666666666667,712500.0,5.541115760803223,0.0
9.383333333333333,712500.0,5.549019813537598,0.0
9.4,712500.0,5.556884288787842,0.0
9.416666666666666,712500.0,5.564658164978027,0.0
9.433333333333334,712500.0,5.572394371032715,0.0
9.45,712500.0,5.5801005363464355,0.0
9.466666666666667,712500.0,5.587717056274414,0.0
9.483333333333333,712500.0,5.595274448394775,0.0
9.5,712500.0,5.60276985168457,0.0
9.516666666666667,712500.0,5.610198020935059,0.0
9.533333333333333,712500.0,5.617579460144043,0.0
9.55,712500.0,5.6248908042907715,0.0
9.566666666666666,712500.0,5.632144451141357,0.0
9.583333333333334,712500.0,5.639322280883789,0.0
9.6,712500.0,5.646422386169434,0.0
9.616666666666667,712500.0,5.6535139083862305,0.0
9.633333333333333,712500.0,5.660558700561523,0.0
9.65,712500.0,5.667505264282227,0.0
9.666666666666666,712500.0,5.6743879318237305,0.0
9.683333333333334,712500.0,5.681234359741211,0.0
9.7,712500.0,5.6880035400390625,0.0
9.716666666666667,712500.0,5.694741725921631,0.0
9.733333333333333,712500.0,5.701381683349609,0.0
9.75,712500.0,5.707986831665039,0.0
9.766666666666667,712500.0,5.7145233154296875,0.0
9.783333333333333,712500.0,5.720975875854492,0.0
9.8,712500.0,5.727422714233398,0.0
9.816666666666666,712500.0,5.733814716339111,0.0
9.833333333333334,712500.0,5.740100383758545,0.0
9.85,712500.0,5.746337890625,0.0
9.866666666666667,712500.0,5.7525224685668945,0.0
9.883333333333333,712500.0,5.7586469650268555,0.0
9.9,712500.0,5.764727592468262,0.0
9.916666666666666,712500.0,5.770742416381836,0.0
9.933333333333334,712500.0,5.776703834533691,0.0
9.95,712500.0,5.782604217529297,0.0
9.966666666666667,712500.0,5.7884521484375,0.0
9.983333333333333,712500.0,5.794254302978516,0.0
10.0,712500.0,5.800000190734863,0.0
10.016666666666667,712500.0,5.805645942687988,0.0
0.0,750000.0,9.9702730178833,0.0
0.016666666666666666,750000.0,4.940199375152588,0.0
0.03333333333333333,750000.0,0.5538631081581116,66.11374407582939
0.05,750000.0,0.0,81.99052132701422
0.06666666666666667,750000.0,0.0,82.46445497630332
0.08333333333333333,750000.0,0.0,81.99052132701422
0.1,750000.0,0.0,81.04265402843602
0.11666666666666667,750000.0,0.0,80.56872037914692
0.13333333333333333,750000.0,0.0,80.80568720379146
0.15,750000.0,0.0,81.27962085308057
0.16666666666666666,750000.0,0.0,79.85781990521326
0.18333333333333332,750000.0,0.0,80.80568720379146
0.2,750000.0,0.0,80.56872037914692
0.21666666666666667,750000.0,0.0,81.51658767772511
0.23333333333333334,750000.0,0.0,82.46445497630332
0.25,750000.0,0.0,82.70142180094787
0.26666666666666666,750000.0,0.0,83.17535545023696
0.2833333333333333,750000.0,0.0,83.64928909952607
0.3,750000.0,0.0,84.36018957345972
0.31666666666666665,750000.0,0.0,85.78199052132702
0.3333333333333333,750000.0,0.0,87.20379146919431
0.35,750000.0,0.0,86.96682464454977
0.36666666666666664,750000.0,0.0,87.44075829383885
0.38333333333333336,750000.0,0.0,90.28436018957346
0.4,750000.0,0.0,90.75829383886256
0.4166666666666667,750000.0,0.0,93.36492890995261
0.43333333333333335,750000.0,0.0,94.54976303317537
0.45,750000.0,0.0,96.2085308056872
0.4666666666666667,750000.0,0.0,97.86729857819904
0.48333333333333334,750000.0,0.0,99.52606635071089
0.5,750000.0,0.0,100.0
0.5166666666666667,750000.0,0.0,100.0
0.5333333333333333,750000.0,0.0,100.0
0.55,750000.0,0.0,100.0
0.5666666666666667,750000.0,0.0,100.0
0.5833333333333334,750000.0,0.0,100.0
0.6,750000.0,0.0,100.0
0.6166666666666667,750000.0,0.0,100.0
0.6333333333333333,750000.0,0.0,100.0
0.65,750000.0,0.0,100.0
0.6666666666666666,750000.0,0.0,100.0
0.6833333333333333,750000.0,0.0,100.0
0.7,750000.0,0.0,100.0
0.7166666666666667,750000.0,0.0,100.0
0.7333333333333333,750000.0,0.0,100.0
0.75,750000.0,0.0,100.0
0.7666666666666667,750000.0,0.0,100.0
0.7833333333333333,750000.0,0.0,100.0
0.8,750000.0,0.0,100.0
0.8166666666666667,750000.0,0.0,100.0
0.8333333333333334,750000.0,0.0,100.0
0.85,750000.0,0.0,100.0
0.8666666666666667,750000.0,0.0,100.0
0.8833333333333333,750000.0,0.0,100.0
0.9,750000.0,0.0,100.0
0.9166666666666666,750000.0,0.0,100.0
0.9333333333333333,750000.0,0.0,100.0
0.95,750000.0,0.0,100.0
0.9666666666666667,750000.0,0.0,100.0
0.9833333333333333,750000.0,0.0,100.0
1.0,750000.0,0.0,100.0
1.0166666666666666,750000.0,0.0,100.0
1.0333333333333334,750000.0,0.0,100.0
1.05,750000.0,0.0,100.0
1.0666666666666667,750000.0,0.0,100.0
1.0833333333333333,750000.0,0.0,100.0
1.1,750000.0,0.0,100.0
1.1166666666666667,750000.0,0.0,100.0
1.1333333333333333,750000.0,0.0,100.0
1.15,750000.0,0.0,100.0
1.1666666666666667,750000.0,0.0,100.0
1.1833333333333333,750000.0,0.0,100.0
1.2,750000.0,0.0,100.0
1.2166666666666666,750000.0,0.0,100.0
1.2333333333333334,750000.0,0.0,100.0
1.25,750000.0,0.0,100.0
1.2666666666666666,750000.0,0.0,100.0
1.2833333333333334,750000.0,0.0,100.0
1.3,750000.0,0.0,100.0
1.3166666666666667,750000.0,0.0,100.0
1.3333333333333333,750000.0,0.0,100.0
1.35,750000.0,0.0,100.0
1.3666666666666667,750000.0,0.0,100.0
1.3833333333333333,750000.0,0.0,100.0
1.4,750000.0,0.0,100.0
1.4166666666666667,750000.0,0.0,100.0
1.4333333333333333,750000.0,0.0,100.0
1.45,750000.0,0.0,100.0
1.4666666666666666,750000.0,0.0,100.0
1.4833333333333334,750000.0,0.0,100.0
1.5,750000.0,0.0,100.0
1.5166666666666666,750000.0,0.0,100.0
1.5333333333333334,750000.0,0.0,100.0
1.55,750000.0,0.0,100.0
1.5666666666666667,750000.0,0.0,100.0
1.5833333333333333,750000.0,0.0,100.0
1.6,750000.0,0.0,100.0
1.6166666666666667,750000.0,0.0,100.0
1.6333333333333333,750000.0,0.0,100.0
1.65,750000.0,0.0,100.0
1.6666666666666667,750000.0,0.0,100.0
1.6833333333333333,750000.0,0.0,100.0
1.7,750000.0,0.0,100.0
1.7166666666666666,750000.0,0.0,100.0
1.7333333333333334,750000.0,0.0,100.0
1.75,750000.0,0.0,100.0
1.7666666666666666,750000.0,0.0,100.0
1.7833333333333334,750000.0,0.0,100.0
1.8,750000.0,0.0,100.0
1.8166666666666667,750000.0,0.0,100.0
1.8333333333333333,750000.0,0.0,100.0
1.85,750000.0,0.0,100.0
1.8666666666666667,750000.0,0.0,100.0
1.8833333333333333,750000.0,0.0,100.0
1.9,750000.0,0.0,100.0
1.9166666666666667,750000.0,0.0,100.0
1.9333333333333333,750000.0,0.0,100.0
1.95,750000.0,0.0,100.0
1.9666666666666666,750000.0,0.0,100.0
1.9833333333333334,750000.0,0.0,100.0
2.0,750000.0,0.0,100.0
2.0166666666666666,750000.0,0.0,100.0
2.033333333333333,750000.0,0.0,100.0
2.05,750000.0,0.0,100.0
2.066666666666667,750000.0,0.0,100.0
2.0833333333333335,750000.0,0.0,100.0
2.1,750000.0,0.0,100.0
2.1166666666666667,750000.0,0.0,100.0
2.1333333333333333,750000.0,0.0,100.0
2.15,750000.0,0.0,100.0
2.1666666666666665,750000.0,0.0,100.0
2.183333333333333,750000.0,0.0,100.0
2.2,750000.0,0.0,100.0
2.216666666666667,750000.0,0.0,100.0
2.2333333333333334,750000.0,0.0,100.0
2.25,750000.0,0.0,100.0
2.2666666666666666,750000.0,0.0,100.0
2.283333333333333,750000.0,0.0,100.0
2.3,750000.0,0.0,100.0
2.316666666666667,750000.0,0.0,100.0
2.3333333333333335,750000.0,0.0,100.0
2.35,750000.0,0.0,100.0
2.3666666666666667,750000.0,0.0,100.0
2.3833333333333333,750000.0,0.0,100.0
2.4,750000.0,0.0,100.0
2.4166666666666665,750000.0,0.0,100.0
2.433333333333333,750000.0,0.0,100.0
2.45,750000.0,0.0,100.0
2.466666666666667,750000.0,0.0,100.0
2.4833333333333334,750000.0,0.0,100.0
2.5,750000.0,0.0,100.0
2.5166666666666666,750000.0,0.0,100.0
2.533333333333333,750000.0,0.0,100.0
2.55,750000.0,0.0,100.0
2.566666666666667,750000.0,0.0,100.0
2.5833333333333335,750000.0,0.0,100.0
2.6,750000.0,0.0,100.0
2.6166666666666667,750000.0,0.0,100.0
2.6333333333333333,750000.0,0.0,100.0
2.65,750000.0,0.0,100.0
2.6666666666666665,750000.0,0.0,100.0
2.683333333333333,750000.0,0.0,100.0
2.7,750000.0,0.0,100.0
2.716666666666667,750000.0,0.0,100.0
2.7333333333333334,750000.0,0.0,100.0
2.75,750000.0,0.0,100.0
2.7666666666666666,750000.0,0.0,100.0
2.783333333333333,750000.0,0.0,100.0
2.8,750000.0,0.0,100.0
2.816666666666667,750000.0,0.0,100.0
2.8333333333333335,750000.0,0.0,100.0
2.85,750000.0,0.0,100.0
2.8666666666666667,750000.0,0.0,100.0
2.8833333333333333,750000.0,0.0,99.0521327014218
2.9,750000.0,0.0,98.5781990521327
2.9166666666666665,750000.0,0.0,98.5781990521327
2.933333333333333,750000.0,0.0,98.5781990521327
2.95,750000.0,0.0,98.5781990521327
2.966666666666667,750000.0,0.0,98.5781990521327
2.9833333333333334,750000.0,0.0,98.5781990521327
3.0,750000.0,0.0,98.5781990521327
3.0166666666666666,750000.0,0.0,98.10426540284361
3.033333333333333,750000.0,0.0,98.10426540284361
3.05,750000.0,0.0,97.1563981042654
3.066666666666667,750000.0,0.0,97.1563981042654
3.0833333333333335,750000.0,0.0,97.1563981042654
3.1,750000.0,0.0,96.2085308056872
3.1166666666666667,750000.0,0.0,96.2085308056872
3.1333333333333333,750000.0,0.0,96.2085308056872
3.15,750000.0,0.0,95.73459715639811
3.1666666666666665,750000.0,0.0,95.260663507109
3.183333333333333,750000.0,0.0,94.7867298578199
3.2,750000.0,0.0,94.7867298578199
3.216666666666667,750000.0,0.0,94.7867298578199
3.2333333333333334,750000.0,0.0,93.8388625592417
3.25,750000.0,0.0,93.8388625592417
3.2666666666666666,750000.0,0.0,93.36492890995261
3.283333333333333,750000.0,0.0,92.89099526066352
3.3,750000.0,0.0,92.89099526066352
3.316666666666667,750000.0,0.0,92.41706161137441
3.3333333333333335,750000.0,0.0,91.4691943127962
3.35,750000.0,0.0,90.99526066350711
3.3666666666666667,750000.0,0.0,90.99526066350711
3.3833333333333333,750000.0,0.0,90.52132701421802
3.4,750000.0,0.0,90.04739336492891
3.4166666666666665,750000.0,0.0,89.57345971563981
3.433333333333333,750000.0,0.0,89.57345971563981
3.45,750000.0,0.0,88.62559241706161
3.466666666666667,750000.0,0.0,88.62559241706161
3.4833333333333334,750000.0,0.0,87.67772511848341
3.5,750000.0,0.0,87.20379146919431
3.5166666666666666,750000.0,0.0,86.25592417061611
3.533333333333333,750000.0,0.0,86.25592417061611
3.55,750000.0,0.0,85.07109004739335
3.566666666666667,750000.0,0.0,85.07109004739335
3.5833333333333335,750000.0,0.0,84.12322274881517
3.6,750000.0,0.0,83.64928909952607
3.6166666666666667,750000.0,0.0,83.64928909952607
3.6333333333333333,750000.0,0.0,82.70142180094787
3.65,750000.0,0.0,82.22748815165876
3.6666666666666665,750000.0,0.0,81.75355450236967
3.683333333333333,750000.0,0.0,81.27962085308057
3.7,750000.0,0.0,80.56872037914692
3.716666666666667,750000.0,0.0,80.09478672985783
3.7333333333333334,750000.0,0.0,79.62085308056872
3.75,750000.0,0.0,79.62085308056872
3.7666666666666666,750000.0,0.0,79.14691943127961
3.783333333333333,750000.0,0.0,78.67298578199052
3.8,750000.0,0.0,77.72511848341233
3.816666666666667,750000.0,0.0,77.25118483412322
3.8333333333333335,750000.0,0.0,76.30331753554502
3.85,750000.0,0.0,74.64454976303317
3.8666666666666667,750000.0,0.0,74.17061611374407
3.8833333333333333,750000.0,0.0,73.22274881516587
3.9,750000.0,0.0,73.22274881516587
3.9166666666666665,750000.0,0.0,72.74881516587678
3.933333333333333,750000.0,0.0,72.27488151658767
3.95,750000.0,0.0,71.32701421800948
3.966666666666667,750000.0,0.0,70.85308056872039
3.9833333333333334,750000.0,0.0,70.37914691943128
4.0,750000.0,7.936898327898234e-06,70.14218009478674
4.016666666666667,750000.0,2.4982326067402028e-05,68.72037914691943
4.033333333333333,750000.0,3.4704324207268655e-05,68.72037914691943
4.05,750000.0,5.813566895085387e-05,68.72037914691943
4.066666666666666,750000.0,9.468487405683845e-05,68.72037914691943
4.083333333333333,750000.0,0.00014609530626330525,67.29857819905213
4.1,750000.0,0.00021523534087464213,65.87677725118483
4.116666666666666,750000.0,0.0003057291905861348,65.40284360189574
4.133333333333334,750000.0,0.0004218851390760392,64.21800947867298
4.15,750000.0,0.0005687092198058963,64.21800947867298
4.166666666666667,750000.0,0.0007519640494138002,63.270142180094794
4.183333333333334,750000.0,0.000978220021352172,62.32227488151659
4.2,750000.0,0.001254945294931531,61.84834123222749
4.216666666666667,750000.0,0.00159057741984725,61.37440758293838
4.233333333333333,750000.0,0.0019946307875216007,59.95260663507109
4.25,750000.0,0.00247773015871644,59.47867298578199
4.266666666666667,750000.0,0.0030517266131937504,59.241706161137444
4.283333333333333,750000.0,0.003474574303254485,58.767772511848335
4.3,750000.0,0.0038206405006349087,57.345971563981045
4.316666666666666,750000.0,0.004232504405081272,56.872037914691944
4.333333333333333,750000.0,0.004720365162938833,55.92417061611374
4.35,750000.0,0.00529552111402154,55.45023696682464
4.366666666666666,750000.0,0.005970572587102652,54.502369668246445
4.383333333333334,750000.0,0.006759373936802149,53.79146919431279
4.4,750000.0,0.007677170913666487,53.317535545023695
4.416666666666667,750000.0,0.008740603923797607,52.843601895734594
4.433333333333334,750000.0,0.009967738762497902,52.3696682464455
4.45,750000.0,0.011378132738173008,52.3696682464455
4.466666666666667,750000.0,0.012992898002266884,51.8957345971564
4.483333333333333,750000.0,0.014834561385214329,49.5260663507109
4.5,750000.0,0.016927100718021393,48.34123222748815
4.516666666666667,750000.0,0.019295917823910713,48.34123222748815
4.533333333333333,750000.0,0.021967675536870956,47.39336492890995
4.55,750000.0,0.024970386177301407,46.91943127962085
4.566666666666666,750000.0,0.028332998976111412,46.44549763033176
4.583333333333333,750000.0,0.03208524361252785,45.497630331753555
4.6,750000.0,0.03625759854912758,45.023696682464454
4.616666666666666,750000.0,0.04088091477751732,43.838862559241704
4.633333333333334,750000.0,0.04598627984523773,42.89099526066351
4.65,750000.0,0.05160451680421829,41.46919431279621
4.666666666666667,750000.0,0.05776578187942505,40.99526066350711
4.683333333333334,750000.0,0.06449960917234421,40.047393364928915
4.7,750000.0,0.07183443009853363,39.57345971563981
4.716666666666667,750000.0,0.07925307750701904,38.862559241706165
4.733333333333333,750000.0,0.08495789766311646,37.91469194312796
4.75,750000.0,0.09119248390197754,37.44075829383886
4.766666666666667,750000.0,0.0979851633310318,36.96682464454976
4.783333333333333,750000.0,0.105362668633461,36.96682464454976
4.8,750000.0,0.11335096508264542,35.54502369668246
4.816666666666666,750000.0,0.12197359651327133,34.12322274881517
4.833333333333333,750000.0,0.13125166296958923,31.990521327014214
4.85,750000.0,0.14120377600193024,31.990521327014214
4.866666666666666,750000.0,0.15184611082077026,31.04265402843602
4.883333333333334,750000.0,0.16319237649440765,30.568720379146917
4.9,750000.0,0.1752522736787796,30.568720379146917
4.916666666666667,750000.0,0.18803219497203827,30.09478672985782
4.933333333333334,750000.0,0.2015356421470642,27.488151658767773
4.95,750000.0,0.21576255559921265,26.540284360189574
4.966666666666667,750000.0,0.23070991039276123,26.066350710900476
4.983333333333333,750000.0,0.2463715523481369,25.118483412322274
5.0,750000.0,0.26273733377456665,24.170616113744074
5.016666666666667,750000.0,0.27979516983032227,23.22274881516588
5.033333333333333,750000.0,0.2975296080112457,22.03791469194313
5.05,750000.0,0.31592291593551636,22.03791469194313
5.066666666666666,750000.0,0.3349555730819702,22.03791469194313
5.083333333333333,750000.0,0.354606032371521,19.66824644549763
5.1,750000.0,0.3748511075973511,18.246445497630333
5.116666666666666,750000.0,0.3956677317619324,17.77251184834123
5.133333333333334,750000.0,0.4170285165309906,16.824644549763033
5.15,750000.0,0.43890851736068726,15.639810426540285
5.166666666666667,750000.0,0.4612807631492615,15.639810426540285
5.183333333333334,750000.0,0.48411890864372253,14.691943127962084
5.2,750000.0,0.5073965787887573,14.691943127962084
5.216666666666667,750000.0,0.5310893058776855,12.322274881516588
5.233333333333333,750000.0,0.5551708340644836,10.42654028436019
5.25,750000.0,0.5796142816543579,9.715639810426541
5.266666666666667,750000.0,0.6043965816497803,9.24170616113744
5.283333333333333,750000.0,0.6294949650764465,8.767772511848342
5.3,750000.0,0.654887318611145,8.293838862559241
5.316666666666666,750000.0,0.6805517077445984,8.293838862559241
5.333333333333333,750000.0,0.7064658999443054,6.398104265402843
5.35,750000.0,0.7326109409332275,4.739336492890995
5.366666666666666,750000.0,0.7589695453643799,3.7914691943127963
5.383333333333334,750000.0,0.785523533821106,3.7914691943127963
5.4,750000.0,0.8122530579566956,3.7914691943127963
5.416666666666667,750000.0,0.8391462564468384,3.7914691943127963
5.433333333333334,750000.0,0.8661893606185913,3.7914691943127963
5.45,750000.0,0.8933690786361694,0.23696682464454977
5.466666666666667,750000.0,0.9206722974777222,0.23696682464454977
5.483333333333333,750000.0,0.9480875134468079,0.23696682464454977
5.5,750000.0,0.9756051301956177,0.23696682464454977
5.516666666666667,750000.0,1.0032129287719727,0.0
5.533333333333333,750000.0,1.0309081077575684,0.0
5.55,750000.0,1.0586707592010498,0.0
5.566666666666666,750000.0,1.0865000486373901,0.0
5.583333333333333,750000.0,1.1143934726715088,0.0
5.6,750000.0,1.1423397064208984,0.0
5.616666666666666,750000.0,1.1703317165374756,0.0
5.633333333333334,750000.0,1.1983704566955566,0.0
5.65,750000.0,1.2264471054077148,0.0
5.666666666666667,750000.0,1.2545571327209473,0.0
5.683333333333334,750000.0,1.2826932668685913,0.0
5.7,750000.0,1.3108551502227783,0.0
5.716666666666667,750000.0,1.3390307426452637,0.0
5.733333333333333,750000.0,1.3672306537628174,0.0
5.75,750000.0,1.3954360485076904,0.0
5.766666666666667,750000.0,1.4236583709716797,0.0
5.783333333333333,750000.0,1.451884388923645,0.0
5.8,750000.0,1.48011314868927,0.0
5.816666666666666,750000.0,1.508350133895874,0.0
5.833333333333333,750000.0,1.5365841388702393,0.0
5.85,750000.0,1.5648107528686523,0.0
5.866666666666666,750000.0,1.5930371284484863,0.0
5.883333333333334,750000.0,1.6212527751922607,0.0
5.9,750000.0,1.6494581699371338,0.0
5.916666666666667,750000.0,1.677646279335022,0.0
5.933333333333334,750000.0,1.7058130502700806,0.0
5.95,750000.0,1.7339513301849365,0.0
5.966666666666667,750000.0,1.762068510055542,0.0
5.983333333333333,750000.0,1.7901637554168701,0.0
6.0,750000.0,1.8182199001312256,0.0
6.016666666666667,750000.0,1.8462605476379395,0.0
6.033333333333333,750000.0,1.8742581605911255,0.0
6.05,750000.0,1.902216911315918,0.0
6.066666666666666,750000.0,1.9301292896270752,0.0
6.083333333333333,750000.0,1.9579981565475464,0.0
6.1,750000.0,1.9858227968215942,0.0
6.116666666666666,750000.0,2.0135974884033203,0.0
6.133333333333334,750000.0,2.041318416595459,0.0
6.15,750000.0,2.068990707397461,0.0
6.166666666666667,750000.0,2.0965847969055176,0.0
6.183333333333334,750000.0,2.124142646789551,0.0
6.2,750000.0,2.151632308959961,0.0
6.216666666666667,750000.0,2.1790361404418945,0.0
6.233333333333333,750000.0,2.2063863277435303,0.0
6.25,750000.0,2.2336583137512207,0.0
6.266666666666667,750000.0,2.260857105255127,0.0
6.283333333333333,750000.0,2.287968397140503,0.0
6.3,750000.0,2.3150076866149902,0.0
6.316666666666666,750000.0,2.3419699668884277,0.0
6.333333333333333,750000.0,2.368839740753174,0.0
6.35,750000.0,2.395627021789551,0.0
6.366666666666666,750000.0,2.4223341941833496,0.0
6.383333333333334,750000.0,2.4489402770996094,0.0
6.4,750000.0,2.475450038909912,0.0
6.416666666666667,750000.0,2.501873254776001,0.0
6.433333333333334,750000.0,2.528207302093506,0.0
6.45,750000.0,2.5544376373291016,0.0
6.466666666666667,750000.0,2.5805695056915283,0.0
6.483333333333333,750000.0,2.606605291366577,0.0
6.5,750000.0,2.6325480937957764,0.0
6.516666666666667,750000.0,2.65838623046875,0.0
6.533333333333333,750000.0,2.684117078781128,0.0
6.55,750000.0,2.7097434997558594,0.0
6.566666666666666,750000.0,2.735259532928467,0.0
6.583333333333333,750000.0,2.760676145553589,0.0
6.6,750000.0,2.785977602005005,0.0
6.616666666666666,750000.0,2.8111679553985596,0.0
6.633333333333334,750000.0,2.8362534046173096,0.0
6.65,750000.0,2.8612170219421387,0.0
6.666666666666667,750000.0,2.886063575744629,0.0
6.683333333333334,750000.0,2.9108128547668457,0.0
6.7,750000.0,2.9354376792907715,0.0
6.716666666666667,750000.0,2.9599461555480957,0.0
6.733333333333333,750000.0,2.9843387603759766,0.0
6.75,750000.0,3.0086112022399902,0.0
6.766666666666667,750000.0,3.0327682495117188,0.0
6.783333333333333,750000.0,3.0568037033081055,0.0
6.8,750000.0,3.0807137489318848,0.0
6.816666666666666,750000.0,3.104506731033325,0.0
6.833333333333333,750000.0,3.1281795501708984,0.0
6.85,750000.0,3.1517300605773926,0.0
6.866666666666666,750000.0,3.1751623153686523,0.0
6.883333333333334,750000.0,3.198462963104248,0.0
6.9,750000.0,3.221652030944824,0.0
6.916666666666667,750000.0,3.2447166442871094,0.0
6.933333333333334,750000.0,3.267652988433838,0.0
6.95,750000.0,3.29046893119812,0.0
6.966666666666667,750000.0,3.313162326812744,0.0
6.983333333333333,750000.0,3.335721731185913,0.0
7.0,750000.0,3.3581583499908447,0.0
7.016666666666667,750000.0,3.380458354949951,0.0
7.033333333333333,750000.0,3.402650833129883,0.0
7.05,750000.0,3.4246938228607178,0.0
7.066666666666666,750000.0,3.446624994277954,0.0
7.083333333333333,750000.0,3.4684205055236816,0.0
7.1,750000.0,3.490095853805542,0.0
7.116666666666666,750000.0,3.5116376876831055,0.0
7.133333333333334,750000.0,3.5330591201782227,0.0
7.15,750000.0,3.554347038269043,0.0
7.166666666666667,750000.0,3.575511932373047,0.0
7.183333333333334,750000.0,3.5965423583984375,0.0
7.2,750000.0,3.617457151412964,0.0
7.216666666666667,750000.0,3.6382384300231934,0.0
7.233333333333333,750000.0,3.6588857173919678,0.0
7.25,750000.0,3.679410457611084,0.0
7.266666666666667,750000.0,3.699805736541748,0.0
7.283333333333333,750000.0,3.720073699951172,0.0
7.3,750000.0,3.7402002811431885,0.0
7.316666666666666,750000.0,3.7602200508117676,0.0
7.333333333333333,750000.0,3.7801003456115723,0.0
7.35,750000.0,3.7998602390289307,0.0
7.366666666666666,750000.0,3.819471836090088,0.0
7.383333333333334,750000.0,3.8389718532562256,0.0
7.4,750000.0,3.8583452701568604,0.0
7.416666666666667,750000.0,3.877588987350464,0.0
7.433333333333334,750000.0,3.8966941833496094,0.0
7.45,750000.0,3.9156761169433594,0.0
7.466666666666667,750000.0,3.934541702270508,0.0
7.483333333333333,750000.0,3.9532837867736816,0.0
7.5,750000.0,3.971886157989502,0.0
7.516666666666667,750000.0,3.9903764724731445,0.0
7.533333333333333,750000.0,4.008747577667236,0.0
7.55,750000.0,4.026971817016602,0.0
7.566666666666666,750000.0,4.045072555541992,0.0
7.583333333333333,750000.0,4.063050270080566,0.0
7.6,750000.0,4.080929756164551,0.0
7.616666666666666,750000.0,4.098659992218018,0.0
7.633333333333334,750000.0,4.116266250610352,0.0
7.65,750000.0,4.13375997543335,0.0
7.666666666666667,750000.0,4.151127338409424,0.0
7.683333333333334,750000.0,4.1683855056762695,0.0
7.7,750000.0,4.185476303100586,0.0
7.716666666666667,750000.0,4.202486991882324,0.0
7.733333333333333,750000.0,4.219368934631348,0.0
7.75,750000.0,4.236130714416504,0.0
7.766666666666667,750000.0,4.2527618408203125,0.0
7.783333333333333,750000.0,4.269280910491943,0.0
7.8,750000.0,4.285674095153809,0.0
7.816666666666666,750000.0,4.3019537925720215,0.0
7.833333333333333,750000.0,4.318100929260254,0.0
7.85,750000.0,4.334110260009766,0.0
7.866666666666666,750000.0,4.3500471115112305,0.0
7.883333333333334,750000.0,4.365842819213867,0.0
7.9,750000.0,4.3815107345581055,0.0
7.916666666666667,750000.0,4.397097110748291,0.0
7.933333333333334,750000.0,4.412557125091553,0.0
7.95,750000.0,4.427886009216309,0.0
7.966666666666667,750000.0,4.443114280700684,0.0
7.983333333333333,750000.0,4.458219528198242,0.0
8.0,750000.0,4.473206043243408,0.0
8.016666666666667,750000.0,4.488046646118164,0.0
8.033333333333333,750000.0,4.5028076171875,0.0
8.05,750000.0,4.517474174499512,0.0
8.066666666666666,750000.0,4.532003402709961,0.0
8.083333333333334,750000.0,4.546442985534668,0.0
8.1,750000.0,4.560754299163818,0.0
8.116666666666667,750000.0,4.574963569641113,0.0
8.133333333333333,750000.0,4.589074611663818,0.0
8.15,750000.0,4.6030731201171875,0.0
8.166666666666666,750000.0,4.61695671081543,0.0
8.183333333333334,750000.0,4.630687713623047,0.0
8.2,750000.0,4.64436674118042,0.0
8.216666666666667,750000.0,4.657905101776123,0.0
8.233333333333333,750000.0,4.671368598937988,0.0
8.25,750000.0,4.684732437133789,0.0
8.266666666666667,750000.0,4.697949409484863,0.0
8.283333333333333,750000.0,4.7110748291015625,0.0
8.3,750000.0,4.723941802978516,0.0
8.316666666666666,750000.0,4.736711502075195,0.0
8.333333333333334,750000.0,4.749359130859375,0.0
8.35,750000.0,4.761930465698242,0.0
8.366666666666667,750000.0,4.774396896362305,0.0
8.383333333333333,750000.0,4.786777496337891,0.0
8.4,750000.0,4.799034118652344,0.0
8.416666666666666,750000.0,4.811214447021484,0.0
8.433333333333334,750000.0,4.823289394378662,0.0
8.45,750000.0,4.835254669189453,0.0
8.466666666666667,750000.0,4.847161293029785,0.0
8.483333333333333,750000.0,4.858926773071289,0.0
8.5,750000.0,4.87062406539917,0.0
8.516666666666667,750000.0,4.882228374481201,0.0
8.533333333333333,750000.0,4.893730163574219,0.0
8.55,750000.0,4.905162811279297,0.0
8.566666666666666,750000.0,4.916485786437988,0.0
8.583333333333334,750000.0,4.927728176116943,0.0
8.6,750000.0,4.938877105712891,0.0
8.616666666666667,750000.0,4.949947357177734,0.0
8.633333333333333,750000.0,4.96091365814209,0.0
8.65,750000.0,4.971813201904297,0.0
8.666666666666666,750000.0,4.982611656188965,0.0
8.683333333333334,750000.0,4.99330472946167,0.0
8.7,750000.0,5.003941535949707,0.0
8.716666666666667,750000.0,5.014490127563477,0.0
8.733333333333333,750000.0,5.024966239929199,0.0
8.75,750000.0,5.03535270690918,0.0
8.766666666666667,750000.0,5.045655727386475,0.0
8.783333333333333,750000.0,5.055818557739258,0.0
8.8,750000.0,5.065967559814453,0.0
8.816666666666666,750000.0,5.075998306274414,0.0
8.833333333333334,750000.0,5.08597469329834,0.0
8.85,750000.0,5.0958452224731445,0.0
8.866666666666667,750000.0,5.105676651000977,0.0
8.883333333333333,750000.0,5.1153883934021,0.0
8.9,750000.0,5.12505578994751,0.0
8.916666666666666,750000.0,5.134652137756348,0.0
8.933333333333334,750000.0,5.144161224365234,0.0
8.95,750000.0,5.153596878051758,0.0
8.966666666666667,750000.0,5.16295051574707,0.0
8.983333333333333,750000.0,5.172250270843506,0.0
9.0,750000.0,5.181485176086426,0.0
9.016666666666667,750000.0,5.190659999847412,0.0
9.033333333333333,750000.0,5.199739456176758,0.0
9.05,750000.0,5.208765029907227,0.0
9.066666666666666,750000.0,5.217720985412598,0.0
9.083333333333334,750000.0,5.22658634185791,0.0
9.1,750000.0,5.2354044914245605,0.0
9.116666666666667,750000.0,5.244113445281982,0.0
9.133333333333333,750000.0,5.252816200256348,0.0
9.15,750000.0,5.261423110961914,0.0
9.166666666666666,750000.0,5.269965171813965,0.0
9.183333333333334,750000.0,5.278477191925049,0.0
9.2,750000.0,5.286869049072266,0.0
9.216666666666667,750000.0,5.295249938964844,0.0
9.233333333333333,750000.0,5.303571701049805,0.0
9.25,750000.0,5.311795234680176,0.0
9.266666666666667,750000.0,5.319971084594727,0.0
9.283333333333333,750000.0,5.328076362609863,0.0
9.3,750000.0,5.33613395690918,0.0
9.316666666666666,750000.0,5.344158172607422,0.0
9.333333333333334,750000.0,5.352066993713379,0.0
9.35,750000.0,5.3599138259887695,0.0
9.366666666666667,750000.0,5.367746829986572,0.0
9.383333333333333,750000.0,5.375489711761475,0.0
9.4,750000.0,5.383225440979004,0.0
9.416666666666666,750000.0,5.390846252441406,0.0
9.433333333333334,750000.0,5.398421287536621,0.0
9.45,750000.0,5.405927658081055,0.0
9.466666666666667,750000.0,5.413392066955566,0.0
9.483333333333333,750000.0,5.420805931091309,0.0
9.5,750000.0,5.428122520446777,0.0
9.516666666666667,750000.0,5.435422897338867,0.0
9.533333333333333,750000.0,5.442666530609131,0.0
9.55,750000.0,5.449835777282715,0.0
9.566666666666666,750000.0,5.456934928894043,0.0
9.583333333333334,750000.0,5.46402645111084,0.0
9.6,750000.0,5.471058368682861,0.0
9.616666666666667,750000.0,5.478008270263672,0.0
9.633333333333333,750000.0,5.484899520874023,0.0
9.65,750000.0,5.491715908050537,0.0
9.666666666666666,750000.0,5.498485088348389,0.0
9.683333333333334,750000.0,5.505237579345703,0.0
9.7,750000.0,5.511900424957275,0.0
9.716666666666667,750000.0,5.518498420715332,0.0
9.733333333333333,750000.0,5.5250372886657715,0.0
9.75,750000.0,5.531508445739746,0.0
9.766666666666667,750000.0,5.537954330444336,0.0
9.783333333333333,750000.0,5.544363021850586,0.0
9.8,750000.0,5.550678253173828,0.0
9.816666666666666,750000.0,5.556949615478516,0.0
9.833333333333334,750000.0,5.563180446624756,0.0
9.85,750000.0,5.569307327270508,0.0
9.866666666666667,750000.0,5.575420379638672,0.0
9.883333333333333,750000.0,5.581481456756592,0.0
9.9,750000.0,5.587454795837402,0.0
9.916666666666666,750000.0,5.593384265899658,0.0
9.933333333333334,750000.0,5.599248886108398,0.0
9.95,750000.0,5.6050519943237305,0.0
9.966666666666667,750000.0,5.610852241516113,0.0
9.983333333333333,750000.0,5.616555213928223,0.0
10.0,750000.0,5.622197151184082,0.0
10.016666666666667,750000.0,5.627799987792969,0.0
0.0,833333.3333333334,9.9702730178833,0.0
0.016666666666666666,833333.3333333334,4.940158843994141,0.0
0.03333333333333333,833333.3333333334,0.5537533760070801,66.11374407582939
0.05,833333.3333333334,0.0,81.99052132701422
0.06666666666666667,833333.3333333334,0.0,82.46445497630332
0.08333333333333333,833333.3333333334,0.0,81.99052132701422
0.1,833333.3333333334,0.0,81.04265402843602
0.11666666666666667,833333.3333333334,0.0,80.56872037914692
0.13333333333333333,833333.3333333334,0.0,80.80568720379146
0.15,833333.3333333334,0.0,81.27962085308057
0.16666666666666666,833333.3333333334,0.0,79.85781990521326
0.18333333333333332,833333.3333333334,0.0,80.80568720379146
0.2,833333.3333333334,0.0,80.56872037914692
0.21666666666666667,833333.3333333334,0.0,81.51658767772511
0.23333333333333334,833333.3333333334,0.0,82.46445497630332
0.25,833333.3333333334,0.0,82.70142180094787
0.26666666666666666,833333.3333333334,0.0,83.17535545023696
0.2833333333333333,833333.3333333334,0.0,83.64928909952607
0.3,833333.3333333334,0.0,84.36018957345972
0.31666666666666665,833333.3333333334,0.0,85.78199052132702
0.3333333333333333,833333.3333333334,0.0,87.20379146919431
0.35,833333.3333333334,0.0,86.96682464454977
0.36666666666666664,833333.3333333334,0.0,87.44075829383885
0.38333333333333336,833333.3333333334,0.0,90.28436018957346
0.4,833333.3333333334,0.0,90.75829383886256
0.4166666666666667,833333.3333333334,0.0,93.36492890995261
0.43333333333333335,833333.3333333334,0.0,94.54976303317537
0.45,833333.3333333334,0.0,96.2085308056872
0.4666666666666667,833333.3333333334,0.0,97.86729857819904
0.48333333333333334,833333.3333333334,0.0,99.52606635071089
0.5,833333.3333333334,0.0,100.0
0.5166666666666667,833333.3333333334,0.0,100.0
0.5333333333333333,833333.3333333334,0.0,100.0
0.55,833333.3333333334,0.0,100.0
0.5666666666666667,833333.3333333334,0.0,100.0
0.5833333333333334,833333.3333333334,0.0,100.0
0.6,833333.3333333334,0.0,100.0
0.6166666666666667,833333.3333333334,0.0,100.0
0.6333333333333333,833333.3333333334,0.0,100.0
0.65,833333.3333333334,0.0,100.0
0.6666666666666666,833333.3333333334,0.0,100.0
0.6833333333333333,833333.3333333334,0.0,100.0
0.7,833333.3333333334,0.0,100.0
0.7166666666666667,833333.3333333334,0.0,100.0
0.7333333333333333,833333.3333333334,0.0,100.0
0.75,833333.3333333334,0.0,100.0
0.7666666666666667,833333.3333333334,0.0,100.0
0.7833333333333333,833333.3333333334,0.0,100.0
0.8,833333.3333333334,0.0,100.0
0.8166666666666667,833333.3333333334,0.0,100.0
0.8333333333333334,833333.3333333334,0.0,100.0
0.85,833333.3333333334,0.0,100.0
0.8666666666666667,833333.3333333334,0.0,100.0
0.8833333333333333,833333.3333333334,0.0,100.0
0.9,833333.3333333334,0.0,100.0
0.9166666666666666,833333.3333333334,0.0,100.0
0.9333333333333333,833333.3333333334,0.0,100.0
0.95,833333.3333333334,0.0,100.0
0.9666666666666667,833333.3333333334,0.0,100.0
0.9833333333333333,833333.3333333334,0.0,100.0
1.0,833333.3333333334,0.0,100.0
1.0166666666666666,833333.3333333334,0.0,100.0
1.0333333333333334,833333.3333333334,0.0,100.0
1.05,833333.3333333334,0.0,100.0
1.0666666666666667,833333.3333333334,0.0,100.0
1.0833333333333333,833333.3333333334,0.0,100.0
1.1,833333.3333333334,0.0,100.0
1.1166666666666667,833333.3333333334,0.0,100.0
1.1333333333333333,833333.3333333334,0.0,100.0
1.15,833333.3333333334,0.0,100.0
1.1666666666666667,833333.3333333334,0.0,100.0
1.1833333333333333,833333.3333333334,0.0,100.0
1.2,833333.3333333334,0.0,100.0
1.2166666666666666,833333.3333333334,0.0,100.0
1.2333333333333334,833333.3333333334,0.0,100.0
1.25,833333.3333333334,0.0,100.0
1.2666666666666666,833333.3333333334,0.0,100.0
1.2833333333333334,833333.3333333334,0.0,100.0
1.3,833333.3333333334,0.0,100.0
1.3166666666666667,833333.3333333334,0.0,100.0
1.3333333333333333,833333.3333333334,0.0,100.0
1.35,833333.3333333334,0.0,100.0
1.3666666666666667,833333.3333333334,0.0,100.0
1.3833333333333333,833333.3333333334,0.0,100.0
1.4,833333.3333333334,0.0,100.0
1.4166666666666667,833333.3333333334,0.0,100.0
1.4333333333333333,833333.3333333334,0.0,100.0
1.45,833333.3333333334,0.0,100.0
1.4666666666666666,833333.3333333334,0.0,100.0
1.4833333333333334,833333.3333333334,0.0,100.0
1.5,833333.3333333334,0.0,100.0
1.5166666666666666,833333.3333333334,0.0,100.0
1.5333333333333334,833333.3333333334,0.0,100.0
1.55,833333.3333333334,0.0,100.0
1.5666666666666667,833333.3333333334,0.0,100.0
1.5833333333333333,833333.3333333334,0.0,100.0
1.6,833333.3333333334,0.0,100.0
1.6166666666666667,833333.3333333334,0.0,100.0
1.6333333333333333,833333.3333333334,0.0,100.0
1.65,833333.3333333334,0.0,100.0
1.6666666666666667,833333.3333333334,0.0,100.0
1.6833333333333333,833333.3333333334,0.0,100.0
1.7,833333.3333333334,0.0,100.0
1.7166666666666666,833333.3333333334,0.0,100.0
1.7333333333333334,833333.3333333334,0.0,100.0
1.75,833333.3333333334,0.0,100.0
1.7666666666666666,833333.3333333334,0.0,100.0
1.7833333333333334,833333.3333333334,0.0,100.0
1.8,833333.3333333334,0.0,100.0
1.8166666666666667,833333.3333333334,0.0,100.0
1.8333333333333333,833333.3333333334,0.0,100.0
1.85,833333.3333333334,0.0,100.0
1.8666666666666667,833333.3333333334,0.0,100.0
1.8833333333333333,833333.3333333334,0.0,100.0
1.9,833333.3333333334,0.0,100.0
1.9166666666666667,833333.3333333334,0.0,100.0
1.9333333333333333,833333.3333333334,0.0,100.0
1.95,833333.3333333334,0.0,100.0
1.9666666666666666,833333.3333333334,0.0,100.0
1.9833333333333334,833333.3333333334,0.0,100.0
2.0,833333.3333333334,0.0,100.0
2.0166666666666666,833333.3333333334,0.0,100.0
2.033333333333333,833333.3333333334,0.0,100.0
2.05,833333.3333333334,0.0,100.0
2.066666666666667,833333.3333333334,0.0,100.0
2.0833333333333335,833333.3333333334,0.0,100.0
2.1,833333.3333333334,0.0,100.0
2.1166666666666667,833333.3333333334,0.0,100.0
2.1333333333333333,833333.3333333334,0.0,100.0
2.15,833333.3333333334,0.0,100.0
2.1666666666666665,833333.3333333334,0.0,100.0
2.183333333333333,833333.3333333334,0.0,100.0
2.2,833333.3333333334,0.0,100.0
2.216666666666667,833333.3333333334,0.0,100.0
2.2333333333333334,833333.3333333334,0.0,100.0
2.25,833333.3333333334,0.0,100.0
2.2666666666666666,833333.3333333334,0.0,100.0
2.283333333333333,833333.3333333334,0.0,100.0
2.3,833333.3333333334,0.0,100.0
2.316666666666667,833333.3333333334,0.0,100.0
2.3333333333333335,833333.3333333334,0.0,100.0
2.35,833333.3333333334,0.0,100.0
2.3666666666666667,833333.3333333334,0.0,100.0
2.3833333333333333,833333.3333333334,0.0,100.0
2.4,833333.3333333334,0.0,100.0
2.4166666666666665,833333.3333333334,0.0,100.0
2.433333333333333,833333.3333333334,0.0,100.0
2.45,833333.3333333334,0.0,100.0
2.466666666666667,833333.3333333334,0.0,100.0
2.4833333333333334,833333.3333333334,0.0,100.0
2.5,833333.3333333334,0.0,100.0
2.5166666666666666,833333.3333333334,0.0,100.0
2.533333333333333,833333.3333333334,0.0,100.0
2.55,833333.3333333334,0.0,100.0
2.566666666666667,833333.3333333334,0.0,100.0
2.5833333333333335,833333.3333333334,0.0,100.0
2.6,833333.3333333334,0.0,100.0
2.6166666666666667,833333.3333333334,0.0,100.0
2.6333333333333333,833333.3333333334,0.0,100.0
2.65,833333.3333333334,0.0,100.0
2.6666666666666665,833333.3333333334,0.0,100.0
2.683333333333333,833333.3333333334,0.0,100.0
2.7,833333.3333333334,0.0,100.0
2.716666666666667,833333.3333333334,0.0,100.0
2.7333333333333334,833333.3333333334,0.0,100.0
2.75,833333.3333333334,0.0,100.0
2.7666666666666666,833333.3333333334,0.0,100.0
2.783333333333333,833333.3333333334,0.0,100.0
2.8,833333.3333333334,0.0,100.0
2.816666666666667,833333.3333333334,0.0,100.0
2.8333333333333335,833333.3333333334,0.0,100.0
2.85,833333.3333333334,0.0,100.0
2.8666666666666667,833333.3333333334,0.0,100.0
2.8833333333333333,833333.3333333334,0.0,100.0
2.9,833333.3333333334,0.0,99.0521327014218
2.9166666666666665,833333.3333333334,0.0,98.5781990521327
2.933333333333333,833333.3333333334,0.0,98.5781990521327
2.95,833333.3333333334,0.0,98.5781990521327
2.966666666666667,833333.3333333334,0.0,98.5781990521327
2.9833333333333334,833333.3333333334,0.0,98.5781990521327
3.0,833333.3333333334,0.0,98.5781990521327
3.0166666666666666,833333.3333333334,0.0,98.5781990521327
3.033333333333333,833333.3333333334,0.0,98.10426540284361
3.05,833333.3333333334,0.0,98.10426540284361
3.066666666666667,833333.3333333334,0.0,97.1563981042654
3.0833333333333335,833333.3333333334,0.0,97.1563981042654
3.1,833333.3333333334,0.0,97.1563981042654
3.1166666666666667,833333.3333333334,0.0,96.2085308056872
3.1333333333333333,833333.3333333334,0.0,96.2085308056872
3.15,833333.3333333334,0.0,96.2085308056872
3.1666666666666665,833333.3333333334,0.0,95.73459715639811
3.183333333333333,833333.3333333334,0.0,95.260663507109
3.2,833333.3333333334,0.0,94.7867298578199
3.216666666666667,833333.3333333334,0.0,94.7867298578199
3.2333333333333334,833333.3333333334,0.0,94.7867298578199
3.25,833333.3333333334,0.0,93.8388625592417
3.2666666666666666,833333.3333333334,0.0,93.8388625592417
3.283333333333333,833333.3333333334,0.0,93.36492890995261
3.3,833333.3333333334,0.0,92.89099526066352
3.316666666666667,833333.3333333334,0.0,92.89099526066352
3.3333333333333335,833333.3333333334,0.0,92.89099526066352
3.35,833333.3333333334,0.0,91.9431279620853
3.3666666666666667,833333.3333333334,0.0,91.4691943127962
3.3833333333333333,833333.3333333334,0.0,90.99526066350711
3.4,833333.3333333334,0.0,90.52132701421802
3.4166666666666665,833333.3333333334,0.0,90.04739336492891
3.433333333333333,833333.3333333334,0.0,89.57345971563981
3.45,833333.3333333334,0.0,89.57345971563981
3.466666666666667,833333.3333333334,0.0,88.62559241706161
3.4833333333333334,833333.3333333334,0.0,88.62559241706161
3.5,833333.3333333334,0.0,87.67772511848341
3.5166666666666666,833333.3333333334,0.0,87.20379146919431
3.533333333333333,833333.3333333334,0.0,86.7298578199052
3.55,833333.3333333334,0.0,86.25592417061611
3.566666666666667,833333.3333333334,0.0,85.07109004739335
3.5833333333333335,833333.3333333334,0.0,85.07109004739335
3.6,833333.3333333334,0.0,84.59715639810426
3.6166666666666667,833333.3333333334,0.0,84.12322274881517
3.6333333333333333,833333.3333333334,0.0,83.64928909952607
3.65,833333.3333333334,0.0,82.70142180094787
3.6666666666666665,833333.3333333334,0.0,82.70142180094787
3.683333333333333,833333.3333333334,0.0,82.22748815165876
3.7,833333.3333333334,0.0,81.75355450236967
3.716666666666667,833333.3333333334,0.0,80.80568720379146
3.7333333333333334,833333.3333333334,0.0,80.09478672985783
3.75,833333.3333333334,0.0,79.62085308056872
3.7666666666666666,833333.3333333334,0.0,79.62085308056872
3.783333333333333,833333.3333333334,0.0,79.62085308056872
3.8,833333.3333333334,0.0,78.67298578199052
3.816666666666667,833333.3333333334,0.0,77.72511848341233
3.8333333333333335,833333.3333333334,0.0,77.72511848341233
3.85,833333.3333333334,0.0,77.25118483412322
3.8666666666666667,833333.3333333334,0.0,76.30331753554502
3.8833333333333333,833333.3333333334,0.0,74.17061611374407
3.9,833333.3333333334,0.0,73.22274881516587
3.9166666666666665,833333.3333333334,0.0,73.22274881516587
3.933333333333333,833333.3333333334,0.0,73.22274881516587
3.95,833333.3333333334,0.0,72.74881516587678
3.966666666666667,833333.3333333334,0.0,71.80094786729858
3.9833333333333334,833333.3333333334,0.0,71.32701421800948
4.0,833333.3333333334,0.0,70.85308056872039
4.016666666666667,833333.3333333334,0.0,70.37914691943128
4.033333333333333,833333.3333333334,1.1974079825449735e-05,70.14218009478674
4.05,833333.3333333334,2.1401603589765728e-05,68.72037914691943
4.066666666666666,833333.3333333334,3.238928911741823e-05,68.72037914691943
4.083333333333333,833333.3333333334,5.644351404043846e-05,68.72037914691943
4.1,833333.3333333334,9.317907824879512e-05,68.72037914691943
4.116666666666666,833333.3333333334,0.00014429216389544308,67.29857819905213
4.133333333333334,833333.3333333334,0.00021248988923616707,66.35071090047393
4.15,833333.3333333334,0.00030116585548967123,65.40284360189574
4.166666666666667,833333.3333333334,0.00041433199658058584,64.69194312796208
4.183333333333334,833333.3333333334,0.0005566238542087376,64.21800947867298
4.2,833333.3333333334,0.0007333479588851333,63.270142180094794
4.216666666666667,833333.3333333334,0.0009505385532975197,62.32227488151659
4.233333333333333,833333.3333333334,0.0012150099501013756,62.32227488151659
4.25,833333.3333333334,0.0015344173880293965,61.37440758293838
4.266666666666667,833333.3333333334,0.001917373389005661,60.90047393364929
4.283333333333333,833333.3333333334,0.0023734853602945805,59.47867298578199
4.3,833333.3333333334,0.002913398901000619,59.241706161137444
4.316666666666666,833333.3333333334,0.0033723802771419287,59.241706161137444
4.333333333333333,833333.3333333334,0.0036933852825313807,57.81990521327014
4.35,833333.3333333334,0.004074029624462128,56.872037914691944
4.366666666666666,833333.3333333334,0.004523336887359619,56.872037914691944
4.383333333333334,833333.3333333334,0.005051255226135254,55.45023696682464
4.4,833333.3333333334,0.005668831989169121,54.502369668246445
4.416666666666667,833333.3333333334,0.006388206034898758,54.2654028436019
4.433333333333334,833333.3333333334,0.007222657557576895,53.79146919431279
4.45,833333.3333333334,0.008186672814190388,52.843601895734594
4.466666666666667,833333.3333333334,0.00929597020149231,52.843601895734594
4.483333333333333,833333.3333333334,0.01056753471493721,52.3696682464455
4.5,833333.3333333334,0.012019651010632515,51.8957345971564
4.516666666666667,833333.3333333334,0.013671827502548695,51.8957345971564
4.533333333333333,833333.3333333334,0.015544834546744823,49.28909952606635
4.55,833333.3333333334,0.017660636454820633,48.34123222748815
4.566666666666666,833333.3333333334,0.02004234492778778,48.34123222748815
4.583333333333333,833333.3333333334,0.022714104503393173,47.39336492890995
4.6,833333.3333333334,0.025701036676764488,46.91943127962085
4.616666666666666,833333.3333333334,0.02902902103960514,45.97156398104265
4.633333333333334,833333.3333333334,0.03272455558180809,45.97156398104265
4.65,833333.3333333334,0.036814555525779724,44.78672985781991
4.666666666666667,833333.3333333334,0.04132629185914993,43.838862559241704
4.683333333333334,833333.3333333334,0.04628697410225868,43.3649289099526
4.7,833333.3333333334,0.05172354355454445,41.943127962085306
4.716666666666667,833333.3333333334,0.057662349194288254,41.46919431279621
4.733333333333333,833333.3333333334,0.06412898004055023,40.52132701421801
4.75,833333.3333333334,0.07114792615175247,39.57345971563981
4.766666666666667,833333.3333333334,0.07832567393779755,38.862559241706165
4.783333333333333,833333.3333333334,0.08373843133449554,38.862559241706165
4.8,833333.3333333334,0.08963386714458466,37.91469194312796
4.816666666666666,833333.3333333334,0.09603656828403473,37.44075829383886
4.833333333333333,833333.3333333334,0.10296967625617981,36.96682464454976
4.85,833333.3333333334,0.11045506596565247,36.018957345971565
4.866666666666666,833333.3333333334,0.11851359158754349,35.07109004739337
4.883333333333334,833333.3333333334,0.12716376781463623,33.88625592417062
4.9,833333.3333333334,0.13642209768295288,31.990521327014214
4.916666666666667,833333.3333333334,0.14630283415317535,31.516587677725116
4.933333333333334,833333.3333333334,0.15681779384613037,31.04265402843602
4.95,833333.3333333334,0.1679764837026596,30.568720379146917
4.966666666666667,833333.3333333334,0.17978474497795105,30.09478672985782
4.983333333333333,833333.3333333334,0.19224652647972107,29.620853080568722
5.0,833333.3333333334,0.20536240935325623,27.96208530805687
5.016666666666667,833333.3333333334,0.21913029253482819,26.540284360189574
5.033333333333333,833333.3333333334,0.23354610800743103,26.066350710900476
5.05,833333.3333333334,0.24860195815563202,25.118483412322274
5.066666666666666,833333.3333333334,0.26428771018981934,24.170616113744074
5.083333333333333,833333.3333333334,0.28059130907058716,23.22274881516588
5.1,833333.3333333334,0.297498881816864,22.03791469194313
5.116666666666666,833333.3333333334,0.314994215965271,22.03791469194313
5.133333333333334,833333.3333333334,0.3330593407154083,22.03791469194313
5.15,833333.3333333334,0.35167479515075684,21.09004739336493
5.166666666666667,833333.3333333334,0.37081947922706604,18.246445497630333
5.183333333333334,833333.3333333334,0.3904728889465332,17.77251184834123
5.2,833333.3333333334,0.4106118381023407,17.298578199052134
5.216666666666667,833333.3333333334,0.43121445178985596,16.113744075829384
5.233333333333333,833333.3333333334,0.4522576928138733,15.639810426540285
5.25,833333.3333333334,0.47371751070022583,14.691943127962084
5.266666666666667,833333.3333333334,0.49557146430015564,14.691943127962084
5.283333333333333,833333.3333333334,0.5177971124649048,13.744075829383887
5.3,833333.3333333334,0.5403713583946228,11.848341232227488
5.316666666666666,833333.3333333334,0.5632733702659607,10.42654028436019
5.333333333333333,833333.3333333334,0.5864810943603516,9.715639810426541
5.35,833333.3333333334,0.6099740266799927,9.24170616113744
5.366666666666666,833333.3333333334,0.6337329149246216,8.767772511848342
5.383333333333334,833333.3333333334,0.6577391028404236,8.293838862559241
5.4,833333.3333333334,0.6819741725921631,8.293838862559241
5.416666666666667,833333.3333333334,0.7064189314842224,6.872037914691943
5.433333333333334,833333.3333333334,0.7310593724250793,4.739336492890995
5.45,833333.3333333334,0.7558810710906982,4.265402843601896
5.466666666666667,833333.3333333334,0.7808696031570435,3.7914691943127963
5.483333333333333,833333.3333333334,0.8060088157653809,3.7914691943127963
5.5,833333.3333333334,0.8312885761260986,3.7914691943127963
5.516666666666667,833333.3333333334,0.8566926121711731,3.7914691943127963
5.533333333333333,833333.3333333334,0.8822121620178223,1.1848341232227488
5.55,833333.3333333334,0.9078366756439209,0.23696682464454977
5.566666666666666,833333.3333333334,0.9335581064224243,0.23696682464454977
5.583333333333333,833333.3333333334,0.959364116191864,0.23696682464454977
5.6,833333.3333333334,0.98525071144104,0.23696682464454977
5.616666666666666,833333.3333333334,1.011209487915039,0.0
5.633333333333334,833333.3333333334,1.0372320413589478,0.0
5.65,833333.3333333334,1.0633126497268677,0.0
5.666666666666667,833333.3333333334,1.0894427299499512,0.0
5.683333333333334,833333.3333333334,1.115617275238037,0.0
5.7,833333.3333333334,1.1418352127075195,0.0
5.716666666666667,833333.3333333334,1.168086290359497,0.0
5.733333333333333,833333.3333333334,1.1943714618682861,0.0
5.75,833333.3333333334,1.2206826210021973,0.0
5.766666666666667,833333.3333333334,1.2470203638076782,0.0
5.783333333333333,833333.3333333334,1.2733725309371948,0.0
5.8,833333.3333333334,1.299736499786377,0.0
5.816666666666666,833333.3333333334,1.326117992401123,0.0
5.833333333333333,833333.3333333334,1.3525052070617676,0.0
5.85,833333.3333333334,1.3788957595825195,0.0
5.866666666666666,833333.3333333334,1.4052907228469849,0.0
5.883333333333334,833333.3333333334,1.4316823482513428,0.0
5.9,833333.3333333334,1.4580707550048828,0.0
5.916666666666667,833333.3333333334,1.4844611883163452,0.0
5.933333333333334,833333.3333333334,1.5108389854431152,0.0
5.95,833333.3333333334,1.5371980667114258,0.0
5.966666666666667,833333.3333333334,1.5635522603988647,0.0
5.983333333333333,833333.3333333334,1.5898876190185547,0.0
6.0,833333.3333333334,1.616196870803833,0.0
6.016666666666667,833333.3333333334,1.6424853801727295,0.0
6.033333333333333,833333.3333333334,1.6687499284744263,0.0
6.05,833333.3333333334,1.694988489151001,0.0
6.066666666666666,833333.3333333334,1.721195101737976,0.0
6.083333333333333,833333.3333333334,1.7473628520965576,0.0
6.1,833333.3333333334,1.7734969854354858,0.0
6.116666666666666,833333.3333333334,1.7995924949645996,0.0
6.133333333333334,833333.3333333334,1.8256443738937378,0.0
6.15,833333.3333333334,1.8516522645950317,0.0
6.166666666666667,833333.3333333334,1.8776143789291382,0.0
6.183333333333334,833333.3333333334,1.9035276174545288,0.0
6.2,833333.3333333334,1.9293792247772217,0.0
6.216666666666667,833333.3333333334,1.955186367034912,0.0
6.233333333333333,833333.3333333334,1.980942964553833,0.0
6.25,833333.3333333334,2.006629705429077,0.0
6.266666666666667,833333.3333333334,2.0322558879852295,0.0
6.283333333333333,833333.3333333334,2.0578150749206543,0.0
6.3,833333.3333333334,2.0833168029785156,0.0
6.316666666666666,833333.3333333334,2.1087398529052734,0.0
6.333333333333333,833333.3333333334,2.1340932846069336,0.0
6.35,833333.3333333334,2.159376621246338,0.0
6.366666666666666,833333.3333333334,2.1845815181732178,0.0
6.383333333333334,833333.3333333334,2.2097036838531494,0.0
6.4,833333.3333333334,2.2347421646118164,0.0
6.416666666666667,833333.3333333334,2.2597122192382812,0.0
6.433333333333334,833333.3333333334,2.2845897674560547,0.0
6.45,833333.3333333334,2.309389591217041,0.0
6.466666666666667,833333.3333333334,2.334094524383545,0.0
6.483333333333333,833333.3333333334,2.3587164878845215,0.0
6.5,833333.3333333334,2.3832507133483887,0.0
6.516666666666667,833333.3333333334,2.407684326171875,0.0
6.533333333333333,833333.3333333334,2.4320271015167236,0.0
6.55,833333.3333333334,2.45627760887146,0.0
6.566666666666666,833333.3333333334,2.480428695678711,0.0
6.583333333333333,833333.3333333334,2.504481315612793,0.0
6.6,833333.3333333334,2.5284430980682373,0.0
6.616666666666666,833333.3333333334,2.552295684814453,0.0
6.633333333333334,833333.3333333334,2.576042652130127,0.0
6.65,833333.3333333334,2.599693775177002,0.0
6.666666666666667,833333.3333333334,2.6232473850250244,0.0
6.683333333333334,833333.3333333334,2.6466875076293945,0.0
6.7,833333.3333333334,2.6700239181518555,0.0
6.716666666666667,833333.3333333334,2.6932644844055176,0.0
6.733333333333333,833333.3333333334,2.7163922786712646,0.0
6.75,833333.3333333334,2.7394049167633057,0.0
6.766666666666667,833333.3333333334,2.7623109817504883,0.0
6.783333333333333,833333.3333333334,2.7851104736328125,0.0
6.8,833333.3333333334,2.8078041076660156,0.0
6.816666666666666,833333.3333333334,2.830393075942993,0.0
6.833333333333333,833333.3333333334,2.8528640270233154,0.0
6.85,833333.3333333334,2.8752248287200928,0.0
6.866666666666666,833333.3333333334,2.8974764347076416,0.0
6.883333333333334,833333.3333333334,2.9196090698242188,0.0
6.9,833333.3333333334,2.9416232109069824,0.0
6.916666666666667,833333.3333333334,2.963524341583252,0.0
6.933333333333334,833333.3333333334,2.985311985015869,0.0
6.95,833333.3333333334,3.006990432739258,0.0
6.966666666666667,833333.3333333334,3.028547763824463,0.0
6.983333333333333,833333.3333333334,3.0499932765960693,0.0
7.0,833333.3333333334,3.0713088512420654,0.0
7.016666666666667,833333.3333333334,3.0925216674804688,0.0
7.033333333333333,833333.3333333334,3.1136105060577393,0.0
7.05,833333.3333333334,3.134587287902832,0.0
7.066666666666666,833333.3333333334,3.1554336547851562,0.0
7.083333333333333,833333.3333333334,3.176176071166992,0.0
7.1,833333.3333333334,3.1967861652374268,0.0
7.116666666666666,833333.3333333334,3.2172839641571045,0.0
7.133333333333334,833333.3333333334,3.237657308578491,0.0
7.15,833333.3333333334,3.2579245567321777,0.0
7.166666666666667,833333.3333333334,3.278064250946045,0.0
7.183333333333334,833333.3333333334,3.298090934753418,0.0
7.2,833333.3333333334,3.317983388900757,0.0
7.216666666666667,833333.3333333334,3.337775707244873,0.0
7.233333333333333,833333.3333333334,3.357435464859009,0.0
7.25,833333.3333333334,3.3769781589508057,0.0
7.266666666666667,833333.3333333334,3.396392583847046,0.0
7.283333333333333,833333.3333333334,3.4157028198242188,0.0
7.3,833333.3333333334,3.4348833560943604,0.0
7.316666666666666,833333.3333333334,3.453946590423584,0.0
7.333333333333333,833333.3333333334,3.4728822708129883,0.0
7.35,833333.3333333334,3.491706609725952,0.0
7.366666666666666,833333.3333333334,3.5104057788848877,0.0
7.383333333333334,833333.3333333334,3.5289855003356934,0.0
7.4,833333.3333333334,3.5474390983581543,0.0
7.416666666666667,833333.3333333334,3.5657896995544434,0.0
7.433333333333334,833333.3333333334,3.5840141773223877,0.0
7.45,833333.3333333334,3.6021132469177246,0.0
7.466666666666667,833333.3333333334,3.620100259780884,0.0
7.483333333333333,833333.3333333334,3.6379647254943848,0.0
7.5,833333.3333333334,3.6557085514068604,0.0
7.516666666666667,833333.3333333334,3.6733345985412598,0.0
7.533333333333333,833333.3333333334,3.6908459663391113,0.0
7.55,833333.3333333334,3.708238124847412,0.0
7.566666666666666,833333.3333333334,3.725512981414795,0.0
7.583333333333333,833333.3333333334,3.7426600456237793,0.0
7.6,833333.3333333334,3.75970196723938,0.0
7.616666666666666,833333.3333333334,3.776627779006958,0.0
7.633333333333334,833333.3333333334,3.7934341430664062,0.0
7.65,833333.3333333334,3.8101229667663574,0.0
7.666666666666667,833333.3333333334,3.8266987800598145,0.0
7.683333333333334,833333.3333333334,3.8431458473205566,0.0
7.7,833333.3333333334,3.8594775199890137,0.0
7.716666666666667,833333.3333333334,3.875701904296875,0.0
7.733333333333333,833333.3333333334,3.8918185234069824,0.0
7.75,833333.3333333334,3.9078049659729004,0.0
7.766666666666667,833333.3333333334,3.9236788749694824,0.0
7.783333333333333,833333.3333333334,3.939453363418579,0.0
7.8,833333.3333333334,3.9551122188568115,0.0
7.816666666666666,833333.3333333334,3.9706530570983887,0.0
7.833333333333333,833333.3333333334,3.986082077026367,0.0
7.85,833333.3333333334,4.001400947570801,0.0
7.866666666666666,833333.3333333334,4.016590118408203,0.0
7.883333333333334,833333.3333333334,4.031702041625977,0.0
7.9,833333.3333333334,4.046685695648193,0.0
7.916666666666667,833333.3333333334,4.061548233032227,0.0
7.933333333333334,833333.3333333334,4.076298713684082,0.0
7.95,833333.3333333334,4.090965270996094,0.0
7.966666666666667,833333.3333333334,4.1054816246032715,0.0
7.983333333333333,833333.3333333334,4.119915008544922,0.0
8.0,833333.3333333334,4.134255409240723,0.0
8.016666666666667,833333.3333333334,4.148465156555176,0.0
8.033333333333333,833333.3333333334,4.162586212158203,0.0
8.05,833333.3333333334,4.176607131958008,0.0
8.066666666666666,833333.3333333334,4.190498352050781,0.0
8.083333333333334,833333.3333333334,4.204287528991699,0.0
8.1,833333.3333333334,4.217971324920654,0.0
8.116666666666667,833333.3333333334,4.2315473556518555,0.0
8.133333333333333,833333.3333333334,4.245048522949219,0.0
8.15,833333.3333333334,4.2584309577941895,0.0
8.166666666666666,833333.3333333334,4.271653175354004,0.0
8.183333333333334,833333.3333333334,4.2848405838012695,0.0
8.2,833333.3333333334,4.297895431518555,0.0
8.216666666666667,833333.3333333334,4.310869216918945,0.0
8.233333333333333,833333.3333333334,4.3235979080200195,0.0
8.25,833333.3333333334,4.336178779602051,0.0
8.266666666666667,833333.3333333334,4.348663330078125,0.0
8.283333333333333,833333.3333333334,4.361064434051514,0.0
8.3,833333.3333333334,4.373322486877441,0.0
8.316666666666666,833333.3333333334,4.385537147521973,0.0
8.333333333333334,833333.3333333334,4.397624969482422,0.0
8.35,833333.3333333334,4.40960693359375,0.0
8.366666666666667,833333.3333333334,4.421533584594727,0.0
8.383333333333333,833333.3333333334,4.433337211608887,0.0
8.4,833333.3333333334,4.445085048675537,0.0
8.416666666666666,833333.3333333334,4.456690788269043,0.0
8.433333333333334,833333.3333333334,4.468234062194824,0.0
8.45,833333.3333333334,4.479669570922852,0.0
8.466666666666667,833333.3333333334,4.49102783203125,0.0
8.483333333333333,833333.3333333334,4.502309799194336,0.0
8.5,833333.3333333334,4.513493537902832,0.0
8.516666666666667,833333.3333333334,4.524590492248535,0.0
8.533333333333333,833333.3333333334,4.535584449768066,0.0
8.55,833333.3333333334,4.546498775482178,0.0
8.566666666666666,833333.3333333334,4.557319641113281,0.0
8.583333333333334,833333.3333333334,4.568042278289795,0.0
8.6,833333.3333333334,4.578679084777832,0.0
8.616666666666667,833333.3333333334,4.589260101318359,0.0
8.633333333333333,833333.3333333334,4.599736213684082,0.0
8.65,833333.3333333334,4.6101274490356445,0.0
8.666666666666666,833333.3333333334,4.6204423904418945,0.0
8.683333333333334,833333.3333333334,4.630643844604492,0.0
8.7,833333.3333333334,4.6407976150512695,0.0
8.716666666666667,833333.3333333334,4.650838851928711,0.0
8.733333333333333,833333.3333333334,4.660831451416016,0.0
8.75,833333.3333333334,4.670683860778809,0.0
8.766666666666667,833333.3333333334,4.680515289306641,0.0
8.783333333333333,833333.3333333334,4.69023323059082,0.0
8.8,833333.3333333334,4.699902057647705,0.0
8.816666666666666,833333.3333333334,4.70948600769043,0.0
8.833333333333334,833333.3333333334,4.718995094299316,0.0
8.85,833333.3333333334,4.7284440994262695,0.0
8.866666666666667,833333.3333333334,4.737792015075684,0.0
8.883333333333333,833333.3333333334,4.747093200683594,0.0
8.9,833333.3333333334,4.756298542022705,0.0
8.916666666666666,833333.3333333334,4.765437126159668,0.0
8.933333333333334,833333.3333333334,4.774494171142578,0.0
8.95,833333.3333333334,4.783488750457764,0.0
8.966666666666667,833333.3333333334,4.792423248291016,0.0
8.983333333333333,833333.3333333334,4.8012824058532715,0.0
9.0,833333.3333333334,4.810077667236328,0.0
9.016666666666667,833333.3333333334,4.818788528442383,0.0
9.033333333333333,833333.3333333334,4.827459335327148,0.0
9.05,833333.3333333334,4.8360395431518555,0.0
9.066666666666666,833333.3333333334,4.844564914703369,0.0
9.083333333333334,833333.3333333334,4.852997779846191,0.0
9.1,833333.3333333334,4.8613786697387695,0.0
9.116666666666667,833333.3333333334,4.869697570800781,0.0
9.133333333333333,833333.3333333334,4.877949237823486,0.0
9.15,833333.3333333334,4.886147499084473,0.0
9.166666666666666,833333.3333333334,4.89424991607666,0.0
9.183333333333334,833333.3333333334,4.902308464050293,0.0
9.2,833333.3333333334,4.910354137420654,0.0
9.216666666666667,833333.3333333334,4.918267250061035,0.0
9.233333333333333,833333.3333333334,4.926154136657715,0.0
9.25,833333.3333333334,4.933982849121094,0.0
9.266666666666667,833333.3333333334,4.941722869873047,0.0
9.283333333333333,833333.3333333334,4.949441909790039,0.0
9.3,833333.3333333334,4.95707368850708,0.0
9.316666666666666,833333.3333333334,4.964649200439453,0.0
9.333333333333334,833333.3333333334,4.972171783447266,0.0
9.35,833333.3333333334,4.979653358459473,0.0
9.366666666666667,833333.3333333334,4.987067222595215,0.0
9.383333333333333,833333.3333333334,4.9944610595703125,0.0
9.4,833333.3333333334,5.001749038696289,0.0
9.416666666666666,833333.3333333334,5.009001731872559,0.0
9.433333333333334,833333.3333333334,5.016199111938477,0.0
9.45,833333.3333333334,5.02335262298584,0.0
9.466666666666667,833333.3333333334,5.030444145202637,0.0
9.483333333333333,833333.3333333334,5.037481784820557,0.0
9.5,833333.3333333334,5.0444841384887695,0.0
9.516666666666667,833333.3333333334,5.051414489746094,0.0
9.533333333333333,833333.3333333334,5.058281421661377,0.0
9.55,833333.3333333334,5.065108776092529,0.0
9.566666666666666,833333.3333333334,5.071877956390381,0.0
9.583333333333334,833333.3333333334,5.078635215759277,0.0
9.6,833333.3333333334,5.085315704345703,0.0
9.616666666666667,833333.3333333334,5.091923713684082,0.0
9.633333333333333,833333.3333333334,5.0985283851623535,0.0
9.65,833333.3333333334,5.105059623718262,0.0
9.666666666666666,833333.3333333334,5.111547470092773,0.0
9.683333333333334,833333.3333333334,5.1179914474487305,0.0
9.7,833333.3333333334,5.124353408813477,0.0
9.716666666666667,833333.3333333334,5.130641937255859,0.0
9.733333333333333,833333.3333333334,5.136927604675293,0.0
9.75,833333.3333333334,5.143177509307861,0.0
9.766666666666667,833333.3333333334,5.149316787719727,0.0
9.783333333333333,833333.3333333334,5.1554412841796875,0.0
9.8,833333.3333333334,5.161530017852783,0.0
9.816666666666666,833333.3333333334,5.167537689208984,0.0
9.833333333333334,833333.3333333334,5.173501014709473,0.0
9.85,833333.3333333334,5.1794304847717285,0.0
9.866666666666667,833333.3333333334,5.185296535491943,0.0
9.883333333333333,833333.3333333334,5.191102504730225,0.0
9.9,833333.3333333334,5.196901798248291,0.0
9.916666666666666,833333.3333333334,5.202612400054932,0.0
9.933333333333334,833333.3333333334,5.208259582519531,0.0
9.95,833333.3333333334,5.213900566101074,0.0
9.966666666666667,833333.3333333334,5.2194671630859375,0.0
9.983333333333333,833333.3333333334,5.224948883056641,0.0
10.0,833333.3333333334,5.230422019958496,0.0
10.016666666666667,833333.3333333334,5.235842704772949,0.0
0.0,916666.6666666666,9.9702730178833,0.0
0.016666666666666666,916666.6666666666,4.9401092529296875,0.0
0.03333333333333333,916666.6666666666,0.5536453723907471,66.11374407582939
0.05,916666.6666666666,0.0,81.99052132701422
0.06666666666666667,916666.6666666666,0.0,82.46445497630332
0.08333333333333333,916666.6666666666,0.0,81.99052132701422
0.1,916666.6666666666,0.0,81.04265402843602
0.11666666666666667,916666.6666666666,0.0,80.56872037914692
0.13333333333333333,916666.6666666666,0.0,80.80568720379146
0.15,916666.6666666666,0.0,81.27962085308057
0.16666666666666666,916666.6666666666,0.0,79.85781990521326
0.18333333333333332,916666.6666666666,0.0,80.80568720379146
0.2,916666.6666666666,0.0,80.56872037914692
0.21666666666666667,916666.6666666666,0.0,81.51658767772511
0.23333333333333334,916666.6666666666,0.0,82.46445497630332
0.25,916666.6666666666,0.0,82.70142180094787
0.26666666666666666,916666.6666666666,0.0,83.17535545023696
0.2833333333333333,916666.6666666666,0.0,83.64928909952607
0.3,916666.6666666666,0.0,84.36018957345972
0.31666666666666665,916666.6666666666,0.0,85.78199052132702
0.3333333333333333,916666.6666666666,0.0,87.20379146919431
0.35,916666.6666666666,0.0,86.96682464454977
0.36666666666666664,916666.6666666666,0.0,87.44075829383885
0.38333333333333336,916666.6666666666,0.0,90.28436018957346
0.4,916666.6666666666,0.0,90.75829383886256
0.4166666666666667,916666.6666666666,0.0,93.36492890995261
0.43333333333333335,916666.6666666666,0.0,94.54976303317537
0.45,916666.6666666666,0.0,96.2085308056872
0.4666666666666667,916666.6666666666,0.0,97.86729857819904
0.48333333333333334,916666.6666666666,0.0,99.52606635071089
0.5,916666.6666666666,0.0,100.0
0.5166666666666667,916666.6666666666,0.0,100.0
0.5333333333333333,916666.6666666666,0.0,100.0
0.55,916666.6666666666,0.0,100.0
0.5666666666666667,916666.6666666666,0.0,100.0
0.5833333333333334,916666.6666666666,0.0,100.0
0.6,916666.6666666666,0.0,100.0
0.6166666666666667,916666.6666666666,0.0,100.0
0.6333333333333333,916666.6666666666,0.0,100.0
0.65,916666.6666666666,0.0,100.0
0.6666666666666666,916666.6666666666,0.0,100.0
0.6833333333333333,916666.6666666666,0.0,100.0
0.7,916666.6666666666,0.0,100.0
0.7166666666666667,916666.6666666666,0.0,100.0
0.7333333333333333,916666.6666666666,0.0,100.0
0.75,916666.6666666666,0.0,100.0
0.7666666666666667,916666.6666666666,0.0,100.0
0.7833333333333333,916666.6666666666,0.0,100.0
0.8,916666.6666666666,0.0,100.0
0.8166666666666667,916666.6666666666,0.0,100.0
0.8333333333333334,916666.6666666666,0.0,100.0
0.85,916666.6666666666,0.0,100.0
0.8666666666666667,916666.6666666666,0.0,100.0
0.8833333333333333,916666.6666666666,0.0,100.0
0.9,916666.6666666666,0.0,100.0
0.9166666666666666,916666.6666666666,0.0,100.0
0.9333333333333333,916666.6666666666,0.0,100.0
0.95,916666.6666666666,0.0,100.0
0.9666666666666667,916666.6666666666,0.0,100.0
0.9833333333333333,916666.6666666666,0.0,100.0
1.0,916666.6666666666,0.0,100.0
1.0166666666666666,916666.6666666666,0.0,100.0
1.0333333333333334,916666.6666666666,0.0,100.0
1.05,916666.6666666666,0.0,100.0
1.0666666666666667,916666.6666666666,0.0,100.0
1.0833333333333333,916666.6666666666,0.0,100.0
1.1,916666.6666666666,0.0,100.0
1.1166666666666667,916666.6666666666,0.0,100.0
1.1333333333333333,916666.6666666666,0.0,100.0
1.15,916666.6666666666,0.0,100.0
1.1666666666666667,916666.6666666666,0.0,100.0
1.1833333333333333,916666.6666666666,0.0,100.0
1.2,916666.6666666666,0.0,100.0
1.2166666666666666,916666.6666666666,0.0,100.0
1.2333333333333334,916666.6666666666,0.0,100.0
1.25,916666.6666666666,0.0,100.0
1.2666666666666666,916666.6666666666,0.0,100.0
1.2833333333333334,916666.6666666666,0.0,100.0
1.3,916666.6666666666,0.0,100.0
1.3166666666666667,916666.6666666666,0.0,100.0
1.3333333333333333,916666.6666666666,0.0,100.0
1.35,916666.6666666666,0.0,100.0
1.3666666666666667,916666.6666666666,0.0,100.0
1.3833333333333333,916666.6666666666,0.0,100.0
1.4,916666.6666666666,0.0,100.0
1.4166666666666667,916666.6666666666,0.0,100.0
1.4333333333333333,916666.6666666666,0.0,100.0
1.45,916666.6666666666,0.0,100.0
1.4666666666666666,916666.6666666666,0.0,100.0
1.4833333333333334,916666.6666666666,0.0,100.0
1.5,916666.6666666666,0.0,100.0
1.5166666666666666,916666.6666666666,0.0,100.0
1.5333333333333334,916666.6666666666,0.0,100.0
1.55,916666.6666666666,0.0,100.0
1.5666666666666667,916666.6666666666,0.0,100.0
1.5833333333333333,916666.6666666666,0.0,100.0
1.6,916666.6666666666,0.0,100.0
1.6166666666666667,916666.6666666666,0.0,100.0
1.6333333333333333,916666.6666666666,0.0,100.0
1.65,916666.6666666666,0.0,100.0
1.6666666666666667,916666.6666666666,0.0,100.0
1.6833333333333333,916666.6666666666,0.0,100.0
1.7,916666.6666666666,0.0,100.0
1.7166666666666666,916666.6666666666,0.0,100.0
1.7333333333333334,916666.6666666666,0.0,100.0
1.75,916666.6666666666,0.0,100.0
1.7666666666666666,916666.6666666666,0.0,100.0
1.7833333333333334,916666.6666666666,0.0,100.0
1.8,916666.6666666666,0.0,100.0
1.8166666666666667,916666.6666666666,0.0,100.0
1.8333333333333333,916666.6666666666,0.0,100.0
1.85,916666.6666666666,0.0,100.0
1.8666666666666667,916666.6666666666,0.0,100.0
1.8833333333333333,916666.6666666666,0.0,100.0
1.9,916666.6666666666,0.0,100.0
1.9166666666666667,916666.6666666666,0.0,100.0
1.9333333333333333,916666.6666666666,0.0,100.0
1.95,916666.6666666666,0.0,100.0
1.9666666666666666,916666.6666666666,0.0,100.0
1.9833333333333334,916666.6666666666,0.0,100.0
2.0,916666.6666666666,0.0,100.0
2.0166666666666666,916666.6666666666,0.0,100.0
2.033333333333333,916666.6666666666,0.0,100.0
2.05,916666.6666666666,0.0,100.0
2.066666666666667,916666.6666666666,0.0,100.0
2.0833333333333335,916666.6666666666,0.0,100.0
2.1,916666.6666666666,0.0,100.0
2.1166666666666667,916666.6666666666,0.0,100.0
2.1333333333333333,916666.6666666666,0.0,100.0
2.15,916666.6666666666,0.0,100.0
2.1666666666666665,916666.6666666666,0.0,100.0
2.183333333333333,916666.6666666666,0.0,100.0
2.2,916666.6666666666,0.0,100.0
2.216666666666667,916666.6666666666,0.0,100.0
2.2333333333333334,916666.6666666666,0.0,100.0
2.25,916666.6666666666,0.0,100.0
2.2666666666666666,916666.6666666666,0.0,100.0
2.283333333333333,916666.6666666666,0.0,100.0
2.3,916666.6666666666,0.0,100.0
2.316666666666667,916666.6666666666,0.0,100.0
2.3333333333333335,916666.6666666666,0.0,100.0
2.35,916666.6666666666,0.0,100.0
2.3666666666666667,916666.6666666666,0.0,100.0
2.3833333333333333,916666.6666666666,0.0,100.0
2.4,916666.6666666666,0.0,100.0
2.4166666666666665,916666.6666666666,0.0,100.0
2.433333333333333,916666.6666666666,0.0,100.0
2.45,916666.6666666666,0.0,100.0
2.466666666666667,916666.6666666666,0.0,100.0
2.4833333333333334,916666.6666666666,0.0,100.0
2.5,916666.6666666666,0.0,100.0
2.5166666666666666,916666.6666666666,0.0,100.0
2.533333333333333,916666.6666666666,0.0,100.0
2.55,916666.6666666666,0.0,100.0
2.566666666666667,916666.6666666666,0.0,100.0
2.5833333333333335,916666.6666666666,0.0,100.0
2.6,916666.6666666666,0.0,100.0
2.6166666666666667,916666.6666666666,0.0,100.0
2.6333333333333333,916666.6666666666,0.0,100.0
2.65,916666.6666666666,0.0,100.0
2.6666666666666665,916666.6666666666,0.0,100.0
2.683333333333333,916666.6666666666,0.0,100.0
2.7,916666.6666666666,0.0,100.0
2.716666666666667,916666.6666666666,0.0,100.0
2.7333333333333334,916666.6666666666,0.0,100.0
2.75,916666.6666666666,0.0,100.0
2.7666666666666666,916666.6666666666,0.0,100.0
2.783333333333333,916666.6666666666,0.0,100.0
2.8,916666.6666666666,0.0,100.0
2.816666666666667,916666.6666666666,0.0,100.0
2.8333333333333335,916666.6666666666,0.0,100.0
2.85,916666.6666666666,0.0,100.0
2.8666666666666667,916666.6666666666,0.0,100.0
2.8833333333333333,916666.6666666666,0.0,100.0
2.9,916666.6666666666,0.0,100.0
2.9166666666666665,916666.6666666666,0.0,99.0521327014218
2.933333333333333,916666.6666666666,0.0,98.5781990521327
2.95,916666.6666666666,0.0,98.5781990521327
2.966666666666667,916666.6666666666,0.0,98.5781990521327
2.9833333333333334,916666.6666666666,0.0,98.5781990521327
3.0,916666.6666666666,0.0,98.5781990521327
3.0166666666666666,916666.6666666666,0.0,98.5781990521327
3.033333333333333,916666.6666666666,0.0,98.5781990521327
3.05,916666.6666666666,0.0,98.10426540284361
3.066666666666667,916666.6666666666,0.0,98.10426540284361
3.0833333333333335,916666.6666666666,0.0,97.1563981042654
3.1,916666.6666666666,0.0,97.1563981042654
3.1166666666666667,916666.6666666666,0.0,97.1563981042654
3.1333333333333333,916666.6666666666,0.0,96.2085308056872
3.15,916666.6666666666,0.0,96.2085308056872
3.1666666666666665,916666.6666666666,0.0,96.2085308056872
3.183333333333333,916666.6666666666,0.0,95.73459715639811
3.2,916666.6666666666,0.0,95.260663507109
3.216666666666667,916666.6666666666,0.0,94.7867298578199
3.2333333333333334,916666.6666666666,0.0,94.7867298578199
3.25,916666.6666666666,0.0,94.7867298578199
3.2666666666666666,916666.6666666666,0.0,93.8388625592417
3.283333333333333,916666.6666666666,0.0,93.8388625592417
3.3,916666.6666666666,0.0,93.36492890995261
3.316666666666667,916666.6666666666,0.0,92.89099526066352
3.3333333333333335,916666.6666666666,0.0,92.89099526066352
3.35,916666.6666666666,0.0,92.89099526066352
3.3666666666666667,916666.6666666666,0.0,91.9431279620853
3.3833333333333333,916666.6666666666,0.0,91.4691943127962
3.4,916666.6666666666,0.0,90.99526066350711
3.4166666666666665,916666.6666666666,0.0,90.52132701421802
3.433333333333333,916666.6666666666,0.0,90.04739336492891
3.45,916666.6666666666,0.0,90.04739336492891
3.466666666666667,916666.6666666666,0.0,89.57345971563981
3.4833333333333334,916666.6666666666,0.0,89.0995260663507
3.5,916666.6666666666,0.0,88.62559241706161
3.5166666666666666,916666.6666666666,0.0,88.62559241706161
3.533333333333333,916666.6666666666,0.0,87.67772511848341
3.55,916666.6666666666,0.0,87.20379146919431
3.566666666666667,916666.6666666666,0.0,86.25592417061611
3.5833333333333335,916666.6666666666,0.0,86.01895734597157
3.6,916666.6666666666,0.0,85.07109004739335
3.6166666666666667,916666.6666666666,0.0,85.07109004739335
3.6333333333333333,916666.6666666666,0.0,84.12322274881517
3.65,916666.6666666666,0.0,83.64928909952607
3.6666666666666665,916666.6666666666,0.0,83.64928909952607
3.683333333333333,916666.6666666666,0.0,82.70142180094787
3.7,916666.6666666666,0.0,82.22748815165876
3.716666666666667,916666.6666666666,0.0,81.75355450236967
3.7333333333333334,916666.6666666666,0.0,81.27962085308057
3.75,916666.6666666666,0.0,80.56872037914692
3.7666666666666666,916666.6666666666,0.0,79.62085308056872
3.783333333333333,916666.6666666666,0.0,79.62085308056872
3.8,916666.6666666666,0.0,79.62085308056872
3.816666666666667,916666.6666666666,0.0,79.14691943127961
3.8333333333333335,916666.6666666666,0.0,78.67298578199052
3.85,916666.6666666666,0.0,77.72511848341233
3.8666666666666667,916666.6666666666,0.0,77.72511848341233
3.8833333333333333,916666.6666666666,0.0,77.25118483412322
3.9,916666.6666666666,0.0,76.06635071090048
3.9166666666666665,916666.6666666666,0.0,74.17061611374407
3.933333333333333,916666.6666666666,0.0,73.22274881516587
3.95,916666.6666666666,0.0,73.22274881516587
3.966666666666667,916666.6666666666,0.0,73.22274881516587
3.9833333333333334,916666.6666666666,0.0,72.74881516587678
4.0,916666.6666666666,0.0,71.32701421800948
4.016666666666667,916666.6666666666,0.0,71.32701421800948
4.033333333333333,916666.6666666666,0.0,70.85308056872039
4.05,916666.6666666666,0.0,70.14218009478674
4.066666666666666,916666.6666666666,1.4503266356769018e-05,70.14218009478674
4.083333333333333,916666.6666666666,1.784001688065473e-05,68.72037914691943
4.1,916666.6666666666,2.933043106168043e-05,68.72037914691943
4.116666666666666,916666.6666666666,5.3348827350419015e-05,68.72037914691943
4.133333333333334,916666.6666666666,8.954403165262192e-05,68.72037914691943
4.15,916666.6666666666,0.0001395066938130185,67.29857819905213
4.166666666666667,916666.6666666666,0.00020575497183017433,66.82464454976304
4.183333333333334,916666.6666666666,0.0002914199430961162,65.40284360189574
4.2,916666.6666666666,0.0004001926863566041,65.16587677725119
4.216666666666667,916666.6666666666,0.0005363259697332978,64.21800947867298
4.233333333333333,916666.6666666666,0.0007046550745144486,63.270142180094794
4.25,916666.6666666666,0.0009106533834710717,63.270142180094794
4.266666666666667,916666.6666666666,0.001160486601293087,62.32227488151659
4.283333333333333,916666.6666666666,0.0014610625803470612,61.84834123222749
4.3,916666.6666666666,0.0018201133934780955,60.90047393364929
4.316666666666666,916666.6666666666,0.0022462252527475357,59.95260663507109
4.333333333333333,916666.6666666666,0.0027488907799124718,59.241706161137444
4.35,916666.6666666666,0.0032588099129498005,59.241706161137444
4.366666666666666,916666.6666666666,0.0035533695481717587,58.767772511848335
4.383333333333334,916666.6666666666,0.003901473246514797,57.345971563981045
4.4,916666.6666666666,0.00431100046262145,56.872037914691944
4.416666666666667,916666.6666666666,0.0047906371764838696,56.39810426540285
4.433333333333334,916666.6666666666,0.005349971819669008,55.45023696682464
4.45,916666.6666666666,0.0059995525516569614,54.502369668246445
4.466666666666667,916666.6666666666,0.0067509072832763195,54.2654028436019
4.483333333333333,916666.6666666666,0.007616556715220213,53.79146919431279
4.5,916666.6666666666,0.008610059507191181,52.843601895734594
4.516666666666667,916666.6666666666,0.009746010415256023,52.843601895734594
4.533333333333333,916666.6666666666,0.011040105484426022,52.3696682464455
4.55,916666.6666666666,0.012509163469076157,51.8957345971564
4.566666666666666,916666.6666666666,0.01417103037238121,51.421800947867304
4.583333333333333,916666.6666666666,0.01604451611638069,49.763033175355446
4.6,916666.6666666666,0.01814946159720421,48.34123222748815
4.616666666666666,916666.6666666666,0.020506570115685463,48.34123222748815
4.633333333333334,916666.6666666666,0.023137474432587624,47.39336492890995
4.65,916666.6666666666,0.026064474135637283,47.39336492890995
4.666666666666667,916666.6666666666,0.029310455545783043,45.97156398104265
4.683333333333334,916666.6666666666,0.03289881348609924,45.97156398104265
4.7,916666.6666666666,0.03685320168733597,44.78672985781991
4.716666666666667,916666.6666666666,0.04119730368256569,44.312796208530806
4.733333333333333,916666.6666666666,0.045954957604408264,43.838862559241704
4.75,916666.6666666666,0.051149651408195496,42.89099526066351
4.766666666666667,916666.6666666666,0.05680418014526367,41.46919431279621
4.783333333333333,916666.6666666666,0.06294083595275879,40.99526066350711
4.8,916666.6666666666,0.06958065927028656,40.52132701421801
4.816666666666666,916666.6666666666,0.07674366235733032,38.862559241706165
4.833333333333333,916666.6666666666,0.08185708522796631,38.862559241706165
4.85,916666.6666666666,0.08736436814069748,38.388625592417064
4.866666666666666,916666.6666666666,0.09332797676324844,37.91469194312796
4.883333333333334,916666.6666666666,0.09976828098297119,36.96682464454976
4.9,916666.6666666666,0.10670410096645355,36.96682464454976
4.916666666666667,916666.6666666666,0.11415344476699829,36.018957345971565
4.933333333333334,916666.6666666666,0.12213253974914551,34.59715639810427
4.95,916666.6666666666,0.13065600395202637,33.41232227488152
4.966666666666667,916666.6666666666,0.13973666727542877,31.990521327014214
4.983333333333333,916666.6666666666,0.14938479661941528,31.516587677725116
5.0,916666.6666666666,0.15960931777954102,31.04265402843602
5.016666666666667,916666.6666666666,0.1704167127609253,30.568720379146917
5.033333333333333,916666.6666666666,0.1818104237318039,30.09478672985782
5.05,916666.6666666666,0.19379200041294098,29.620853080568722
5.066666666666666,916666.6666666666,0.20636111497879028,28.90995260663507
5.083333333333333,916666.6666666666,0.21951448917388916,27.014218009478675
5.1,916666.6666666666,0.2332472801208496,26.066350710900476
5.116666666666666,916666.6666666666,0.24755170941352844,25.59241706161137
5.133333333333334,916666.6666666666,0.2624182105064392,24.644549763033176
5.15,916666.6666666666,0.27783551812171936,24.170616113744074
5.166666666666667,916666.6666666666,0.29379093647003174,22.748815165876778
5.183333333333334,916666.6666666666,0.31026962399482727,22.03791469194313
5.2,916666.6666666666,0.327256441116333,22.03791469194313
5.216666666666667,916666.6666666666,0.3447335958480835,22.03791469194313
5.233333333333333,916666.6666666666,0.36268311738967896,20.61611374407583
5.25,916666.6666666666,0.381086140871048,18.246445497630333
5.266666666666667,916666.6666666666,0.3999232053756714,17.77251184834123
5.283333333333333,916666.6666666666,0.41917455196380615,16.824644549763033
5.3,916666.6666666666,0.4388217031955719,16.113744075829384
5.316666666666666,916666.6666666666,0.4588434398174286,15.639810426540285
5.333333333333333,916666.6666666666,0.4792202115058899,15.639810426540285
5.35,916666.6666666666,0.49993276596069336,14.691943127962084
5.366666666666666,916666.6666666666,0.5209602117538452,14.218009478672986
5.383333333333334,916666.6666666666,0.542285144329071,12.322274881516588
5.4,916666.6666666666,0.5638880133628845,10.90047393364929
5.416666666666667,916666.6666666666,0.5857515335083008,9.715639810426541
5.433333333333334,916666.6666666666,0.6078579425811768,9.715639810426541
5.45,916666.6666666666,0.6301908493041992,9.24170616113744
5.466666666666667,916666.6666666666,0.6527334451675415,8.767772511848342
5.483333333333333,916666.6666666666,0.6754723787307739,8.293838862559241
5.5,916666.6666666666,0.6983921527862549,8.293838862559241
5.516666666666667,916666.6666666666,0.721477746963501,5.450236966824645
5.533333333333333,916666.6666666666,0.7447178363800049,4.739336492890995
5.55,916666.6666666666,0.7681026458740234,4.265402843601896
5.566666666666666,916666.6666666666,0.7916198968887329,3.7914691943127963
5.583333333333333,916666.6666666666,0.815254807472229,3.7914691943127963
5.6,916666.6666666666,0.8389956951141357,3.7914691943127963
5.616666666666666,916666.6666666666,0.8628369569778442,3.7914691943127963
5.633333333333334,916666.6666666666,0.8867709636688232,1.1848341232227488
5.65,916666.6666666666,0.9107882976531982,0.23696682464454977
5.666666666666667,916666.6666666666,0.9348827004432678,0.23696682464454977
5.683333333333334,916666.6666666666,0.9590462446212769,0.23696682464454977
5.7,916666.6666666666,0.9832702875137329,0.23696682464454977
5.716666666666667,916666.6666666666,1.007548451423645,0.0
5.733333333333333,916666.6666666666,1.0318706035614014,0.0
5.75,916666.6666666666,1.0562456846237183,0.0
5.766666666666667,916666.6666666666,1.0806570053100586,0.0
5.783333333333333,916666.6666666666,1.1051032543182373,0.0
5.8,916666.6666666666,1.1295745372772217,0.0
5.816666666666666,916666.6666666666,1.1540722846984863,0.0
5.833333333333333,916666.6666666666,1.1785917282104492,0.0
5.85,916666.6666666666,1.2031300067901611,0.0
5.866666666666666,916666.6666666666,1.2276811599731445,0.0
5.883333333333334,916666.6666666666,1.2522506713867188,0.0
5.9,916666.6666666666,1.2768245935440063,0.0
5.916666666666667,916666.6666666666,1.3013935089111328,0.0
5.933333333333334,916666.6666666666,1.3259676694869995,0.0
5.95,916666.6666666666,1.3505420684814453,0.0
5.966666666666667,916666.6666666666,1.3751029968261719,0.0
5.983333333333333,916666.6666666666,1.3996646404266357,0.0
6.0,916666.6666666666,1.424211859703064,0.0
6.016666666666667,916666.6666666666,1.4487510919570923,0.0
6.033333333333333,916666.6666666666,1.4732787609100342,0.0
6.05,916666.6666666666,1.4977779388427734,0.0
6.066666666666666,916666.6666666666,1.5222675800323486,0.0
6.083333333333333,916666.6666666666,1.5467283725738525,0.0
6.1,916666.6666666666,1.5711625814437866,0.0
6.116666666666666,916666.6666666666,1.5955724716186523,0.0
6.133333333333334,916666.6666666666,1.6199450492858887,0.0
6.15,916666.6666666666,1.6442867517471313,0.0
6.166666666666667,916666.6666666666,1.6685935258865356,0.0
6.183333333333334,916666.6666666666,1.6928629875183105,0.0
6.2,916666.6666666666,1.7170872688293457,0.0
6.216666666666667,916666.6666666666,1.741269826889038,0.0
6.233333333333333,916666.6666666666,1.7654081583023071,0.0
6.25,916666.6666666666,1.7894922494888306,0.0
6.266666666666667,916666.6666666666,1.8135266304016113,0.0
6.283333333333333,916666.6666666666,1.8375086784362793,0.0
6.3,916666.6666666666,1.8614310026168823,0.0
6.316666666666666,916666.6666666666,1.8852977752685547,0.0
6.333333333333333,916666.6666666666,1.9090988636016846,0.0
6.35,916666.6666666666,1.9328382015228271,0.0
6.366666666666666,916666.6666666666,1.95652437210083,0.0
6.383333333333334,916666.6666666666,1.9801393747329712,0.0
6.4,916666.6666666666,2.003690242767334,0.0
6.416666666666667,916666.6666666666,2.027163028717041,0.0
6.433333333333334,916666.6666666666,2.0505666732788086,0.0
6.45,916666.6666666666,2.0738959312438965,0.0
6.466666666666667,916666.6666666666,2.097146511077881,0.0
6.483333333333333,916666.6666666666,2.1203246116638184,0.0
6.5,916666.6666666666,2.143425941467285,0.0
6.516666666666667,916666.6666666666,2.166436195373535,0.0
6.533333333333333,916666.6666666666,2.1893773078918457,0.0
6.55,916666.6666666666,2.212223529815674,0.0
6.566666666666666,916666.6666666666,2.2349908351898193,0.0
6.583333333333333,916666.6666666666,2.257668972015381,0.0
6.6,916666.6666666666,2.280259609222412,0.0
6.616666666666666,916666.6666666666,2.3027591705322266,0.0
6.633333333333334,916666.6666666666,2.325167179107666,0.0
6.65,916666.6666666666,2.3474812507629395,0.0
6.666666666666667,916666.6666666666,2.3697004318237305,0.0
6.683333333333334,916666.6666666666,2.3918299674987793,0.0
6.7,916666.6666666666,2.4138708114624023,0.0
6.716666666666667,916666.6666666666,2.435811758041382,0.0
6.733333333333333,916666.6666666666,2.4576528072357178,0.0
6.75,916666.6666666666,2.4793949127197266,0.0
6.766666666666667,916666.6666666666,2.5010433197021484,0.0
6.783333333333333,916666.6666666666,2.5225915908813477,0.0
6.8,916666.6666666666,2.5440361499786377,0.0
6.816666666666666,916666.6666666666,2.5653860569000244,0.0
6.833333333333333,916666.6666666666,2.5866384506225586,0.0
6.85,916666.6666666666,2.6077771186828613,0.0
6.866666666666666,916666.6666666666,2.628826856613159,0.0
6.883333333333334,916666.6666666666,2.649764060974121,0.0
6.9,916666.6666666666,2.6705925464630127,0.0
6.916666666666667,916666.6666666666,2.691322088241577,0.0
6.933333333333334,916666.6666666666,2.7119431495666504,0.0
6.95,916666.6666666666,2.732452392578125,0.0
6.966666666666667,916666.6666666666,2.7528634071350098,0.0
6.983333333333333,916666.6666666666,2.7731704711914062,0.0
7.0,916666.6666666666,2.7933640480041504,0.0
7.016666666666667,916666.6666666666,2.8134493827819824,0.0
7.033333333333333,916666.6666666666,2.8334240913391113,0.0
7.05,916666.6666666666,2.8532845973968506,0.0
7.066666666666666,916666.6666666666,2.873049736022949,0.0
7.083333333333333,916666.6666666666,2.892704963684082,0.0
7.1,916666.6666666666,2.9122443199157715,0.0
7.116666666666666,916666.6666666666,2.931678295135498,0.0
7.133333333333334,916666.6666666666,2.950997829437256,0.0
7.15,916666.6666666666,2.9702072143554688,0.0
7.166666666666667,916666.6666666666,2.9892897605895996,0.0
7.183333333333334,916666.6666666666,3.0082850456237793,0.0
7.2,916666.6666666666,3.0271663665771484,0.0
7.216666666666667,916666.6666666666,3.0459392070770264,0.0
7.233333333333333,916666.6666666666,3.0645828247070312,0.0
7.25,916666.6666666666,3.0831174850463867,0.0
7.266666666666667,916666.6666666666,3.1015372276306152,0.0
7.283333333333333,916666.6666666666,3.119861602783203,0.0
7.3,916666.6666666666,3.1380608081817627,0.0
7.316666666666666,916666.6666666666,3.15614652633667,0.0
7.333333333333333,916666.6666666666,3.174130439758301,0.0
7.35,916666.6666666666,3.1919941902160645,0.0
7.366666666666666,916666.6666666666,3.209747791290283,0.0
7.383333333333334,916666.6666666666,3.2273788452148438,0.0
7.4,916666.6666666666,3.244912624359131,0.0
7.416666666666667,916666.6666666666,3.2623305320739746,0.0
7.433333333333334,916666.6666666666,3.2796316146850586,0.0
7.45,916666.6666666666,3.2968263626098633,0.0
7.466666666666667,916666.6666666666,3.313913345336914,0.0
7.483333333333333,916666.6666666666,3.330876588821411,0.0
7.5,916666.6666666666,3.3477320671081543,0.0
7.516666666666667,916666.6666666666,3.364485025405884,0.0
7.533333333333333,916666.6666666666,3.3811192512512207,0.0
7.55,916666.6666666666,3.3976473808288574,0.0
7.566666666666666,916666.6666666666,3.4140703678131104,0.0
7.583333333333333,916666.6666666666,3.4303789138793945,0.0
7.6,916666.6666666666,3.4465787410736084,0.0
7.616666666666666,916666.6666666666,3.4626688957214355,0.0
7.633333333333334,916666.6666666666,3.4786429405212402,0.0
7.65,916666.6666666666,3.494515895843506,0.0
7.666666666666667,916666.6666666666,3.5102763175964355,0.0
7.683333333333334,916666.6666666666,3.525928020477295,0.0
7.7,916666.6666666666,3.54146146774292,0.0
7.716666666666667,916666.6666666666,3.556899070739746,0.0
7.733333333333333,916666.6666666666,3.5722274780273438,0.0
7.75,916666.6666666666,3.58744478225708,0.0
7.766666666666667,916666.6666666666,3.6025638580322266,0.0
7.783333333333333,916666.6666666666,3.617562770843506,0.0
7.8,916666.6666666666,3.6324589252471924,0.0
7.816666666666666,916666.6666666666,3.6472530364990234,0.0
7.833333333333333,916666.6666666666,3.6619303226470947,0.0
7.85,916666.6666666666,3.6765074729919434,0.0
7.866666666666666,916666.6666666666,3.690983772277832,0.0
7.883333333333334,916666.6666666666,3.705350875854492,0.0
7.9,916666.6666666666,3.719606876373291,0.0
7.916666666666667,916666.6666666666,3.733762264251709,0.0
7.933333333333334,916666.6666666666,3.747805595397949,0.0
7.95,916666.6666666666,3.761748790740967,0.0
7.966666666666667,916666.6666666666,3.7755870819091797,0.0
7.983333333333333,916666.6666666666,3.789318084716797,0.0
8.0,916666.6666666666,3.802955389022827,0.0
8.016666666666667,916666.6666666666,3.816488742828369,0.0
8.033333333333333,916666.6666666666,3.8299241065979004,0.0
8.05,916666.6666666666,3.843247413635254,0.0
8.066666666666666,916666.6666666666,3.856473684310913,0.0
8.083333333333334,916666.6666666666,3.8696086406707764,0.0
8.1,916666.6666666666,3.8826465606689453,0.0
8.116666666666667,916666.6666666666,3.8955860137939453,0.0
8.133333333333333,916666.6666666666,3.908418655395508,0.0
8.15,916666.6666666666,3.921147108078003,0.0
8.166666666666666,916666.6666666666,3.9337728023529053,0.0
8.183333333333334,916666.6666666666,3.9463276863098145,0.0
8.2,916666.6666666666,3.9587583541870117,0.0
8.216666666666667,916666.6666666666,3.9710605144500732,0.0
8.233333333333333,916666.6666666666,3.983128547668457,0.0
8.25,916666.6666666666,3.995089530944824,0.0
8.266666666666667,916666.6666666666,4.0069580078125,0.0
8.283333333333333,916666.6666666666,4.018723487854004,0.0
8.3,916666.6666666666,4.030428886413574,0.0
8.316666666666666,916666.6666666666,4.042035102844238,0.0
8.333333333333334,916666.6666666666,4.053552627563477,0.0
8.35,916666.6666666666,4.064968585968018,0.0
8.366666666666667,916666.6666666666,4.0762834548950195,0.0
8.383333333333333,916666.6666666666,4.087550640106201,0.0
8.4,916666.6666666666,4.098689556121826,0.0
8.416666666666666,916666.6666666666,4.109757900238037,0.0
8.433333333333334,916666.6666666666,4.120730400085449,0.0
8.45,916666.6666666666,4.131619453430176,0.0
8.466666666666667,916666.6666666666,4.142417907714844,0.0
8.483333333333333,916666.6666666666,4.1531291007995605,0.0
8.5,916666.6666666666,4.163766384124756,0.0
8.516666666666667,916666.6666666666,4.174304008483887,0.0
8.533333333333333,916666.6666666666,4.184780120849609,0.0
8.55,916666.6666666666,4.195147514343262,0.0
8.566666666666666,916666.6666666666,4.205455780029297,0.0
8.583333333333334,916666.6666666666,4.215659141540527,0.0
8.6,916666.6666666666,4.225812911987305,0.0
8.616666666666667,916666.6666666666,4.23582649230957,0.0
8.633333333333333,916666.6666666666,4.245807647705078,0.0
8.65,916666.6666666666,4.255664825439453,0.0
8.666666666666666,916666.6666666666,4.265496253967285,0.0
8.683333333333334,916666.6666666666,4.275197505950928,0.0
8.7,916666.6666666666,4.284864902496338,0.0
8.716666666666667,916666.6666666666,4.294402122497559,0.0
8.733333333333333,916666.6666666666,4.3039021492004395,0.0
8.75,916666.6666666666,4.313315391540527,0.0
8.766666666666667,916666.6666666666,4.322650909423828,0.0
8.783333333333333,916666.6666666666,4.331916809082031,0.0
8.8,916666.6666666666,4.341103553771973,0.0
8.816666666666666,916666.6666666666,4.3502302169799805,0.0
8.833333333333334,916666.6666666666,4.3592634201049805,0.0
8.85,916666.6666666666,4.368231296539307,0.0
8.866666666666667,916666.6666666666,4.377123832702637,0.0
8.883333333333333,916666.6666666666,4.385948657989502,0.0
8.9,916666.6666666666,4.394706726074219,0.0
8.916666666666666,916666.6666666666,4.403399467468262,0.0
8.933333333333334,916666.6666666666,4.412018299102783,0.0
8.95,916666.6666666666,4.420561790466309,0.0
8.966666666666667,916666.6666666666,4.429033279418945,0.0
8.983333333333333,916666.6666666666,4.4374237060546875,0.0
9.0,916666.6666666666,4.44577693939209,0.0
9.016666666666667,916666.6666666666,4.454050064086914,0.0
9.033333333333333,916666.6666666666,4.462255477905273,0.0
9.05,916666.6666666666,4.470364570617676,0.0
9.066666666666666,916666.6666666666,4.47843074798584,0.0
9.083333333333334,916666.6666666666,4.4864821434021,0.0
9.1,916666.6666666666,4.494411468505859,0.0
9.116666666666667,916666.6666666666,4.5023088455200195,0.0
9.133333333333333,916666.6666666666,4.510112285614014,0.0
9.15,916666.6666666666,4.517849922180176,0.0
9.166666666666666,916666.6666666666,4.525586128234863,0.0
9.183333333333334,916666.6666666666,4.533206939697266,0.0
9.2,916666.6666666666,4.5407819747924805,0.0
9.216666666666667,916666.6666666666,4.548312664031982,0.0
9.233333333333333,916666.6666666666,4.555743217468262,0.0
9.25,916666.6666666666,4.563157081604004,0.0
9.266666666666667,916666.6666666666,4.570497989654541,0.0
9.283333333333333,916666.6666666666,4.5777587890625,0.0
9.3,916666.6666666666,4.584968566894531,0.0
9.316666666666666,916666.6666666666,4.592149257659912,0.0
9.333333333333334,916666.6666666666,4.599257469177246,0.0
9.35,916666.6666666666,4.60632848739624,0.0
9.366666666666667,916666.6666666666,4.613339424133301,0.0
9.383333333333333,916666.6666666666,4.620295524597168,0.0
9.4,916666.6666666666,4.627217769622803,0.0
9.416666666666666,916666.6666666666,4.634073257446289,0.0
9.433333333333334,916666.6666666666,4.640853404998779,0.0
9.45,916666.6666666666,4.647614002227783,0.0
9.466666666666667,916666.6666666666,4.654307842254639,0.0
9.483333333333333,916666.6666666666,4.660947799682617,0.0
9.5,916666.6666666666,4.667537689208984,0.0
9.516666666666667,916666.6666666666,4.674065589904785,0.0
9.533333333333333,916666.6666666666,4.68056583404541,0.0
9.55,916666.6666666666,4.687012672424316,0.0
9.566666666666666,916666.6666666666,4.693410396575928,0.0
9.583333333333334,916666.6666666666,4.699769973754883,0.0
9.6,916666.6666666666,4.706061363220215,0.0
9.616666666666667,916666.6666666666,4.712340354919434,0.0
9.633333333333333,916666.6666666666,4.71852970123291,0.0
9.65,916666.6666666666,4.724693298339844,0.0
9.666666666666666,916666.6666666666,4.730817794799805,0.0
9.683333333333334,916666.6666666666,4.736898422241211,0.0
9.7,916666.6666666666,4.742918014526367,0.0
9.716666666666667,916666.6666666666,4.748882293701172,0.0
9.733333333333333,916666.6666666666,4.75484561920166,0.0
9.75,916666.6666666666,4.760749340057373,0.0
9.766666666666667,916666.6666666666,4.76657247543335,0.0
9.783333333333333,916666.6666666666,4.772374629974365,0.0
9.8,916666.6666666666,4.778173923492432,0.0
9.816666666666666,916666.6666666666,4.783835411071777,0.0
9.833333333333334,916666.6666666666,4.78947639465332,0.0
9.85,916666.6666666666,4.795117378234863,0.0
9.866666666666667,916666.6666666666,4.80072021484375,0.0
9.883333333333333,916666.6666666666,4.806249141693115,0.0
9.9,916666.6666666666,4.811731338500977,0.0
9.916666666666666,916666.6666666666,4.817211151123047,0.0
9.933333333333334,916666.6666666666,4.8226237297058105,0.0
9.95,916666.6666666666,4.8279876708984375,0.0
9.966666666666667,916666.6666666666,4.833307266235352,0.0
9.983333333333333,916666.6666666666,4.838589191436768,0.0
10.0,916666.6666666666,4.843816757202148,0.0
10.016666666666667,916666.6666666666,4.8489885330200195,0.0
0.0,1000000.0,9.9702730178833,0.0
0.016666666666666666,1000000.0,4.940062522888184,0.0
0.03333333333333333,1000000.0,0.5535339713096619,66.11374407582939
0.05,1000000.0,0.0,81.99052132701422
0.06666666666666667,1000000.0,0.0,82.46445497630332
0.08333333333333333,1000000.0,0.0,81.99052132701422
0.1,1000000.0,0.0,81.04265402843602
0.11666666666666667,1000000.0,0.0,80.56872037914692
0.13333333333333333,1000000.0,0.0,80.80568720379146
0.15,1000000.0,0.0,81.27962085308057
0.16666666666666666,1000000.0,0.0,79.85781990521326
0.18333333333333332,1000000.0,0.0,80.80568720379146
0.2,1000000.0,0.0,80.56872037914692
0.21666666666666667,1000000.0,0.0,81.51658767772511
0.23333333333333334,1000000.0,0.0,82.46445497630332
0.25,1000000.0,0.0,82.70142180094787
0.26666666666666666,1000000.0,0.0,83.17535545023696
0.2833333333333333,1000000.0,0.0,83.64928909952607
0.3,1000000.0,0.0,84.36018957345972
0.31666666666666665,1000000.0,0.0,85.78199052132702
0.3333333333333333,1000000.0,0.0,87.20379146919431
0.35,1000000.0,0.0,86.96682464454977
0.36666666666666664,1000000.0,0.0,87.44075829383885
0.38333333333333336,1000000.0,0.0,90.28436018957346
0.4,1000000.0,0.0,90.75829383886256
0.4166666666666667,1000000.0,0.0,93.36492890995261
0.43333333333333335,1000000.0,0.0,94.54976303317537
0.45,1000000.0,0.0,96.2085308056872
0.4666666666666667,1000000.0,0.0,97.86729857819904
0.48333333333333334,1000000.0,0.0,99.52606635071089
0.5,1000000.0,0.0,100.0
0.5166666666666667,1000000.0,0.0,100.0
0.5333333333333333,1000000.0,0.0,100.0
0.55,1000000.0,0.0,100.0
0.5666666666666667,1000000.0,0.0,100.0
0.5833333333333334,1000000.0,0.0,100.0
0.6,1000000.0,0.0,100.0
0.6166666666666667,1000000.0,0.0,100.0
0.6333333333333333,1000000.0,0.0,100.0
0.65,1000000.0,0.0,100.0
0.6666666666666666,1000000.0,0.0,100.0
0.6833333333333333,1000000.0,0.0,100.0
0.7,1000000.0,0.0,100.0
0.7166666666666667,1000000.0,0.0,100.0
0.7333333333333333,1000000.0,0.0,100.0
0.75,1000000.0,0.0,100.0
0.7666666666666667,1000000.0,0.0,100.0
0.7833333333333333,1000000.0,0.0,100.0
0.8,1000000.0,0.0,100.0
0.8166666666666667,1000000.0,0.0,100.0
0.8333333333333334,1000000.0,0.0,100.0
0.85,1000000.0,0.0,100.0
0.8666666666666667,1000000.0,0.0,100.0
0.8833333333333333,1000000.0,0.0,100.0
0.9,1000000.0,0.0,100.0
0.9166666666666666,1000000.0,0.0,100.0
0.9333333333333333,1000000.0,0.0,100.0
0.95,1000000.0,0.0,100.0
0.9666666666666667,1000000.0,0.0,100.0
0.9833333333333333,1000000.0,0.0,100.0
1.0,1000000.0,0.0,100.0
1.0166666666666666,1000000.0,0.0,100.0
1.0333333333333334,1000000.0,0.0,100.0
1.05,1000000.0,0.0,100.0
1.0666666666666667,1000000.0,0.0,100.0
1.0833333333333333,1000000.0,0.0,100.0
1.1,1000000.0,0.0,100.0
1.1166666666666667,1000000.0,0.0,100.0
1.1333333333333333,1000000.0,0.0,100.0
1.15,1000000.0,0.0,100.0
1.1666666666666667,1000000.0,0.0,100.0
1.1833333333333333,1000000.0,0.0,100.0
1.2,1000000.0,0.0,100.0
1.2166666666666666,1000000.0,0.0,100.0
1.2333333333333334,1000000.0,0.0,100.0
1.25,1000000.0,0.0,100.0
1.2666666666666666,1000000.0,0.0,100.0
1.2833333333333334,1000000.0,0.0,100.0
1.3,1000000.0,0.0,100.0
1.3166666666666667,1000000.0,0.0,100.0
1.3333333333333333,1000000.0,0.0,100.0
1.35,1000000.0,0.0,100.0
1.3666666666666667,1000000.0,0.0,100.0
1.3833333333333333,1000000.0,0.0,100.0
1.4,1000000.0,0.0,100.0
1.4166666666666667,1000000.0,0.0,100.0
1.4333333333333333,1000000.0,0.0,100.0
1.45,1000000.0,0.0,100.0
1.4666666666666666,1000000.0,0.0,100.0
1.4833333333333334,1000000.0,0.0,100.0
1.5,1000000.0,0.0,100.0
1.5166666666666666,1000000.0,0.0,100.0
1.5333333333333334,1000000.0,0.0,100.0
1.55,1000000.0,0.0,100.0
1.5666666666666667,1000000.0,0.0,100.0
1.5833333333333333,1000000.0,0.0,100.0
1.6,1000000.0,0.0,100.0
1.6166666666666667,1000000.0,0.0,100.0
1.6333333333333333,1000000.0,0.0,100.0
1.65,1000000.0,0.0,100.0
1.6666666666666667,1000000.0,0.0,100.0
1.6833333333333333,1000000.0,0.0,100.0
1.7,1000000.0,0.0,100.0
1.7166666666666666,1000000.0,0.0,100.0
1.7333333333333334,1000000.0,0.0,100.0
1.75,1000000.0,0.0,100.0
1.7666666666666666,1000000.0,0.0,100.0
1.7833333333333334,1000000.0,0.0,100.0
1.8,1000000.0,0.0,100.0
1.8166666666666667,1000000.0,0.0,100.0
1.8333333333333333,1000000.0,0.0,100.0
1.85,1000000.0,0.0,100.0
1.8666666666666667,1000000.0,0.0,100.0
1.8833333333333333,1000000.0,0.0,100.0
1.9,1000000.0,0.0,100.0
1.9166666666666667,1000000.0,0.0,100.0
1.9333333333333333,1000000.0,0.0,100.0
1.95,1000000.0,0.0,100.0
1.9666666666666666,1000000.0,0.0,100.0
1.9833333333333334,1000000.0,0.0,100.0
2.0,1000000.0,0.0,100.0
2.0166666666666666,1000000.0,0.0,100.0
2.033333333333333,1000000.0,0.0,100.0
2.05,1000000.0,0.0,100.0
2.066666666666667,1000000.0,0.0,100.0
2.0833333333333335,1000000.0,0.0,100.0
2.1,1000000.0,0.0,100.0
2.1166666666666667,1000000.0,0.0,100.0
2.1333333333333333,1000000.0,0.0,100.0
2.15,1000000.0,0.0,100.0
2.1666666666666665,1000000.0,0.0,100.0
2.183333333333333,1000000.0,0.0,100.0
2.2,1000000.0,0.0,100.0
2.216666666666667,1000000.0,0.0,100.0
2.2333333333333334,1000000.0,0.0,100.0
2.25,1000000.0,0.0,100.0
2.2666666666666666,1000000.0,0.0,100.0
2.283333333333333,1000000.0,0.0,100.0
2.3,1000000.0,0.0,100.0
2.316666666666667,1000000.0,0.0,100.0
2.3333333333333335,1000000.0,0.0,100.0
2.35,1000000.0,0.0,100.0
2.3666666666666667,1000000.0,0.0,100.0
2.3833333333333333,1000000.0,0.0,100.0
2.4,1000000.0,0.0,100.0
2.4166666666666665,1000000.0,0.0,100.0
2.433333333333333,1000000.0,0.0,100.0
2.45,1000000.0,0.0,100.0
2.466666666666667,1000000.0,0.0,100.0
2.4833333333333334,1000000.0,0.0,100.0
2.5,1000000.0,0.0,100.0
2.5166666666666666,1000000.0,0.0,100.0
2.533333333333333,1000000.0,0.0,100.0
2.55,1000000.0,0.0,100.0
2.566666666666667,1000000.0,0.0,100.0
2.5833333333333335,1000000.0,0.0,100.0
2.6,1000000.0,0.0,100.0
2.6166666666666667,1000000.0,0.0,100.0
2.6333333333333333,1000000.0,0.0,100.0
2.65,1000000.0,0.0,100.0
2.6666666666666665,1000000.0,0.0,100.0
2.683333333333333,1000000.0,0.0,100.0
2.7,1000000.0,0.0,100.0
2.716666666666667,1000000.0,0.0,100.0
2.7333333333333334,1000000.0,0.0,100.0
2.75,1000000.0,0.0,100.0
2.7666666666666666,1000000.0,0.0,100.0
2.783333333333333,1000000.0,0.0,100.0
2.8,1000000.0,0.0,100.0
2.816666666666667,1000000.0,0.0,100.0
2.8333333333333335,1000000.0,0.0,100.0
2.85,1000000.0,0.0,100.0
2.8666666666666667,1000000.0,0.0,100.0
2.8833333333333333,1000000.0,0.0,100.0
2.9,1000000.0,0.0,100.0
2.9166666666666665,1000000.0,0.0,99.52606635071089
2.933333333333333,1000000.0,0.0,99.0521327014218
2.95,1000000.0,0.0,98.5781990521327
2.966666666666667,1000000.0,0.0,98.5781990521327
2.9833333333333334,1000000.0,0.0,98.5781990521327
3.0,1000000.0,0.0,98.5781990521327
3.0166666666666666,1000000.0,0.0,98.5781990521327
3.033333333333333,1000000.0,0.0,98.5781990521327
3.05,1000000.0,0.0,98.5781990521327
3.066666666666667,1000000.0,0.0,98.10426540284361
3.0833333333333335,1000000.0,0.0,98.10426540284361
3.1,1000000.0,0.0,97.1563981042654
3.1166666666666667,1000000.0,0.0,97.1563981042654
3.1333333333333333,1000000.0,0.0,97.1563981042654
3.15,1000000.0,0.0,96.2085308056872
3.1666666666666665,1000000.0,0.0,96.2085308056872
3.183333333333333,1000000.0,0.0,96.2085308056872
3.2,1000000.0,0.0,95.73459715639811
3.216666666666667,1000000.0,0.0,95.260663507109
3.2333333333333334,1000000.0,0.0,94.7867298578199
3.25,1000000.0,0.0,94.7867298578199
3.2666666666666666,1000000.0,0.0,94.7867298578199
3.283333333333333,1000000.0,0.0,94.3127962085308
3.3,1000000.0,0.0,93.8388625592417
3.316666666666667,1000000.0,0.0,93.8388625592417
3.3333333333333335,1000000.0,0.0,92.89099526066352
3.35,1000000.0,0.0,92.89099526066352
3.3666666666666667,1000000.0,0.0,92.89099526066352
3.3833333333333333,1000000.0,0.0,92.41706161137441
3.4,1000000.0,0.0,91.4691943127962
3.4166666666666665,1000000.0,0.0,90.99526066350711
3.433333333333333,1000000.0,0.0,90.52132701421802
3.45,1000000.0,0.0,90.52132701421802
3.466666666666667,1000000.0,0.0,90.04739336492891
3.4833333333333334,1000000.0,0.0,89.57345971563981
3.5,1000000.0,0.0,89.57345971563981
3.5166666666666666,1000000.0,0.0,88.62559241706161
3.533333333333333,1000000.0,0.0,88.62559241706161
3.55,1000000.0,0.0,87.67772511848341
3.566666666666667,1000000.0,0.0,87.20379146919431
3.5833333333333335,1000000.0,0.0,86.25592417061611
3.6,1000000.0,0.0,86.01895734597157
3.6166666666666667,1000000.0,0.0,85.07109004739335
3.6333333333333333,1000000.0,0.0,85.07109004739335
3.65,1000000.0,0.0,84.59715639810426
3.6666666666666665,1000000.0,0.0,84.12322274881517
3.683333333333333,1000000.0,0.0,83.64928909952607
3.7,1000000.0,0.0,82.70142180094787
3.716666666666667,1000000.0,0.0,82.70142180094787
3.7333333333333334,1000000.0,0.0,82.22748815165876
3.75,1000000.0,0.0,81.27962085308057
3.7666666666666666,1000000.0,0.0,80.56872037914692
3.783333333333333,1000000.0,0.0,80.56872037914692
3.8,1000000.0,0.0,79.62085308056872
3.816666666666667,1000000.0,0.0,79.62085308056872
3.8333333333333335,1000000.0,0.0,79.62085308056872
3.85,1000000.0,0.0,79.14691943127961
3.8666666666666667,1000000.0,0.0,77.72511848341233
3.8833333333333333,1000000.0,0.0,77.72511848341233
3.9,1000000.0,0.0,77.72511848341233
3.9166666666666665,1000000.0,0.0,76.77725118483413
3.933333333333333,1000000.0,0.0,75.59241706161137
3.95,1000000.0,0.0,74.17061611374407
3.966666666666667,1000000.0,0.0,73.22274881516587
3.9833333333333334,1000000.0,0.0,73.22274881516587
4.0,1000000.0,0.0,73.22274881516587
4.016666666666667,1000000.0,0.0,72.27488151658767
4.033333333333333,1000000.0,0.0,71.32701421800948
4.05,1000000.0,0.0,71.32701421800948
4.066666666666666,1000000.0,0.0,70.37914691943128
4.083333333333333,1000000.0,0.0,70.14218009478674
4.1,1000000.0,1.4996659956523217e-05,70.14218009478674
4.116666666666666,1000000.0,1.4186724911269266e-05,68.72037914691943
4.133333333333334,1000000.0,2.546495306887664e-05,68.72037914691943
4.15,1000000.0,4.8819416406331584e-05,68.72037914691943
4.166666666666667,1000000.0,8.380103827221319e-05,68.72037914691943
4.183333333333334,1000000.0,0.0001318292779615149,68.24644549763033
4.2,1000000.0,0.00019520233036018908,67.29857819905213
4.216666666666667,1000000.0,0.0002767849655356258,65.40284360189574
4.233333333333333,1000000.0,0.000379928998881951,65.16587677725119
4.25,1000000.0,0.0005084900185465813,64.21800947867298
4.266666666666667,1000000.0,0.0006668390706181526,63.270142180094794
4.283333333333333,1000000.0,0.0008599120192229748,63.270142180094794
4.3,1000000.0,0.0010932290460914373,62.796208530805686
4.316666666666666,1000000.0,0.00137296412140131,61.84834123222749
4.333333333333333,1000000.0,0.0017059833044186234,61.37440758293838
4.35,1000000.0,0.00209989445284009,60.426540284360186
4.366666666666666,1000000.0,0.0025630840100347996,59.71563981042654
4.383333333333334,1000000.0,0.003104778006672859,59.241706161137444
4.4,1000000.0,0.003404081566259265,58.767772511848335
4.416666666666667,1000000.0,0.0037190434522926807,58.29383886255924
4.433333333333334,1000000.0,0.004088420420885086,57.345971563981045
4.45,1000000.0,0.004519741982221603,56.39810426540285
4.466666666666667,1000000.0,0.005021299235522747,56.39810426540285
4.483333333333333,1000000.0,0.005602138116955757,54.502369668246445
4.5,1000000.0,0.006272158585488796,54.2654028436019
4.516666666666667,1000000.0,0.007042057812213898,53.79146919431279
4.533333333333333,1000000.0,0.007923459634184837,53.79146919431279
4.55,1000000.0,0.008928857743740082,52.843601895734594
4.566666666666666,1000000.0,0.010071663185954094,52.843601895734594
4.583333333333333,1000000.0,0.011366140097379684,51.8957345971564
4.6,1000000.0,0.012827546335756779,51.8957345971564
4.616666666666666,1000000.0,0.014471874572336674,51.421800947867304
4.633333333333334,1000000.0,0.016316037625074387,49.763033175355446
4.65,1000000.0,0.018377672880887985,48.81516587677725
4.666666666666667,1000000.0,0.020675258710980415,48.34123222748815
4.683333333333334,1000000.0,0.023227810859680176,47.39336492890995
4.7,1000000.0,0.026055026799440384,47.39336492890995
4.716666666666667,1000000.0,0.02917686104774475,46.44549763033176
4.733333333333333,1000000.0,0.032613854855298996,45.97156398104265
4.75,1000000.0,0.036386556923389435,45.26066350710901
4.766666666666667,1000000.0,0.04051562026143074,44.312796208530806
4.783333333333333,1000000.0,0.04502161592245102,44.312796208530806
4.8,1000000.0,0.04992484301328659,43.838862559241704
4.816666666666666,1000000.0,0.055244963616132736,41.943127962085306
4.833333333333333,1000000.0,0.061001017689704895,41.46919431279621
4.85,1000000.0,0.06721141189336777,40.52132701421801
4.866666666666666,1000000.0,0.07389318943023682,39.09952606635071
4.883333333333334,1000000.0,0.07939207553863525,38.862559241706165
4.9,1000000.0,0.08447593450546265,38.862559241706165
4.916666666666667,1000000.0,0.0899663120508194,38.388625592417064
4.933333333333334,1000000.0,0.09588073939085007,37.91469194312796
4.95,1000000.0,0.10223571211099625,36.96682464454976
4.966666666666667,1000000.0,0.10904663801193237,36.96682464454976
4.983333333333333,1000000.0,0.11632820218801498,36.018957345971565
5.0,1000000.0,0.12409280240535736,34.360189573459714
5.016666666666667,1000000.0,0.13235197961330414,33.41232227488152
5.033333333333333,1000000.0,0.14111539721488953,32.93838862559242
5.05,1000000.0,0.15039126574993134,31.516587677725116
5.066666666666666,1000000.0,0.1601860523223877,31.516587677725116
5.083333333333333,1000000.0,0.17050392925739288,30.568720379146917
5.1,1000000.0,0.18134696781635284,30.09478672985782
5.116666666666666,1000000.0,0.1927158534526825,29.620853080568722
5.133333333333334,1000000.0,0.20460885763168335,29.383886255924168
5.15,1000000.0,0.2170223593711853,27.96208530805687
5.166666666666667,1000000.0,0.2299516648054123,26.066350710900476
5.183333333333334,1000000.0,0.24338945746421814,25.59241706161137
5.2,1000000.0,0.25732719898223877,25.118483412322274
5.216666666666667,1000000.0,0.27175480127334595,24.644549763033176
5.233333333333333,1000000.0,0.2866608500480652,23.696682464454977
5.25,1000000.0,0.3020325005054474,22.511848341232227
5.266666666666667,1000000.0,0.3178562521934509,22.03791469194313
5.283333333333333,1000000.0,0.3341178596019745,22.03791469194313
5.3,1000000.0,0.35080140829086304,22.03791469194313
5.316666666666666,1000000.0,0.367889940738678,20.61611374407583
5.333333333333333,1000000.0,0.3853677213191986,19.194312796208532
5.35,1000000.0,0.4032176733016968,17.77251184834123
5.366666666666666,1000000.0,0.42142313718795776,16.824644549763033
5.383333333333334,1000000.0,0.43996721506118774,16.113744075829384
5.4,1000000.0,0.45883187651634216,16.113744075829384
5.416666666666667,1000000.0,0.4780007600784302,15.639810426540285
5.433333333333334,1000000.0,0.4974554181098938,14.691943127962084
5.45,1000000.0,0.5171810388565063,14.691943127962084
5.466666666666667,1000000.0,0.5371618270874023,13.270142180094787
5.483333333333333,1000000.0,0.557381272315979,11.848341232227488
5.5,1000000.0,0.5778248310089111,10.66350710900474
5.516666666666667,1000000.0,0.5984755754470825,9.715639810426541
5.533333333333333,1000000.0,0.6193215847015381,9.715639810426541
5.55,1000000.0,0.6403475999832153,9.24170616113744
5.566666666666666,1000000.0,0.661544680595398,8.767772511848342
5.583333333333333,1000000.0,0.682900071144104,8.293838862559241
5.6,1000000.0,0.7043998837471008,7.819905213270142
5.616666666666666,1000000.0,0.7260335683822632,5.213270142180095
5.633333333333334,1000000.0,0.7477911710739136,4.739336492890995
5.65,1000000.0,0.7696635723114014,4.739336492890995
5.666666666666667,1000000.0,0.7916408777236938,3.7914691943127963
5.683333333333334,1000000.0,0.8137141466140747,3.7914691943127963
5.7,1000000.0,0.8358721733093262,3.7914691943127963
5.716666666666667,1000000.0,0.858110249042511,3.7914691943127963
5.733333333333333,1000000.0,0.8804188370704651,1.8957345971563981
5.75,1000000.0,0.902794599533081,0.23696682464454977
5.766666666666667,1000000.0,0.9252307415008545,0.23696682464454977
5.783333333333333,1000000.0,0.9477220773696899,0.23696682464454977
5.8,1000000.0,0.9702602624893188,0.23696682464454977
5.816666666666666,1000000.0,0.992842435836792,0.23696682464454977
5.833333333333333,1000000.0,1.0154609680175781,0.0
5.85,1000000.0,1.038114309310913,0.0
5.866666666666666,1000000.0,1.0607959032058716,0.0
5.883333333333334,1000000.0,1.083502173423767,0.0
5.9,1000000.0,1.1062264442443848,0.0
5.916666666666667,1000000.0,1.1289654970169067,0.0
5.933333333333334,1000000.0,1.1517267227172852,0.0
5.95,1000000.0,1.1744941473007202,0.0
5.966666666666667,1000000.0,1.1972688436508179,0.0
5.983333333333333,1000000.0,1.2200475931167603,0.0
6.0,1000000.0,1.2428334951400757,0.0
6.016666666666667,1000000.0,1.2656149864196777,0.0
6.033333333333333,1000000.0,1.288382649421692,0.0
6.05,1000000.0,1.3111498355865479,0.0
6.066666666666666,1000000.0,1.333905816078186,0.0
6.083333333333333,1000000.0,1.3566453456878662,0.0
6.1,1000000.0,1.3793723583221436,0.0
6.116666666666666,1000000.0,1.402087926864624,0.0
6.133333333333334,1000000.0,1.4247760772705078,0.0
6.15,1000000.0,1.4474345445632935,0.0
6.166666666666667,1000000.0,1.470071792602539,0.0
6.183333333333334,1000000.0,1.4926793575286865,0.0
6.2,1000000.0,1.5152621269226074,0.0
6.216666666666667,1000000.0,1.5378100872039795,0.0
6.233333333333333,1000000.0,1.5603203773498535,0.0
6.25,1000000.0,1.582789659500122,0.0
6.266666666666667,1000000.0,1.6052236557006836,0.0
6.283333333333333,1000000.0,1.6276142597198486,0.0
6.3,1000000.0,1.6499598026275635,0.0
6.316666666666666,1000000.0,1.6722561120986938,0.0
6.333333333333333,1000000.0,1.6945040225982666,0.0
6.35,1000000.0,1.71670663356781,0.0
6.366666666666666,1000000.0,1.7388514280319214,0.0
6.383333333333334,1000000.0,1.760941982269287,0.0
6.4,1000000.0,1.7829651832580566,0.0
6.416666666666667,1000000.0,1.8049345016479492,0.0
6.433333333333334,1000000.0,1.826839804649353,0.0
6.45,1000000.0,1.8486839532852173,0.0
6.466666666666667,1000000.0,1.870459794998169,0.0
6.483333333333333,1000000.0,1.892172932624817,0.0
6.5,1000000.0,1.9138109683990479,0.0
6.516666666666667,1000000.0,1.9353837966918945,0.0
6.533333333333333,1000000.0,1.9568867683410645,0.0
6.55,1000000.0,1.978312373161316,0.0
6.566666666666666,1000000.0,1.999664545059204,0.0
6.583333333333333,1000000.0,2.0209455490112305,0.0
6.6,1000000.0,2.042146682739258,0.0
6.616666666666666,1000000.0,2.063272476196289,0.0
6.633333333333334,1000000.0,2.0843167304992676,0.0
6.65,1000000.0,2.1052744388580322,0.0
6.666666666666667,1000000.0,2.126152992248535,0.0
6.683333333333334,1000000.0,2.1469409465789795,0.0
6.7,1000000.0,2.1676485538482666,0.0
6.716666666666667,1000000.0,2.188272476196289,0.0
6.733333333333333,1000000.0,2.2088019847869873,0.0
6.75,1000000.0,2.229255199432373,0.0
6.766666666666667,1000000.0,2.2496085166931152,0.0
6.783333333333333,1000000.0,2.2698826789855957,0.0
6.8,1000000.0,2.2900733947753906,0.0
6.816666666666666,1000000.0,2.3101577758789062,0.0
6.833333333333333,1000000.0,2.330158233642578,0.0
6.85,1000000.0,2.3500664234161377,0.0
6.866666666666666,1000000.0,2.369882106781006,0.0
6.883333333333334,1000000.0,2.389596462249756,0.0
6.9,1000000.0,2.4092214107513428,0.0
6.916666666666667,1000000.0,2.4287447929382324,0.0
6.933333333333334,1000000.0,2.4481747150421143,0.0
6.95,1000000.0,2.4675040245056152,0.0
6.966666666666667,1000000.0,2.4867353439331055,0.0
6.983333333333333,1000000.0,2.5058774948120117,0.0
7.0,1000000.0,2.5249223709106445,0.0
7.016666666666667,1000000.0,2.5438649654388428,0.0
7.033333333333333,1000000.0,2.5627036094665527,0.0
7.05,1000000.0,2.5814504623413086,0.0
7.066666666666666,1000000.0,2.600090503692627,0.0
7.083333333333333,1000000.0,2.6186256408691406,0.0
7.1,1000000.0,2.637071371078491,0.0
7.116666666666666,1000000.0,2.6554155349731445,0.0
7.133333333333334,1000000.0,2.6736555099487305,0.0
7.15,1000000.0,2.6917834281921387,0.0
7.166666666666667,1000000.0,2.7098195552825928,0.0
7.183333333333334,1000000.0,2.727745532989502,0.0
7.2,1000000.0,2.745577096939087,0.0
7.216666666666667,1000000.0,2.763307809829712,0.0
7.233333333333333,1000000.0,2.7809195518493652,0.0
7.25,1000000.0,2.798438549041748,0.0
7.266666666666667,1000000.0,2.8158435821533203,0.0
7.283333333333333,1000000.0,2.8331422805786133,0.0
7.3,1000000.0,2.850348949432373,0.0
7.316666666666666,1000000.0,2.8674445152282715,0.0
7.333333333333333,1000000.0,2.8844411373138428,0.0
7.35,1000000.0,2.9013328552246094,0.0
7.366666666666666,1000000.0,2.918118476867676,0.0
7.383333333333334,1000000.0,2.934800148010254,0.0
7.4,1000000.0,2.9513821601867676,0.0
7.416666666666667,1000000.0,2.9678597450256348,0.0
7.433333333333334,1000000.0,2.9842302799224854,0.0
7.45,1000000.0,3.0005016326904297,0.0
7.466666666666667,1000000.0,3.016667366027832,0.0
7.483333333333333,1000000.0,3.0327377319335938,0.0
7.5,1000000.0,3.048691987991333,0.0
7.516666666666667,1000000.0,3.0645434856414795,0.0
7.533333333333333,1000000.0,3.0802969932556152,0.0
7.55,1000000.0,3.0959384441375732,0.0
7.566666666666666,1000000.0,3.1114776134490967,0.0
7.583333333333333,1000000.0,3.126927375793457,0.0
7.6,1000000.0,3.142261028289795,0.0
7.616666666666666,1000000.0,3.157498836517334,0.0
7.633333333333334,1000000.0,3.1726279258728027,0.0
7.65,1000000.0,3.1876437664031982,0.0
7.666666666666667,1000000.0,3.2025773525238037,0.0
7.683333333333334,1000000.0,3.2174019813537598,0.0
7.7,1000000.0,3.232116460800171,0.0
7.716666666666667,1000000.0,3.246730327606201,0.0
7.733333333333333,1000000.0,3.2612380981445312,0.0
7.75,1000000.0,3.2756600379943848,0.0
7.766666666666667,1000000.0,3.2899768352508545,0.0
7.783333333333333,1000000.0,3.304192543029785,0.0
7.8,1000000.0,3.318308115005493,0.0
7.816666666666666,1000000.0,3.3323192596435547,0.0
7.833333333333333,1000000.0,3.3462283611297607,0.0
7.85,1000000.0,3.3600449562072754,0.0
7.866666666666666,1000000.0,3.3737545013427734,0.0
7.883333333333334,1000000.0,3.3873703479766846,0.0
7.9,1000000.0,3.4008917808532715,0.0
7.916666666666667,1000000.0,3.414315938949585,0.0
7.933333333333334,1000000.0,3.427640914916992,0.0
7.95,1000000.0,3.440866231918335,0.0
7.966666666666667,1000000.0,3.4539899826049805,0.0
7.983333333333333,1000000.0,3.4670300483703613,0.0
8.0,1000000.0,3.479963779449463,0.0
8.016666666666667,1000000.0,3.4928035736083984,0.0
8.033333333333333,1000000.0,3.505542516708374,0.0
8.05,1000000.0,3.5181920528411865,0.0
8.066666666666666,1000000.0,3.5307555198669434,0.0
8.083333333333334,1000000.0,3.543214797973633,0.0
8.1,1000000.0,3.555577278137207,0.0
8.116666666666667,1000000.0,3.567844867706299,0.0
8.133333333333333,1000000.0,3.580019950866699,0.0
8.15,1000000.0,3.5921010971069336,0.0
8.166666666666666,1000000.0,3.604093313217163,0.0
8.183333333333334,1000000.0,3.616006851196289,0.0
8.2,1000000.0,3.6278200149536133,0.0
8.216666666666667,1000000.0,3.6395463943481445,0.0
8.233333333333333,1000000.0,3.6511566638946533,0.0
8.25,1000000.0,3.6624937057495117,0.0
8.266666666666667,1000000.0,3.6737475395202637,0.0
8.283333333333333,1000000.0,3.684892416000366,0.0
8.3,1000000.0,3.6959753036499023,0.0
8.316666666666666,1000000.0,3.706967353820801,0.0
8.333333333333334,1000000.0,3.7178730964660645,0.0
8.35,1000000.0,3.728686809539795,0.0
8.366666666666667,1000000.0,3.739422082901001,0.0
8.383333333333333,1000000.0,3.750068187713623,0.0
8.4,1000000.0,3.760627031326294,0.0
8.416666666666666,1000000.0,3.7711029052734375,0.0
8.433333333333334,1000000.0,3.781496047973633,0.0
8.45,1000000.0,3.7918014526367188,0.0
8.466666666666667,1000000.0,3.802030563354492,0.0
8.483333333333333,1000000.0,3.8121824264526367,0.0
8.5,1000000.0,3.8222548961639404,0.0
8.516666666666667,1000000.0,3.8322479724884033,0.0
8.533333333333333,1000000.0,3.842155933380127,0.0
8.55,1000000.0,3.8519909381866455,0.0
8.566666666666666,1000000.0,3.861748695373535,0.0
8.583333333333334,1000000.0,3.87142276763916,0.0
8.6,1000000.0,3.8810245990753174,0.0
8.616666666666667,1000000.0,3.890526533126831,0.0
8.633333333333333,1000000.0,3.899975061416626,0.0
8.65,1000000.0,3.9093403816223145,0.0
8.666666666666666,1000000.0,3.918637752532959,0.0
8.683333333333334,1000000.0,3.9278390407562256,0.0
8.7,1000000.0,3.936995506286621,0.0
8.716666666666667,1000000.0,3.946049213409424,0.0
8.733333333333333,1000000.0,3.9550302028656006,0.0
8.75,1000000.0,3.963958978652954,0.0
8.766666666666667,1000000.0,3.972801923751831,0.0
8.783333333333333,1000000.0,3.981581926345825,0.0
8.8,1000000.0,3.9902825355529785,0.0
8.816666666666666,1000000.0,3.998920440673828,0.0
8.833333333333334,1000000.0,4.007485389709473,0.0
8.85,1000000.0,4.0159783363342285,0.0
8.866666666666667,1000000.0,4.024388313293457,0.0
8.883333333333333,1000000.0,4.032769203186035,0.0
8.9,1000000.0,4.041049003601074,0.0
8.916666666666666,1000000.0,4.04926872253418,0.0
8.933333333333334,1000000.0,4.057415962219238,0.0
8.95,1000000.0,4.065474510192871,0.0
8.966666666666667,1000000.0,4.073528289794922,0.0
8.983333333333333,1000000.0,4.081453323364258,0.0
9.0,1000000.0,4.0893449783325195,0.0
9.016666666666667,1000000.0,4.097157955169678,0.0
9.033333333333333,1000000.0,4.104905128479004,0.0
9.05,1000000.0,4.112636566162109,0.0
9.066666666666666,1000000.0,4.120262145996094,0.0
9.083333333333334,1000000.0,4.127833843231201,0.0
9.1,1000000.0,4.135335445404053,0.0
9.116666666666667,1000000.0,4.142783164978027,0.0
9.133333333333333,1000000.0,4.150186061859131,0.0
9.15,1000000.0,4.157500743865967,0.0
9.166666666666666,1000000.0,4.164753437042236,0.0
9.183333333333334,1000000.0,4.171966075897217,0.0
9.2,1000000.0,4.179115295410156,0.0
9.216666666666667,1000000.0,4.186206817626953,0.0
9.233333333333333,1000000.0,4.193227291107178,0.0
9.25,1000000.0,4.200192451477051,0.0
9.266666666666667,1000000.0,4.207104206085205,0.0
9.283333333333333,1000000.0,4.213961601257324,0.0
9.3,1000000.0,4.2207746505737305,0.0
9.316666666666666,1000000.0,4.227534294128418,0.0
9.333333333333334,1000000.0,4.234229564666748,0.0
9.35,1000000.0,4.240880012512207,0.0
9.366666666666667,1000000.0,4.247488021850586,0.0
9.383333333333333,1000000.0,4.254031658172607,0.0
9.4,1000000.0,4.260519027709961,0.0
9.416666666666666,1000000.0,4.266965866088867,0.0
9.433333333333334,1000000.0,4.273352146148682,0.0
9.45,1000000.0,4.279693603515625,0.0
9.466666666666667,1000000.0,4.285979270935059,0.0
9.483333333333333,1000000.0,4.292206287384033,0.0
9.5,1000000.0,4.298386573791504,0.0
9.516666666666667,1000000.0,4.304511070251465,0.0
9.533333333333333,1000000.0,4.310603141784668,0.0
9.55,1000000.0,4.316638946533203,0.0
9.566666666666666,1000000.0,4.322613716125488,0.0
9.583333333333334,1000000.0,4.328577041625977,0.0
9.6,1000000.0,4.334506511688232,0.0
9.616666666666667,1000000.0,4.340355396270752,0.0
9.633333333333333,1000000.0,4.346164226531982,0.0
9.65,1000000.0,4.35196590423584,0.0
9.666666666666666,1000000.0,4.357689380645752,0.0
9.683333333333334,1000000.0,4.363345146179199,0.0
9.7,1000000.0,4.368986129760742,0.0
9.716666666666667,1000000.0,4.374608516693115,0.0
9.733333333333333,1000000.0,4.380152702331543,0.0
9.75,1000000.0,4.385663032531738,0.0
9.766666666666667,1000000.0,4.391142845153809,0.0
9.783333333333333,1000000.0,4.396610736846924,0.0
9.8,1000000.0,4.40200138092041,0.0
9.816666666666666,1000000.0,4.407325744628906,0.0
9.833333333333334,1000000.0,4.412644386291504,0.0
9.85,1000000.0,4.417963027954102,0.0
9.866666666666667,1000000.0,4.4232072830200195,0.0
9.883333333333333,1000000.0,4.428378105163574,0.0
9.9,1000000.0,4.433535575866699,0.0
9.916666666666666,1000000.0,4.4386467933654785,0.0
9.933333333333334,1000000.0,4.443723678588867,0.0
9.95,1000000.0,4.448772430419922,0.0
9.966666666666667,1000000.0,4.453768730163574,0.0
9.983333333333333,1000000.0,4.4587483406066895,0.0
10.0,1000000.0,4.46366548538208,0.0
10.016666666666667,1000000.0,4.468574047088623,0.0
