Time_min,Initial_POC,Min_Core_O2,Anoxic_Volume_Pct
0.0,47000.0,9.997027397155762,0.0
0.016666666666666666,47000.0,9.485221862792969,0.0
0.03333333333333333,47000.0,8.968263626098633,0.0
0.05,47000.0,8.450916290283203,0.0
0.06666666666666667,47000.0,7.94370174407959,0.0
0.08333333333333333,47000.0,7.4358015060424805,0.0
0.1,47000.0,6.919230937957764,0.0
0.11666666666666667,47000.0,6.421719551086426,0.0
0.13333333333333333,47000.0,5.925642967224121,0.0
0.15,47000.0,5.4193830490112305,0.0
0.16666666666666666,47000.0,4.934809684753418,0.0
0.18333333333333332,47000.0,4.457608699798584,0.0
0.2,47000.0,3.9666872024536133,0.0
0.21666666666666667,47000.0,3.4994773864746094,0.0
0.23333333333333334,47000.0,3.0533230304718018,0.0
0.25,47000.0,2.5867486000061035,0.0
0.26666666666666666,47000.0,2.1484689712524414,0.0
0.2833333333333333,47000.0,1.7383697032928467,0.0
0.3,47000.0,1.3368092775344849,0.0
0.31666666666666665,47000.0,0.9641900062561035,0.7109004739336493
0.3333333333333333,47000.0,0.6487637162208557,5.687203791469194
0.35,47000.0,0.3872426748275757,6.6350710900473935
0.36666666666666664,47000.0,0.22457396984100342,5.687203791469194
0.38333333333333336,47000.0,0.11258554458618164,4.502369668246446
0.4,47000.0,0.06584028899669647,4.028436018957346
0.4166666666666667,47000.0,0.058768533170223236,3.5545023696682465
0.43333333333333335,47000.0,0.08602344244718552,1.8957345971563981
0.45,47000.0,0.15817826986312866,1.4218009478672986
0.4666666666666667,47000.0,0.29533714056015015,0.9478672985781991
0.48333333333333334,47000.0,0.5190062522888184,0.23696682464454977
0.5,47000.0,0.8416173458099365,0.23696682464454977
0.5166666666666667,47000.0,1.2598676681518555,0.0
0.5333333333333333,47000.0,1.7048890590667725,0.0
0.55,47000.0,1.565558910369873,0.0
0.5666666666666667,47000.0,1.4336004257202148,0.0
0.5833333333333334,47000.0,1.297031044960022,0.0
0.6,47000.0,1.1765522956848145,0.0
0.6166666666666667,47000.0,1.0713469982147217,0.0
0.6333333333333333,47000.0,0.9804649353027344,0.9478672985781991
0.65,47000.0,0.900151789188385,2.843601895734597
0.6666666666666666,47000.0,0.8018372654914856,4.265402843601896
0.6833333333333333,47000.0,0.7188670635223389,7.109004739336493
0.7,47000.0,0.6498756408691406,8.056872037914692
0.7166666666666667,47000.0,0.5934464931488037,9.004739336492891
0.7333333333333333,47000.0,0.5481820702552795,10.90047393364929
0.75,47000.0,0.512759804725647,12.322274881516588
0.7666666666666667,47000.0,0.46047377586364746,13.270142180094787
0.7833333333333333,47000.0,0.41664358973503113,13.744075829383887
0.8,47000.0,0.3826138973236084,16.113744075829384
0.8166666666666667,47000.0,0.3570687770843506,17.061611374407583
0.8333333333333334,47000.0,0.3388652801513672,18.48341232227488
0.85,47000.0,0.32356199622154236,19.90521327014218
0.8666666666666667,47000.0,0.31107932329177856,22.748815165876778
0.8833333333333333,47000.0,0.28067317605018616,25.59241706161137
0.9,47000.0,0.25575390458106995,31.753554502369667
0.9166666666666666,47000.0,0.23829083144664764,35.308056872037916
0.9333333333333333,47000.0,0.22732506692409515,39.57345971563981
0.95,47000.0,0.22207319736480713,42.18009478672986
0.9666666666666667,47000.0,0.2135467678308487,42.41706161137441
0.9833333333333333,47000.0,0.1922958791255951,43.60189573459716
1.0,47000.0,0.17242369055747986,43.3649289099526
1.0166666666666666,47000.0,0.15692546963691711,42.65402843601896
1.0333333333333334,47000.0,0.14697106182575226,41.943127962085306
1.05,47000.0,0.13559381663799286,40.99526066350711
1.0666666666666667,47000.0,0.11759288609027863,39.57345971563981
1.0833333333333333,47000.0,0.09574705362319946,38.62559241706161
1.1,47000.0,0.07532056421041489,37.44075829383886
1.1166666666666667,47000.0,0.05783575773239136,36.96682464454976
1.1333333333333333,47000.0,0.043483421206474304,36.018957345971565
1.15,47000.0,0.03500368818640709,36.018957345971565
1.1666666666666667,47000.0,0.03031916171312332,33.88625592417062
1.1833333333333333,47000.0,0.028233123943209648,32.46445497630332
1.2,47000.0,0.028113722801208496,31.04265402843602
1.2166666666666666,47000.0,0.02969128079712391,29.620853080568722
1.2333333333333334,47000.0,0.032937441021203995,28.90995260663507
1.25,47000.0,0.03799393028020859,27.96208530805687
1.2666666666666666,47000.0,0.0451294407248497,27.488151658767773
1.2833333333333334,47000.0,0.054708320647478104,26.303317535545023
1.3,47000.0,0.06578999012708664,25.829383886255926
1.3166666666666667,47000.0,0.07391535490751266,25.355450236966824
1.3333333333333333,47000.0,0.0845598578453064,23.459715639810426
1.35,47000.0,0.09816306829452515,22.748815165876778
1.3666666666666667,47000.0,0.11516380310058594,22.274881516587676
1.3833333333333333,47000.0,0.13596157729625702,20.85308056872038
1.4,47000.0,0.16087183356285095,19.194312796208532
1.4166666666666667,47000.0,0.1900845617055893,19.194312796208532
1.4333333333333333,47000.0,0.22362947463989258,18.72037914691943
1.45,47000.0,0.26135390996932983,17.298578199052134
1.4666666666666666,47000.0,0.3029211759567261,17.061611374407583
1.4833333333333334,47000.0,0.34782135486602783,16.113744075829384
1.5,47000.0,0.395404577255249,13.744075829383887
1.5166666666666666,47000.0,0.4449205994606018,12.796208530805686
1.5333333333333334,47000.0,0.49556511640548706,12.559241706161137
1.55,47000.0,0.5465278625488281,12.085308056872037
1.5666666666666667,47000.0,0.5970318913459778,11.137440758293838
1.5833333333333333,47000.0,0.6463723182678223,10.66350710900474
1.6,47000.0,0.6939332485198975,8.530805687203792
1.6166666666666667,47000.0,0.7392127513885498,8.056872037914692
1.6333333333333333,47000.0,0.781827986240387,7.109004739336493
1.65,47000.0,0.8215121030807495,6.161137440758294
1.6666666666666667,47000.0,0.8581172823905945,5.687203791469194
1.6833333333333333,47000.0,0.8916032314300537,4.028436018957346
1.7,47000.0,0.9164121150970459,3.080568720379147
1.7166666666666666,47000.0,0.9354283809661865,2.6066350710900474
1.7333333333333334,47000.0,0.9545739889144897,1.6587677725118484
1.75,47000.0,0.9739643335342407,1.1848341232227488
1.7666666666666666,47000.0,0.9937106370925903,0.9478672985781991
1.7833333333333334,47000.0,1.0139188766479492,0.0
1.8,47000.0,1.0346887111663818,0.0
1.8166666666666667,47000.0,1.05610990524292,0.0
1.8333333333333333,47000.0,1.0782617330551147,0.0
1.85,47000.0,1.0980007648468018,0.0
1.8666666666666667,47000.0,1.1126692295074463,0.0
1.8833333333333333,47000.0,1.1275649070739746,0.0
1.9,47000.0,1.1429630517959595,0.0
1.9166666666666667,47000.0,1.1591070890426636,0.0
1.9333333333333333,47000.0,1.1762113571166992,0.0
1.95,47000.0,1.194457769393921,0.0
1.9666666666666666,47000.0,1.2139990329742432,0.0
1.9833333333333334,47000.0,1.234957218170166,0.0
2.0,47000.0,1.257427453994751,0.0
2.0166666666666666,47000.0,1.2814781665802002,0.0
2.033333333333333,47000.0,1.3071532249450684,0.0
2.05,47000.0,1.334471583366394,0.0
2.066666666666667,47000.0,1.3634352684020996,0.0
2.0833333333333335,47000.0,1.394027829170227,0.0
2.1,47000.0,1.4262163639068604,0.0
2.1166666666666667,47000.0,1.4599497318267822,0.0
2.1333333333333333,47000.0,1.4951725006103516,0.0
2.15,47000.0,1.531814455986023,0.0
2.1666666666666665,47000.0,1.5697959661483765,0.0
2.183333333333333,47000.0,1.609031319618225,0.0
2.2,47000.0,1.6494317054748535,0.0
2.216666666666667,47000.0,1.690902829170227,0.0
2.2333333333333334,47000.0,1.7333521842956543,0.0
2.25,47000.0,1.7766821384429932,0.0
2.2666666666666666,47000.0,1.820796251296997,0.0
2.283333333333333,47000.0,1.8655959367752075,0.0
2.3,47000.0,1.91098952293396,0.0
2.316666666666667,47000.0,1.956882357597351,0.0
2.3333333333333335,47000.0,2.0031845569610596,0.0
2.35,47000.0,2.049813747406006,0.0
2.3666666666666667,47000.0,2.0966796875,0.0
2.3833333333333333,47000.0,2.143707275390625,0.0
2.4,47000.0,2.190826654434204,0.0
2.4166666666666665,47000.0,2.2379722595214844,0.0
2.433333333333333,47000.0,2.285099506378174,0.0
2.45,47000.0,2.3321447372436523,0.0
2.466666666666667,47000.0,2.379061698913574,0.0
2.4833333333333334,47000.0,2.4258108139038086,0.0
2.5,47000.0,2.4723563194274902,0.0
2.5166666666666666,47000.0,2.518664836883545,0.0
2.533333333333333,47000.0,2.5647130012512207,0.0
2.55,47000.0,2.610482692718506,0.0
2.566666666666667,47000.0,2.6559627056121826,0.0
2.5833333333333335,47000.0,2.7011427879333496,0.0
2.6,47000.0,2.7460150718688965,0.0
2.6166666666666667,47000.0,2.790588855743408,0.0
2.6333333333333333,47000.0,2.834865093231201,0.0
2.65,47000.0,2.878854274749756,0.0
2.6666666666666665,47000.0,2.92257022857666,0.0
2.683333333333333,47000.0,2.9660229682922363,0.0
2.7,47000.0,3.0092310905456543,0.0
2.716666666666667,47000.0,3.0522093772888184,0.0
2.7333333333333334,47000.0,3.0949788093566895,0.0
2.75,47000.0,3.1375603675842285,0.0
2.7666666666666666,47000.0,3.1799678802490234,0.0
2.783333333333333,47000.0,3.2222306728363037,0.0
2.8,47000.0,3.2643613815307617,0.0
2.816666666666667,47000.0,3.306399345397949,0.0
2.8333333333333335,47000.0,3.348336696624756,0.0
2.85,47000.0,3.3901913166046143,0.0
2.8666666666666667,47000.0,3.431985378265381,0.0
2.8833333333333333,47000.0,3.4737205505371094,0.0
2.9,47000.0,3.5154266357421875,0.0
2.9166666666666665,47000.0,3.5571022033691406,0.0
2.933333333333333,47000.0,3.598754405975342,0.0
2.95,47000.0,3.6404058933258057,0.0
2.966666666666667,47000.0,3.6820316314697266,0.0
2.9833333333333334,47000.0,3.723660469055176,0.0
3.0,47000.0,3.7652699947357178,0.0
3.0166666666666666,47000.0,3.806853771209717,0.0
3.033333333333333,47000.0,3.848435878753662,0.0
3.05,47000.0,3.8900179862976074,0.0
3.066666666666667,47000.0,3.9316000938415527,0.0
3.0833333333333335,47000.0,3.973134994506836,0.0
3.1,47000.0,4.014599800109863,0.0
3.1166666666666667,47000.0,4.056020736694336,0.0
3.1333333333333333,47000.0,4.097441673278809,0.0
3.15,47000.0,4.138737678527832,0.0
3.1666666666666665,47000.0,4.180001258850098,0.0
3.183333333333333,47000.0,4.221230983734131,0.0
3.2,47000.0,4.262354373931885,0.0
3.216666666666667,47000.0,4.303402900695801,0.0
3.2333333333333334,47000.0,4.344337463378906,0.0
3.25,47000.0,4.385167121887207,0.0
3.2666666666666666,47000.0,4.425876140594482,0.0
3.283333333333333,47000.0,4.466488361358643,0.0
3.3,47000.0,4.506924629211426,0.0
3.316666666666667,47000.0,4.547246932983398,0.0
3.3333333333333335,47000.0,4.587425231933594,0.0
3.35,47000.0,4.6274309158325195,0.0
3.3666666666666667,47000.0,4.667287826538086,0.0
3.3833333333333333,47000.0,4.706960201263428,0.0
3.4,47000.0,4.746490478515625,0.0
3.4166666666666665,47000.0,4.785831451416016,0.0
3.433333333333333,47000.0,4.824998378753662,0.0
3.45,47000.0,4.863983154296875,0.0
3.466666666666667,47000.0,4.902759552001953,0.0
3.4833333333333334,47000.0,4.941350936889648,0.0
3.5,47000.0,4.979761600494385,0.0
3.5166666666666666,47000.0,5.017962455749512,0.0
3.533333333333333,47000.0,5.055976867675781,0.0
3.55,47000.0,5.093799591064453,0.0
3.566666666666667,47000.0,5.1314263343811035,0.0
3.5833333333333335,47000.0,5.168835639953613,0.0
3.6,47000.0,5.206059455871582,0.0
3.6166666666666667,47000.0,5.243067741394043,0.0
3.6333333333333333,47000.0,5.27988862991333,0.0
3.65,47000.0,5.316494941711426,0.0
3.6666666666666665,47000.0,5.352923393249512,0.0
3.683333333333333,47000.0,5.389150619506836,0.0
3.7,47000.0,5.425178527832031,0.0
3.716666666666667,47000.0,5.460999488830566,0.0
3.7333333333333334,47000.0,5.496642112731934,0.0
3.75,47000.0,5.532070159912109,0.0
3.7666666666666666,47000.0,5.567325592041016,0.0
3.783333333333333,47000.0,5.60239315032959,0.0
3.8,47000.0,5.637259483337402,0.0
3.816666666666667,47000.0,5.671950340270996,0.0
3.8333333333333335,47000.0,5.7064528465271,0.0
3.85,47000.0,5.740740776062012,0.0
3.8666666666666667,47000.0,5.7748565673828125,0.0
3.8833333333333333,47000.0,5.808776378631592,0.0
3.9,47000.0,5.842527389526367,0.0
3.9166666666666665,47000.0,5.876070022583008,0.0
3.933333333333333,47000.0,5.909429550170898,0.0
3.95,47000.0,5.942598342895508,0.0
3.966666666666667,47000.0,5.975572109222412,0.0
3.9833333333333334,47000.0,6.008380889892578,0.0
4.0,47000.0,6.040975570678711,0.0
4.016666666666667,47000.0,6.073363304138184,0.0
4.033333333333333,47000.0,6.105574607849121,0.0
4.05,47000.0,6.137559413909912,0.0
4.066666666666666,47000.0,6.16938591003418,0.0
4.083333333333333,47000.0,6.201014041900635,0.0
4.1,47000.0,6.232428550720215,0.0
4.116666666666666,47000.0,6.263679504394531,0.0
4.133333333333334,47000.0,6.294699668884277,0.0
4.15,47000.0,6.32556676864624,0.0
4.166666666666667,47000.0,6.3562164306640625,0.0
4.183333333333334,47000.0,6.386664390563965,0.0
4.2,47000.0,6.416933059692383,0.0
4.216666666666667,47000.0,6.446996212005615,0.0
4.233333333333333,47000.0,6.4768757820129395,0.0
4.25,47000.0,6.506592750549316,0.0
4.266666666666667,47000.0,6.536059379577637,0.0
4.283333333333333,47000.0,6.5653605461120605,0.0
4.3,47000.0,6.594450950622559,0.0
4.316666666666666,47000.0,6.623381614685059,0.0
4.333333333333333,47000.0,6.6521100997924805,0.0
4.35,47000.0,6.680612564086914,0.0
4.366666666666666,47000.0,6.708943843841553,0.0
4.383333333333334,47000.0,6.737079620361328,0.0
4.4,47000.0,6.765022277832031,0.0
4.416666666666667,47000.0,6.792782783508301,0.0
4.433333333333334,47000.0,6.82033634185791,0.0
4.45,47000.0,6.8477020263671875,0.0
4.466666666666667,47000.0,6.874856472015381,0.0
4.483333333333333,47000.0,6.901861190795898,0.0
4.5,47000.0,6.928651809692383,0.0
4.516666666666667,47000.0,6.955246448516846,0.0
4.533333333333333,47000.0,6.9816508293151855,0.0
4.55,47000.0,7.007871150970459,0.0
4.566666666666666,47000.0,7.033934593200684,0.0
4.583333333333333,47000.0,7.05979061126709,0.0
4.6,47000.0,7.085471153259277,0.0
4.616666666666666,47000.0,7.110947608947754,0.0
4.633333333333334,47000.0,7.136237144470215,0.0
4.65,47000.0,7.161361217498779,0.0
4.666666666666667,47000.0,7.186291217803955,0.0
4.683333333333334,47000.0,7.2110209465026855,0.0
4.7,47000.0,7.235587120056152,0.0
4.716666666666667,47000.0,7.259983062744141,0.0
4.733333333333333,47000.0,7.284175872802734,0.0
4.75,47000.0,7.308206558227539,0.0
4.766666666666667,47000.0,7.3320536613464355,0.0
4.783333333333333,47000.0,7.355700492858887,0.0
4.8,47000.0,7.379194259643555,0.0
4.816666666666666,47000.0,7.4024763107299805,0.0
4.833333333333333,47000.0,7.4256439208984375,0.0
4.85,47000.0,7.448606491088867,0.0
4.866666666666666,47000.0,7.471376419067383,0.0
4.883333333333334,47000.0,7.493987083435059,0.0
4.9,47000.0,7.516430854797363,0.0
4.916666666666667,47000.0,7.538688659667969,0.0
4.933333333333334,47000.0,7.56076192855835,0.0
4.95,47000.0,7.582662105560303,0.0
4.966666666666667,47000.0,7.604402542114258,0.0
4.983333333333333,47000.0,7.625967502593994,0.0
5.0,47000.0,7.6473612785339355,0.0
5.016666666666667,47000.0,7.668633460998535,0.0
5.033333333333333,47000.0,7.689699172973633,0.0
5.05,47000.0,7.710585594177246,0.0
5.066666666666666,47000.0,7.731307029724121,0.0
5.083333333333333,47000.0,7.751884937286377,0.0
5.1,47000.0,7.7722578048706055,0.0
5.116666666666666,47000.0,7.792486190795898,0.0
5.133333333333334,47000.0,7.812536239624023,0.0
5.15,47000.0,7.83239221572876,0.0
5.166666666666667,47000.0,7.852121353149414,0.0
5.183333333333334,47000.0,7.871683597564697,0.0
5.2,47000.0,7.891068935394287,0.0
5.216666666666667,47000.0,7.910335540771484,0.0
5.233333333333333,47000.0,7.9294281005859375,0.0
5.25,47000.0,7.948360919952393,0.0
5.266666666666667,47000.0,7.967165946960449,0.0
5.283333333333333,47000.0,7.985820770263672,0.0
5.3,47000.0,8.004312515258789,0.0
5.316666666666666,47000.0,8.022649765014648,0.0
5.333333333333333,47000.0,8.040836334228516,0.0
5.35,47000.0,8.05893325805664,0.0
5.366666666666666,47000.0,8.076839447021484,0.0
5.383333333333334,47000.0,8.094593048095703,0.0
5.4,47000.0,8.112278938293457,0.0
5.416666666666667,47000.0,8.129773139953613,0.0
5.433333333333334,47000.0,8.14717960357666,0.0
5.45,47000.0,8.164388656616211,0.0
5.466666666666667,47000.0,8.181472778320312,0.0
5.483333333333333,47000.0,8.198375701904297,0.0
5.5,47000.0,8.215107917785645,0.0
5.516666666666667,47000.0,8.231725692749023,0.0
5.533333333333333,47000.0,8.248214721679688,0.0
5.55,47000.0,8.26455020904541,0.0
5.566666666666666,47000.0,8.280759811401367,0.0
5.583333333333333,47000.0,8.296876907348633,0.0
5.6,47000.0,8.312828063964844,0.0
5.616666666666666,47000.0,8.32862663269043,0.0
5.633333333333334,47000.0,8.344300270080566,0.0
5.65,47000.0,8.359792709350586,0.0
5.666666666666667,47000.0,8.375264167785645,0.0
5.683333333333334,47000.0,8.390495300292969,0.0
5.7,47000.0,8.40562629699707,0.0
5.716666666666667,47000.0,8.42061710357666,0.0
5.733333333333333,47000.0,8.435567855834961,0.0
5.75,47000.0,8.450356483459473,0.0
5.766666666666667,47000.0,8.46497917175293,0.0
5.783333333333333,47000.0,8.479484558105469,0.0
5.8,47000.0,8.493865013122559,0.0
5.816666666666666,47000.0,8.50808334350586,0.0
5.833333333333333,47000.0,8.52212905883789,0.0
5.85,47000.0,8.536150932312012,0.0
5.866666666666666,47000.0,8.550018310546875,0.0
5.883333333333334,47000.0,8.563743591308594,0.0
5.9,47000.0,8.577380180358887,0.0
5.916666666666667,47000.0,8.59091854095459,0.0
5.933333333333334,47000.0,8.604406356811523,0.0
5.95,47000.0,8.617624282836914,0.0
5.966666666666667,47000.0,8.630829811096191,0.0
5.983333333333333,47000.0,8.64377212524414,0.0
6.0,47000.0,8.656665802001953,0.0
6.016666666666667,47000.0,8.66948127746582,0.0
6.033333333333333,47000.0,8.682127952575684,0.0
6.05,47000.0,8.694698333740234,0.0
6.066666666666666,47000.0,8.707140922546387,0.0
6.083333333333333,47000.0,8.719522476196289,0.0
6.1,47000.0,8.731782913208008,0.0
6.116666666666666,47000.0,8.743890762329102,0.0
6.133333333333334,47000.0,8.755908966064453,0.0
6.15,47000.0,8.76783561706543,0.0
6.166666666666667,47000.0,8.779654502868652,0.0
6.183333333333334,47000.0,8.791303634643555,0.0
6.2,47000.0,8.802900314331055,0.0
6.216666666666667,47000.0,8.814324378967285,0.0
6.233333333333333,47000.0,8.825735092163086,0.0
6.25,47000.0,8.837043762207031,0.0
6.266666666666667,47000.0,8.84819221496582,0.0
6.283333333333333,47000.0,8.859254837036133,0.0
6.3,47000.0,8.870218276977539,0.0
6.316666666666666,47000.0,8.881118774414062,0.0
6.333333333333333,47000.0,8.891857147216797,0.0
6.35,47000.0,8.9025239944458,0.0
6.366666666666666,47000.0,8.913129806518555,0.0
6.383333333333334,47000.0,8.92359733581543,0.0
6.4,47000.0,8.933916091918945,0.0
6.416666666666667,47000.0,8.944231033325195,0.0
6.433333333333334,47000.0,8.954460144042969,0.0
6.45,47000.0,8.96455192565918,0.0
6.466666666666667,47000.0,8.974544525146484,0.0
6.483333333333333,47000.0,8.98443603515625,0.0
6.5,47000.0,8.994220733642578,0.0
6.516666666666667,47000.0,9.003945350646973,0.0
6.533333333333333,47000.0,9.013607025146484,0.0
6.55,47000.0,9.023141860961914,0.0
6.566666666666666,47000.0,9.032642364501953,0.0
6.583333333333333,47000.0,9.042007446289062,0.0
6.6,47000.0,9.051340103149414,0.0
6.616666666666666,47000.0,9.060543060302734,0.0
6.633333333333334,47000.0,9.069729804992676,0.0
6.65,47000.0,9.078760147094727,0.0
6.666666666666667,47000.0,9.087719917297363,0.0
6.683333333333334,47000.0,9.096498489379883,0.0
6.7,47000.0,9.105243682861328,0.0
6.716666666666667,47000.0,9.113946914672852,0.0
6.733333333333333,47000.0,9.12264633178711,0.0
6.75,47000.0,9.131160736083984,0.0
6.766666666666667,47000.0,9.139602661132812,0.0
6.783333333333333,47000.0,9.14798355102539,0.0
6.8,47000.0,9.156265258789062,0.0
6.816666666666666,47000.0,9.164426803588867,0.0
6.833333333333333,47000.0,9.172542572021484,0.0
6.85,47000.0,9.180624008178711,0.0
6.866666666666666,47000.0,9.188682556152344,0.0
6.883333333333334,47000.0,9.196632385253906,0.0
6.9,47000.0,9.20449161529541,0.0
6.916666666666667,47000.0,9.212282180786133,0.0
6.933333333333334,47000.0,9.220026969909668,0.0
6.95,47000.0,9.227753639221191,0.0
6.966666666666667,47000.0,9.235313415527344,0.0
6.983333333333333,47000.0,9.242765426635742,0.0
7.0,47000.0,9.250179290771484,0.0
7.016666666666667,47000.0,9.257489204406738,0.0
7.033333333333333,47000.0,9.264754295349121,0.0
7.05,47000.0,9.271984100341797,0.0
7.066666666666666,47000.0,9.279121398925781,0.0
7.083333333333333,47000.0,9.28622817993164,0.0
7.1,47000.0,9.2932710647583,0.0
7.116666666666666,47000.0,9.300233840942383,0.0
7.133333333333334,47000.0,9.307149887084961,0.0
7.15,47000.0,9.313987731933594,0.0
7.166666666666667,47000.0,9.320760726928711,0.0
7.183333333333334,47000.0,9.327410697937012,0.0
7.2,47000.0,9.333993911743164,0.0
7.216666666666667,47000.0,9.34048843383789,0.0
7.233333333333333,47000.0,9.34699821472168,0.0
7.25,47000.0,9.353462219238281,0.0
7.266666666666667,47000.0,9.359837532043457,0.0
7.283333333333333,47000.0,9.366120338439941,0.0
7.3,47000.0,9.372282028198242,0.0
7.316666666666666,47000.0,9.378406524658203,0.0
7.333333333333333,47000.0,9.384469985961914,0.0
7.35,47000.0,9.390473365783691,0.0
7.366666666666666,47000.0,9.396479606628418,0.0
7.383333333333334,47000.0,9.402416229248047,0.0
7.4,47000.0,9.408273696899414,0.0
7.416666666666667,47000.0,9.414093017578125,0.0
7.433333333333334,47000.0,9.41989517211914,0.0
7.45,47000.0,9.425683975219727,0.0
7.466666666666667,47000.0,9.431272506713867,0.0
7.483333333333333,47000.0,9.436803817749023,0.0
7.5,47000.0,9.44230842590332,0.0
7.516666666666667,47000.0,9.44778823852539,0.0
7.533333333333333,47000.0,9.453254699707031,0.0
7.55,47000.0,9.458610534667969,0.0
7.566666666666666,47000.0,9.463930130004883,0.0
7.583333333333333,47000.0,9.469207763671875,0.0
7.6,47000.0,9.474418640136719,0.0
7.616666666666666,47000.0,9.479602813720703,0.0
7.633333333333334,47000.0,9.484760284423828,0.0
7.65,47000.0,9.489822387695312,0.0
7.666666666666667,47000.0,9.49479866027832,0.0
7.683333333333334,47000.0,9.49972915649414,0.0
7.7,47000.0,9.504618644714355,0.0
7.716666666666667,47000.0,9.50948715209961,0.0
7.733333333333333,47000.0,9.514369010925293,0.0
7.75,47000.0,9.519208908081055,0.0
7.766666666666667,47000.0,9.523944854736328,0.0
7.783333333333333,47000.0,9.5286283493042,0.0
7.8,47000.0,9.533249855041504,0.0
7.816666666666666,47000.0,9.537817001342773,0.0
7.833333333333333,47000.0,9.542335510253906,0.0
7.85,47000.0,9.54682731628418,0.0
7.866666666666666,47000.0,9.551207542419434,0.0
7.883333333333334,47000.0,9.55556869506836,0.0
7.9,47000.0,9.5599365234375,0.0
7.916666666666667,47000.0,9.564305305480957,0.0
7.933333333333334,47000.0,9.568670272827148,0.0
7.95,47000.0,9.57302188873291,0.0
7.966666666666667,47000.0,9.577335357666016,0.0
7.983333333333333,47000.0,9.581576347351074,0.0
8.0,47000.0,9.58576774597168,0.0
8.016666666666667,47000.0,9.589916229248047,0.0
8.033333333333333,47000.0,9.593975067138672,0.0
8.05,47000.0,9.598021507263184,0.0
8.066666666666666,47000.0,9.601981163024902,0.0
8.083333333333334,47000.0,9.60590648651123,0.0
8.1,47000.0,9.609786033630371,0.0
8.116666666666667,47000.0,9.613654136657715,0.0
8.133333333333333,47000.0,9.617406845092773,0.0
8.15,47000.0,9.62105941772461,0.0
8.166666666666666,47000.0,9.624643325805664,0.0
8.183333333333334,47000.0,9.62822151184082,0.0
8.2,47000.0,9.631784439086914,0.0
8.216666666666667,47000.0,9.635330200195312,0.0
8.233333333333333,47000.0,9.638875961303711,0.0
8.25,47000.0,9.642378807067871,0.0
8.266666666666667,47000.0,9.64576530456543,0.0
8.283333333333333,47000.0,9.649139404296875,0.0
8.3,47000.0,9.6524658203125,0.0
8.316666666666666,47000.0,9.655787467956543,0.0
8.333333333333334,47000.0,9.659099578857422,0.0
8.35,47000.0,9.662402153015137,0.0
8.366666666666667,47000.0,9.665701866149902,0.0
8.383333333333333,47000.0,9.668970108032227,0.0
8.4,47000.0,9.672242164611816,0.0
8.416666666666666,47000.0,9.675472259521484,0.0
8.433333333333334,47000.0,9.678668022155762,0.0
8.45,47000.0,9.681721687316895,0.0
8.466666666666667,47000.0,9.684743881225586,0.0
8.483333333333333,47000.0,9.687744140625,0.0
8.5,47000.0,9.6907377243042,0.0
8.516666666666667,47000.0,9.693721771240234,0.0
8.533333333333333,47000.0,9.696701049804688,0.0
8.55,47000.0,9.699657440185547,0.0
8.566666666666666,47000.0,9.702611923217773,0.0
8.583333333333334,47000.0,9.705549240112305,0.0
8.6,47000.0,9.708463668823242,0.0
8.616666666666667,47000.0,9.71136474609375,0.0
8.633333333333333,47000.0,9.714265823364258,0.0
8.65,47000.0,9.717045783996582,0.0
8.666666666666666,47000.0,9.719727516174316,0.0
8.683333333333334,47000.0,9.722389221191406,0.0
8.7,47000.0,9.725046157836914,0.0
8.716666666666667,47000.0,9.727691650390625,0.0
8.733333333333333,47000.0,9.7303466796875,0.0
8.75,47000.0,9.732980728149414,0.0
8.766666666666667,47000.0,9.735615730285645,0.0
8.783333333333333,47000.0,9.738228797912598,0.0
8.8,47000.0,9.740823745727539,0.0
8.816666666666666,47000.0,9.743402481079102,0.0
8.833333333333334,47000.0,9.745862007141113,0.0
8.85,47000.0,9.748292922973633,0.0
8.866666666666667,47000.0,9.750710487365723,0.0
8.883333333333333,47000.0,9.75302505493164,0.0
8.9,47000.0,9.755313873291016,0.0
8.916666666666666,47000.0,9.757600784301758,0.0
8.933333333333334,47000.0,9.759857177734375,0.0
8.95,47000.0,9.762113571166992,0.0
8.966666666666667,47000.0,9.76430892944336,0.0
8.983333333333333,47000.0,9.766441345214844,0.0
9.0,47000.0,9.76856517791748,0.0
9.016666666666667,47000.0,9.770686149597168,0.0
9.033333333333333,47000.0,9.77279281616211,0.0
9.05,47000.0,9.774888038635254,0.0
9.066666666666666,47000.0,9.776983261108398,0.0
9.083333333333334,47000.0,9.779058456420898,0.0
9.1,47000.0,9.781082153320312,0.0
9.116666666666667,47000.0,9.78310775756836,0.0
9.133333333333333,47000.0,9.785123825073242,0.0
9.15,47000.0,9.787130355834961,0.0
9.166666666666666,47000.0,9.78914737701416,0.0
9.183333333333334,47000.0,9.791146278381348,0.0
9.2,47000.0,9.79315185546875,0.0
9.216666666666667,47000.0,9.795149803161621,0.0
9.233333333333333,47000.0,9.797140121459961,0.0
9.25,47000.0,9.799126625061035,0.0
9.266666666666667,47000.0,9.801097869873047,0.0
9.283333333333333,47000.0,9.803074836730957,0.0
9.3,47000.0,9.805028915405273,0.0
9.316666666666666,47000.0,9.806962013244629,0.0
9.333333333333334,47000.0,9.80877685546875,0.0
9.35,47000.0,9.810519218444824,0.0
9.366666666666667,47000.0,9.812259674072266,0.0
9.383333333333333,47000.0,9.814000129699707,0.0
9.4,47000.0,9.815738677978516,0.0
9.416666666666666,47000.0,9.817455291748047,0.0
9.433333333333334,47000.0,9.819167137145996,0.0
9.45,47000.0,9.820867538452148,0.0
9.466666666666667,47000.0,9.822566032409668,0.0
9.483333333333333,47000.0,9.824256896972656,0.0
9.5,47000.0,9.825937271118164,0.0
9.516666666666667,47000.0,9.827608108520508,0.0
9.533333333333333,47000.0,9.829246520996094,0.0
9.55,47000.0,9.830772399902344,0.0
9.566666666666666,47000.0,9.832222938537598,0.0
9.583333333333334,47000.0,9.833673477172852,0.0
9.6,47000.0,9.835062026977539,0.0
9.616666666666667,47000.0,9.836440086364746,0.0
9.633333333333333,47000.0,9.837808609008789,0.0
9.65,47000.0,9.839181900024414,0.0
9.666666666666666,47000.0,9.84054946899414,0.0
9.683333333333334,47000.0,9.8419189453125,0.0
9.7,47000.0,9.84328556060791,0.0
9.716666666666667,47000.0,9.844644546508789,0.0
9.733333333333333,47000.0,9.846012115478516,0.0
9.75,47000.0,9.847368240356445,0.0
9.766666666666667,47000.0,9.848729133605957,0.0
9.783333333333333,47000.0,9.850085258483887,0.0
9.8,47000.0,9.851436614990234,0.0
9.816666666666666,47000.0,9.852795600891113,0.0
9.833333333333334,47000.0,9.854141235351562,0.0
9.85,47000.0,9.855493545532227,0.0
9.866666666666667,47000.0,9.856839179992676,0.0
9.883333333333333,47000.0,9.858179092407227,0.0
9.9,47000.0,9.85952377319336,0.0
9.916666666666666,47000.0,9.860857009887695,0.0
9.933333333333334,47000.0,9.862201690673828,0.0
9.95,47000.0,9.863527297973633,0.0
9.966666666666667,47000.0,9.864862442016602,0.0
9.983333333333333,47000.0,9.866182327270508,0.0
10.0,47000.0,9.867502212524414,0.0
10.016666666666667,47000.0,9.868804931640625,0.0
0.0,137200.0,9.997027397155762,0.0
0.016666666666666666,137200.0,9.48521614074707,0.0
0.03333333333333333,137200.0,8.968242645263672,0.0
0.05,137200.0,8.450870513916016,0.0
0.06666666666666667,137200.0,7.9436187744140625,0.0
0.08333333333333333,137200.0,7.435670375823975,0.0
0.1,137200.0,6.919053077697754,0.0
0.11666666666666667,137200.0,6.421476364135742,0.0
0.13333333333333333,137200.0,5.925322532653809,0.0
0.15,137200.0,5.418979644775391,0.0
0.16666666666666666,137200.0,4.934321880340576,0.0
0.18333333333333332,137200.0,4.457022666931152,0.0
0.2,137200.0,3.965994119644165,0.0
0.21666666666666667,137200.0,3.4986817836761475,0.0
0.23333333333333334,137200.0,3.052417516708374,0.0
0.25,137200.0,2.585725784301758,0.0
0.26666666666666666,137200.0,2.1473469734191895,0.0
0.2833333333333333,137200.0,1.7371599674224854,0.0
0.3,137200.0,1.3355278968811035,0.0
0.31666666666666665,137200.0,0.9628997445106506,0.7109004739336493
0.3333333333333333,137200.0,0.6475429534912109,5.687203791469194
0.35,137200.0,0.38617563247680664,6.6350710900473935
0.36666666666666664,137200.0,0.22378680109977722,5.687203791469194
0.38333333333333336,137200.0,0.11204811930656433,4.502369668246446
0.4,137200.0,0.06543091684579849,4.028436018957346
0.4166666666666667,137200.0,0.05835605412721634,3.5545023696682465
0.43333333333333335,137200.0,0.08548402786254883,1.8957345971563981
0.45,137200.0,0.1573788970708847,1.4218009478672986
0.4666666666666667,137200.0,0.2941349744796753,0.9478672985781991
0.48333333333333334,137200.0,0.517279863357544,0.23696682464454977
0.5,137200.0,0.8393055200576782,0.23696682464454977
0.5166666666666667,137200.0,1.256976842880249,0.0
0.5333333333333333,137200.0,1.7025507688522339,0.0
0.55,137200.0,1.5631349086761475,0.0
0.5666666666666667,137200.0,1.4310463666915894,0.0
0.5833333333333334,137200.0,1.2944167852401733,0.0
0.6,137200.0,1.1738851070404053,0.0
0.6166666666666667,137200.0,1.0686349868774414,0.0
0.6333333333333333,137200.0,0.9777137041091919,0.9478672985781991
0.65,137200.0,0.8973618745803833,2.843601895734597
0.6666666666666666,137200.0,0.7990529537200928,4.265402843601896
0.6833333333333333,137200.0,0.7160958051681519,7.109004739336493
0.7,137200.0,0.6471209526062012,8.056872037914692
0.7166666666666667,137200.0,0.5907090902328491,9.004739336492891
0.7333333333333333,137200.0,0.5454593896865845,10.90047393364929
0.75,137200.0,0.5100435018539429,12.322274881516588
0.7666666666666667,137200.0,0.4578333795070648,13.270142180094787
0.7833333333333333,137200.0,0.4140681326389313,13.744075829383887
0.8,137200.0,0.3800896108150482,16.113744075829384
0.8166666666666667,137200.0,0.3545786440372467,17.061611374407583
0.8333333333333334,137200.0,0.3363898992538452,18.95734597156398
0.85,137200.0,0.3210301697254181,19.90521327014218
0.8666666666666667,137200.0,0.30871298909187317,23.22274881516588
0.8833333333333333,137200.0,0.2782701253890991,25.59241706161137
0.9,137200.0,0.25341880321502686,31.753554502369667
0.9166666666666666,137200.0,0.23599523305892944,35.308056872037916
0.9333333333333333,137200.0,0.22503900527954102,39.57345971563981
0.95,137200.0,0.2197660505771637,42.18009478672986
0.9666666666666667,137200.0,0.21139462292194366,42.89099526066351
0.9833333333333333,137200.0,0.19023749232292175,43.60189573459716
1.0,137200.0,0.17035529017448425,43.838862559241704
1.0166666666666666,137200.0,0.15493535995483398,42.65402843601896
1.0333333333333334,137200.0,0.14499753713607788,42.41706161137441
1.05,137200.0,0.13369007408618927,40.99526066350711
1.0666666666666667,137200.0,0.1159742921590805,39.57345971563981
1.0833333333333333,137200.0,0.09429730474948883,38.62559241706161
1.1,137200.0,0.07409396022558212,37.44075829383886
1.1166666666666667,137200.0,0.05685333535075188,36.96682464454976
1.1333333333333333,137200.0,0.0427054688334465,36.018957345971565
1.15,137200.0,0.034352198243141174,36.018957345971565
1.1666666666666667,137200.0,0.02973693236708641,34.360189573459714
1.1833333333333333,137200.0,0.027676865458488464,32.93838862559242
1.2,137200.0,0.027548179030418396,31.990521327014214
1.2166666666666666,137200.0,0.02908474951982498,30.09478672985782
1.2333333333333334,137200.0,0.03225849196314812,28.90995260663507
1.25,137200.0,0.037209197878837585,27.96208530805687
1.2666666666666666,137200.0,0.04420194774866104,27.488151658767773
1.2833333333333334,137200.0,0.053596850484609604,26.77725118483412
1.3,137200.0,0.06498048454523087,25.829383886255926
1.3166666666666667,137200.0,0.07293286919593811,25.355450236966824
1.3333333333333333,137200.0,0.08335990458726883,23.933649289099527
1.35,137200.0,0.09669657796621323,23.22274881516588
1.3666666666666667,137200.0,0.11337846517562866,22.274881516587676
1.3833333333333333,137200.0,0.13380326330661774,21.32701421800948
1.4,137200.0,0.15828785300254822,20.14218009478673
1.4166666666666667,137200.0,0.1870260089635849,19.194312796208532
1.4333333333333333,137200.0,0.22005459666252136,18.72037914691943
1.45,137200.0,0.2572299838066101,18.246445497630333
1.4666666666666666,137200.0,0.2982262670993805,17.061611374407583
1.4833333333333334,137200.0,0.34254544973373413,16.113744075829384
1.5,137200.0,0.3895483613014221,14.691943127962084
1.5166666666666666,137200.0,0.43849459290504456,13.270142180094787
1.5333333333333334,137200.0,0.4885883927345276,12.559241706161137
1.55,137200.0,0.5390263199806213,12.559241706161137
1.5666666666666667,137200.0,0.589034914970398,12.085308056872037
1.5833333333333333,137200.0,0.6379107236862183,11.137440758293838
1.6,137200.0,0.6850415468215942,8.530805687203792
1.6166666666666667,137200.0,0.7299249172210693,8.056872037914692
1.6333333333333333,137200.0,0.7721768021583557,7.5829383886255926
1.65,137200.0,0.8115293979644775,6.161137440758294
1.6666666666666667,137200.0,0.8478334546089172,6.161137440758294
1.6833333333333333,137200.0,0.8810455203056335,4.976303317535545
1.7,137200.0,0.9064329862594604,3.080568720379147
1.7166666666666666,137200.0,0.9252825975418091,3.080568720379147
1.7333333333333334,137200.0,0.9442626237869263,2.132701421800948
1.75,137200.0,0.9634885191917419,1.6587677725118484
1.7666666666666666,137200.0,0.9830713868141174,0.9478672985781991
1.7833333333333334,137200.0,1.0031163692474365,0.0
1.8,137200.0,1.0237210988998413,0.0
1.8166666666666667,137200.0,1.0449731349945068,0.0
1.8333333333333333,137200.0,1.0669548511505127,0.0
1.85,137200.0,1.0856794118881226,0.0
1.8666666666666667,137200.0,1.100217580795288,0.0
1.8833333333333333,137200.0,1.1149849891662598,0.0
1.9,137200.0,1.1302536725997925,0.0
1.9166666666666667,137200.0,1.1462647914886475,0.0
1.9333333333333333,137200.0,1.1632330417633057,0.0
1.95,137200.0,1.1813398599624634,0.0
1.9666666666666666,137200.0,1.2007355690002441,0.0
1.9833333333333334,137200.0,1.221543550491333,0.0
2.0,137200.0,1.24385666847229,0.0
2.0166666666666666,137200.0,1.2677431106567383,0.0
2.033333333333333,137200.0,1.2932472229003906,0.0
2.05,137200.0,1.3203901052474976,0.0
2.066666666666667,137200.0,1.3491714000701904,0.0
2.0833333333333335,137200.0,1.3795745372772217,0.0
2.1,137200.0,1.4115667343139648,0.0
2.1166666666666667,137200.0,1.445101261138916,0.0
2.1333333333333333,137200.0,1.4801174402236938,0.0
2.15,137200.0,1.5165488719940186,0.0
2.1666666666666665,137200.0,1.5543146133422852,0.0
2.183333333333333,137200.0,1.593332052230835,0.0
2.2,137200.0,1.6335108280181885,0.0
2.216666666666667,137200.0,1.6747583150863647,0.0
2.2333333333333334,137200.0,1.7169811725616455,0.0
2.25,137200.0,1.760082721710205,0.0
2.2666666666666666,137200.0,1.80396568775177,0.0
2.283333333333333,137200.0,1.8485369682312012,0.0
2.3,137200.0,1.893699049949646,0.0
2.316666666666667,137200.0,1.9393571615219116,0.0
2.3333333333333335,137200.0,1.9854241609573364,0.0
2.35,137200.0,2.031813621520996,0.0
2.3666666666666667,137200.0,2.0784459114074707,0.0
2.3833333333333333,137200.0,2.1252403259277344,0.0
2.4,137200.0,2.172140121459961,0.0
2.4166666666666665,137200.0,2.219053030014038,0.0
2.433333333333333,137200.0,2.2659523487091064,0.0
2.45,137200.0,2.3127665519714355,0.0
2.466666666666667,137200.0,2.359459638595581,0.0
2.4833333333333334,137200.0,2.405979871749878,0.0
2.5,137200.0,2.452302932739258,0.0
2.5166666666666666,137200.0,2.4983906745910645,0.0
2.533333333333333,137200.0,2.544219493865967,0.0
2.55,137200.0,2.5897696018218994,0.0
2.566666666666667,137200.0,2.63503360748291,0.0
2.5833333333333335,137200.0,2.679999828338623,0.0
2.6,137200.0,2.724668025970459,0.0
2.6166666666666667,137200.0,2.769031047821045,0.0
2.6333333333333333,137200.0,2.813105583190918,0.0
2.65,137200.0,2.856893539428711,0.0
2.6666666666666665,137200.0,2.900404930114746,0.0
2.683333333333333,137200.0,2.943662166595459,0.0
2.7,137200.0,2.9866695404052734,0.0
2.716666666666667,137200.0,3.0294575691223145,0.0
2.7333333333333334,137200.0,3.0720372200012207,0.0
2.75,137200.0,3.1144189834594727,0.0
2.7666666666666666,137200.0,3.15664005279541,0.0
2.783333333333333,137200.0,3.1987032890319824,0.0
2.8,137200.0,3.240654468536377,0.0
2.816666666666667,137200.0,3.2824954986572266,0.0
2.8333333333333335,137200.0,3.3242344856262207,0.0
2.85,137200.0,3.365900993347168,0.0
2.8666666666666667,137200.0,3.40748929977417,0.0
2.8833333333333333,137200.0,3.449068546295166,0.0
2.9,137200.0,3.490591287612915,0.0
2.9166666666666665,137200.0,3.5320866107940674,0.0
2.933333333333333,137200.0,3.5735628604888916,0.0
2.95,137200.0,3.6150174140930176,0.0
2.966666666666667,137200.0,3.65647292137146,0.0
2.9833333333333334,137200.0,3.697908878326416,0.0
3.0,137200.0,3.739344596862793,0.0
3.0166666666666666,137200.0,3.7807672023773193,0.0
3.033333333333333,137200.0,3.8221874237060547,0.0
3.05,137200.0,3.863572597503662,0.0
3.066666666666667,137200.0,3.9049229621887207,0.0
3.0833333333333335,137200.0,3.946246385574341,0.0
3.1,137200.0,3.987539291381836,0.0
3.1166666666666667,137200.0,4.028803825378418,0.0
3.1333333333333333,137200.0,4.07004976272583,0.0
3.15,137200.0,4.11116886138916,0.0
3.1666666666666665,137200.0,4.1522674560546875,0.0
3.183333333333333,137200.0,4.193321228027344,0.0
3.2,137200.0,4.234271049499512,0.0
3.216666666666667,137200.0,4.275117874145508,0.0
3.2333333333333334,137200.0,4.315882682800293,0.0
3.25,137200.0,4.356546401977539,0.0
3.2666666666666666,137200.0,4.3971099853515625,0.0
3.283333333333333,137200.0,4.437538146972656,0.0
3.3,137200.0,4.47781229019165,0.0
3.316666666666667,137200.0,4.517958164215088,0.0
3.3333333333333335,137200.0,4.557958602905273,0.0
3.35,137200.0,4.597817420959473,0.0
3.3666666666666667,137200.0,4.637493133544922,0.0
3.3833333333333333,137200.0,4.677021503448486,0.0
3.4,137200.0,4.716383934020996,0.0
3.4166666666666665,137200.0,4.755556583404541,0.0
3.433333333333333,137200.0,4.7945427894592285,0.0
3.45,137200.0,4.833365440368652,0.0
3.466666666666667,137200.0,4.87199592590332,0.0
3.4833333333333334,137200.0,4.910432815551758,0.0
3.5,137200.0,4.9486799240112305,0.0
3.5166666666666666,137200.0,4.986742973327637,0.0
3.533333333333333,137200.0,5.024596214294434,0.0
3.55,137200.0,5.062267303466797,0.0
3.566666666666667,137200.0,5.0997314453125,0.0
3.5833333333333335,137200.0,5.136997699737549,0.0
3.6,137200.0,5.174065113067627,0.0
3.6166666666666667,137200.0,5.2109293937683105,0.0
3.6333333333333333,137200.0,5.247591972351074,0.0
3.65,137200.0,5.2840704917907715,0.0
3.6666666666666665,137200.0,5.320354461669922,0.0
3.683333333333333,137200.0,5.356415748596191,0.0
3.7,137200.0,5.3922858238220215,0.0
3.716666666666667,137200.0,5.427982330322266,0.0
3.7333333333333334,137200.0,5.463485240936279,0.0
3.75,137200.0,5.498777389526367,0.0
3.7666666666666666,137200.0,5.533888339996338,0.0
3.783333333333333,137200.0,5.568804740905762,0.0
3.8,137200.0,5.6035308837890625,0.0
3.816666666666667,137200.0,5.6380767822265625,0.0
3.8333333333333335,137200.0,5.672445297241211,0.0
3.85,137200.0,5.706619739532471,0.0
3.8666666666666667,137200.0,5.740590572357178,0.0
3.8833333333333333,137200.0,5.774389266967773,0.0
3.9,137200.0,5.807986259460449,0.0
3.9166666666666665,137200.0,5.841403961181641,0.0
3.933333333333333,137200.0,5.874643325805664,0.0
3.95,137200.0,5.907679557800293,0.0
3.966666666666667,137200.0,5.940537452697754,0.0
3.9833333333333334,137200.0,5.97320556640625,0.0
4.0,137200.0,6.005683422088623,0.0
4.016666666666667,137200.0,6.0379838943481445,0.0
4.033333333333333,137200.0,6.070044994354248,0.0
4.05,137200.0,6.101930618286133,0.0
4.066666666666666,137200.0,6.1336164474487305,0.0
4.083333333333333,137200.0,6.165112018585205,0.0
4.1,137200.0,6.196427345275879,0.0
4.116666666666666,137200.0,6.227531433105469,0.0
4.133333333333334,137200.0,6.2584638595581055,0.0
4.15,137200.0,6.289193153381348,0.0
4.166666666666667,137200.0,6.319726943969727,0.0
4.183333333333334,137200.0,6.350079536437988,0.0
4.2,137200.0,6.380239963531494,0.0
4.216666666666667,137200.0,6.410190582275391,0.0
4.233333333333333,137200.0,6.439963340759277,0.0
4.25,137200.0,6.469531536102295,0.0
4.266666666666667,137200.0,6.498908996582031,0.0
4.283333333333333,137200.0,6.528109073638916,0.0
4.3,137200.0,6.557095527648926,0.0
4.316666666666666,137200.0,6.585902690887451,0.0
4.333333333333333,137200.0,6.61451530456543,0.0
4.35,137200.0,6.642922401428223,0.0
4.366666666666666,137200.0,6.671154022216797,0.0
4.383333333333334,137200.0,6.699170112609863,0.0
4.4,137200.0,6.727007865905762,0.0
4.416666666666667,137200.0,6.754659175872803,0.0
4.433333333333334,137200.0,6.782112121582031,0.0
4.45,137200.0,6.809379577636719,0.0
4.466666666666667,137200.0,6.836451530456543,0.0
4.483333333333333,137200.0,6.863330364227295,0.0
4.5,137200.0,6.8900227546691895,0.0
4.516666666666667,137200.0,6.9165143966674805,0.0
4.533333333333333,137200.0,6.942848205566406,0.0
4.55,137200.0,6.968984603881836,0.0
4.566666666666666,137200.0,6.994915962219238,0.0
4.583333333333333,137200.0,7.020694255828857,0.0
4.6,137200.0,7.0462541580200195,0.0
4.616666666666666,137200.0,7.0716552734375,0.0
4.633333333333334,137200.0,7.096848964691162,0.0
4.65,137200.0,7.121882438659668,0.0
4.666666666666667,137200.0,7.146728515625,0.0
4.683333333333334,137200.0,7.171383380889893,0.0
4.7,137200.0,7.1958699226379395,0.0
4.716666666666667,137200.0,7.220150470733643,0.0
4.733333333333333,137200.0,7.244268417358398,0.0
4.75,137200.0,7.268198013305664,0.0
4.766666666666667,137200.0,7.291962146759033,0.0
4.783333333333333,137200.0,7.315542221069336,0.0
4.8,137200.0,7.338947296142578,0.0
4.816666666666666,137200.0,7.362175941467285,0.0
4.833333333333333,137200.0,7.385243892669678,0.0
4.85,137200.0,7.408121585845947,0.0
4.866666666666666,137200.0,7.430826663970947,0.0
4.883333333333334,137200.0,7.453357696533203,0.0
4.9,137200.0,7.4756927490234375,0.0
4.916666666666667,137200.0,7.49788761138916,0.0
4.933333333333334,137200.0,7.519887924194336,0.0
4.95,137200.0,7.541740894317627,0.0
4.966666666666667,137200.0,7.563405990600586,0.0
4.983333333333333,137200.0,7.584916114807129,0.0
5.0,137200.0,7.606215476989746,0.0
5.016666666666667,137200.0,7.627397060394287,0.0
5.033333333333333,137200.0,7.648367881774902,0.0
5.05,137200.0,7.669201374053955,0.0
5.066666666666666,137200.0,7.689846992492676,0.0
5.083333333333333,137200.0,7.710351467132568,0.0
5.1,137200.0,7.730666160583496,0.0
5.116666666666666,137200.0,7.750860214233398,0.0
5.133333333333334,137200.0,7.7708635330200195,0.0
5.15,137200.0,7.790713310241699,0.0
5.166666666666667,137200.0,7.810374736785889,0.0
5.183333333333334,137200.0,7.829886436462402,0.0
5.2,137200.0,7.849221229553223,0.0
5.216666666666667,137200.0,7.8683929443359375,0.0
5.233333333333333,137200.0,7.8874006271362305,0.0
5.25,137200.0,7.906272888183594,0.0
5.266666666666667,137200.0,7.925004482269287,0.0
5.283333333333333,137200.0,7.9435834884643555,0.0
5.3,137200.0,7.9619879722595215,0.0
5.316666666666666,137200.0,7.980294227600098,0.0
5.333333333333333,137200.0,7.998446464538574,0.0
5.35,137200.0,8.016427993774414,0.0
5.366666666666666,137200.0,8.034271240234375,0.0
5.383333333333334,137200.0,8.051996231079102,0.0
5.4,137200.0,8.069514274597168,0.0
5.416666666666667,137200.0,8.086920738220215,0.0
5.433333333333334,137200.0,8.104242324829102,0.0
5.45,137200.0,8.121339797973633,0.0
5.466666666666667,137200.0,8.138386726379395,0.0
5.483333333333333,137200.0,8.155256271362305,0.0
5.5,137200.0,8.171978950500488,0.0
5.516666666666667,137200.0,8.18859577178955,0.0
5.533333333333333,137200.0,8.205038070678711,0.0
5.55,137200.0,8.221317291259766,0.0
5.566666666666666,137200.0,8.237434387207031,0.0
5.583333333333333,137200.0,8.253430366516113,0.0
5.6,137200.0,8.269353866577148,0.0
5.616666666666666,137200.0,8.285120964050293,0.0
5.633333333333334,137200.0,8.300750732421875,0.0
5.65,137200.0,8.31622314453125,0.0
5.666666666666667,137200.0,8.331610679626465,0.0
5.683333333333334,137200.0,8.3468017578125,0.0
5.7,137200.0,8.361868858337402,0.0
5.716666666666667,137200.0,8.376800537109375,0.0
5.733333333333333,137200.0,8.391630172729492,0.0
5.75,137200.0,8.40634536743164,0.0
5.766666666666667,137200.0,8.420903205871582,0.0
5.783333333333333,137200.0,8.435379981994629,0.0
5.8,137200.0,8.449746131896973,0.0
5.816666666666666,137200.0,8.463977813720703,0.0
5.833333333333333,137200.0,8.47805404663086,0.0
5.85,137200.0,8.491962432861328,0.0
5.866666666666666,137200.0,8.505777359008789,0.0
5.883333333333334,137200.0,8.519450187683105,0.0
5.9,137200.0,8.532999992370605,0.0
5.916666666666667,137200.0,8.54646110534668,0.0
5.933333333333334,137200.0,8.559812545776367,0.0
5.95,137200.0,8.573053359985352,0.0
5.966666666666667,137200.0,8.586219787597656,0.0
5.983333333333333,137200.0,8.599201202392578,0.0
6.0,137200.0,8.61209487915039,0.0
6.016666666666667,137200.0,8.624887466430664,0.0
6.033333333333333,137200.0,8.637466430664062,0.0
6.05,137200.0,8.650016784667969,0.0
6.066666666666666,137200.0,8.662416458129883,0.0
6.083333333333333,137200.0,8.67469596862793,0.0
6.1,137200.0,8.68692398071289,0.0
6.116666666666666,137200.0,8.69901180267334,0.0
6.133333333333334,137200.0,8.710975646972656,0.0
6.15,137200.0,8.722823143005371,0.0
6.166666666666667,137200.0,8.734588623046875,0.0
6.183333333333334,137200.0,8.746260643005371,0.0
6.2,137200.0,8.757828712463379,0.0
6.216666666666667,137200.0,8.76922607421875,0.0
6.233333333333333,137200.0,8.780508041381836,0.0
6.25,137200.0,8.791775703430176,0.0
6.266666666666667,137200.0,8.802896499633789,0.0
6.283333333333333,137200.0,8.81387710571289,0.0
6.3,137200.0,8.824825286865234,0.0
6.316666666666666,137200.0,8.835604667663574,0.0
6.333333333333333,137200.0,8.846376419067383,0.0
6.35,137200.0,8.857034683227539,0.0
6.366666666666666,137200.0,8.867536544799805,0.0
6.383333333333334,137200.0,8.877939224243164,0.0
6.4,137200.0,8.888254165649414,0.0
6.416666666666667,137200.0,8.898554801940918,0.0
6.433333333333334,137200.0,8.908668518066406,0.0
6.45,137200.0,8.918693542480469,0.0
6.466666666666667,137200.0,8.928686141967773,0.0
6.483333333333333,137200.0,8.9385986328125,0.0
6.5,137200.0,8.948429107666016,0.0
6.516666666666667,137200.0,8.958113670349121,0.0
6.533333333333333,137200.0,8.967782974243164,0.0
6.55,137200.0,8.977319717407227,0.0
6.566666666666666,137200.0,8.986753463745117,0.0
6.583333333333333,137200.0,8.99609375,0.0
6.6,137200.0,9.005298614501953,0.0
6.616666666666666,137200.0,9.014483451843262,0.0
6.633333333333334,137200.0,9.023584365844727,0.0
6.65,137200.0,9.032623291015625,0.0
6.666666666666667,137200.0,9.041553497314453,0.0
6.683333333333334,137200.0,9.050410270690918,0.0
6.7,137200.0,9.059124946594238,0.0
6.716666666666667,137200.0,9.067828178405762,0.0
6.733333333333333,137200.0,9.076434135437012,0.0
6.75,137200.0,9.084949493408203,0.0
6.766666666666667,137200.0,9.093402862548828,0.0
6.783333333333333,137200.0,9.101783752441406,0.0
6.8,137200.0,9.110047340393066,0.0
6.816666666666666,137200.0,9.118163108825684,0.0
6.833333333333333,137200.0,9.126264572143555,0.0
6.85,137200.0,9.134334564208984,0.0
6.866666666666666,137200.0,9.142393112182617,0.0
6.883333333333334,137200.0,9.150252342224121,0.0
6.9,137200.0,9.158041954040527,0.0
6.916666666666667,137200.0,9.1658353805542,0.0
6.933333333333334,137200.0,9.173583030700684,0.0
6.95,137200.0,9.181293487548828,0.0
6.966666666666667,137200.0,9.18878173828125,0.0
6.983333333333333,137200.0,9.196266174316406,0.0
7.0,137200.0,9.203695297241211,0.0
7.016666666666667,137200.0,9.211074829101562,0.0
7.033333333333333,137200.0,9.218263626098633,0.0
7.05,137200.0,9.225374221801758,0.0
7.066666666666666,137200.0,9.232465744018555,0.0
7.083333333333333,137200.0,9.239477157592773,0.0
7.1,137200.0,9.246444702148438,0.0
7.116666666666666,137200.0,9.253401756286621,0.0
7.133333333333334,137200.0,9.260275840759277,0.0
7.15,137200.0,9.267044067382812,0.0
7.166666666666667,137200.0,9.273724555969238,0.0
7.183333333333334,137200.0,9.280341148376465,0.0
7.2,137200.0,9.286940574645996,0.0
7.216666666666667,137200.0,9.29343032836914,0.0
7.233333333333333,137200.0,9.29987907409668,0.0
7.25,137200.0,9.30632209777832,0.0
7.266666666666667,137200.0,9.312661170959473,0.0
7.283333333333333,137200.0,9.318952560424805,0.0
7.3,137200.0,9.325236320495605,0.0
7.316666666666666,137200.0,9.331417083740234,0.0
7.333333333333333,137200.0,9.337553024291992,0.0
7.35,137200.0,9.343576431274414,0.0
7.366666666666666,137200.0,9.349514961242676,0.0
7.383333333333334,137200.0,9.355386734008789,0.0
7.4,137200.0,9.361242294311523,0.0
7.416666666666667,137200.0,9.367090225219727,0.0
7.433333333333334,137200.0,9.372892379760742,0.0
7.45,137200.0,9.378612518310547,0.0
7.466666666666667,137200.0,9.384221076965332,0.0
7.483333333333333,137200.0,9.389734268188477,0.0
7.5,137200.0,9.395214080810547,0.0
7.516666666666667,137200.0,9.400675773620605,0.0
7.533333333333333,137200.0,9.406017303466797,0.0
7.55,137200.0,9.411361694335938,0.0
7.566666666666666,137200.0,9.416712760925293,0.0
7.583333333333333,137200.0,9.421981811523438,0.0
7.6,137200.0,9.42718505859375,0.0
7.616666666666666,137200.0,9.432352066040039,0.0
7.633333333333334,137200.0,9.437509536743164,0.0
7.65,137200.0,9.442608833312988,0.0
7.666666666666667,137200.0,9.447548866271973,0.0
7.683333333333334,137200.0,9.452462196350098,0.0
7.7,137200.0,9.45733642578125,0.0
7.716666666666667,137200.0,9.462212562561035,0.0
7.733333333333333,137200.0,9.467047691345215,0.0
7.75,137200.0,9.471827507019043,0.0
7.766666666666667,137200.0,9.476524353027344,0.0
7.783333333333333,137200.0,9.481143951416016,0.0
7.8,137200.0,9.485698699951172,0.0
7.816666666666666,137200.0,9.490241050720215,0.0
7.833333333333333,137200.0,9.494754791259766,0.0
7.85,137200.0,9.499267578125,0.0
7.866666666666666,137200.0,9.503656387329102,0.0
7.883333333333334,137200.0,9.508008003234863,0.0
7.9,137200.0,9.512358665466309,0.0
7.916666666666667,137200.0,9.516666412353516,0.0
7.933333333333334,137200.0,9.520944595336914,0.0
7.95,137200.0,9.525197982788086,0.0
7.966666666666667,137200.0,9.529438972473145,0.0
7.983333333333333,137200.0,9.533658981323242,0.0
8.0,137200.0,9.537827491760254,0.0
8.016666666666667,137200.0,9.541871070861816,0.0
8.033333333333333,137200.0,9.545910835266113,0.0
8.05,137200.0,9.5498685836792,0.0
8.066666666666666,137200.0,9.553790092468262,0.0
8.083333333333334,137200.0,9.557692527770996,0.0
8.1,137200.0,9.56156063079834,0.0
8.116666666666667,137200.0,9.565282821655273,0.0
8.133333333333333,137200.0,9.568989753723145,0.0
8.15,137200.0,9.572696685791016,0.0
8.166666666666666,137200.0,9.576387405395508,0.0
8.183333333333334,137200.0,9.580026626586914,0.0
8.2,137200.0,9.583646774291992,0.0
8.216666666666667,137200.0,9.587260246276855,0.0
8.233333333333333,137200.0,9.590841293334961,0.0
8.25,137200.0,9.594415664672852,0.0
8.266666666666667,137200.0,9.597963333129883,0.0
8.283333333333333,137200.0,9.60148811340332,0.0
8.3,137200.0,9.60490894317627,0.0
8.316666666666666,137200.0,9.608291625976562,0.0
8.333333333333334,137200.0,9.611650466918945,0.0
8.35,137200.0,9.61491870880127,0.0
8.366666666666667,137200.0,9.618192672729492,0.0
8.383333333333333,137200.0,9.621454238891602,0.0
8.4,137200.0,9.624700546264648,0.0
8.416666666666666,137200.0,9.627950668334961,0.0
8.433333333333334,137200.0,9.631200790405273,0.0
8.45,137200.0,9.634424209594727,0.0
8.466666666666667,137200.0,9.637569427490234,0.0
8.483333333333333,137200.0,9.640584945678711,0.0
8.5,137200.0,9.64352798461914,0.0
8.516666666666667,137200.0,9.646469116210938,0.0
8.533333333333333,137200.0,9.649377822875977,0.0
8.55,137200.0,9.652278900146484,0.0
8.566666666666666,137200.0,9.655143737792969,0.0
8.583333333333334,137200.0,9.65790843963623,0.0
8.6,137200.0,9.660649299621582,0.0
8.616666666666667,137200.0,9.663368225097656,0.0
8.633333333333333,137200.0,9.666080474853516,0.0
8.65,137200.0,9.668787956237793,0.0
8.666666666666666,137200.0,9.671496391296387,0.0
8.683333333333334,137200.0,9.6741943359375,0.0
8.7,137200.0,9.676868438720703,0.0
8.716666666666667,137200.0,9.679542541503906,0.0
8.733333333333333,137200.0,9.682191848754883,0.0
8.75,137200.0,9.684829711914062,0.0
8.766666666666667,137200.0,9.687408447265625,0.0
8.783333333333333,137200.0,9.689887046813965,0.0
8.8,137200.0,9.692251205444336,0.0
8.816666666666666,137200.0,9.694578170776367,0.0
8.833333333333334,137200.0,9.696901321411133,0.0
8.85,137200.0,9.699214935302734,0.0
8.866666666666667,137200.0,9.701526641845703,0.0
8.883333333333333,137200.0,9.703839302062988,0.0
8.9,137200.0,9.706132888793945,0.0
8.916666666666666,137200.0,9.708426475524902,0.0
8.933333333333334,137200.0,9.710714340209961,0.0
8.95,137200.0,9.71298599243164,0.0
8.966666666666667,137200.0,9.715261459350586,0.0
8.983333333333333,137200.0,9.717527389526367,0.0
9.0,137200.0,9.719783782958984,0.0
9.016666666666667,137200.0,9.722040176391602,0.0
9.033333333333333,137200.0,9.724296569824219,0.0
9.05,137200.0,9.726516723632812,0.0
9.066666666666666,137200.0,9.728666305541992,0.0
9.083333333333334,137200.0,9.730794906616211,0.0
9.1,137200.0,9.732900619506836,0.0
9.116666666666667,137200.0,9.734901428222656,0.0
9.133333333333333,137200.0,9.736899375915527,0.0
9.15,137200.0,9.738889694213867,0.0
9.166666666666666,137200.0,9.740876197814941,0.0
9.183333333333334,137200.0,9.742855072021484,0.0
9.2,137200.0,9.744832038879395,0.0
9.216666666666667,137200.0,9.746793746948242,0.0
9.233333333333333,137200.0,9.748756408691406,0.0
9.25,137200.0,9.750714302062988,0.0
9.266666666666667,137200.0,9.75264835357666,0.0
9.283333333333333,137200.0,9.754582405090332,0.0
9.3,137200.0,9.756516456604004,0.0
9.316666666666666,137200.0,9.758408546447754,0.0
9.333333333333334,137200.0,9.760231018066406,0.0
9.35,137200.0,9.762055397033691,0.0
9.366666666666667,137200.0,9.763875007629395,0.0
9.383333333333333,137200.0,9.765694618225098,0.0
9.4,137200.0,9.767505645751953,0.0
9.416666666666666,137200.0,9.769304275512695,0.0
9.433333333333334,137200.0,9.771027565002441,0.0
9.45,137200.0,9.772684097290039,0.0
9.466666666666667,137200.0,9.774345397949219,0.0
9.483333333333333,137200.0,9.775989532470703,0.0
9.5,137200.0,9.777631759643555,0.0
9.516666666666667,137200.0,9.779256820678711,0.0
9.533333333333333,137200.0,9.780868530273438,0.0
9.55,137200.0,9.782424926757812,0.0
9.566666666666666,137200.0,9.783906936645508,0.0
9.583333333333334,137200.0,9.785383224487305,0.0
9.6,137200.0,9.786863327026367,0.0
9.616666666666667,137200.0,9.788339614868164,0.0
9.633333333333333,137200.0,9.78980827331543,0.0
9.65,137200.0,9.79127025604248,0.0
9.666666666666666,137200.0,9.792736053466797,0.0
9.683333333333334,137200.0,9.79418659210205,0.0
9.7,137200.0,9.795637130737305,0.0
9.716666666666667,137200.0,9.797051429748535,0.0
9.733333333333333,137200.0,9.79843521118164,0.0
9.75,137200.0,9.799811363220215,0.0
9.766666666666667,137200.0,9.80118179321289,0.0
9.783333333333333,137200.0,9.802549362182617,0.0
9.8,137200.0,9.803913116455078,0.0
9.816666666666666,137200.0,9.805272102355957,0.0
9.833333333333334,137200.0,9.806624412536621,0.0
9.85,137200.0,9.807962417602539,0.0
9.866666666666667,137200.0,9.809293746948242,0.0
9.883333333333333,137200.0,9.810555458068848,0.0
9.9,137200.0,9.811716079711914,0.0
9.916666666666666,137200.0,9.812836647033691,0.0
9.933333333333334,137200.0,9.813941955566406,0.0
9.95,137200.0,9.81502914428711,0.0
9.966666666666667,137200.0,9.81608772277832,0.0
9.983333333333333,137200.0,9.817137718200684,0.0
10.0,137200.0,9.818188667297363,0.0
10.016666666666667,137200.0,9.819236755371094,0.0
0.0,227400.0,9.997027397155762,0.0
0.016666666666666666,227400.0,9.485208511352539,0.0
0.03333333333333333,227400.0,8.968215942382812,0.0
0.05,227400.0,8.45081901550293,0.0
0.06666666666666667,227400.0,7.943530082702637,0.0
0.08333333333333333,227400.0,7.435543060302734,0.0
0.1,227400.0,6.918859958648682,0.0
0.11666666666666667,227400.0,6.4212212562561035,0.0
0.13333333333333333,227400.0,5.924996376037598,0.0
0.15,227400.0,5.418570518493652,0.0
0.16666666666666666,227400.0,4.933818817138672,0.0
0.18333333333333332,227400.0,4.456418514251709,0.0
0.2,227400.0,3.9652910232543945,0.0
0.21666666666666667,227400.0,3.4978692531585693,0.0
0.23333333333333334,227400.0,3.0514962673187256,0.0
0.25,227400.0,2.5846948623657227,0.0
0.26666666666666666,227400.0,2.1462137699127197,0.0
0.2833333333333333,227400.0,1.7359402179718018,0.0
0.3,227400.0,1.3342370986938477,0.0
0.31666666666666665,227400.0,0.9615994691848755,0.7109004739336493
0.3333333333333333,227400.0,0.646312952041626,5.687203791469194
0.35,227400.0,0.38510310649871826,6.6350710900473935
0.36666666666666664,227400.0,0.22299602627754211,5.687203791469194
0.38333333333333336,227400.0,0.11150970309972763,4.502369668246446
0.4,227400.0,0.0650218278169632,4.028436018957346
0.4166666666666667,227400.0,0.05794427543878555,3.5545023696682465
0.43333333333333335,227400.0,0.08494573831558228,1.8957345971563981
0.45,227400.0,0.15658099949359894,1.4218009478672986
0.4666666666666667,227400.0,0.29293420910835266,0.9478672985781991
0.48333333333333334,227400.0,0.5155550241470337,0.23696682464454977
0.5,227400.0,0.8369957804679871,0.23696682464454977
0.5166666666666667,227400.0,1.2540888786315918,0.0
0.5333333333333333,227400.0,1.7001979351043701,0.0
0.55,227400.0,1.560697317123413,0.0
0.5666666666666667,227400.0,1.428478717803955,0.0
0.5833333333333334,227400.0,1.2917892932891846,0.0
0.6,227400.0,1.1712048053741455,0.0
0.6166666666666667,227400.0,1.0659096240997314,0.0
0.6333333333333333,227400.0,0.9749507904052734,0.9478672985781991
0.65,227400.0,0.8945600986480713,2.843601895734597
0.6666666666666666,227400.0,0.7962587475776672,4.265402843601896
0.6833333333333333,227400.0,0.7133171558380127,7.109004739336493
0.7,227400.0,0.6443612575531006,8.056872037914692
0.7166666666666667,227400.0,0.5879683494567871,9.004739336492891
0.7333333333333333,227400.0,0.5427340269088745,10.90047393364929
0.75,227400.0,0.5073262453079224,12.322274881516588
0.7666666666666667,227400.0,0.45519375801086426,13.270142180094787
0.7833333333333333,227400.0,0.4114953279495239,13.744075829383887
0.8,227400.0,0.3775705397129059,16.113744075829384
0.8166666666666667,227400.0,0.3520957827568054,17.061611374407583
0.8333333333333334,227400.0,0.33392369747161865,18.95734597156398
0.85,227400.0,0.3185078501701355,20.379146919431278
0.8666666666666667,227400.0,0.3063579499721527,23.22274881516588
0.8833333333333333,227400.0,0.27587878704071045,25.59241706161137
0.9,227400.0,0.2510967254638672,31.753554502369667
0.9166666666666666,227400.0,0.23371340334415436,35.308056872037916
0.9333333333333333,227400.0,0.2227676510810852,39.57345971563981
0.95,227400.0,0.21747413277626038,42.18009478672986
0.9666666666666667,227400.0,0.20925867557525635,43.3649289099526
0.9833333333333333,227400.0,0.18819589912891388,43.60189573459716
1.0,227400.0,0.16830435395240784,43.838862559241704
1.0166666666666666,227400.0,0.15296366810798645,42.65402843601896
1.0333333333333334,227400.0,0.14304274320602417,42.41706161137441
1.05,227400.0,0.13180577754974365,40.99526066350711
1.0666666666666667,227400.0,0.11437450349330902,39.57345971563981
1.0833333333333333,227400.0,0.09286562353372574,38.62559241706161
1.1,227400.0,0.072882279753685,38.15165876777251
1.1166666666666667,227400.0,0.055884864181280136,36.96682464454976
1.1333333333333333,227400.0,0.04193956404924393,36.018957345971565
1.15,227400.0,0.033711545169353485,36.018957345971565
1.1666666666666667,227400.0,0.02916477993130684,34.360189573459714
1.1833333333333333,227400.0,0.027130460366606712,33.41232227488152
1.2,227400.0,0.026992730796337128,32.46445497630332
1.2166666666666666,227400.0,0.02848900482058525,30.568720379146917
1.2333333333333334,227400.0,0.0315915048122406,29.85781990521327
1.25,227400.0,0.03643805533647537,28.436018957345972
1.2666666666666666,227400.0,0.043290309607982635,27.96208530805687
1.2833333333333334,227400.0,0.05250385031104088,27.251184834123222
1.3,227400.0,0.0641857385635376,26.303317535545023
1.3166666666666667,227400.0,0.07196810841560364,25.829383886255926
1.3333333333333333,227400.0,0.08218127489089966,24.407582938388625
1.35,227400.0,0.09525538235902786,23.22274881516588
1.3666666666666667,227400.0,0.11162245273590088,22.274881516587676
1.3833333333333333,227400.0,0.13167881965637207,21.32701421800948
1.4,227400.0,0.15574204921722412,20.14218009478673
1.4166666666666667,227400.0,0.18400993943214417,19.66824644549763
1.4333333333333333,227400.0,0.21652618050575256,18.72037914691943
1.45,227400.0,0.25315651297569275,18.246445497630333
1.4666666666666666,227400.0,0.29358524084091187,17.535545023696685
1.4833333333333334,227400.0,0.3373256325721741,17.061611374407583
1.5,227400.0,0.38374966382980347,15.639810426540285
1.5166666666666666,227400.0,0.43212682008743286,13.744075829383887
1.5333333333333334,227400.0,0.4816701412200928,12.559241706161137
1.55,227400.0,0.5315821170806885,12.559241706161137
1.5666666666666667,227400.0,0.5810942649841309,12.559241706161137
1.5833333333333333,227400.0,0.6295067667961121,11.61137440758294
1.6,227400.0,0.6762071251869202,9.004739336492891
1.6166666666666667,227400.0,0.7206942439079285,8.530805687203792
1.6333333333333333,227400.0,0.7625818252563477,8.056872037914692
1.65,227400.0,0.8016035556793213,7.109004739336493
1.6666666666666667,227400.0,0.8376049995422363,6.161137440758294
1.6833333333333333,227400.0,0.8705424070358276,5.687203791469194
1.7,227400.0,0.8965064287185669,4.028436018957346
1.7166666666666666,227400.0,0.915189266204834,3.080568720379147
1.7333333333333334,227400.0,0.9340037107467651,2.6066350710900474
1.75,227400.0,0.9530661106109619,1.6587677725118484
1.7666666666666666,227400.0,0.9724849462509155,1.1848341232227488
1.7833333333333334,227400.0,0.9923653602600098,0.9478672985781991
1.8,227400.0,1.012803316116333,0.0
1.8166666666666667,227400.0,1.033888339996338,0.0
1.8333333333333333,227400.0,1.0556998252868652,0.0
1.85,227400.0,1.073409080505371,0.0
1.8666666666666667,227400.0,1.0878183841705322,0.0
1.8833333333333333,227400.0,1.1024560928344727,0.0
1.9,227400.0,1.1175954341888428,0.0
1.9166666666666667,227400.0,1.1334750652313232,0.0
1.9333333333333333,227400.0,1.1503069400787354,0.0
1.95,227400.0,1.168274164199829,0.0
1.9666666666666666,227400.0,1.1875267028808594,0.0
1.9833333333333334,227400.0,1.2081849575042725,0.0
2.0,227400.0,1.2303414344787598,0.0
2.0166666666666666,227400.0,1.254064917564392,0.0
2.033333333333333,227400.0,1.2793984413146973,0.0
2.05,227400.0,1.306364893913269,0.0
2.066666666666667,227400.0,1.334963321685791,0.0
2.0833333333333335,227400.0,1.365177869796753,0.0
2.1,227400.0,1.3969762325286865,0.0
2.1166666666666667,227400.0,1.4303088188171387,0.0
2.1333333333333333,227400.0,1.465120792388916,0.0
2.15,227400.0,1.5013405084609985,0.0
2.1666666666666665,227400.0,1.5388940572738647,0.0
2.183333333333333,227400.0,1.5776922702789307,0.0
2.2,227400.0,1.6176488399505615,0.0
2.216666666666667,227400.0,1.658671498298645,0.0
2.2333333333333334,227400.0,1.700669288635254,0.0
2.25,227400.0,1.74354088306427,0.0
2.2666666666666666,227400.0,1.7871928215026855,0.0
2.283333333333333,227400.0,1.8315309286117554,0.0
2.3,227400.0,1.8764567375183105,0.0
2.316666666666667,227400.0,1.9218815565109253,0.0
2.3333333333333335,227400.0,1.9677155017852783,0.0
2.35,227400.0,2.013869524002075,0.0
2.3666666666666667,227400.0,2.0602707862854004,0.0
2.3833333333333333,227400.0,2.106830596923828,0.0
2.4,227400.0,2.1534838676452637,0.0
2.4166666666666665,227400.0,2.200178861618042,0.0
2.433333333333333,227400.0,2.246845245361328,0.0
2.45,227400.0,2.293426990509033,0.0
2.466666666666667,227400.0,2.339895725250244,0.0
2.4833333333333334,227400.0,2.3861989974975586,0.0
2.5,227400.0,2.43229603767395,0.0
2.5166666666666666,227400.0,2.4781625270843506,0.0
2.533333333333333,227400.0,2.523778200149536,0.0
2.55,227400.0,2.569117546081543,0.0
2.566666666666667,227400.0,2.614165782928467,0.0
2.5833333333333335,227400.0,2.6589245796203613,0.0
2.6,227400.0,2.7033815383911133,0.0
2.6166666666666667,227400.0,2.74753737449646,0.0
2.6333333333333333,227400.0,2.7914061546325684,0.0
2.65,227400.0,2.8349905014038086,0.0
2.6666666666666665,227400.0,2.878300666809082,0.0
2.683333333333333,227400.0,2.921356678009033,0.0
2.7,227400.0,2.964167594909668,0.0
2.716666666666667,227400.0,3.0067572593688965,0.0
2.7333333333333334,227400.0,3.04913330078125,0.0
2.75,227400.0,3.0913259983062744,0.0
2.7666666666666666,227400.0,3.1333463191986084,0.0
2.783333333333333,227400.0,3.175224781036377,0.0
2.8,227400.0,3.2169783115386963,0.0
2.816666666666667,227400.0,3.2586092948913574,0.0
2.8333333333333335,227400.0,3.300166606903076,0.0
2.85,227400.0,3.341644525527954,0.0
2.8666666666666667,227400.0,3.3830692768096924,0.0
2.8833333333333333,227400.0,3.4244346618652344,0.0
2.9,227400.0,3.4657742977142334,0.0
2.9166666666666665,227400.0,3.507089376449585,0.0
2.933333333333333,227400.0,3.5483713150024414,0.0
2.95,227400.0,3.5896384716033936,0.0
2.966666666666667,227400.0,3.6309103965759277,0.0
2.9833333333333334,227400.0,3.672177791595459,0.0
3.0,227400.0,3.713437557220459,0.0
3.0166666666666666,227400.0,3.754696846008301,0.0
3.033333333333333,227400.0,3.7959349155426025,0.0
3.05,227400.0,3.8371458053588867,0.0
3.066666666666667,227400.0,3.8783230781555176,0.0
3.0833333333333335,227400.0,3.9194607734680176,0.0
3.1,227400.0,3.960559368133545,0.0
3.1166666666666667,227400.0,4.001655578613281,0.0
3.1333333333333333,227400.0,4.042693138122559,0.0
3.15,227400.0,4.083667755126953,0.0
3.1666666666666665,227400.0,4.124605178833008,0.0
3.183333333333333,227400.0,4.165435791015625,0.0
3.2,227400.0,4.206212043762207,0.0
3.216666666666667,227400.0,4.246913909912109,0.0
3.2333333333333334,227400.0,4.2875285148620605,0.0
3.25,227400.0,4.327995300292969,0.0
3.2666666666666666,227400.0,4.368368148803711,0.0
3.283333333333333,227400.0,4.408626556396484,0.0
3.3,227400.0,4.448758125305176,0.0
3.316666666666667,227400.0,4.488723278045654,0.0
3.3333333333333335,227400.0,4.528553485870361,0.0
3.35,227400.0,4.568233489990234,0.0
3.3666666666666667,227400.0,4.607763767242432,0.0
3.3833333333333333,227400.0,4.647110462188721,0.0
3.4,227400.0,4.686295509338379,0.0
3.4166666666666665,227400.0,4.725316047668457,0.0
3.433333333333333,227400.0,4.764150619506836,0.0
3.45,227400.0,4.802812576293945,0.0
3.466666666666667,227400.0,4.841278076171875,0.0
3.4833333333333334,227400.0,4.879560470581055,0.0
3.5,227400.0,4.9176459312438965,0.0
3.5166666666666666,227400.0,4.955538272857666,0.0
3.533333333333333,227400.0,4.99323844909668,0.0
3.55,227400.0,5.030745506286621,0.0
3.566666666666667,227400.0,5.068065643310547,0.0
3.5833333333333335,227400.0,5.105192184448242,0.0
3.6,227400.0,5.142112731933594,0.0
3.6166666666666667,227400.0,5.178823471069336,0.0
3.6333333333333333,227400.0,5.215350151062012,0.0
3.65,227400.0,5.251676559448242,0.0
3.6666666666666665,227400.0,5.2877960205078125,0.0
3.683333333333333,227400.0,5.323719024658203,0.0
3.7,227400.0,5.359462738037109,0.0
3.716666666666667,227400.0,5.3950042724609375,0.0
3.7333333333333334,227400.0,5.430349826812744,0.0
3.75,227400.0,5.465512752532959,0.0
3.7666666666666666,227400.0,5.500475883483887,0.0
3.783333333333333,227400.0,5.535248279571533,0.0
3.8,227400.0,5.5698394775390625,0.0
3.816666666666667,227400.0,5.604247093200684,0.0
3.8333333333333335,227400.0,5.638461112976074,0.0
3.85,227400.0,5.672503471374512,0.0
3.8666666666666667,227400.0,5.706366539001465,0.0
3.8833333333333333,227400.0,5.74002742767334,0.0
3.9,227400.0,5.77349853515625,0.0
3.9166666666666665,227400.0,5.806789398193359,0.0
3.933333333333333,227400.0,5.839896202087402,0.0
3.95,227400.0,5.872796058654785,0.0
3.966666666666667,227400.0,5.905524730682373,0.0
3.9833333333333334,227400.0,5.938051700592041,0.0
4.0,227400.0,5.970400810241699,0.0
4.016666666666667,227400.0,6.0025787353515625,0.0
4.033333333333333,227400.0,6.034533977508545,0.0
4.05,227400.0,6.066322326660156,0.0
4.066666666666666,227400.0,6.097903251647949,0.0
4.083333333333333,227400.0,6.129294395446777,0.0
4.1,227400.0,6.160492897033691,0.0
4.116666666666666,227400.0,6.191458702087402,0.0
4.133333333333334,227400.0,6.222299098968506,0.0
4.15,227400.0,6.252918720245361,0.0
4.166666666666667,227400.0,6.283328056335449,0.0
4.183333333333334,227400.0,6.313582897186279,0.0
4.2,227400.0,6.34359884262085,0.0
4.216666666666667,227400.0,6.373457908630371,0.0
4.233333333333333,227400.0,6.403106689453125,0.0
4.25,227400.0,6.432541847229004,0.0
4.266666666666667,227400.0,6.461827278137207,0.0
4.283333333333333,227400.0,6.490885257720947,0.0
4.3,227400.0,6.5197882652282715,0.0
4.316666666666666,227400.0,6.548482894897461,0.0
4.333333333333333,227400.0,6.576958656311035,0.0
4.35,227400.0,6.605278968811035,0.0
4.366666666666666,227400.0,6.633386135101318,0.0
4.383333333333334,227400.0,6.661319255828857,0.0
4.4,227400.0,6.689069747924805,0.0
4.416666666666667,227400.0,6.7165961265563965,0.0
4.433333333333334,227400.0,6.743956565856934,0.0
4.45,227400.0,6.771097183227539,0.0
4.466666666666667,227400.0,6.7980804443359375,0.0
4.483333333333333,227400.0,6.824858665466309,0.0
4.5,227400.0,6.851458549499512,0.0
4.516666666666667,227400.0,6.877865791320801,0.0
4.533333333333333,227400.0,6.904073238372803,0.0
4.55,227400.0,6.930118560791016,0.0
4.566666666666666,227400.0,6.955965995788574,0.0
4.583333333333333,227400.0,6.981642246246338,0.0
4.6,227400.0,7.007126808166504,0.0
4.616666666666666,227400.0,7.032416343688965,0.0
4.633333333333334,227400.0,7.057547569274902,0.0
4.65,227400.0,7.082461833953857,0.0
4.666666666666667,227400.0,7.107205867767334,0.0
4.683333333333334,227400.0,7.131770133972168,0.0
4.7,227400.0,7.156161308288574,0.0
4.716666666666667,227400.0,7.180356502532959,0.0
4.733333333333333,227400.0,7.204394817352295,0.0
4.75,227400.0,7.2282514572143555,0.0
4.766666666666667,227400.0,7.251936912536621,0.0
4.783333333333333,227400.0,7.275442123413086,0.0
4.8,227400.0,7.29874324798584,0.0
4.816666666666666,227400.0,7.321906089782715,0.0
4.833333333333333,227400.0,7.344872951507568,0.0
4.85,227400.0,7.3676676750183105,0.0
4.866666666666666,227400.0,7.390280723571777,0.0
4.883333333333334,227400.0,7.412738800048828,0.0
4.9,227400.0,7.434987545013428,0.0
4.916666666666667,227400.0,7.4571123123168945,0.0
4.933333333333334,227400.0,7.479058265686035,0.0
4.95,227400.0,7.500830173492432,0.0
4.966666666666667,227400.0,7.522417068481445,0.0
4.983333333333333,227400.0,7.543822288513184,0.0
5.0,227400.0,7.56508731842041,0.0
5.016666666666667,227400.0,7.5861663818359375,0.0
5.033333333333333,227400.0,7.60706090927124,0.0
5.05,227400.0,7.627820014953613,0.0
5.066666666666666,227400.0,7.648415565490723,0.0
5.083333333333333,227400.0,7.668818950653076,0.0
5.1,227400.0,7.689098358154297,0.0
5.116666666666666,227400.0,7.709219932556152,0.0
5.133333333333334,227400.0,7.729145050048828,0.0
5.15,227400.0,7.748905658721924,0.0
5.166666666666667,227400.0,7.768499374389648,0.0
5.183333333333334,227400.0,7.787932395935059,0.0
5.2,227400.0,7.8072357177734375,0.0
5.216666666666667,227400.0,7.8263678550720215,0.0
5.233333333333333,227400.0,7.845304012298584,0.0
5.25,227400.0,7.864145755767822,0.0
5.266666666666667,227400.0,7.882809162139893,0.0
5.283333333333333,227400.0,7.901322841644287,0.0
5.3,227400.0,7.91969108581543,0.0
5.316666666666666,227400.0,7.937891960144043,0.0
5.333333333333333,227400.0,7.9559712409973145,0.0
5.35,227400.0,7.97389030456543,0.0
5.366666666666666,227400.0,7.991704940795898,0.0
5.383333333333334,227400.0,8.009345054626465,0.0
5.4,227400.0,8.026808738708496,0.0
5.416666666666667,227400.0,8.044214248657227,0.0
5.433333333333334,227400.0,8.061389923095703,0.0
5.45,227400.0,8.078474044799805,0.0
5.466666666666667,227400.0,8.095403671264648,0.0
5.483333333333333,227400.0,8.11216926574707,0.0
5.5,227400.0,8.128846168518066,0.0
5.516666666666667,227400.0,8.145336151123047,0.0
5.533333333333333,227400.0,8.161775588989258,0.0
5.55,227400.0,8.178024291992188,0.0
5.566666666666666,227400.0,8.194121360778809,0.0
5.583333333333333,227400.0,8.210077285766602,0.0
5.6,227400.0,8.225902557373047,0.0
5.616666666666666,227400.0,8.241559028625488,0.0
5.633333333333334,227400.0,8.257162094116211,0.0
5.65,227400.0,8.272602081298828,0.0
5.666666666666667,227400.0,8.287906646728516,0.0
5.683333333333334,227400.0,8.303119659423828,0.0
5.7,227400.0,8.31812572479248,0.0
5.716666666666667,227400.0,8.332975387573242,0.0
5.733333333333333,227400.0,8.347803115844727,0.0
5.75,227400.0,8.362447738647461,0.0
5.766666666666667,227400.0,8.376933097839355,0.0
5.783333333333333,227400.0,8.391281127929688,0.0
5.8,227400.0,8.405567169189453,0.0
5.816666666666666,227400.0,8.419750213623047,0.0
5.833333333333333,227400.0,8.433792114257812,0.0
5.85,227400.0,8.447689056396484,0.0
5.866666666666666,227400.0,8.461487770080566,0.0
5.883333333333334,227400.0,8.475162506103516,0.0
5.9,227400.0,8.488700866699219,0.0
5.916666666666667,227400.0,8.50211238861084,0.0
5.933333333333334,227400.0,8.515409469604492,0.0
5.95,227400.0,8.528618812561035,0.0
5.966666666666667,227400.0,8.541679382324219,0.0
5.983333333333333,227400.0,8.554601669311523,0.0
6.0,227400.0,8.567394256591797,0.0
6.016666666666667,227400.0,8.580083847045898,0.0
6.033333333333333,227400.0,8.592708587646484,0.0
6.05,227400.0,8.605279922485352,0.0
6.066666666666666,227400.0,8.617597579956055,0.0
6.083333333333333,227400.0,8.629846572875977,0.0
6.1,227400.0,8.6420259475708,0.0
6.116666666666666,227400.0,8.654037475585938,0.0
6.133333333333334,227400.0,8.665964126586914,0.0
6.15,227400.0,8.677817344665527,0.0
6.166666666666667,227400.0,8.689535140991211,0.0
6.183333333333334,227400.0,8.701139450073242,0.0
6.2,227400.0,8.71264362335205,0.0
6.216666666666667,227400.0,8.724031448364258,0.0
6.233333333333333,227400.0,8.735332489013672,0.0
6.25,227400.0,8.746566772460938,0.0
6.266666666666667,227400.0,8.75768756866455,0.0
6.283333333333333,227400.0,8.768720626831055,0.0
6.3,227400.0,8.779607772827148,0.0
6.316666666666666,227400.0,8.790383338928223,0.0
6.333333333333333,227400.0,8.801040649414062,0.0
6.35,227400.0,8.811660766601562,0.0
6.366666666666666,227400.0,8.82211971282959,0.0
6.383333333333334,227400.0,8.832469940185547,0.0
6.4,227400.0,8.842784881591797,0.0
6.416666666666667,227400.0,8.852967262268066,0.0
6.433333333333334,227400.0,8.863054275512695,0.0
6.45,227400.0,8.873088836669922,0.0
6.466666666666667,227400.0,8.883081436157227,0.0
6.483333333333333,227400.0,8.892890930175781,0.0
6.5,227400.0,8.9026460647583,0.0
6.516666666666667,227400.0,8.912328720092773,0.0
6.533333333333333,227400.0,8.921998977661133,0.0
6.55,227400.0,8.931512832641602,0.0
6.566666666666666,227400.0,8.940889358520508,0.0
6.583333333333333,227400.0,8.950237274169922,0.0
6.6,227400.0,8.959442138671875,0.0
6.616666666666666,227400.0,8.968579292297363,0.0
6.633333333333334,227400.0,8.977624893188477,0.0
6.65,227400.0,8.986648559570312,0.0
6.666666666666667,227400.0,8.99554443359375,0.0
6.683333333333334,227400.0,9.00437068939209,0.0
6.7,227400.0,9.013113021850586,0.0
6.716666666666667,227400.0,9.021771430969238,0.0
6.733333333333333,227400.0,9.030322074890137,0.0
6.75,227400.0,9.038816452026367,0.0
6.766666666666667,227400.0,9.047269821166992,0.0
6.783333333333333,227400.0,9.05565071105957,0.0
6.8,227400.0,9.06387710571289,0.0
6.816666666666666,227400.0,9.072015762329102,0.0
6.833333333333333,227400.0,9.080074310302734,0.0
6.85,227400.0,9.088117599487305,0.0
6.866666666666666,227400.0,9.096060752868652,0.0
6.883333333333334,227400.0,9.103876113891602,0.0
6.9,227400.0,9.111624717712402,0.0
6.916666666666667,227400.0,9.11936092376709,0.0
6.933333333333334,227400.0,9.127097129821777,0.0
6.95,227400.0,9.134605407714844,0.0
6.966666666666667,227400.0,9.142067909240723,0.0
6.983333333333333,227400.0,9.149503707885742,0.0
7.0,227400.0,9.156917572021484,0.0
7.016666666666667,227400.0,9.164331436157227,0.0
7.033333333333333,227400.0,9.17160415649414,0.0
7.05,227400.0,9.178750991821289,0.0
7.066666666666666,227400.0,9.185871124267578,0.0
7.083333333333333,227400.0,9.192956924438477,0.0
7.1,227400.0,9.199912071228027,0.0
7.116666666666666,227400.0,9.206775665283203,0.0
7.133333333333334,227400.0,9.213600158691406,0.0
7.15,227400.0,9.220388412475586,0.0
7.166666666666667,227400.0,9.22714614868164,0.0
7.183333333333334,227400.0,9.233724594116211,0.0
7.2,227400.0,9.240226745605469,0.0
7.216666666666667,227400.0,9.246673583984375,0.0
7.233333333333333,227400.0,9.25303840637207,0.0
7.25,227400.0,9.259354591369629,0.0
7.266666666666667,227400.0,9.265682220458984,0.0
7.283333333333333,227400.0,9.27198314666748,0.0
7.3,227400.0,9.278268814086914,0.0
7.316666666666666,227400.0,9.284444808959961,0.0
7.333333333333333,227400.0,9.290567398071289,0.0
7.35,227400.0,9.296560287475586,0.0
7.366666666666666,227400.0,9.302523612976074,0.0
7.383333333333334,227400.0,9.30845832824707,0.0
7.4,227400.0,9.314289093017578,0.0
7.416666666666667,227400.0,9.320084571838379,0.0
7.433333333333334,227400.0,9.325739860534668,0.0
7.45,227400.0,9.331356048583984,0.0
7.466666666666667,227400.0,9.336947441101074,0.0
7.483333333333333,227400.0,9.3424654006958,0.0
7.5,227400.0,9.347984313964844,0.0
7.516666666666667,227400.0,9.353464126586914,0.0
7.533333333333333,227400.0,9.358800888061523,0.0
7.55,227400.0,9.364089965820312,0.0
7.566666666666666,227400.0,9.36935043334961,0.0
7.583333333333333,227400.0,9.37457275390625,0.0
7.6,227400.0,9.379781723022461,0.0
7.616666666666666,227400.0,9.38496208190918,0.0
7.633333333333334,227400.0,9.390119552612305,0.0
7.65,227400.0,9.395148277282715,0.0
7.666666666666667,227400.0,9.400105476379395,0.0
7.683333333333334,227400.0,9.40498161315918,0.0
7.7,227400.0,9.409829139709473,0.0
7.716666666666667,227400.0,9.414664268493652,0.0
7.733333333333333,227400.0,9.419445991516113,0.0
7.75,227400.0,9.424121856689453,0.0
7.766666666666667,227400.0,9.428783416748047,0.0
7.783333333333333,227400.0,9.433438301086426,0.0
7.8,227400.0,9.438067436218262,0.0
7.816666666666666,227400.0,9.442652702331543,0.0
7.833333333333333,227400.0,9.447202682495117,0.0
7.85,227400.0,9.451715469360352,0.0
7.866666666666666,227400.0,9.456228256225586,0.0
7.883333333333334,227400.0,9.460527420043945,0.0
7.9,227400.0,9.464784622192383,0.0
7.916666666666667,227400.0,9.469005584716797,0.0
7.933333333333334,227400.0,9.473228454589844,0.0
7.95,227400.0,9.477441787719727,0.0
7.966666666666667,227400.0,9.481632232666016,0.0
7.983333333333333,227400.0,9.485721588134766,0.0
8.0,227400.0,9.489765167236328,0.0
8.016666666666667,227400.0,9.493795394897461,0.0
8.033333333333333,227400.0,9.497739791870117,0.0
8.05,227400.0,9.501688003540039,0.0
8.066666666666666,227400.0,9.505597114562988,0.0
8.083333333333334,227400.0,9.509503364562988,0.0
8.1,227400.0,9.513409614562988,0.0
8.116666666666667,227400.0,9.517288208007812,0.0
8.133333333333333,227400.0,9.52111530303955,0.0
8.15,227400.0,9.524822235107422,0.0
8.166666666666666,227400.0,9.528529167175293,0.0
8.183333333333334,227400.0,9.532198905944824,0.0
8.2,227400.0,9.535836219787598,0.0
8.216666666666667,227400.0,9.539449691772461,0.0
8.233333333333333,227400.0,9.543052673339844,0.0
8.25,227400.0,9.546606063842773,0.0
8.266666666666667,227400.0,9.550063133239746,0.0
8.283333333333333,227400.0,9.553448677062988,0.0
8.3,227400.0,9.556833267211914,0.0
8.316666666666666,227400.0,9.56021785736084,0.0
8.333333333333334,227400.0,9.563602447509766,0.0
8.35,227400.0,9.566909790039062,0.0
8.366666666666667,227400.0,9.57020378112793,0.0
8.383333333333333,227400.0,9.573465347290039,0.0
8.4,227400.0,9.576717376708984,0.0
8.416666666666666,227400.0,9.579940795898438,0.0
8.433333333333334,227400.0,9.583065032958984,0.0
8.45,227400.0,9.586128234863281,0.0
8.466666666666667,227400.0,9.58915901184082,0.0
8.483333333333333,227400.0,9.592105865478516,0.0
8.5,227400.0,9.595046997070312,0.0
8.516666666666667,227400.0,9.597965240478516,0.0
8.533333333333333,227400.0,9.600883483886719,0.0
8.55,227400.0,9.603797912597656,0.0
8.566666666666666,227400.0,9.606698989868164,0.0
8.583333333333334,227400.0,9.609600067138672,0.0
8.6,227400.0,9.612464904785156,0.0
8.616666666666667,227400.0,9.615288734436035,0.0
8.633333333333333,227400.0,9.61808967590332,0.0
8.65,227400.0,9.62087631225586,0.0
8.666666666666666,227400.0,9.623623847961426,0.0
8.683333333333334,227400.0,9.626335144042969,0.0
8.7,227400.0,9.629005432128906,0.0
8.716666666666667,227400.0,9.631617546081543,0.0
8.733333333333333,227400.0,9.634233474731445,0.0
8.75,227400.0,9.636848449707031,0.0
8.766666666666667,227400.0,9.639427185058594,0.0
8.783333333333333,227400.0,9.642005920410156,0.0
8.8,227400.0,9.644488334655762,0.0
8.816666666666666,227400.0,9.646937370300293,0.0
8.833333333333334,227400.0,9.649370193481445,0.0
8.85,227400.0,9.65174388885498,0.0
8.866666666666667,227400.0,9.654081344604492,0.0
8.883333333333333,227400.0,9.656412124633789,0.0
8.9,227400.0,9.658738136291504,0.0
8.916666666666666,227400.0,9.661050796508789,0.0
8.933333333333334,227400.0,9.663357734680176,0.0
8.95,227400.0,9.665626525878906,0.0
8.966666666666667,227400.0,9.667882919311523,0.0
8.983333333333333,227400.0,9.67003345489502,0.0
9.0,227400.0,9.672090530395508,0.0
9.016666666666667,227400.0,9.674128532409668,0.0
9.033333333333333,227400.0,9.676161766052246,0.0
9.05,227400.0,9.678191184997559,0.0
9.066666666666666,227400.0,9.680224418640137,0.0
9.083333333333334,227400.0,9.682242393493652,0.0
9.1,227400.0,9.684264183044434,0.0
9.116666666666667,227400.0,9.686283111572266,0.0
9.133333333333333,227400.0,9.688298225402832,0.0
9.15,227400.0,9.690315246582031,0.0
9.166666666666666,227400.0,9.69233226776123,0.0
9.183333333333334,227400.0,9.694348335266113,0.0
9.2,227400.0,9.696374893188477,0.0
9.216666666666667,227400.0,9.698397636413574,0.0
9.233333333333333,227400.0,9.70041561126709,0.0
9.25,227400.0,9.70242977142334,0.0
9.266666666666667,227400.0,9.704432487487793,0.0
9.283333333333333,227400.0,9.70642375946045,0.0
9.3,227400.0,9.708380699157715,0.0
9.316666666666666,227400.0,9.71031379699707,0.0
9.333333333333334,227400.0,9.712136268615723,0.0
9.35,227400.0,9.713823318481445,0.0
9.366666666666667,227400.0,9.715499877929688,0.0
9.383333333333333,227400.0,9.717179298400879,0.0
9.4,227400.0,9.718850135803223,0.0
9.416666666666666,227400.0,9.72052001953125,0.0
9.433333333333334,227400.0,9.722183227539062,0.0
9.45,227400.0,9.723848342895508,0.0
9.466666666666667,227400.0,9.725505828857422,0.0
9.483333333333333,227400.0,9.727161407470703,0.0
9.5,227400.0,9.728803634643555,0.0
9.516666666666667,227400.0,9.730443954467773,0.0
9.533333333333333,227400.0,9.732067108154297,0.0
9.55,227400.0,9.733678817749023,0.0
9.566666666666666,227400.0,9.73529052734375,0.0
9.583333333333334,227400.0,9.736902236938477,0.0
9.6,227400.0,9.738411903381348,0.0
9.616666666666667,227400.0,9.73991584777832,0.0
9.633333333333333,227400.0,9.741418838500977,0.0
9.65,227400.0,9.742921829223633,0.0
9.666666666666666,227400.0,9.744424819946289,0.0
9.683333333333334,227400.0,9.745923042297363,0.0
9.7,227400.0,9.747397422790527,0.0
9.716666666666667,227400.0,9.748847961425781,0.0
9.733333333333333,227400.0,9.750272750854492,0.0
9.75,227400.0,9.75161361694336,0.0
9.766666666666667,227400.0,9.75294303894043,0.0
9.783333333333333,227400.0,9.754261016845703,0.0
9.8,227400.0,9.755578994750977,0.0
9.816666666666666,227400.0,9.756887435913086,0.0
9.833333333333334,227400.0,9.758157730102539,0.0
9.85,227400.0,9.759322166442871,0.0
9.866666666666667,227400.0,9.760483741760254,0.0
9.883333333333333,227400.0,9.761643409729004,0.0
9.9,227400.0,9.76280403137207,0.0
9.916666666666666,227400.0,9.763964653015137,0.0
9.933333333333334,227400.0,9.765125274658203,0.0
9.95,227400.0,9.76628589630127,0.0
9.966666666666667,227400.0,9.767409324645996,0.0
9.983333333333333,227400.0,9.768478393554688,0.0
10.0,227400.0,9.769546508789062,0.0
10.016666666666667,227400.0,9.770622253417969,0.0
0.0,317600.0,9.997027397155762,0.0
0.016666666666666666,317600.0,9.485204696655273,0.0
0.03333333333333333,317600.0,8.968193054199219,0.0
0.05,317600.0,8.450773239135742,0.0
0.06666666666666667,317600.0,7.943454742431641,0.0
0.08333333333333333,317600.0,7.435414791107178,0.0
0.1,317600.0,6.918679237365723,0.0
0.11666666666666667,317600.0,6.420976638793945,0.0
0.13333333333333333,317600.0,5.924670696258545,0.0
0.15,317600.0,5.4181718826293945,0.0
0.16666666666666666,317600.0,4.9333343505859375,0.0
0.18333333333333332,317600.0,4.455831050872803,0.0
0.2,317600.0,3.9646008014678955,0.0
0.21666666666666667,317600.0,3.497072458267212,0.0
0.23333333333333334,317600.0,3.0505921840667725,0.0
0.25,317600.0,2.583677291870117,0.0
0.26666666666666666,317600.0,2.1450929641723633,0.0
0.2833333333333333,317600.0,1.734727382659912,0.0
0.3,317600.0,1.332957148551941,0.0
0.31666666666666665,317600.0,0.9603080153465271,0.7109004739336493
0.3333333333333333,317600.0,0.6450870037078857,5.687203791469194
0.35,317600.0,0.3840365409851074,6.6350710900473935
0.36666666666666664,317600.0,0.22220847010612488,5.687203791469194
0.38333333333333336,317600.0,0.11097483336925507,4.502369668246446
0.4,317600.0,0.06461624801158905,4.028436018957346
0.4166666666666667,317600.0,0.05753657966852188,3.5545023696682465
0.43333333333333335,317600.0,0.08441250771284103,1.8957345971563981
0.45,317600.0,0.1557893604040146,1.4218009478672986
0.4666666666666667,317600.0,0.2917415499687195,0.9478672985781991
0.48333333333333334,317600.0,0.5138391256332397,0.23696682464454977
0.5,317600.0,0.8346937894821167,0.23696682464454977
0.5166666666666667,317600.0,1.2512078285217285,0.0
0.5333333333333333,317600.0,1.6978435516357422,0.0
0.55,317600.0,1.5582585334777832,0.0
0.5666666666666667,317600.0,1.4259116649627686,0.0
0.5833333333333334,317600.0,1.2891604900360107,0.0
0.6,317600.0,1.1685240268707275,0.0
0.6166666666666667,317600.0,1.0631847381591797,0.0
0.6333333333333333,317600.0,0.9721869230270386,0.9478672985781991
0.65,317600.0,0.891758143901825,2.843601895734597
0.6666666666666666,317600.0,0.7934645414352417,4.265402843601896
0.6833333333333333,317600.0,0.710537850856781,7.109004739336493
0.7,317600.0,0.6416027545928955,8.056872037914692
0.7166666666666667,317600.0,0.58523029088974,9.47867298578199
0.7333333333333333,317600.0,0.5400124788284302,10.90047393364929
0.75,317600.0,0.5046143531799316,12.322274881516588
0.7666666666666667,317600.0,0.45255905389785767,13.270142180094787
0.7833333333333333,317600.0,0.40892887115478516,13.744075829383887
0.8,317600.0,0.37505877017974854,16.113744075829384
0.8166666666666667,317600.0,0.34962141513824463,17.061611374407583
0.8333333333333334,317600.0,0.3314667344093323,19.431279620853083
0.85,317600.0,0.31599539518356323,20.379146919431278
0.8666666666666667,317600.0,0.3040127754211426,23.696682464454977
0.8833333333333333,317600.0,0.27349787950515747,25.59241706161137
0.9,317600.0,0.2487858235836029,32.22748815165877
0.9166666666666666,317600.0,0.2314441204071045,35.308056872037916
0.9333333333333333,317600.0,0.22050966322422028,40.52132701421801
0.95,317600.0,0.21519699692726135,42.18009478672986
0.9666666666666667,317600.0,0.20713724195957184,43.3649289099526
0.9833333333333333,317600.0,0.18616995215415955,44.07582938388626
1.0,317600.0,0.16626974940299988,43.838862559241704
1.0166666666666666,317600.0,0.15100909769535065,42.65402843601896
1.0333333333333334,317600.0,0.14110535383224487,42.41706161137441
1.05,317600.0,0.12993983924388885,41.46919431279621
1.0666666666666667,317600.0,0.1127920001745224,40.047393364928915
1.0833333333333333,317600.0,0.09145091474056244,38.62559241706161
1.1,317600.0,0.07168487459421158,38.15165876777251
1.1166666666666667,317600.0,0.05492961406707764,36.96682464454976
1.1333333333333333,317600.0,0.04118522256612778,36.018957345971565
1.15,317600.0,0.03308125585317612,36.018957345971565
1.1666666666666667,317600.0,0.02860240265727043,34.360189573459714
1.1833333333333333,317600.0,0.026593679562211037,33.88625592417062
1.2,317600.0,0.026447243988513947,32.46445497630332
1.2166666666666666,317600.0,0.027904000133275986,31.516587677725116
1.2333333333333334,317600.0,0.03093647211790085,29.85781990521327
1.25,317600.0,0.03568052500486374,29.85781990521327
1.2666666666666666,317600.0,0.04239433631300926,27.96208530805687
1.2833333333333334,317600.0,0.051429104059934616,27.251184834123222
1.3,317600.0,0.06320194900035858,26.303317535545023
1.3166666666666667,317600.0,0.07102081924676895,26.303317535545023
1.3333333333333333,317600.0,0.0810234397649765,25.355450236966824
1.35,317600.0,0.09383884072303772,23.696682464454977
1.3666666666666667,317600.0,0.10989541560411453,22.748815165876778
1.3833333333333333,317600.0,0.1295875906944275,21.32701421800948
1.4,317600.0,0.15323416888713837,20.61611374407583
1.4166666666666667,317600.0,0.18103627860546112,19.66824644549763
1.4333333333333333,317600.0,0.21304424107074738,19.194312796208532
1.45,317600.0,0.24913257360458374,18.246445497630333
1.4666666666666666,317600.0,0.28899627923965454,17.535545023696685
1.4833333333333334,317600.0,0.3321598470211029,17.535545023696685
1.5,317600.0,0.3780061602592468,15.639810426540285
1.5166666666666666,317600.0,0.4258156418800354,14.218009478672986
1.5333333333333334,317600.0,0.4748082160949707,12.559241706161137
1.55,317600.0,0.5241938829421997,12.559241706161137
1.5666666666666667,317600.0,0.5732094049453735,12.559241706161137
1.5833333333333333,317600.0,0.6211568117141724,11.61137440758294
1.6,317600.0,0.6674257516860962,11.137440758293838
1.6166666666666667,317600.0,0.7115154266357422,8.530805687203792
1.6333333333333333,317600.0,0.7530384063720703,8.056872037914692
1.65,317600.0,0.7917279601097107,7.5829383886255926
1.6666666666666667,317600.0,0.8274270296096802,6.6350710900473935
1.6833333333333333,317600.0,0.8600894212722778,6.161137440758294
1.7,317600.0,0.8866284489631653,4.976303317535545
1.7166666666666666,317600.0,0.9051451683044434,3.080568720379147
1.7333333333333334,317600.0,0.9237961769104004,3.080568720379147
1.75,317600.0,0.9426947832107544,2.132701421800948
1.7666666666666666,317600.0,0.9619495868682861,1.6587677725118484
1.7833333333333334,317600.0,0.9816657304763794,0.9478672985781991
1.8,317600.0,1.0019383430480957,0.0
1.8166666666666667,317600.0,1.0228559970855713,0.0
1.8333333333333333,317600.0,1.0444977283477783,0.0
1.85,317600.0,1.061192274093628,0.0
1.8666666666666667,317600.0,1.075472116470337,0.0
1.8833333333333333,317600.0,1.0899810791015625,0.0
1.9,317600.0,1.1049890518188477,0.0
1.9166666666666667,317600.0,1.1207358837127686,0.0
1.9333333333333333,317600.0,1.1374329328536987,0.0
1.95,317600.0,1.1552602052688599,0.0
1.9666666666666666,317600.0,1.174365520477295,0.0
1.9833333333333334,317600.0,1.1948721408843994,0.0
2.0,317600.0,1.216871976852417,0.0
2.0166666666666666,317600.0,1.240432620048523,0.0
2.033333333333333,317600.0,1.2655965089797974,0.0
2.05,317600.0,1.2923860549926758,0.0
2.066666666666667,317600.0,1.320803165435791,0.0
2.0833333333333335,317600.0,1.350827932357788,0.0
2.1,317600.0,1.3824301958084106,0.0
2.1166666666666667,317600.0,1.415562391281128,0.0
2.1333333333333333,317600.0,1.4501681327819824,0.0
2.15,317600.0,1.486175537109375,0.0
2.1666666666666665,317600.0,1.5235118865966797,0.0
2.183333333333333,317600.0,1.5620911121368408,0.0
2.2,317600.0,1.601826786994934,0.0
2.216666666666667,317600.0,1.6426258087158203,0.0
2.2333333333333334,317600.0,1.684394121170044,0.0
2.25,317600.0,1.7270371913909912,0.0
2.2666666666666666,317600.0,1.7704589366912842,0.0
2.283333333333333,317600.0,1.8145643472671509,0.0
2.3,317600.0,1.8592579364776611,0.0
2.316666666666667,317600.0,1.9044493436813354,0.0
2.3333333333333335,317600.0,1.9500505924224854,0.0
2.35,317600.0,1.9959702491760254,0.0
2.3666666666666667,317600.0,2.0421338081359863,0.0
2.3833333333333333,317600.0,2.0884599685668945,0.0
2.4,317600.0,2.1348767280578613,0.0
2.4166666666666665,317600.0,2.181342840194702,0.0
2.433333333333333,317600.0,2.227780342102051,0.0
2.45,317600.0,2.2741427421569824,0.0
2.466666666666667,317600.0,2.3203907012939453,0.0
2.4833333333333334,317600.0,2.366469383239746,0.0
2.5,317600.0,2.4123473167419434,0.0
2.5166666666666666,317600.0,2.457996368408203,0.0
2.533333333333333,317600.0,2.503392219543457,0.0
2.55,317600.0,2.548513174057007,0.0
2.566666666666667,317600.0,2.5933523178100586,0.0
2.5833333333333335,317600.0,2.63789701461792,0.0
2.6,317600.0,2.6821463108062744,0.0
2.6166666666666667,317600.0,2.72609806060791,0.0
2.6333333333333333,317600.0,2.7697577476501465,0.0
2.65,317600.0,2.813143491744995,0.0
2.6666666666666665,317600.0,2.856252670288086,0.0
2.683333333333333,317600.0,2.899109363555908,0.0
2.7,317600.0,2.9417262077331543,0.0
2.716666666666667,317600.0,2.9841089248657227,0.0
2.7333333333333334,317600.0,3.026287078857422,0.0
2.75,317600.0,3.068288803100586,0.0
2.7666666666666666,317600.0,3.1101126670837402,0.0
2.783333333333333,317600.0,3.1518001556396484,0.0
2.8,317600.0,3.1933670043945312,0.0
2.816666666666667,317600.0,3.2348148822784424,0.0
2.8333333333333335,317600.0,3.27616810798645,0.0
2.85,317600.0,3.31746768951416,0.0
2.8666666666666667,317600.0,3.3586952686309814,0.0
2.8833333333333333,317600.0,3.399871826171875,0.0
2.9,317600.0,3.4410152435302734,0.0
2.9166666666666665,317600.0,3.4821248054504395,0.0
2.933333333333333,317600.0,3.5232431888580322,0.0
2.95,317600.0,3.5643417835235596,0.0
2.966666666666667,317600.0,3.6054391860961914,0.0
2.9833333333333334,317600.0,3.6465213298797607,0.0
3.0,317600.0,3.6875736713409424,0.0
3.0166666666666666,317600.0,3.7286248207092285,0.0
3.033333333333333,317600.0,3.7696645259857178,0.0
3.05,317600.0,3.8106884956359863,0.0
3.066666666666667,317600.0,3.8516883850097656,0.0
3.0833333333333335,317600.0,3.892665386199951,0.0
3.1,317600.0,3.933602809906006,0.0
3.1166666666666667,317600.0,3.9745352268218994,0.0
3.1333333333333333,317600.0,4.015392303466797,0.0
3.15,317600.0,4.056171417236328,0.0
3.1666666666666665,317600.0,4.09694766998291,0.0
3.183333333333333,317600.0,4.137599468231201,0.0
3.2,317600.0,4.1782145500183105,0.0
3.216666666666667,317600.0,4.218735694885254,0.0
3.2333333333333334,317600.0,4.259171009063721,0.0
3.25,317600.0,4.2994794845581055,0.0
3.2666666666666666,317600.0,4.339664459228516,0.0
3.283333333333333,317600.0,4.379758358001709,0.0
3.3,317600.0,4.419716835021973,0.0
3.316666666666667,317600.0,4.459543228149414,0.0
3.3333333333333335,317600.0,4.499190807342529,0.0
3.35,317600.0,4.538712978363037,0.0
3.3666666666666667,317600.0,4.578068733215332,0.0
3.3833333333333333,317600.0,4.617265224456787,0.0
3.4,317600.0,4.656276226043701,0.0
3.4166666666666665,317600.0,4.695127487182617,0.0
3.433333333333333,317600.0,4.733803749084473,0.0
3.45,317600.0,4.772298812866211,0.0
3.466666666666667,317600.0,4.810610771179199,0.0
3.4833333333333334,317600.0,4.8487348556518555,0.0
3.5,317600.0,4.8866729736328125,0.0
3.5166666666666666,317600.0,4.9243927001953125,0.0
3.533333333333333,317600.0,4.961941242218018,0.0
3.55,317600.0,4.999273300170898,0.0
3.566666666666667,317600.0,5.036440849304199,0.0
3.5833333333333335,317600.0,5.073418617248535,0.0
3.6,317600.0,5.110189914703369,0.0
3.6166666666666667,317600.0,5.146745681762695,0.0
3.6333333333333333,317600.0,5.183123588562012,0.0
3.65,317600.0,5.219317436218262,0.0
3.6666666666666665,317600.0,5.2552995681762695,0.0
3.683333333333333,317600.0,5.291086673736572,0.0
3.7,317600.0,5.32670259475708,0.0
3.716666666666667,317600.0,5.362088203430176,0.0
3.7333333333333334,317600.0,5.39729118347168,0.0
3.75,317600.0,5.432318210601807,0.0
3.7666666666666666,317600.0,5.467161178588867,0.0
3.783333333333333,317600.0,5.501786708831787,0.0
3.8,317600.0,5.5362443923950195,0.0
3.816666666666667,317600.0,5.570505142211914,0.0
3.8333333333333335,317600.0,5.604587554931641,0.0
3.85,317600.0,5.638485908508301,0.0
3.8666666666666667,317600.0,5.672198295593262,0.0
3.8833333333333333,317600.0,5.705728054046631,0.0
3.9,317600.0,5.7390618324279785,0.0
3.9166666666666665,317600.0,5.772215843200684,0.0
3.933333333333333,317600.0,5.805167198181152,0.0
3.95,317600.0,5.83795166015625,0.0
3.966666666666667,317600.0,5.870549201965332,0.0
3.9833333333333334,317600.0,5.9029645919799805,0.0
4.0,317600.0,5.935184478759766,0.0
4.016666666666667,317600.0,5.967216491699219,0.0
4.033333333333333,317600.0,5.999083518981934,0.0
4.05,317600.0,6.030753135681152,0.0
4.066666666666666,317600.0,6.062206745147705,0.0
4.083333333333333,317600.0,6.093489170074463,0.0
4.1,317600.0,6.124553203582764,0.0
4.116666666666666,317600.0,6.155436992645264,0.0
4.133333333333334,317600.0,6.186132431030273,0.0
4.15,317600.0,6.216629981994629,0.0
4.166666666666667,317600.0,6.246947288513184,0.0
4.183333333333334,317600.0,6.277046203613281,0.0
4.2,317600.0,6.30696964263916,0.0
4.216666666666667,317600.0,6.336705684661865,0.0
4.233333333333333,317600.0,6.366241931915283,0.0
4.25,317600.0,6.395590782165527,0.0
4.266666666666667,317600.0,6.424746513366699,0.0
4.283333333333333,317600.0,6.453705787658691,0.0
4.3,317600.0,6.482481002807617,0.0
4.316666666666666,317600.0,6.511063575744629,0.0
4.333333333333333,317600.0,6.539456367492676,0.0
4.35,317600.0,6.567674160003662,0.0
4.366666666666666,317600.0,6.595674514770508,0.0
4.383333333333334,317600.0,6.623493194580078,0.0
4.4,317600.0,6.651119232177734,0.0
4.416666666666667,317600.0,6.678550720214844,0.0
4.433333333333334,317600.0,6.7057905197143555,0.0
4.45,317600.0,6.7328643798828125,0.0
4.466666666666667,317600.0,6.759738445281982,0.0
4.483333333333333,317600.0,6.786430835723877,0.0
4.5,317600.0,6.812924385070801,0.0
4.516666666666667,317600.0,6.8392438888549805,0.0
4.533333333333333,317600.0,6.865375518798828,0.0
4.55,317600.0,6.891315460205078,0.0
4.566666666666666,317600.0,6.917078018188477,0.0
4.583333333333333,317600.0,6.942641258239746,0.0
4.6,317600.0,6.968029499053955,0.0
4.616666666666666,317600.0,6.993189811706543,0.0
4.633333333333334,317600.0,7.018226623535156,0.0
4.65,317600.0,7.04307746887207,0.0
4.666666666666667,317600.0,7.067724227905273,0.0
4.683333333333334,317600.0,7.092209815979004,0.0
4.7,317600.0,7.1164984703063965,0.0
4.716666666666667,317600.0,7.140633583068848,0.0
4.733333333333333,317600.0,7.164575576782227,0.0
4.75,317600.0,7.1883392333984375,0.0
4.766666666666667,317600.0,7.2119140625,0.0
4.783333333333333,317600.0,7.235335350036621,0.0
4.8,317600.0,7.258543491363525,0.0
4.816666666666666,317600.0,7.2816162109375,0.0
4.833333333333333,317600.0,7.3045196533203125,0.0
4.85,317600.0,7.327234745025635,0.0
4.866666666666666,317600.0,7.3497843742370605,0.0
4.883333333333334,317600.0,7.372148036956787,0.0
4.9,317600.0,7.394359588623047,0.0
4.916666666666667,317600.0,7.416377067565918,0.0
4.933333333333334,317600.0,7.438229084014893,0.0
4.95,317600.0,7.459917068481445,0.0
4.966666666666667,317600.0,7.481452941894531,0.0
4.983333333333333,317600.0,7.502779960632324,0.0
5.0,317600.0,7.523985862731934,0.0
5.016666666666667,317600.0,7.544999122619629,0.0
5.033333333333333,317600.0,7.565860271453857,0.0
5.05,317600.0,7.586526870727539,0.0
5.066666666666666,317600.0,7.607048988342285,0.0
5.083333333333333,317600.0,7.627382755279541,0.0
5.1,317600.0,7.647579193115234,0.0
5.116666666666666,317600.0,7.667590618133545,0.0
5.133333333333334,317600.0,7.687452793121338,0.0
5.15,317600.0,7.707160472869873,0.0
5.166666666666667,317600.0,7.726713180541992,0.0
5.183333333333334,317600.0,7.746084213256836,0.0
5.2,317600.0,7.7653350830078125,0.0
5.216666666666667,317600.0,7.784406661987305,0.0
5.233333333333333,317600.0,7.803322792053223,0.0
5.25,317600.0,7.822083473205566,0.0
5.266666666666667,317600.0,7.840695381164551,0.0
5.283333333333333,317600.0,7.859127044677734,0.0
5.3,317600.0,7.877440452575684,0.0
5.316666666666666,317600.0,7.8955817222595215,0.0
5.333333333333333,317600.0,7.913565158843994,0.0
5.35,317600.0,7.931422710418701,0.0
5.366666666666666,317600.0,7.94911003112793,0.0
5.383333333333334,317600.0,7.966685771942139,0.0
5.4,317600.0,7.9840922355651855,0.0
5.416666666666667,317600.0,8.001426696777344,0.0
5.433333333333334,317600.0,8.018592834472656,0.0
5.45,317600.0,8.035587310791016,0.0
5.466666666666667,317600.0,8.052480697631836,0.0
5.483333333333333,317600.0,8.069215774536133,0.0
5.5,317600.0,8.085716247558594,0.0
5.516666666666667,317600.0,8.102155685424805,0.0
5.533333333333333,317600.0,8.118502616882324,0.0
5.55,317600.0,8.134662628173828,0.0
5.566666666666666,317600.0,8.1507568359375,0.0
5.583333333333333,317600.0,8.166687965393066,0.0
5.6,317600.0,8.182483673095703,0.0
5.616666666666666,317600.0,8.198129653930664,0.0
5.633333333333334,317600.0,8.213618278503418,0.0
5.65,317600.0,8.228995323181152,0.0
5.666666666666667,317600.0,8.244251251220703,0.0
5.683333333333334,317600.0,8.259346008300781,0.0
5.7,317600.0,8.274334907531738,0.0
5.716666666666667,317600.0,8.289220809936523,0.0
5.733333333333333,317600.0,8.30395221710205,0.0
5.75,317600.0,8.318595886230469,0.0
5.766666666666667,317600.0,8.333087921142578,0.0
5.783333333333333,317600.0,8.347370147705078,0.0
5.8,317600.0,8.361553192138672,0.0
5.816666666666666,317600.0,8.375736236572266,0.0
5.833333333333333,317600.0,8.389678955078125,0.0
5.85,317600.0,8.403539657592773,0.0
5.866666666666666,317600.0,8.417281150817871,0.0
5.883333333333334,317600.0,8.430900573730469,0.0
5.9,317600.0,8.444438934326172,0.0
5.916666666666667,317600.0,8.45782470703125,0.0
5.933333333333334,317600.0,8.471040725708008,0.0
5.95,317600.0,8.484220504760742,0.0
5.966666666666667,317600.0,8.497261047363281,0.0
5.983333333333333,317600.0,8.510154724121094,0.0
6.0,317600.0,8.522902488708496,0.0
6.016666666666667,317600.0,8.535557746887207,0.0
6.033333333333333,317600.0,8.548100471496582,0.0
6.05,317600.0,8.560487747192383,0.0
6.066666666666666,317600.0,8.572837829589844,0.0
6.083333333333333,317600.0,8.585060119628906,0.0
6.1,317600.0,8.597121238708496,0.0
6.116666666666666,317600.0,8.609085083007812,0.0
6.133333333333334,317600.0,8.621011734008789,0.0
6.15,317600.0,8.632855415344238,0.0
6.166666666666667,317600.0,8.644499778747559,0.0
6.183333333333334,317600.0,8.65610408782959,0.0
6.2,317600.0,8.667608261108398,0.0
6.216666666666667,317600.0,8.678926467895508,0.0
6.233333333333333,317600.0,8.690176010131836,0.0
6.25,317600.0,8.701277732849121,0.0
6.266666666666667,317600.0,8.71233081817627,0.0
6.283333333333333,317600.0,8.723291397094727,0.0
6.3,317600.0,8.734149932861328,0.0
6.316666666666666,317600.0,8.744935989379883,0.0
6.333333333333333,317600.0,8.755599021911621,0.0
6.35,317600.0,8.766236305236816,0.0
6.366666666666666,317600.0,8.776745796203613,0.0
6.383333333333334,317600.0,8.787130355834961,0.0
6.4,317600.0,8.79743766784668,0.0
6.416666666666667,317600.0,8.807594299316406,0.0
6.433333333333334,317600.0,8.81768798828125,0.0
6.45,317600.0,8.827680587768555,0.0
6.466666666666667,317600.0,8.837516784667969,0.0
6.483333333333333,317600.0,8.84726333618164,0.0
6.5,317600.0,8.856973648071289,0.0
6.516666666666667,317600.0,8.866643905639648,0.0
6.533333333333333,317600.0,8.876168251037598,0.0
6.55,317600.0,8.885604858398438,0.0
6.566666666666666,317600.0,8.895002365112305,0.0
6.583333333333333,317600.0,8.904350280761719,0.0
6.6,317600.0,8.913522720336914,0.0
6.616666666666666,317600.0,8.922599792480469,0.0
6.633333333333334,317600.0,8.931625366210938,0.0
6.65,317600.0,8.940650939941406,0.0
6.666666666666667,317600.0,8.949514389038086,0.0
6.683333333333334,317600.0,8.958272933959961,0.0
6.7,317600.0,8.966976165771484,0.0
6.716666666666667,317600.0,8.975580215454102,0.0
6.733333333333333,317600.0,8.984139442443848,0.0
6.75,317600.0,8.992587089538574,0.0
6.766666666666667,317600.0,9.00098991394043,0.0
6.783333333333333,317600.0,9.009370803833008,0.0
6.8,317600.0,9.017641067504883,0.0
6.816666666666666,317600.0,9.025823593139648,0.0
6.833333333333333,317600.0,9.033931732177734,0.0
6.85,317600.0,9.041970252990723,0.0
6.866666666666666,317600.0,9.049864768981934,0.0
6.883333333333334,317600.0,9.057665824890137,0.0
6.9,317600.0,9.065447807312012,0.0
6.916666666666667,317600.0,9.0731840133667,0.0
6.933333333333334,317600.0,9.080798149108887,0.0
6.95,317600.0,9.088302612304688,0.0
6.966666666666667,317600.0,9.09571647644043,0.0
6.983333333333333,317600.0,9.103118896484375,0.0
7.0,317600.0,9.110443115234375,0.0
7.016666666666667,317600.0,9.11773681640625,0.0
7.033333333333333,317600.0,9.124987602233887,0.0
7.05,317600.0,9.132120132446289,0.0
7.066666666666666,317600.0,9.139205932617188,0.0
7.083333333333333,317600.0,9.146139144897461,0.0
7.1,317600.0,9.152999877929688,0.0
7.116666666666666,317600.0,9.159812927246094,0.0
7.133333333333334,317600.0,9.166629791259766,0.0
7.15,317600.0,9.173398971557617,0.0
7.166666666666667,317600.0,9.180168151855469,0.0
7.183333333333334,317600.0,9.186773300170898,0.0
7.2,317600.0,9.193277359008789,0.0
7.216666666666667,317600.0,9.199777603149414,0.0
7.233333333333333,317600.0,9.20622444152832,0.0
7.25,317600.0,9.212586402893066,0.0
7.266666666666667,317600.0,9.2188720703125,0.0
7.283333333333333,317600.0,9.225086212158203,0.0
7.3,317600.0,9.23124885559082,0.0
7.316666666666666,317600.0,9.237373352050781,0.0
7.333333333333333,317600.0,9.243433952331543,0.0
7.35,317600.0,9.249397277832031,0.0
7.366666666666666,317600.0,9.255319595336914,0.0
7.383333333333334,317600.0,9.261184692382812,0.0
7.4,317600.0,9.26700210571289,0.0
7.416666666666667,317600.0,9.272797584533691,0.0
7.433333333333334,317600.0,9.278465270996094,0.0
7.45,317600.0,9.284106254577637,0.0
7.466666666666667,317600.0,9.289748191833496,0.0
7.483333333333333,317600.0,9.295334815979004,0.0
7.5,317600.0,9.300846099853516,0.0
7.516666666666667,317600.0,9.306325912475586,0.0
7.533333333333333,317600.0,9.311664581298828,0.0
7.55,317600.0,9.316983222961426,0.0
7.566666666666666,317600.0,9.322274208068848,0.0
7.583333333333333,317600.0,9.327478408813477,0.0
7.6,317600.0,9.332690238952637,0.0
7.616666666666666,317600.0,9.337858200073242,0.0
7.633333333333334,317600.0,9.342909812927246,0.0
7.65,317600.0,9.347884178161621,0.0
7.666666666666667,317600.0,9.352779388427734,0.0
7.683333333333334,317600.0,9.357662200927734,0.0
7.7,317600.0,9.362497329711914,0.0
7.716666666666667,317600.0,9.367281913757324,0.0
7.733333333333333,317600.0,9.371992111206055,0.0
7.75,317600.0,9.376668930053711,0.0
7.766666666666667,317600.0,9.381298065185547,0.0
7.783333333333333,317600.0,9.385885238647461,0.0
7.8,317600.0,9.390449523925781,0.0
7.816666666666666,317600.0,9.394962310791016,0.0
7.833333333333333,317600.0,9.39947509765625,0.0
7.85,317600.0,9.403848648071289,0.0
7.866666666666666,317600.0,9.40820026397705,0.0
7.883333333333334,317600.0,9.412498474121094,0.0
7.9,317600.0,9.416766166687012,0.0
7.916666666666667,317600.0,9.421019554138184,0.0
7.933333333333334,317600.0,9.425247192382812,0.0
7.95,317600.0,9.429474830627441,0.0
7.966666666666667,317600.0,9.433673858642578,0.0
7.983333333333333,317600.0,9.437864303588867,0.0
8.0,317600.0,9.441937446594238,0.0
8.016666666666667,317600.0,9.445903778076172,0.0
8.033333333333333,317600.0,9.449844360351562,0.0
8.05,317600.0,9.453775405883789,0.0
8.066666666666666,317600.0,9.45770263671875,0.0
8.083333333333334,317600.0,9.461599349975586,0.0
8.1,317600.0,9.465490341186523,0.0
8.116666666666667,317600.0,9.469396591186523,0.0
8.133333333333333,317600.0,9.473272323608398,0.0
8.15,317600.0,9.477140426635742,0.0
8.166666666666666,317600.0,9.480886459350586,0.0
8.183333333333334,317600.0,9.484501838684082,0.0
8.2,317600.0,9.488090515136719,0.0
8.216666666666667,317600.0,9.491655349731445,0.0
8.233333333333333,317600.0,9.495223999023438,0.0
8.25,317600.0,9.498790740966797,0.0
8.266666666666667,317600.0,9.502357482910156,0.0
8.283333333333333,317600.0,9.505903244018555,0.0
8.3,317600.0,9.509382247924805,0.0
8.316666666666666,317600.0,9.51276683807373,0.0
8.333333333333334,317600.0,9.516084671020508,0.0
8.35,317600.0,9.519308090209961,0.0
8.366666666666667,317600.0,9.522514343261719,0.0
8.383333333333333,317600.0,9.525577545166016,0.0
8.4,317600.0,9.528639793395996,0.0
8.416666666666666,317600.0,9.531702041625977,0.0
8.433333333333334,317600.0,9.534759521484375,0.0
8.45,317600.0,9.537792205810547,0.0
8.466666666666667,317600.0,9.540802001953125,0.0
8.483333333333333,317600.0,9.543813705444336,0.0
8.5,317600.0,9.5468168258667,0.0
8.516666666666667,317600.0,9.54981803894043,0.0
8.533333333333333,317600.0,9.552804946899414,0.0
8.55,317600.0,9.5557861328125,0.0
8.566666666666666,317600.0,9.558743476867676,0.0
8.583333333333334,317600.0,9.56165885925293,0.0
8.6,317600.0,9.564492225646973,0.0
8.616666666666667,317600.0,9.567254066467285,0.0
8.633333333333333,317600.0,9.569982528686523,0.0
8.65,317600.0,9.572687149047852,0.0
8.666666666666666,317600.0,9.575340270996094,0.0
8.683333333333334,317600.0,9.577983856201172,0.0
8.7,317600.0,9.580610275268555,0.0
8.716666666666667,317600.0,9.583229064941406,0.0
8.733333333333333,317600.0,9.585845947265625,0.0
8.75,317600.0,9.588438034057617,0.0
8.766666666666667,317600.0,9.591042518615723,0.0
8.783333333333333,317600.0,9.593629837036133,0.0
8.8,317600.0,9.596208572387695,0.0
8.816666666666666,317600.0,9.598718643188477,0.0
8.833333333333334,317600.0,9.601170539855957,0.0
8.85,317600.0,9.603614807128906,0.0
8.866666666666667,317600.0,9.606012344360352,0.0
8.883333333333333,317600.0,9.608301162719727,0.0
8.9,317600.0,9.610591888427734,0.0
8.916666666666666,317600.0,9.612848281860352,0.0
8.933333333333334,317600.0,9.615104675292969,0.0
8.95,317600.0,9.61729621887207,0.0
8.966666666666667,317600.0,9.619443893432617,0.0
8.983333333333333,317600.0,9.621581077575684,0.0
9.0,317600.0,9.62371826171875,0.0
9.016666666666667,317600.0,9.62584114074707,0.0
9.033333333333333,317600.0,9.627959251403809,0.0
9.05,317600.0,9.630074501037598,0.0
9.066666666666666,317600.0,9.632194519042969,0.0
9.083333333333334,317600.0,9.634306907653809,0.0
9.1,317600.0,9.636408805847168,0.0
9.116666666666667,317600.0,9.638457298278809,0.0
9.133333333333333,317600.0,9.640467643737793,0.0
9.15,317600.0,9.64247989654541,0.0
9.166666666666666,317600.0,9.64448356628418,0.0
9.183333333333334,317600.0,9.646475791931152,0.0
9.2,317600.0,9.648467063903809,0.0
9.216666666666667,317600.0,9.650439262390137,0.0
9.233333333333333,317600.0,9.652413368225098,0.0
9.25,317600.0,9.654364585876465,0.0
9.266666666666667,317600.0,9.65629768371582,0.0
9.283333333333333,317600.0,9.65822982788086,0.0
9.3,317600.0,9.660025596618652,0.0
9.316666666666666,317600.0,9.661798477172852,0.0
9.333333333333334,317600.0,9.66357135772705,0.0
9.35,317600.0,9.66532039642334,0.0
9.366666666666667,317600.0,9.667003631591797,0.0
9.383333333333333,317600.0,9.668685913085938,0.0
9.4,317600.0,9.67036247253418,0.0
9.416666666666666,317600.0,9.672038078308105,0.0
9.433333333333334,317600.0,9.673711776733398,0.0
9.45,317600.0,9.67538070678711,0.0
9.466666666666667,317600.0,9.67704963684082,0.0
9.483333333333333,317600.0,9.67871379852295,0.0
9.5,317600.0,9.680377960205078,0.0
9.516666666666667,317600.0,9.682039260864258,0.0
9.533333333333333,317600.0,9.683708190917969,0.0
9.55,317600.0,9.685375213623047,0.0
9.566666666666666,317600.0,9.686945915222168,0.0
9.583333333333334,317600.0,9.688396453857422,0.0
9.6,317600.0,9.689846992492676,0.0
9.616666666666667,317600.0,9.69129753112793,0.0
9.633333333333333,317600.0,9.69268798828125,0.0
9.65,317600.0,9.694046020507812,0.0
9.666666666666666,317600.0,9.69539737701416,0.0
9.683333333333334,317600.0,9.696745872497559,0.0
9.7,317600.0,9.69809341430664,0.0
9.716666666666667,317600.0,9.699440002441406,0.0
9.733333333333333,317600.0,9.700786590576172,0.0
9.75,317600.0,9.702133178710938,0.0
9.766666666666667,317600.0,9.70348072052002,0.0
9.783333333333333,317600.0,9.70483112335205,0.0
9.8,317600.0,9.706178665161133,0.0
9.816666666666666,317600.0,9.707525253295898,0.0
9.833333333333334,317600.0,9.708868026733398,0.0
9.85,317600.0,9.710199356079102,0.0
9.866666666666667,317600.0,9.711528778076172,0.0
9.883333333333333,317600.0,9.712843894958496,0.0
9.9,317600.0,9.714149475097656,0.0
9.916666666666666,317600.0,9.715438842773438,0.0
9.933333333333334,317600.0,9.716622352600098,0.0
9.95,317600.0,9.717782974243164,0.0
9.966666666666667,317600.0,9.718928337097168,0.0
9.983333333333333,317600.0,9.720056533813477,0.0
10.0,317600.0,9.721172332763672,0.0
10.016666666666667,317600.0,9.72225284576416,0.0
0.0,407800.0,9.997027397155762,0.0
0.016666666666666666,407800.0,9.485198974609375,0.0
0.03333333333333333,407800.0,8.968175888061523,0.0
0.05,407800.0,8.450723648071289,0.0
0.06666666666666667,407800.0,7.943364143371582,0.0
0.08333333333333333,407800.0,7.435285568237305,0.0
0.1,407800.0,6.918498516082764,0.0
0.11666666666666667,407800.0,6.4207305908203125,0.0
0.13333333333333333,407800.0,5.924349784851074,0.0
0.15,407800.0,5.417767524719238,0.0
0.16666666666666666,407800.0,4.932845115661621,0.0
0.18333333333333332,407800.0,4.455235481262207,0.0
0.2,407800.0,3.9639065265655518,0.0
0.21666666666666667,407800.0,3.496274471282959,0.0
0.23333333333333334,407800.0,3.0496912002563477,0.0
0.25,407800.0,2.5826568603515625,0.0
0.26666666666666666,407800.0,2.143977165222168,0.0
0.2833333333333333,407800.0,1.733525037765503,0.0
0.3,407800.0,1.3316805362701416,0.0
0.31666666666666665,407800.0,0.9590260982513428,0.7109004739336493
0.3333333333333333,407800.0,0.6438753008842468,5.687203791469194
0.35,407800.0,0.3829779624938965,6.6350710900473935
0.36666666666666664,407800.0,0.22143039107322693,5.687203791469194
0.38333333333333336,407800.0,0.11044511944055557,4.502369668246446
0.4,407800.0,0.06421351432800293,4.028436018957346
0.4166666666666667,407800.0,0.057130470871925354,3.5545023696682465
0.43333333333333335,407800.0,0.08387983590364456,1.8957345971563981
0.45,407800.0,0.1549971103668213,1.4218009478672986
0.4666666666666667,407800.0,0.29054710268974304,0.9478672985781991
0.48333333333333334,407800.0,0.5121207237243652,0.23696682464454977
0.5,407800.0,0.832389771938324,0.23696682464454977
0.5166666666666667,407800.0,1.2483243942260742,0.0
0.5333333333333333,407800.0,1.6955053806304932,0.0
0.55,407800.0,1.555835485458374,0.0
0.5666666666666667,407800.0,1.4233579635620117,0.0
0.5833333333333334,407800.0,1.286548137664795,0.0
0.6,407800.0,1.1658602952957153,0.0
0.6166666666666667,407800.0,1.06047785282135,0.0
0.6333333333333333,407800.0,0.96944260597229,0.9478672985781991
0.65,407800.0,0.8889756798744202,2.843601895734597
0.6666666666666666,407800.0,0.790690541267395,4.265402843601896
0.6833333333333333,407800.0,0.707779586315155,7.109004739336493
0.7,407800.0,0.6388641595840454,8.056872037914692
0.7166666666666667,407800.0,0.5825121402740479,9.47867298578199
0.7333333333333333,407800.0,0.537310004234314,10.90047393364929
0.75,407800.0,0.5019216537475586,12.322274881516588
0.7666666666666667,407800.0,0.44994592666625977,13.270142180094787
0.7833333333333333,407800.0,0.4063837230205536,13.744075829383887
0.8,407800.0,0.37256842851638794,16.113744075829384
0.8166666666666667,407800.0,0.347168505191803,17.061611374407583
0.8333333333333334,407800.0,0.3290312886238098,19.431279620853083
0.85,407800.0,0.31350356340408325,21.32701421800948
0.8666666666666667,407800.0,0.3016906976699829,23.696682464454977
0.8833333333333333,407800.0,0.271140456199646,25.59241706161137
0.9,407800.0,0.24649888277053833,32.22748815165877
0.9166666666666666,407800.0,0.22919908165931702,35.78199052132701
0.9333333333333333,407800.0,0.2182762622833252,40.52132701421801
0.95,407800.0,0.21294449269771576,42.18009478672986
0.9666666666666667,407800.0,0.20504163205623627,43.3649289099526
0.9833333333333333,407800.0,0.18416953086853027,44.54976303317535
1.0,407800.0,0.1642618030309677,43.838862559241704
1.0166666666666666,407800.0,0.14908067882061005,42.65402843601896
1.0333333333333334,407800.0,0.13919493556022644,42.41706161137441
1.05,407800.0,0.12810012698173523,41.46919431279621
1.0666666666666667,407800.0,0.11123494058847427,40.52132701421801
1.0833333333333333,407800.0,0.09006018936634064,39.09952606635071
1.1,407800.0,0.07050950825214386,38.15165876777251
1.1166666666666667,407800.0,0.05399348586797714,36.96682464454976
1.1333333333333333,407800.0,0.04044690728187561,36.018957345971565
1.15,407800.0,0.032464880496263504,36.018957345971565
1.1666666666666667,407800.0,0.0280526801943779,34.59715639810427
1.1833333333333333,407800.0,0.026069071143865585,33.88625592417062
1.2,407800.0,0.02591402642428875,32.46445497630332
1.2166666666666666,407800.0,0.027332033962011337,31.990521327014214
1.2333333333333334,407800.0,0.03029581718146801,29.85781990521327
1.25,407800.0,0.034939244389534,29.85781990521327
1.2666666666666666,407800.0,0.04151704162359238,28.436018957345972
1.2833333333333334,407800.0,0.050375908613204956,27.488151658767773
1.3,407800.0,0.06192844361066818,26.303317535545023
1.3166666666666667,407800.0,0.0700933039188385,26.303317535545023
1.3333333333333333,407800.0,0.07988886535167694,25.355450236966824
1.35,407800.0,0.0924496054649353,24.170616113744074
1.3666666666666667,407800.0,0.1082003116607666,22.748815165876778
1.3833333333333333,407800.0,0.12753355503082275,22.274881516587676
1.4,407800.0,0.15076860785484314,20.61611374407583
1.4166666666666667,407800.0,0.1781102418899536,19.66824644549763
1.4333333333333333,407800.0,0.2096150815486908,19.194312796208532
1.45,407800.0,0.24516642093658447,18.72037914691943
1.4666666666666666,407800.0,0.2844694256782532,17.535545023696685
1.4833333333333334,407800.0,0.32705986499786377,17.535545023696685
1.5,407800.0,0.3723313808441162,16.587677725118482
1.5166666666666666,407800.0,0.4195743203163147,15.165876777251185
1.5333333333333334,407800.0,0.46801823377609253,13.033175355450238
1.55,407800.0,0.5168782472610474,12.559241706161137
1.5666666666666667,407800.0,0.5653973817825317,12.559241706161137
1.5833333333333333,407800.0,0.6128799915313721,12.559241706161137
1.6,407800.0,0.6587175130844116,11.61137440758294
1.6166666666666667,407800.0,0.7024091482162476,8.530805687203792
1.6333333333333333,407800.0,0.7435664534568787,8.530805687203792
1.65,407800.0,0.7819220423698425,7.5829383886255926
1.6666666666666667,407800.0,0.8173184394836426,7.109004739336493
1.6833333333333333,407800.0,0.8497065901756287,6.161137440758294
1.7,407800.0,0.8768186569213867,5.687203791469194
1.7166666666666666,407800.0,0.8951694965362549,4.028436018957346
1.7333333333333334,407800.0,0.9136561155319214,3.080568720379147
1.75,407800.0,0.932391345500946,3.080568720379147
1.7666666666666666,407800.0,0.9514830112457275,1.6587677725118484
1.7833333333333334,407800.0,0.9710342884063721,1.6587677725118484
1.8,407800.0,0.9911407232284546,0.9478672985781991
1.8166666666666667,407800.0,1.0118906497955322,0.0
1.8333333333333333,407800.0,1.033360481262207,0.0
1.85,407800.0,1.0490422248840332,0.0
1.8666666666666667,407800.0,1.0631921291351318,0.0
1.8833333333333333,407800.0,1.0775725841522217,0.0
1.9,407800.0,1.0924499034881592,0.0
1.9166666666666667,407800.0,1.1080654859542847,0.0
1.9333333333333333,407800.0,1.124626636505127,0.0
1.95,407800.0,1.14231276512146,0.0
1.9666666666666666,407800.0,1.161274790763855,0.0
1.9833333333333334,407800.0,1.1816307306289673,0.0
2.0,407800.0,1.2034742832183838,0.0
2.0166666666666666,407800.0,1.2268716096878052,0.0
2.033333333333333,407800.0,1.2518658638000488,0.0
2.05,407800.0,1.2784782648086548,0.0
2.066666666666667,407800.0,1.306712031364441,0.0
2.0833333333333335,407800.0,1.3365478515625,0.0
2.1,407800.0,1.3679534196853638,0.0
2.1166666666666667,407800.0,1.4008848667144775,0.0
2.1333333333333333,407800.0,1.435283899307251,0.0
2.15,407800.0,1.4710804224014282,0.0
2.1666666666666665,407800.0,1.5082014799118042,0.0
2.183333333333333,407800.0,1.5465631484985352,0.0
2.2,407800.0,1.5860761404037476,0.0
2.216666666666667,407800.0,1.6266497373580933,0.0
2.2333333333333334,407800.0,1.6681900024414062,0.0
2.25,407800.0,1.7106029987335205,0.0
2.2666666666666666,407800.0,1.753792643547058,0.0
2.283333333333333,407800.0,1.7976653575897217,0.0
2.3,407800.0,1.8421251773834229,0.0
2.316666666666667,407800.0,1.887081503868103,0.0
2.3333333333333335,407800.0,1.9324469566345215,0.0
2.35,407800.0,1.978137493133545,0.0
2.3666666666666667,407800.0,2.0240674018859863,0.0
2.3833333333333333,407800.0,2.0701658725738525,0.0
2.4,407800.0,2.1163604259490967,0.0
2.4166666666666665,407800.0,2.162597417831421,0.0
2.433333333333333,407800.0,2.208794593811035,0.0
2.45,407800.0,2.254934787750244,0.0
2.466666666666667,407800.0,2.300950288772583,0.0
2.4833333333333334,407800.0,2.3468027114868164,0.0
2.5,407800.0,2.392458915710449,0.0
2.5166666666666666,407800.0,2.437887668609619,0.0
2.533333333333333,407800.0,2.4830613136291504,0.0
2.55,407800.0,2.527965545654297,0.0
2.566666666666667,407800.0,2.5725865364074707,0.0
2.5833333333333335,407800.0,2.616917610168457,0.0
2.6,407800.0,2.660951614379883,0.0
2.6166666666666667,407800.0,2.7046947479248047,0.0
2.6333333333333333,407800.0,2.7481493949890137,0.0
2.65,407800.0,2.791320323944092,0.0
2.6666666666666665,407800.0,2.834224224090576,0.0
2.683333333333333,407800.0,2.8768770694732666,0.0
2.7,407800.0,2.919283866882324,0.0
2.716666666666667,407800.0,2.961473226547241,0.0
2.7333333333333334,407800.0,3.003457546234131,0.0
2.75,407800.0,3.045269727706909,0.0
2.7666666666666666,407800.0,3.0869059562683105,0.0
2.783333333333333,407800.0,3.128413200378418,0.0
2.8,407800.0,3.169782876968384,0.0
2.816666666666667,407800.0,3.211045265197754,0.0
2.8333333333333335,407800.0,3.2522294521331787,0.0
2.85,407800.0,3.2933292388916016,0.0
2.8666666666666667,407800.0,3.334385871887207,0.0
2.8833333333333333,407800.0,3.3753774166107178,0.0
2.9,407800.0,3.4163401126861572,0.0
2.9166666666666665,407800.0,3.457277774810791,0.0
2.933333333333333,407800.0,3.49819016456604,0.0
2.95,407800.0,3.539093255996704,0.0
2.966666666666667,407800.0,3.5799801349639893,0.0
2.9833333333333334,407800.0,3.6208600997924805,0.0
3.0,407800.0,3.6617541313171387,0.0
3.0166666666666666,407800.0,3.7026278972625732,0.0
3.033333333333333,407800.0,3.7434847354888916,0.0
3.05,407800.0,3.78434157371521,0.0
3.066666666666667,407800.0,3.825180768966675,0.0
3.0833333333333335,407800.0,3.865967273712158,0.0
3.1,407800.0,3.906743049621582,0.0
3.1166666666666667,407800.0,3.9474940299987793,0.0
3.1333333333333333,407800.0,3.9881653785705566,0.0
3.15,407800.0,4.028781890869141,0.0
3.1666666666666665,407800.0,4.069384574890137,0.0
3.183333333333333,407800.0,4.1098785400390625,0.0
3.2,407800.0,4.150332450866699,0.0
3.216666666666667,407800.0,4.190635681152344,0.0
3.2333333333333334,407800.0,4.230907440185547,0.0
3.25,407800.0,4.271065711975098,0.0
3.2666666666666666,407800.0,4.311066627502441,0.0
3.283333333333333,407800.0,4.35097599029541,0.0
3.3,407800.0,4.390748023986816,0.0
3.316666666666667,407800.0,4.430387020111084,0.0
3.3333333333333335,407800.0,4.469892501831055,0.0
3.35,407800.0,4.509217262268066,0.0
3.3666666666666667,407800.0,4.548410415649414,0.0
3.3833333333333333,407800.0,4.587442398071289,0.0
3.4,407800.0,4.626301288604736,0.0
3.4166666666666665,407800.0,4.664980411529541,0.0
3.433333333333333,407800.0,4.70349645614624,0.0
3.45,407800.0,4.741826057434082,0.0
3.466666666666667,407800.0,4.779972076416016,0.0
3.4833333333333334,407800.0,4.817935943603516,0.0
3.5,407800.0,4.855719566345215,0.0
3.5166666666666666,407800.0,4.8933024406433105,0.0
3.533333333333333,407800.0,4.93068790435791,0.0
3.55,407800.0,4.967889308929443,0.0
3.566666666666667,407800.0,5.004890441894531,0.0
3.5833333333333335,407800.0,5.0416998863220215,0.0
3.6,407800.0,5.078318119049072,0.0
3.6166666666666667,407800.0,5.11474084854126,0.0
3.6333333333333333,407800.0,5.15095329284668,0.0
3.65,407800.0,5.186975479125977,0.0
3.6666666666666665,407800.0,5.2228240966796875,0.0
3.683333333333333,407800.0,5.258476257324219,0.0
3.7,407800.0,5.293916702270508,0.0
3.716666666666667,407800.0,5.3291826248168945,0.0
3.7333333333333334,407800.0,5.364258766174316,0.0
3.75,407800.0,5.399127006530762,0.0
3.7666666666666666,407800.0,5.433826446533203,0.0
3.783333333333333,407800.0,5.4683332443237305,0.0
3.8,407800.0,5.502642631530762,0.0
3.816666666666667,407800.0,5.536762714385986,0.0
3.8333333333333335,407800.0,5.570699214935303,0.0
3.85,407800.0,5.6044721603393555,0.0
3.8666666666666667,407800.0,5.6380414962768555,0.0
3.8833333333333333,407800.0,5.671456336975098,0.0
3.9,407800.0,5.7046589851379395,0.0
3.9166666666666665,407800.0,5.737680912017822,0.0
3.933333333333333,407800.0,5.7705278396606445,0.0
3.95,407800.0,5.803188323974609,0.0
3.966666666666667,407800.0,5.835666656494141,0.0
3.9833333333333334,407800.0,5.86794376373291,0.0
4.0,407800.0,5.900040626525879,0.0
4.016666666666667,407800.0,5.931953430175781,0.0
4.033333333333333,407800.0,5.963666915893555,0.0
4.05,407800.0,5.995184421539307,0.0
4.066666666666666,407800.0,6.026543617248535,0.0
4.083333333333333,407800.0,6.057702541351318,0.0
4.1,407800.0,6.088650703430176,0.0
4.116666666666666,407800.0,6.119438648223877,0.0
4.133333333333334,407800.0,6.149991035461426,0.0
4.15,407800.0,6.180377006530762,0.0
4.166666666666667,407800.0,6.210566520690918,0.0
4.183333333333334,407800.0,6.240540981292725,0.0
4.2,407800.0,6.270366191864014,0.0
4.216666666666667,407800.0,6.299995422363281,0.0
4.233333333333333,407800.0,6.329415321350098,0.0
4.25,407800.0,6.358677864074707,0.0
4.266666666666667,407800.0,6.387713432312012,0.0
4.283333333333333,407800.0,6.416572570800781,0.0
4.3,407800.0,6.445248126983643,0.0
4.316666666666666,407800.0,6.473708152770996,0.0
4.333333333333333,407800.0,6.502011299133301,0.0
4.35,407800.0,6.530095100402832,0.0
4.366666666666666,407800.0,6.557991981506348,0.0
4.383333333333334,407800.0,6.585724830627441,0.0
4.4,407800.0,6.613232135772705,0.0
4.416666666666667,407800.0,6.6405792236328125,0.0
4.433333333333334,407800.0,6.667718410491943,0.0
4.45,407800.0,6.694687843322754,0.0
4.466666666666667,407800.0,6.721469879150391,0.0
4.483333333333333,407800.0,6.748051643371582,0.0
4.5,407800.0,6.774455547332764,0.0
4.516666666666667,407800.0,6.80064582824707,0.0
4.533333333333333,407800.0,6.826688289642334,0.0
4.55,407800.0,6.852530479431152,0.0
4.566666666666666,407800.0,6.878186225891113,0.0
4.583333333333333,407800.0,6.9036664962768555,0.0
4.6,407800.0,6.9289655685424805,0.0
4.616666666666666,407800.0,6.95407772064209,0.0
4.633333333333334,407800.0,6.979012489318848,0.0
4.65,407800.0,7.0037641525268555,0.0
4.666666666666667,407800.0,7.0283308029174805,0.0
4.683333333333334,407800.0,7.052726745605469,0.0
4.7,407800.0,7.076925277709961,0.0
4.716666666666667,407800.0,7.1009674072265625,0.0
4.733333333333333,407800.0,7.124829292297363,0.0
4.75,407800.0,7.148482322692871,0.0
4.766666666666667,407800.0,7.171996116638184,0.0
4.783333333333333,407800.0,7.195303916931152,0.0
4.8,407800.0,7.218472957611084,0.0
4.816666666666666,407800.0,7.241443157196045,0.0
4.833333333333333,407800.0,7.264240264892578,0.0
4.85,407800.0,7.286862373352051,0.0
4.866666666666666,407800.0,7.309318542480469,0.0
4.883333333333334,407800.0,7.331583023071289,0.0
4.9,407800.0,7.353717803955078,0.0
4.916666666666667,407800.0,7.375672340393066,0.0
4.933333333333334,407800.0,7.397451400756836,0.0
4.95,407800.0,7.419059753417969,0.0
4.966666666666667,407800.0,7.440497875213623,0.0
4.983333333333333,407800.0,7.461770057678223,0.0
5.0,407800.0,7.482883453369141,0.0
5.016666666666667,407800.0,7.503811359405518,0.0
5.033333333333333,407800.0,7.524595260620117,0.0
5.05,407800.0,7.545192241668701,0.0
5.066666666666666,407800.0,7.565633296966553,0.0
5.083333333333333,407800.0,7.585931301116943,0.0
5.1,407800.0,7.606057643890381,0.0
5.116666666666666,407800.0,7.626026630401611,0.0
5.133333333333334,407800.0,7.6458353996276855,0.0
5.15,407800.0,7.66546106338501,0.0
5.166666666666667,407800.0,7.684932231903076,0.0
5.183333333333334,407800.0,7.704270362854004,0.0
5.2,407800.0,7.723419666290283,0.0
5.216666666666667,407800.0,7.742402076721191,0.0
5.233333333333333,407800.0,7.761253833770752,0.0
5.25,407800.0,7.779942512512207,0.0
5.266666666666667,407800.0,7.798496246337891,0.0
5.283333333333333,407800.0,7.816888809204102,0.0
5.3,407800.0,7.8351240158081055,0.0
5.316666666666666,407800.0,7.853229522705078,0.0
5.333333333333333,407800.0,7.87113618850708,0.0
5.35,407800.0,7.888962745666504,0.0
5.366666666666666,407800.0,7.9066162109375,0.0
5.383333333333334,407800.0,7.924102306365967,0.0
5.4,407800.0,7.941494941711426,0.0
5.416666666666667,407800.0,7.95870304107666,0.0
5.433333333333334,407800.0,7.975795745849609,0.0
5.45,407800.0,7.992741584777832,0.0
5.466666666666667,407800.0,8.00954818725586,0.0
5.483333333333333,407800.0,8.026211738586426,0.0
5.5,407800.0,8.042747497558594,0.0
5.516666666666667,407800.0,8.059141159057617,0.0
5.533333333333333,407800.0,8.075390815734863,0.0
5.55,407800.0,8.091554641723633,0.0
5.566666666666666,407800.0,8.107538223266602,0.0
5.583333333333333,407800.0,8.123357772827148,0.0
5.6,407800.0,8.139126777648926,0.0
5.616666666666666,407800.0,8.1547212600708,0.0
5.633333333333334,407800.0,8.170194625854492,0.0
5.65,407800.0,8.185563087463379,0.0
5.666666666666667,407800.0,8.200736999511719,0.0
5.683333333333334,407800.0,8.21583366394043,0.0
5.7,407800.0,8.230707168579102,0.0
5.716666666666667,407800.0,8.24545955657959,0.0
5.733333333333333,407800.0,8.2601318359375,0.0
5.75,407800.0,8.274681091308594,0.0
5.766666666666667,407800.0,8.289074897766113,0.0
5.783333333333333,407800.0,8.303369522094727,0.0
5.8,407800.0,8.31755256652832,0.0
5.816666666666666,407800.0,8.331634521484375,0.0
5.833333333333333,407800.0,8.345531463623047,0.0
5.85,407800.0,8.35936164855957,0.0
5.866666666666666,407800.0,8.373029708862305,0.0
5.883333333333334,407800.0,8.386579513549805,0.0
5.9,407800.0,8.400093078613281,0.0
5.916666666666667,407800.0,8.413370132446289,0.0
5.933333333333334,407800.0,8.426586151123047,0.0
5.95,407800.0,8.439658164978027,0.0
5.966666666666667,407800.0,8.452701568603516,0.0
5.983333333333333,407800.0,8.465595245361328,0.0
6.0,407800.0,8.478355407714844,0.0
6.016666666666667,407800.0,8.490931510925293,0.0
6.033333333333333,407800.0,8.503501892089844,0.0
6.05,407800.0,8.515917778015137,0.0
6.066666666666666,407800.0,8.52817153930664,0.0
6.083333333333333,407800.0,8.54029369354248,0.0
6.1,407800.0,8.552372932434082,0.0
6.116666666666666,407800.0,8.564352035522461,0.0
6.133333333333334,407800.0,8.576178550720215,0.0
6.15,407800.0,8.587862968444824,0.0
6.166666666666667,407800.0,8.599547386169434,0.0
6.183333333333334,407800.0,8.611151695251465,0.0
6.2,407800.0,8.622636795043945,0.0
6.216666666666667,407800.0,8.633918762207031,0.0
6.233333333333333,407800.0,8.645167350769043,0.0
6.25,407800.0,8.656221389770508,0.0
6.266666666666667,407800.0,8.667181015014648,0.0
6.283333333333333,407800.0,8.678140640258789,0.0
6.3,407800.0,8.688945770263672,0.0
6.316666666666666,407800.0,8.69961929321289,0.0
6.333333333333333,407800.0,8.710256576538086,0.0
6.35,407800.0,8.720743179321289,0.0
6.366666666666666,407800.0,8.73114013671875,0.0
6.383333333333334,407800.0,8.741512298583984,0.0
6.4,407800.0,8.751811981201172,0.0
6.416666666666667,407800.0,8.76196575164795,0.0
6.433333333333334,407800.0,8.77203369140625,0.0
6.45,407800.0,8.782026290893555,0.0
6.466666666666667,407800.0,8.79191780090332,0.0
6.483333333333333,407800.0,8.801712036132812,0.0
6.5,407800.0,8.811382293701172,0.0
6.516666666666667,407800.0,8.820987701416016,0.0
6.533333333333333,407800.0,8.830467224121094,0.0
6.55,407800.0,8.839921951293945,0.0
6.566666666666666,407800.0,8.84926986694336,0.0
6.583333333333333,407800.0,8.858551025390625,0.0
6.6,407800.0,8.86764907836914,0.0
6.616666666666666,407800.0,8.87672233581543,0.0
6.633333333333334,407800.0,8.885747909545898,0.0
6.65,407800.0,8.894718170166016,0.0
6.666666666666667,407800.0,8.903536796569824,0.0
6.683333333333334,407800.0,8.912307739257812,0.0
6.7,407800.0,8.921010971069336,0.0
6.716666666666667,407800.0,8.929622650146484,0.0
6.733333333333333,407800.0,8.938085556030273,0.0
6.75,407800.0,8.946466445922852,0.0
6.766666666666667,407800.0,8.95484733581543,0.0
6.783333333333333,407800.0,8.963159561157227,0.0
6.8,407800.0,8.97138500213623,0.0
6.816666666666666,407800.0,8.97950553894043,0.0
6.833333333333333,407800.0,8.987564086914062,0.0
6.85,407800.0,8.995532989501953,0.0
6.866666666666666,407800.0,9.003438949584961,0.0
6.883333333333334,407800.0,9.011240005493164,0.0
6.9,407800.0,9.01899528503418,0.0
6.916666666666667,407800.0,9.026710510253906,0.0
6.933333333333334,407800.0,9.034294128417969,0.0
6.95,407800.0,9.041858673095703,0.0
6.966666666666667,407800.0,9.04932975769043,0.0
6.983333333333333,407800.0,9.056743621826172,0.0
7.0,407800.0,9.06403636932373,0.0
7.016666666666667,407800.0,9.0712890625,0.0
7.033333333333333,407800.0,9.078524589538574,0.0
7.05,407800.0,9.085651397705078,0.0
7.066666666666666,407800.0,9.092717170715332,0.0
7.083333333333333,407800.0,9.099641799926758,0.0
7.1,407800.0,9.106460571289062,0.0
7.116666666666666,407800.0,9.113245010375977,0.0
7.133333333333334,407800.0,9.120014190673828,0.0
7.15,407800.0,9.126731872558594,0.0
7.166666666666667,407800.0,9.133347511291504,0.0
7.183333333333334,407800.0,9.13994312286377,0.0
7.2,407800.0,9.146510124206543,0.0
7.216666666666667,407800.0,9.152963638305664,0.0
7.233333333333333,407800.0,9.15932846069336,0.0
7.25,407800.0,9.165568351745605,0.0
7.266666666666667,407800.0,9.171753883361816,0.0
7.283333333333333,407800.0,9.177921295166016,0.0
7.3,407800.0,9.184072494506836,0.0
7.316666666666666,407800.0,9.190196990966797,0.0
7.333333333333333,407800.0,9.196206092834473,0.0
7.35,407800.0,9.202130317687988,0.0
7.366666666666666,407800.0,9.208022117614746,0.0
7.383333333333334,407800.0,9.2138671875,0.0
7.4,407800.0,9.219722747802734,0.0
7.416666666666667,407800.0,9.225536346435547,0.0
7.433333333333334,407800.0,9.231335639953613,0.0
7.45,407800.0,9.236950874328613,0.0
7.466666666666667,407800.0,9.24252986907959,0.0
7.483333333333333,407800.0,9.24806022644043,0.0
7.5,407800.0,9.253545761108398,0.0
7.516666666666667,407800.0,9.259011268615723,0.0
7.533333333333333,407800.0,9.264350891113281,0.0
7.55,407800.0,9.269669532775879,0.0
7.566666666666666,407800.0,9.274893760681152,0.0
7.583333333333333,407800.0,9.280096054077148,0.0
7.6,407800.0,9.285253524780273,0.0
7.616666666666666,407800.0,9.290321350097656,0.0
7.633333333333334,407800.0,9.295350074768066,0.0
7.65,407800.0,9.300361633300781,0.0
7.666666666666667,407800.0,9.305355072021484,0.0
7.683333333333334,407800.0,9.31029987335205,0.0
7.7,407800.0,9.315183639526367,0.0
7.716666666666667,407800.0,9.320028305053711,0.0
7.733333333333333,407800.0,9.324777603149414,0.0
7.75,407800.0,9.329451560974121,0.0
7.766666666666667,407800.0,9.334041595458984,0.0
7.783333333333333,407800.0,9.33858871459961,0.0
7.8,407800.0,9.34312629699707,0.0
7.816666666666666,407800.0,9.347671508789062,0.0
7.833333333333333,407800.0,9.352222442626953,0.0
7.85,407800.0,9.356735229492188,0.0
7.866666666666666,407800.0,9.361143112182617,0.0
7.883333333333334,407800.0,9.365493774414062,0.0
7.9,407800.0,9.369731903076172,0.0
7.916666666666667,407800.0,9.373922348022461,0.0
7.933333333333334,407800.0,9.378037452697754,0.0
7.95,407800.0,9.38209056854248,0.0
7.966666666666667,407800.0,9.386140823364258,0.0
7.983333333333333,407800.0,9.390192985534668,0.0
8.0,407800.0,9.394225120544434,0.0
8.016666666666667,407800.0,9.39825439453125,0.0
8.033333333333333,407800.0,9.402260780334473,0.0
8.05,407800.0,9.406229972839355,0.0
8.066666666666666,407800.0,9.410188674926758,0.0
8.083333333333334,407800.0,9.414108276367188,0.0
8.1,407800.0,9.417986869812012,0.0
8.116666666666667,407800.0,9.421854019165039,0.0
8.133333333333333,407800.0,9.425640106201172,0.0
8.15,407800.0,9.429322242736816,0.0
8.166666666666666,407800.0,9.432982444763184,0.0
8.183333333333334,407800.0,9.43659782409668,0.0
8.2,407800.0,9.44021224975586,0.0
8.216666666666667,407800.0,9.443803787231445,0.0
8.233333333333333,407800.0,9.447386741638184,0.0
8.25,407800.0,9.450950622558594,0.0
8.266666666666667,407800.0,9.454496383666992,0.0
8.283333333333333,407800.0,9.457995414733887,0.0
8.3,407800.0,9.461324691772461,0.0
8.316666666666666,407800.0,9.464588165283203,0.0
8.333333333333334,407800.0,9.467845916748047,0.0
8.35,407800.0,9.471086502075195,0.0
8.366666666666667,407800.0,9.474309921264648,0.0
8.383333333333333,407800.0,9.477533340454102,0.0
8.4,407800.0,9.480756759643555,0.0
8.416666666666666,407800.0,9.483898162841797,0.0
8.433333333333334,407800.0,9.487014770507812,0.0
8.45,407800.0,9.490127563476562,0.0
8.466666666666667,407800.0,9.493210792541504,0.0
8.483333333333333,407800.0,9.496194839477539,0.0
8.5,407800.0,9.499160766601562,0.0
8.516666666666667,407800.0,9.502107620239258,0.0
8.533333333333333,407800.0,9.505041122436523,0.0
8.55,407800.0,9.507972717285156,0.0
8.566666666666666,407800.0,9.51087760925293,0.0
8.583333333333334,407800.0,9.513733863830566,0.0
8.6,407800.0,9.516501426696777,0.0
8.616666666666667,407800.0,9.519264221191406,0.0
8.633333333333333,407800.0,9.522027015686035,0.0
8.65,407800.0,9.52479076385498,0.0
8.666666666666666,407800.0,9.52755355834961,0.0
8.683333333333334,407800.0,9.530290603637695,0.0
8.7,407800.0,9.532962799072266,0.0
8.716666666666667,407800.0,9.535602569580078,0.0
8.733333333333333,407800.0,9.538192749023438,0.0
8.75,407800.0,9.540732383728027,0.0
8.766666666666667,407800.0,9.543156623840332,0.0
8.783333333333333,407800.0,9.545574188232422,0.0
8.8,407800.0,9.547983169555664,0.0
8.816666666666666,407800.0,9.55031681060791,0.0
8.833333333333334,407800.0,9.552647590637207,0.0
8.85,407800.0,9.554974555969238,0.0
8.866666666666667,407800.0,9.557291030883789,0.0
8.883333333333333,407800.0,9.559608459472656,0.0
8.9,407800.0,9.561929702758789,0.0
8.916666666666666,407800.0,9.564249038696289,0.0
8.933333333333334,407800.0,9.566556930541992,0.0
8.95,407800.0,9.568862915039062,0.0
8.966666666666667,407800.0,9.571168899536133,0.0
8.983333333333333,407800.0,9.573465347290039,0.0
9.0,407800.0,9.575740814208984,0.0
9.016666666666667,407800.0,9.577947616577148,0.0
9.033333333333333,407800.0,9.580065727233887,0.0
9.05,407800.0,9.582179069519043,0.0
9.066666666666666,407800.0,9.58426570892334,0.0
9.083333333333334,407800.0,9.58627986907959,0.0
9.1,407800.0,9.58829402923584,0.0
9.116666666666667,407800.0,9.590291023254395,0.0
9.133333333333333,407800.0,9.592286109924316,0.0
9.15,407800.0,9.594273567199707,0.0
9.166666666666666,407800.0,9.596257209777832,0.0
9.183333333333334,407800.0,9.598238945007324,0.0
9.2,407800.0,9.60021686553955,0.0
9.216666666666667,407800.0,9.602190971374512,0.0
9.233333333333333,407800.0,9.604166984558105,0.0
9.25,407800.0,9.606135368347168,0.0
9.266666666666667,407800.0,9.608092308044434,0.0
9.283333333333333,407800.0,9.610026359558105,0.0
9.3,407800.0,9.611960411071777,0.0
9.316666666666666,407800.0,9.613773345947266,0.0
9.333333333333334,407800.0,9.61551284790039,0.0
9.35,407800.0,9.617218017578125,0.0
9.366666666666667,407800.0,9.618892669677734,0.0
9.383333333333333,407800.0,9.620553016662598,0.0
9.4,407800.0,9.622209548950195,0.0
9.416666666666666,407800.0,9.62386703491211,0.0
9.433333333333334,407800.0,9.625507354736328,0.0
9.45,407800.0,9.627143859863281,0.0
9.466666666666667,407800.0,9.628767013549805,0.0
9.483333333333333,407800.0,9.630378723144531,0.0
9.5,407800.0,9.631990432739258,0.0
9.516666666666667,407800.0,9.633586883544922,0.0
9.533333333333333,407800.0,9.635069847106934,0.0
9.55,407800.0,9.636539459228516,0.0
9.566666666666666,407800.0,9.638004302978516,0.0
9.583333333333334,407800.0,9.639466285705566,0.0
9.6,407800.0,9.640924453735352,0.0
9.616666666666667,407800.0,9.642374992370605,0.0
9.633333333333333,407800.0,9.643819808959961,0.0
9.65,407800.0,9.64521598815918,0.0
9.666666666666666,407800.0,9.646592140197754,0.0
9.683333333333334,407800.0,9.647968292236328,0.0
9.7,407800.0,9.649341583251953,0.0
9.716666666666667,407800.0,9.650712013244629,0.0
9.733333333333333,407800.0,9.65207290649414,0.0
9.75,407800.0,9.65343189239502,0.0
9.766666666666667,407800.0,9.654780387878418,0.0
9.783333333333333,407800.0,9.656121253967285,0.0
9.8,407800.0,9.657455444335938,0.0
9.816666666666666,407800.0,9.658782958984375,0.0
9.833333333333334,407800.0,9.660099029541016,0.0
9.85,407800.0,9.661407470703125,0.0
9.866666666666667,407800.0,9.66270637512207,0.0
9.883333333333333,407800.0,9.664003372192383,0.0
9.9,407800.0,9.665292739868164,0.0
9.916666666666666,407800.0,9.666561126708984,0.0
9.933333333333334,407800.0,9.667743682861328,0.0
9.95,407800.0,9.668903350830078,0.0
9.966666666666667,407800.0,9.670063972473145,0.0
9.983333333333333,407800.0,9.671223640441895,0.0
10.0,407800.0,9.67237377166748,0.0
10.016666666666667,407800.0,9.673501968383789,0.0
0.0,498000.0,9.997027397155762,0.0
0.016666666666666666,498000.0,9.48519515991211,0.0
0.03333333333333333,498000.0,8.968160629272461,0.0
0.05,498000.0,8.450687408447266,0.0
0.06666666666666667,498000.0,7.9432854652404785,0.0
0.08333333333333333,498000.0,7.435159683227539,0.0
0.1,498000.0,6.918317794799805,0.0
0.11666666666666667,498000.0,6.420487403869629,0.0
0.13333333333333333,498000.0,5.924028396606445,0.0
0.15,498000.0,5.417365074157715,0.0
0.16666666666666666,498000.0,4.9323530197143555,0.0
0.18333333333333332,498000.0,4.454648017883301,0.0
0.2,498000.0,3.9632139205932617,0.0
0.21666666666666667,498000.0,3.495474100112915,0.0
0.23333333333333334,498000.0,3.0487780570983887,0.0
0.25,498000.0,2.581629991531372,0.0
0.26666666666666666,498000.0,2.142848253250122,0.0
0.2833333333333333,498000.0,1.732308268547058,0.0
0.3,498000.0,1.3303956985473633,0.0
0.31666666666666665,498000.0,0.9577315449714661,0.7109004739336493
0.3333333333333333,498000.0,0.6426501870155334,5.687203791469194
0.35,498000.0,0.38191211223602295,6.6350710900473935
0.36666666666666664,498000.0,0.22064658999443054,5.687203791469194
0.38333333333333336,498000.0,0.10991345345973969,4.502369668246446
0.4,498000.0,0.06381075084209442,4.028436018957346
0.4166666666666667,498000.0,0.05672575160861015,3.5545023696682465
0.43333333333333335,498000.0,0.08335040509700775,1.8957345971563981
0.45,498000.0,0.15421105921268463,1.4218009478672986
0.4666666666666667,498000.0,0.28936144709587097,0.9478672985781991
0.48333333333333334,498000.0,0.5104126930236816,0.23696682464454977
0.5,498000.0,0.830096423625946,0.23696682464454977
0.5166666666666667,498000.0,1.2454493045806885,0.0
0.5333333333333333,498000.0,1.6931558847427368,0.0
0.55,498000.0,1.5534021854400635,0.0
0.5666666666666667,498000.0,1.4207968711853027,0.0
0.5833333333333334,498000.0,1.2839274406433105,0.0
0.6,498000.0,1.1631889343261719,0.0
0.6166666666666667,498000.0,1.0577616691589355,0.0
0.6333333333333333,498000.0,0.9666914939880371,0.9478672985781991
0.65,498000.0,0.8861863613128662,2.843601895734597
0.6666666666666666,498000.0,0.7879107594490051,4.739336492890995
0.6833333333333333,498000.0,0.7050167918205261,7.109004739336493
0.7,498000.0,0.636121928691864,8.056872037914692
0.7166666666666667,498000.0,0.5797913074493408,9.47867298578199
0.7333333333333333,498000.0,0.5346081256866455,10.90047393364929
0.75,498000.0,0.4992300570011139,12.322274881516588
0.7666666666666667,498000.0,0.4473341107368469,13.270142180094787
0.7833333333333333,498000.0,0.4038417339324951,13.744075829383887
0.8,498000.0,0.37008219957351685,16.113744075829384
0.8166666666666667,498000.0,0.34472113847732544,17.061611374407583
0.8333333333333334,498000.0,0.32660233974456787,19.431279620853083
0.85,498000.0,0.3110199272632599,21.32701421800948
0.8666666666666667,498000.0,0.29937732219696045,23.696682464454977
0.8833333333333333,498000.0,0.2687933146953583,26.066350710900476
0.9,498000.0,0.24422277510166168,33.175355450236964
0.9166666666666666,498000.0,0.2269655168056488,35.78199052132701
0.9333333333333333,498000.0,0.21605539321899414,40.52132701421801
0.95,498000.0,0.21070541441440582,42.18009478672986
0.9666666666666667,498000.0,0.20296019315719604,43.838862559241704
0.9833333333333333,498000.0,0.18218448758125305,44.54976303317535
1.0,498000.0,0.16226980090141296,43.838862559241704
1.0166666666666666,498000.0,0.14716941118240356,43.60189573459716
1.0333333333333334,498000.0,0.1373021900653839,42.41706161137441
1.05,498000.0,0.12627874314785004,41.46919431279621
1.0666666666666667,498000.0,0.10969533771276474,40.52132701421801
1.0833333333333333,498000.0,0.08868658542633057,39.09952606635071
1.1,498000.0,0.06934855878353119,38.15165876777251
1.1166666666666667,498000.0,0.05307064950466156,36.96682464454976
1.1333333333333333,498000.0,0.03972005471587181,36.018957345971565
1.15,498000.0,0.0318586528301239,36.018957345971565
1.1666666666666667,498000.0,0.0275124479085207,34.59715639810427
1.1833333333333333,498000.0,0.025553790852427483,33.88625592417062
1.2,498000.0,0.025390520691871643,32.46445497630332
1.2166666666666666,498000.0,0.02677045948803425,31.990521327014214
1.2333333333333334,498000.0,0.02966664358973503,30.33175355450237
1.25,498000.0,0.03421097621321678,29.85781990521327
1.2666666666666666,498000.0,0.040654685348272324,28.436018957345972
1.2833333333333334,498000.0,0.04934019222855568,27.96208530805687
1.3,498000.0,0.0606754906475544,26.303317535545023
1.3166666666666667,498000.0,0.0691826194524765,26.303317535545023
1.3333333333333333,498000.0,0.07877449691295624,25.355450236966824
1.35,498000.0,0.09108436852693558,24.644549763033176
1.3666666666666667,498000.0,0.10653327405452728,22.748815165876778
1.3833333333333333,498000.0,0.12551185488700867,22.748815165876778
1.4,498000.0,0.14833995699882507,21.32701421800948
1.4166666666666667,498000.0,0.17522567510604858,20.14218009478673
1.4333333333333333,498000.0,0.20623134076595306,19.66824644549763
1.45,498000.0,0.2412489652633667,19.194312796208532
1.4666666666666666,498000.0,0.2799941897392273,18.009478672985782
1.4833333333333334,498000.0,0.3220136761665344,17.535545023696685
1.5,498000.0,0.36671215295791626,17.535545023696685
1.5166666666666666,498000.0,0.413390576839447,15.165876777251185
1.5333333333333334,498000.0,0.4612857699394226,13.033175355450238
1.55,498000.0,0.5096206068992615,12.559241706161137
1.5666666666666667,498000.0,0.5576421022415161,12.559241706161137
1.5833333333333333,498000.0,0.6046590209007263,12.559241706161137
1.6,498000.0,0.6500652432441711,11.61137440758294
1.6166666666666667,498000.0,0.6933578252792358,9.47867298578199
1.6333333333333333,498000.0,0.7341505289077759,8.530805687203792
1.65,498000.0,0.7721724510192871,8.056872037914692
1.6666666666666667,498000.0,0.8072655200958252,7.109004739336493
1.6833333333333333,498000.0,0.8393768072128296,6.6350710900473935
1.7,498000.0,0.8670605421066284,6.161137440758294
1.7166666666666666,498000.0,0.8852454423904419,4.502369668246446
1.7333333333333334,498000.0,0.9035674333572388,3.5545023696682465
1.75,498000.0,0.9221389293670654,3.080568720379147
1.7666666666666666,498000.0,0.9410678148269653,1.6587677725118484
1.7833333333333334,498000.0,0.9604542255401611,1.6587677725118484
1.8,498000.0,0.9803956747055054,1.1848341232227488
1.8166666666666667,498000.0,1.0009772777557373,0.0
1.8333333333333333,498000.0,1.0221033096313477,0.0
1.85,498000.0,1.036947250366211,0.0
1.8666666666666667,498000.0,1.050966739654541,0.0
1.8833333333333333,498000.0,1.0652186870574951,0.0
1.9,498000.0,1.0799672603607178,0.0
1.9166666666666667,498000.0,1.0954511165618896,0.0
1.9333333333333333,498000.0,1.1118769645690918,0.0
1.95,498000.0,1.1294243335723877,0.0
1.9666666666666666,498000.0,1.1482399702072144,0.0
1.9833333333333334,498000.0,1.1684447526931763,0.0
2.0,498000.0,1.1901307106018066,0.0
2.0166666666666666,498000.0,1.2133643627166748,0.0
2.033333333333333,498000.0,1.2381880283355713,0.0
2.05,498000.0,1.2646245956420898,0.0
2.066666666666667,498000.0,1.292675256729126,0.0
2.0833333333333335,498000.0,1.3223214149475098,0.0
2.1,498000.0,1.353533148765564,0.0
2.1166666666666667,498000.0,1.386261224746704,0.0
2.1333333333333333,498000.0,1.4204542636871338,0.0
2.15,498000.0,1.4560420513153076,0.0
2.1666666666666665,498000.0,1.4929471015930176,0.0
2.183333333333333,498000.0,1.5310900211334229,0.0
2.2,498000.0,1.570381760597229,0.0
2.216666666666667,498000.0,1.6107300519943237,0.0
2.2333333333333334,498000.0,1.6520450115203857,0.0
2.25,498000.0,1.694229006767273,0.0
2.2666666666666666,498000.0,1.7371867895126343,0.0
2.283333333333333,498000.0,1.7808257341384888,0.0
2.3,498000.0,1.8250534534454346,0.0
2.316666666666667,498000.0,1.8697757720947266,0.0
2.3333333333333335,498000.0,1.9149062633514404,0.0
2.35,498000.0,1.9603567123413086,0.0
2.3666666666666667,498000.0,2.006052017211914,0.0
2.3833333333333333,498000.0,2.051926851272583,0.0
2.4,498000.0,2.097883701324463,0.0
2.4166666666666665,498000.0,2.1438801288604736,0.0
2.433333333333333,498000.0,2.189845561981201,0.0
2.45,498000.0,2.2357516288757324,0.0
2.466666666666667,498000.0,2.281541585922241,0.0
2.4833333333333334,498000.0,2.3271708488464355,0.0
2.5,498000.0,2.3726065158843994,0.0
2.5166666666666666,498000.0,2.417816162109375,0.0
2.533333333333333,498000.0,2.462773084640503,0.0
2.55,498000.0,2.507460594177246,0.0
2.566666666666667,498000.0,2.551870822906494,0.0
2.5833333333333335,498000.0,2.5959904193878174,0.0
2.6,498000.0,2.6398181915283203,0.0
2.6166666666666667,498000.0,2.683353900909424,0.0
2.6333333333333333,498000.0,2.7266039848327637,0.0
2.65,498000.0,2.769575595855713,0.0
2.6666666666666665,498000.0,2.8122823238372803,0.0
2.683333333333333,498000.0,2.8547375202178955,0.0
2.7,498000.0,2.89694881439209,0.0
2.716666666666667,498000.0,2.938941478729248,0.0
2.7333333333333334,498000.0,2.98073410987854,0.0
2.75,498000.0,3.0223441123962402,0.0
2.7666666666666666,498000.0,3.0637989044189453,0.0
2.783333333333333,498000.0,3.105100154876709,0.0
2.8,498000.0,3.146277666091919,0.0
2.816666666666667,498000.0,3.187351703643799,0.0
2.8333333333333335,498000.0,3.228339672088623,0.0
2.85,498000.0,3.2692644596099854,0.0
2.8666666666666667,498000.0,3.3101212978363037,0.0
2.8833333333333333,498000.0,3.3509411811828613,0.0
2.9,498000.0,3.3917195796966553,0.0
2.9166666666666665,498000.0,3.4324612617492676,0.0
2.933333333333333,498000.0,3.473193645477295,0.0
2.95,498000.0,3.513909339904785,0.0
2.966666666666667,498000.0,3.554616928100586,0.0
2.9833333333333334,498000.0,3.595317840576172,0.0
3.0,498000.0,3.6360268592834473,0.0
3.0166666666666666,498000.0,3.6767311096191406,0.0
3.033333333333333,498000.0,3.717414617538452,0.0
3.05,498000.0,3.7580676078796387,0.0
3.066666666666667,498000.0,3.798694133758545,0.0
3.0833333333333335,498000.0,3.8393092155456543,0.0
3.1,498000.0,3.8799242973327637,0.0
3.1166666666666667,498000.0,3.9204812049865723,0.0
3.1333333333333333,498000.0,3.9609789848327637,0.0
3.15,498000.0,4.001432418823242,0.0
3.1666666666666665,498000.0,4.041817665100098,0.0
3.183333333333333,498000.0,4.082146644592285,0.0
3.2,498000.0,4.12241792678833,0.0
3.216666666666667,498000.0,4.162554740905762,0.0
3.2333333333333334,498000.0,4.202628135681152,0.0
3.25,498000.0,4.242594242095947,0.0
3.2666666666666666,498000.0,4.282465934753418,0.0
3.283333333333333,498000.0,4.322181224822998,0.0
3.3,498000.0,4.361808776855469,0.0
3.316666666666667,498000.0,4.401273250579834,0.0
3.3333333333333335,498000.0,4.440617084503174,0.0
3.35,498000.0,4.479800224304199,0.0
3.3666666666666667,498000.0,4.518810272216797,0.0
3.3833333333333333,498000.0,4.557677268981934,0.0
3.4,498000.0,4.596382141113281,0.0
3.4166666666666665,498000.0,4.6349029541015625,0.0
3.433333333333333,498000.0,4.673246383666992,0.0
3.45,498000.0,4.711422920227051,0.0
3.466666666666667,498000.0,4.7494096755981445,0.0
3.4833333333333334,498000.0,4.7872138023376465,0.0
3.5,498000.0,4.824843406677246,0.0
3.5166666666666666,498000.0,4.862274169921875,0.0
3.533333333333333,498000.0,4.899508476257324,0.0
3.55,498000.0,4.936542510986328,0.0
3.566666666666667,498000.0,4.973384380340576,0.0
3.5833333333333335,498000.0,5.010038375854492,0.0
3.6,498000.0,5.046502590179443,0.0
3.6166666666666667,498000.0,5.082780361175537,0.0
3.6333333333333333,498000.0,5.118847846984863,0.0
3.65,498000.0,5.154706001281738,0.0
3.6666666666666665,498000.0,5.190402984619141,0.0
3.683333333333333,498000.0,5.225917339324951,0.0
3.7,498000.0,5.261226654052734,0.0
3.716666666666667,498000.0,5.296338081359863,0.0
3.7333333333333334,498000.0,5.331275463104248,0.0
3.75,498000.0,5.366008758544922,0.0
3.7666666666666666,498000.0,5.40056037902832,0.0
3.783333333333333,498000.0,5.434930324554443,0.0
3.8,498000.0,5.469113349914551,0.0
3.816666666666667,498000.0,5.503091335296631,0.0
3.8333333333333335,498000.0,5.536907196044922,0.0
3.85,498000.0,5.570528030395508,0.0
3.8666666666666667,498000.0,5.603975296020508,0.0
3.8833333333333333,498000.0,5.637235641479492,0.0
3.9,498000.0,5.670309066772461,0.0
3.9166666666666665,498000.0,5.703195095062256,0.0
3.933333333333333,498000.0,5.735901832580566,0.0
3.95,498000.0,5.768418788909912,0.0
3.966666666666667,498000.0,5.800742149353027,0.0
3.9833333333333334,498000.0,5.832902431488037,0.0
4.0,498000.0,5.864861011505127,0.0
4.016666666666667,498000.0,5.8966593742370605,0.0
4.033333333333333,498000.0,5.9282546043396,0.0
4.05,498000.0,5.959667205810547,0.0
4.066666666666666,498000.0,5.990909576416016,0.0
4.083333333333333,498000.0,6.021938323974609,0.0
4.1,498000.0,6.052797317504883,0.0
4.116666666666666,498000.0,6.083445072174072,0.0
4.133333333333334,498000.0,6.113880157470703,0.0
4.15,498000.0,6.144167900085449,0.0
4.166666666666667,498000.0,6.174246788024902,0.0
4.183333333333334,498000.0,6.204155921936035,0.0
4.2,498000.0,6.2338690757751465,0.0
4.216666666666667,498000.0,6.26334285736084,0.0
4.233333333333333,498000.0,6.292677879333496,0.0
4.25,498000.0,6.321797847747803,0.0
4.266666666666667,498000.0,6.3507490158081055,0.0
4.283333333333333,498000.0,6.37950325012207,0.0
4.3,498000.0,6.408038139343262,0.0
4.316666666666666,498000.0,6.436397075653076,0.0
4.333333333333333,498000.0,6.4645843505859375,0.0
4.35,498000.0,6.492581367492676,0.0
4.366666666666666,498000.0,6.520388603210449,0.0
4.383333333333334,498000.0,6.547999382019043,0.0
4.4,498000.0,6.575404644012451,0.0
4.416666666666667,498000.0,6.602655410766602,0.0
4.433333333333334,498000.0,6.629704475402832,0.0
4.45,498000.0,6.656562805175781,0.0
4.466666666666667,498000.0,6.683220863342285,0.0
4.483333333333333,498000.0,6.709694862365723,0.0
4.5,498000.0,6.736008644104004,0.0
4.516666666666667,498000.0,6.762129783630371,0.0
4.533333333333333,498000.0,6.788052558898926,0.0
4.55,498000.0,6.813787937164307,0.0
4.566666666666666,498000.0,6.8393449783325195,0.0
4.583333333333333,498000.0,6.86474084854126,0.0
4.6,498000.0,6.889922618865967,0.0
4.616666666666666,498000.0,6.9149675369262695,0.0
4.633333333333334,498000.0,6.939803123474121,0.0
4.65,498000.0,6.96445369720459,0.0
4.666666666666667,498000.0,6.988921165466309,0.0
4.683333333333334,498000.0,7.013219833374023,0.0
4.7,498000.0,7.037349224090576,0.0
4.716666666666667,498000.0,7.06129264831543,0.0
4.733333333333333,498000.0,7.085050106048584,0.0
4.75,498000.0,7.108649730682373,0.0
4.766666666666667,498000.0,7.132070064544678,0.0
4.783333333333333,498000.0,7.15529727935791,0.0
4.8,498000.0,7.178373336791992,0.0
4.816666666666666,498000.0,7.201263427734375,0.0
4.833333333333333,498000.0,7.223982810974121,0.0
4.85,498000.0,7.246527671813965,0.0
4.866666666666666,498000.0,7.268913745880127,0.0
4.883333333333334,498000.0,7.291132926940918,0.0
4.9,498000.0,7.3131561279296875,0.0
4.916666666666667,498000.0,7.335017681121826,0.0
4.933333333333334,498000.0,7.356705665588379,0.0
4.95,498000.0,7.378243446350098,0.0
4.966666666666667,498000.0,7.399588584899902,0.0
4.983333333333333,498000.0,7.4207963943481445,0.0
5.0,498000.0,7.44182014465332,0.0
5.016666666666667,498000.0,7.462682723999023,0.0
5.033333333333333,498000.0,7.483381271362305,0.0
5.05,498000.0,7.503944396972656,0.0
5.066666666666666,498000.0,7.5243000984191895,0.0
5.083333333333333,498000.0,7.544528007507324,0.0
5.1,498000.0,7.564579963684082,0.0
5.116666666666666,498000.0,7.584475994110107,0.0
5.133333333333334,498000.0,7.604194641113281,0.0
5.15,498000.0,7.62376594543457,0.0
5.166666666666667,498000.0,7.643150329589844,0.0
5.183333333333334,498000.0,7.662420272827148,0.0
5.2,498000.0,7.681504249572754,0.0
5.216666666666667,498000.0,7.700434684753418,0.0
5.233333333333333,498000.0,7.719226837158203,0.0
5.25,498000.0,7.7378644943237305,0.0
5.266666666666667,498000.0,7.756320953369141,0.0
5.283333333333333,498000.0,7.774664402008057,0.0
5.3,498000.0,7.792839527130127,0.0
5.316666666666666,498000.0,7.810865879058838,0.0
5.333333333333333,498000.0,7.828751087188721,0.0
5.35,498000.0,7.84649658203125,0.0
5.366666666666666,498000.0,7.864103317260742,0.0
5.383333333333334,498000.0,7.881518363952637,0.0
5.4,498000.0,7.898836612701416,0.0
5.416666666666667,498000.0,7.915987968444824,0.0
5.433333333333334,498000.0,7.933002948760986,0.0
5.45,498000.0,7.949891090393066,0.0
5.466666666666667,498000.0,7.966625213623047,0.0
5.483333333333333,498000.0,7.983243942260742,0.0
5.5,498000.0,7.999696254730225,0.0
5.516666666666667,498000.0,8.016053199768066,0.0
5.533333333333333,498000.0,8.032270431518555,0.0
5.55,498000.0,8.048323631286621,0.0
5.566666666666666,498000.0,8.064199447631836,0.0
5.583333333333333,498000.0,8.079994201660156,0.0
5.6,498000.0,8.09566879272461,0.0
5.616666666666666,498000.0,8.111186027526855,0.0
5.633333333333334,498000.0,8.126648902893066,0.0
5.65,498000.0,8.141905784606934,0.0
5.666666666666667,498000.0,8.15705680847168,0.0
5.683333333333334,498000.0,8.172134399414062,0.0
5.7,498000.0,8.187005996704102,0.0
5.716666666666667,498000.0,8.201772689819336,0.0
5.733333333333333,498000.0,8.216403007507324,0.0
5.75,498000.0,8.230907440185547,0.0
5.766666666666667,498000.0,8.245293617248535,0.0
5.783333333333333,498000.0,8.259506225585938,0.0
5.8,498000.0,8.273589134216309,0.0
5.816666666666666,498000.0,8.287611961364746,0.0
5.833333333333333,498000.0,8.301530838012695,0.0
5.85,498000.0,8.31531047821045,0.0
5.866666666666666,498000.0,8.328964233398438,0.0
5.883333333333334,498000.0,8.34250259399414,0.0
5.9,498000.0,8.355915069580078,0.0
5.916666666666667,498000.0,8.369163513183594,0.0
5.933333333333334,498000.0,8.382268905639648,0.0
5.95,498000.0,8.395293235778809,0.0
5.966666666666667,498000.0,8.408206939697266,0.0
5.983333333333333,498000.0,8.421035766601562,0.0
6.0,498000.0,8.433752059936523,0.0
6.016666666666667,498000.0,8.44632339477539,0.0
6.033333333333333,498000.0,8.458810806274414,0.0
6.05,498000.0,8.47123908996582,0.0
6.066666666666666,498000.0,8.483512878417969,0.0
6.083333333333333,498000.0,8.495683670043945,0.0
6.1,498000.0,8.50766372680664,0.0
6.116666666666666,498000.0,8.519532203674316,0.0
6.133333333333334,498000.0,8.531275749206543,0.0
6.15,498000.0,8.542925834655762,0.0
6.166666666666667,498000.0,8.554529190063477,0.0
6.183333333333334,498000.0,8.566019058227539,0.0
6.2,498000.0,8.577411651611328,0.0
6.216666666666667,498000.0,8.58873176574707,0.0
6.233333333333333,498000.0,8.599949836730957,0.0
6.25,498000.0,8.611068725585938,0.0
6.266666666666667,498000.0,8.622028350830078,0.0
6.283333333333333,498000.0,8.63298225402832,0.0
6.3,498000.0,8.64376449584961,0.0
6.316666666666666,498000.0,8.654401779174805,0.0
6.333333333333333,498000.0,8.6650390625,0.0
6.35,498000.0,8.675496101379395,0.0
6.366666666666666,498000.0,8.685857772827148,0.0
6.383333333333334,498000.0,8.696172714233398,0.0
6.4,498000.0,8.706414222717285,0.0
6.416666666666667,498000.0,8.71656322479248,0.0
6.433333333333334,498000.0,8.726568222045898,0.0
6.45,498000.0,8.73652172088623,0.0
6.466666666666667,498000.0,8.746339797973633,0.0
6.483333333333333,498000.0,8.756078720092773,0.0
6.5,498000.0,8.765748977661133,0.0
6.516666666666667,498000.0,8.7753324508667,0.0
6.533333333333333,498000.0,8.784795761108398,0.0
6.55,498000.0,8.794143676757812,0.0
6.566666666666666,498000.0,8.803461074829102,0.0
6.583333333333333,498000.0,8.812685012817383,0.0
6.6,498000.0,8.821844100952148,0.0
6.616666666666666,498000.0,8.830869674682617,0.0
6.633333333333334,498000.0,8.839844703674316,0.0
6.65,498000.0,8.848690032958984,0.0
6.666666666666667,498000.0,8.857473373413086,0.0
6.683333333333334,498000.0,8.866226196289062,0.0
6.7,498000.0,8.874926567077637,0.0
6.716666666666667,498000.0,8.883459091186523,0.0
6.733333333333333,498000.0,8.891904830932617,0.0
6.75,498000.0,8.90032958984375,0.0
6.766666666666667,498000.0,8.908710479736328,0.0
6.783333333333333,498000.0,8.916983604431152,0.0
6.8,498000.0,8.925119400024414,0.0
6.816666666666666,498000.0,8.933189392089844,0.0
6.833333333333333,498000.0,8.941247940063477,0.0
6.85,498000.0,8.94916820526123,0.0
6.866666666666666,498000.0,8.957060813903809,0.0
6.883333333333334,498000.0,8.964859008789062,0.0
6.9,498000.0,8.972597122192383,0.0
6.916666666666667,498000.0,8.980293273925781,0.0
6.933333333333334,498000.0,8.98788070678711,0.0
6.95,498000.0,8.995410919189453,0.0
6.966666666666667,498000.0,9.002849578857422,0.0
6.983333333333333,498000.0,9.010194778442383,0.0
7.0,498000.0,9.017447471618652,0.0
7.016666666666667,498000.0,9.024672508239746,0.0
7.033333333333333,498000.0,9.031818389892578,0.0
7.05,498000.0,9.038938522338867,0.0
7.066666666666666,498000.0,9.045950889587402,0.0
7.083333333333333,498000.0,9.052881240844727,0.0
7.1,498000.0,9.059761047363281,0.0
7.116666666666666,498000.0,9.066570281982422,0.0
7.133333333333334,498000.0,9.073339462280273,0.0
7.15,498000.0,9.08001708984375,0.0
7.166666666666667,498000.0,9.0866117477417,0.0
7.183333333333334,498000.0,9.09318733215332,0.0
7.2,498000.0,9.099702835083008,0.0
7.216666666666667,498000.0,9.106143951416016,0.0
7.233333333333333,498000.0,9.112473487854004,0.0
7.25,498000.0,9.11876106262207,0.0
7.266666666666667,498000.0,9.12495231628418,0.0
7.283333333333333,498000.0,9.131111145019531,0.0
7.3,498000.0,9.137235641479492,0.0
7.316666666666666,498000.0,9.143360137939453,0.0
7.333333333333333,498000.0,9.149370193481445,0.0
7.35,498000.0,9.155277252197266,0.0
7.366666666666666,498000.0,9.161177635192871,0.0
7.383333333333334,498000.0,9.167014122009277,0.0
7.4,498000.0,9.172866821289062,0.0
7.416666666666667,498000.0,9.178675651550293,0.0
7.433333333333334,498000.0,9.184475898742676,0.0
7.45,498000.0,9.190064430236816,0.0
7.466666666666667,498000.0,9.19560432434082,0.0
7.483333333333333,498000.0,9.201133728027344,0.0
7.5,498000.0,9.206644058227539,0.0
7.516666666666667,498000.0,9.21210765838623,0.0
7.533333333333333,498000.0,9.21734619140625,0.0
7.55,498000.0,9.22254753112793,0.0
7.566666666666666,498000.0,9.22770881652832,0.0
7.583333333333333,498000.0,9.232854843139648,0.0
7.6,498000.0,9.237908363342285,0.0
7.616666666666666,498000.0,9.242951393127441,0.0
7.633333333333334,498000.0,9.247980117797852,0.0
7.65,498000.0,9.253008842468262,0.0
7.666666666666667,498000.0,9.257983207702637,0.0
7.683333333333334,498000.0,9.262886047363281,0.0
7.7,498000.0,9.267724990844727,0.0
7.716666666666667,498000.0,9.272531509399414,0.0
7.733333333333333,498000.0,9.277226448059082,0.0
7.75,498000.0,9.281907081604004,0.0
7.766666666666667,498000.0,9.286575317382812,0.0
7.783333333333333,498000.0,9.29116153717041,0.0
7.8,498000.0,9.295722007751465,0.0
7.816666666666666,498000.0,9.300247192382812,0.0
7.833333333333333,498000.0,9.304744720458984,0.0
7.85,498000.0,9.309149742126465,0.0
7.866666666666666,498000.0,9.313502311706543,0.0
7.883333333333334,498000.0,9.317829132080078,0.0
7.9,498000.0,9.322052001953125,0.0
7.916666666666667,498000.0,9.326263427734375,0.0
7.933333333333334,498000.0,9.330476760864258,0.0
7.95,498000.0,9.334671020507812,0.0
7.966666666666667,498000.0,9.338861465454102,0.0
7.983333333333333,498000.0,9.343016624450684,0.0
8.0,498000.0,9.347078323364258,0.0
8.016666666666667,498000.0,9.351107597351074,0.0
8.033333333333333,498000.0,9.355069160461426,0.0
8.05,498000.0,9.358978271484375,0.0
8.066666666666666,498000.0,9.362883567810059,0.0
8.083333333333334,498000.0,9.366785049438477,0.0
8.1,498000.0,9.370659828186035,0.0
8.116666666666667,498000.0,9.374523162841797,0.0
8.133333333333333,498000.0,9.378312110900879,0.0
8.15,498000.0,9.382043838500977,0.0
8.166666666666666,498000.0,9.385726928710938,0.0
8.183333333333334,498000.0,9.389366149902344,0.0
8.2,498000.0,9.392911911010742,0.0
8.216666666666667,498000.0,9.39633560180664,0.0
8.233333333333333,498000.0,9.399747848510742,0.0
8.25,498000.0,9.403128623962402,0.0
8.266666666666667,498000.0,9.40645980834961,0.0
8.283333333333333,498000.0,9.40978717803955,0.0
8.3,498000.0,9.413095474243164,0.0
8.316666666666666,498000.0,9.41640853881836,0.0
8.333333333333334,498000.0,9.419717788696289,0.0
8.35,498000.0,9.423015594482422,0.0
8.366666666666667,498000.0,9.426311492919922,0.0
8.383333333333333,498000.0,9.429582595825195,0.0
8.4,498000.0,9.432809829711914,0.0
8.416666666666666,498000.0,9.436033248901367,0.0
8.433333333333334,498000.0,9.439159393310547,0.0
8.45,498000.0,9.44217586517334,0.0
8.466666666666667,498000.0,9.44514274597168,0.0
8.483333333333333,498000.0,9.448090553283691,0.0
8.5,498000.0,9.451034545898438,0.0
8.516666666666667,498000.0,9.453974723815918,0.0
8.533333333333333,498000.0,9.45689582824707,0.0
8.55,498000.0,9.459814071655273,0.0
8.566666666666666,498000.0,9.462728500366211,0.0
8.583333333333334,498000.0,9.465629577636719,0.0
8.6,498000.0,9.468530654907227,0.0
8.616666666666667,498000.0,9.471431732177734,0.0
8.633333333333333,498000.0,9.474250793457031,0.0
8.65,498000.0,9.477019309997559,0.0
8.666666666666666,498000.0,9.479721069335938,0.0
8.683333333333334,498000.0,9.482337951660156,0.0
8.7,498000.0,9.484945297241211,0.0
8.716666666666667,498000.0,9.487537384033203,0.0
8.733333333333333,498000.0,9.490116119384766,0.0
8.75,498000.0,9.492690086364746,0.0
8.766666666666667,498000.0,9.49511432647705,0.0
8.783333333333333,498000.0,9.497507095336914,0.0
8.8,498000.0,9.49987506866455,0.0
8.816666666666666,498000.0,9.502230644226074,0.0
8.833333333333334,498000.0,9.50458812713623,0.0
8.85,498000.0,9.506938934326172,0.0
8.866666666666667,498000.0,9.509284973144531,0.0
8.883333333333333,498000.0,9.511621475219727,0.0
8.9,498000.0,9.51395320892334,0.0
8.916666666666666,498000.0,9.516281127929688,0.0
8.933333333333334,498000.0,9.51859188079834,0.0
8.95,498000.0,9.520879745483398,0.0
8.966666666666667,498000.0,9.523136138916016,0.0
8.983333333333333,498000.0,9.525280952453613,0.0
9.0,498000.0,9.527390480041504,0.0
9.016666666666667,498000.0,9.52949047088623,0.0
9.033333333333333,498000.0,9.53152084350586,0.0
9.05,498000.0,9.53354549407959,0.0
9.066666666666666,498000.0,9.535572052001953,0.0
9.083333333333334,498000.0,9.537592887878418,0.0
9.1,498000.0,9.53961181640625,0.0
9.116666666666667,498000.0,9.54163932800293,0.0
9.133333333333333,498000.0,9.543661117553711,0.0
9.15,498000.0,9.545686721801758,0.0
9.166666666666666,498000.0,9.547721862792969,0.0
9.183333333333334,498000.0,9.549715995788574,0.0
9.2,498000.0,9.5516996383667,0.0
9.216666666666667,498000.0,9.553668022155762,0.0
9.233333333333333,498000.0,9.555624961853027,0.0
9.25,498000.0,9.557570457458496,0.0
9.266666666666667,498000.0,9.559504508972168,0.0
9.283333333333333,498000.0,9.561426162719727,0.0
9.3,498000.0,9.563190460205078,0.0
9.316666666666666,498000.0,9.564937591552734,0.0
9.333333333333334,498000.0,9.566666603088379,0.0
9.35,498000.0,9.568357467651367,0.0
9.366666666666667,498000.0,9.570030212402344,0.0
9.383333333333333,498000.0,9.571695327758789,0.0
9.4,498000.0,9.573369026184082,0.0
9.416666666666666,498000.0,9.575037002563477,0.0
9.433333333333334,498000.0,9.576698303222656,0.0
9.45,498000.0,9.578361511230469,0.0
9.466666666666667,498000.0,9.580007553100586,0.0
9.483333333333333,498000.0,9.581653594970703,0.0
9.5,498000.0,9.583276748657227,0.0
9.516666666666667,498000.0,9.584888458251953,0.0
9.533333333333333,498000.0,9.58650016784668,0.0
9.55,498000.0,9.588006019592285,0.0
9.566666666666666,498000.0,9.58946418762207,0.0
9.583333333333334,498000.0,9.590916633605957,0.0
9.6,498000.0,9.592354774475098,0.0
9.616666666666667,498000.0,9.593769073486328,0.0
9.633333333333333,498000.0,9.595154762268066,0.0
9.65,498000.0,9.596529006958008,0.0
9.666666666666666,498000.0,9.597888946533203,0.0
9.683333333333334,498000.0,9.599242210388184,0.0
9.7,498000.0,9.600586891174316,0.0
9.716666666666667,498000.0,9.601927757263184,0.0
9.733333333333333,498000.0,9.603263854980469,0.0
9.75,498000.0,9.604597091674805,0.0
9.766666666666667,498000.0,9.605924606323242,0.0
9.783333333333333,498000.0,9.607246398925781,0.0
9.8,498000.0,9.608564376831055,0.0
9.816666666666666,498000.0,9.609880447387695,0.0
9.833333333333334,498000.0,9.611188888549805,0.0
9.85,498000.0,9.612493515014648,0.0
9.866666666666667,498000.0,9.61379623413086,0.0
9.883333333333333,498000.0,9.615089416503906,0.0
9.9,498000.0,9.616378784179688,0.0
9.916666666666666,498000.0,9.617668151855469,0.0
9.933333333333334,498000.0,9.61895751953125,0.0
9.95,498000.0,9.620235443115234,0.0
9.966666666666667,498000.0,9.621416091918945,0.0
9.983333333333333,498000.0,9.622574806213379,0.0
10.0,498000.0,9.62369155883789,0.0
10.016666666666667,498000.0,9.624773025512695,0.0
0.0,588200.0,9.997027397155762,0.0
0.016666666666666666,588200.0,9.485191345214844,0.0
0.03333333333333333,588200.0,8.968143463134766,0.0
0.05,588200.0,8.450639724731445,0.0
0.06666666666666667,588200.0,7.943200588226318,0.0
0.08333333333333333,588200.0,7.435027599334717,0.0
0.1,588200.0,6.918128967285156,0.0
0.11666666666666667,588200.0,6.420238971710205,0.0
0.13333333333333333,588200.0,5.923704147338867,0.0
0.15,588200.0,5.416957378387451,0.0
0.16666666666666666,588200.0,4.931851387023926,0.0
0.18333333333333332,588200.0,4.454049587249756,0.0
0.2,588200.0,3.962515354156494,0.0
0.21666666666666667,588200.0,3.4946699142456055,0.0
0.23333333333333334,588200.0,3.0478625297546387,0.0
0.25,588200.0,2.580606460571289,0.0
0.26666666666666666,588200.0,2.14172101020813,0.0
0.2833333333333333,588200.0,1.731092929840088,0.0
0.3,588200.0,1.3291126489639282,0.0
0.31666666666666665,588200.0,0.9564387798309326,0.7109004739336493
0.3333333333333333,588200.0,0.6414257884025574,5.687203791469194
0.35,588200.0,0.3808484673500061,6.6350710900473935
0.36666666666666664,588200.0,0.21986407041549683,5.687203791469194
0.38333333333333336,588200.0,0.10938405990600586,4.502369668246446
0.4,588200.0,0.06341025233268738,4.028436018957346
0.4166666666666667,588200.0,0.05632300302386284,3.5545023696682465
0.43333333333333335,588200.0,0.08282265812158585,1.8957345971563981
0.45,588200.0,0.15342587232589722,1.4218009478672986
0.4666666666666667,588200.0,0.28817668557167053,0.9478672985781991
0.48333333333333334,588200.0,0.5087052583694458,0.23696682464454977
0.5,588200.0,0.8278037309646606,0.23696682464454977
0.5166666666666667,588200.0,1.2425775527954102,0.0
0.5333333333333333,588200.0,1.6908036470413208,0.0
0.55,588200.0,1.5509647130966187,0.0
0.5666666666666667,588200.0,1.41823148727417,0.0
0.5833333333333334,588200.0,1.2813024520874023,0.0
0.6,588200.0,1.1605126857757568,0.0
0.6166666666666667,588200.0,1.0550439357757568,0.0
0.6333333333333333,588200.0,0.9639372825622559,1.4218009478672986
0.65,588200.0,0.8833948969841003,2.843601895734597
0.6666666666666666,588200.0,0.7851294279098511,4.739336492890995
0.6833333333333333,588200.0,0.7022537589073181,7.109004739336493
0.7,588200.0,0.6333819627761841,8.056872037914692
0.7166666666666667,588200.0,0.5770741701126099,9.47867298578199
0.7333333333333333,588200.0,0.5319095849990845,10.90047393364929
0.75,588200.0,0.4965430200099945,12.322274881516588
0.7666666666666667,588200.0,0.4447287619113922,13.270142180094787
0.7833333333333333,588200.0,0.4013068974018097,13.744075829383887
0.8,588200.0,0.3676045835018158,16.113744075829384
0.8166666666666667,588200.0,0.34228330850601196,17.535545023696685
0.8333333333333334,588200.0,0.3241841793060303,19.431279620853083
0.85,588200.0,0.30854707956314087,21.32701421800948
0.8666666666666667,588200.0,0.29707640409469604,23.696682464454977
0.8833333333333333,588200.0,0.2664579749107361,26.066350710900476
0.9,588200.0,0.24195988476276398,33.649289099526065
0.9166666666666666,588200.0,0.2247464954853058,36.25592417061612
0.9333333333333333,588200.0,0.21384987235069275,40.52132701421801
0.95,588200.0,0.20848283171653748,42.18009478672986
0.9666666666666667,588200.0,0.20089522004127502,43.838862559241704
0.9833333333333333,588200.0,0.18021635711193085,44.54976303317535
1.0,588200.0,0.16029560565948486,44.312796208530806
1.0166666666666666,588200.0,0.1452762335538864,43.60189573459716
1.0333333333333334,588200.0,0.13542766869068146,42.41706161137441
1.05,588200.0,0.12447632849216461,41.943127962085306
1.0666666666666667,588200.0,0.10817375779151917,40.52132701421801
1.0833333333333333,588200.0,0.08733028173446655,39.09952606635071
1.1,588200.0,0.06820232421159744,38.15165876777251
1.1166666666666667,588200.0,0.05216130614280701,37.44075829383886
1.1333333333333333,588200.0,0.039004743099212646,36.018957345971565
1.15,588200.0,0.031262703239917755,36.018957345971565
1.1666666666666667,588200.0,0.026981627568602562,34.59715639810427
1.1833333333333333,588200.0,0.025047622621059418,33.88625592417062
1.2,588200.0,0.024876274168491364,32.93838862559242
1.2166666666666666,588200.0,0.026218818500638008,31.990521327014214
1.2333333333333334,588200.0,0.029048560187220573,30.33175355450237
1.25,588200.0,0.033495474606752396,29.85781990521327
1.2666666666666666,588200.0,0.03980734571814537,28.436018957345972
1.2833333333333334,588200.0,0.0483221672475338,27.96208530805687
1.3,588200.0,0.05944347381591797,26.77725118483412
1.3166666666666667,588200.0,0.06828874349594116,26.303317535545023
1.3333333333333333,588200.0,0.07768035680055618,25.829383886255926
1.35,588200.0,0.0897432267665863,24.644549763033176
1.3666666666666667,588200.0,0.10489460080862045,23.696682464454977
1.3833333333333333,588200.0,0.12352310121059418,22.748815165876778
1.4,588200.0,0.14594890177249908,21.32701421800948
1.4166666666666667,588200.0,0.17238298058509827,20.61611374407583
1.4333333333333333,588200.0,0.20289383828639984,19.66824644549763
1.45,588200.0,0.2373816967010498,19.194312796208532
1.4666666666666666,588200.0,0.2755720615386963,18.009478672985782
1.4833333333333334,588200.0,0.31702327728271484,18.009478672985782
1.5,588200.0,0.36115139722824097,17.535545023696685
1.5166666666666666,588200.0,0.40726542472839355,16.113744075829384
1.5333333333333334,588200.0,0.45461294054985046,14.691943127962084
1.55,588200.0,0.5024219155311584,13.033175355450238
1.5666666666666667,588200.0,0.5499469041824341,12.559241706161137
1.5833333333333333,588200.0,0.5964977741241455,12.559241706161137
1.6,588200.0,0.6414697170257568,12.559241706161137
1.6166666666666667,588200.0,0.6843630075454712,10.42654028436019
1.6333333333333333,588200.0,0.7247889041900635,8.530805687203792
1.65,588200.0,0.7624754905700684,8.530805687203792
1.6666666666666667,588200.0,0.797263503074646,7.5829383886255926
1.6833333333333333,588200.0,0.8290989398956299,7.109004739336493
1.7,588200.0,0.8573526740074158,6.161137440758294
1.7166666666666666,588200.0,0.875372052192688,5.687203791469194
1.7333333333333334,588200.0,0.8935298323631287,4.028436018957346
1.75,588200.0,0.9119378924369812,3.080568720379147
1.7666666666666666,588200.0,0.9307032227516174,3.080568720379147
1.7833333333333334,588200.0,0.9499261379241943,1.6587677725118484
1.8,588200.0,0.9697016477584839,1.6587677725118484
1.8166666666666667,588200.0,0.990115761756897,1.1848341232227488
1.8333333333333333,588200.0,1.0108842849731445,0.0
1.85,588200.0,1.024895191192627,0.0
1.8666666666666667,588200.0,1.0387864112854004,0.0
1.8833333333333333,588200.0,1.052910566329956,0.0
1.9,588200.0,1.0675303936004639,0.0
1.9166666666666667,588200.0,1.0828816890716553,0.0
1.9333333333333333,588200.0,1.099172592163086,0.0
1.95,588200.0,1.1165809631347656,0.0
1.9666666666666666,588200.0,1.135251760482788,0.0
1.9833333333333334,588200.0,1.1553056240081787,0.0
2.0,588200.0,1.176835060119629,0.0
2.0166666666666666,588200.0,1.1999058723449707,0.0
2.033333333333333,588200.0,1.2245595455169678,0.0
2.05,588200.0,1.250819206237793,0.0
2.066666666666667,588200.0,1.2786860466003418,0.0
2.0833333333333335,588200.0,1.3081430196762085,0.0
2.1,588200.0,1.3391592502593994,0.0
2.1166666666666667,588200.0,1.3716869354248047,0.0
2.1333333333333333,588200.0,1.4056730270385742,0.0
2.15,588200.0,1.4410488605499268,0.0
2.1666666666666665,588200.0,1.4777400493621826,0.0
2.183333333333333,588200.0,1.5156643390655518,0.0
2.2,588200.0,1.554734230041504,0.0
2.216666666666667,588200.0,1.5948565006256104,0.0
2.2333333333333334,588200.0,1.6359410285949707,0.0
2.25,588200.0,1.6778934001922607,0.0
2.2666666666666666,588200.0,1.7206189632415771,0.0
2.283333333333333,588200.0,1.7640248537063599,0.0
2.3,588200.0,1.8080167770385742,0.0
2.316666666666667,588200.0,1.8525035381317139,0.0
2.3333333333333335,588200.0,1.8973959684371948,0.0
2.35,588200.0,1.942614197731018,0.0
2.3666666666666667,588200.0,1.9880746603012085,0.0
2.3833333333333333,588200.0,2.033705711364746,0.0
2.4,588200.0,2.0794286727905273,0.0
2.4166666666666665,588200.0,2.1252012252807617,0.0
2.433333333333333,588200.0,2.1709494590759277,0.0
2.45,588200.0,2.216630697250366,0.0
2.466666666666667,588200.0,2.2621970176696777,0.0
2.4833333333333334,588200.0,2.3076086044311523,0.0
2.5,588200.0,2.35282039642334,0.0
2.5166666666666666,588200.0,2.397808074951172,0.0
2.533333333333333,588200.0,2.442551374435425,0.0
2.55,588200.0,2.4870243072509766,0.0
2.566666666666667,588200.0,2.531219005584717,0.0
2.5833333333333335,588200.0,2.5751266479492188,0.0
2.6,588200.0,2.6187469959259033,0.0
2.6166666666666667,588200.0,2.6620731353759766,0.0
2.6333333333333333,588200.0,2.705117702484131,0.0
2.65,588200.0,2.747884750366211,0.0
2.6666666666666665,588200.0,2.790388584136963,0.0
2.683333333333333,588200.0,2.832642078399658,0.0
2.7,588200.0,2.87465238571167,0.0
2.716666666666667,588200.0,2.916450023651123,0.0
2.7333333333333334,588200.0,2.95804500579834,0.0
2.75,588200.0,2.999460458755493,0.0
2.7666666666666666,588200.0,3.0407278537750244,0.0
2.783333333333333,588200.0,3.0818395614624023,0.0
2.8,588200.0,3.122826099395752,0.0
2.816666666666667,588200.0,3.1637070178985596,0.0
2.8333333333333335,588200.0,3.2045130729675293,0.0
2.85,588200.0,3.2452392578125,0.0
2.8666666666666667,588200.0,3.285904884338379,0.0
2.8833333333333333,588200.0,3.3265206813812256,0.0
2.9,588200.0,3.3671274185180664,0.0
2.9166666666666665,588200.0,3.4076972007751465,0.0
2.933333333333333,588200.0,3.4482569694519043,0.0
2.95,588200.0,3.4888014793395996,0.0
2.966666666666667,588200.0,3.5293331146240234,0.0
2.9833333333333334,588200.0,3.5698471069335938,0.0
3.0,588200.0,3.610358238220215,0.0
3.0166666666666666,588200.0,3.6508595943450928,0.0
3.033333333333333,588200.0,3.6913530826568604,0.0
3.05,588200.0,3.7318334579467773,0.0
3.066666666666667,588200.0,3.772292137145996,0.0
3.0833333333333335,588200.0,3.8127222061157227,0.0
3.1,588200.0,3.8531105518341064,0.0
3.1166666666666667,588200.0,3.8934779167175293,0.0
3.1333333333333333,588200.0,3.9337892532348633,0.0
3.15,588200.0,3.974064350128174,0.0
3.1666666666666665,588200.0,4.014262676239014,0.0
3.183333333333333,588200.0,4.054394245147705,0.0
3.2,588200.0,4.094494819641113,0.0
3.216666666666667,588200.0,4.134485244750977,0.0
3.2333333333333334,588200.0,4.174380302429199,0.0
3.25,588200.0,4.214189529418945,0.0
3.2666666666666666,588200.0,4.253856658935547,0.0
3.283333333333333,588200.0,4.293437957763672,0.0
3.3,588200.0,4.332878112792969,0.0
3.316666666666667,588200.0,4.372189044952393,0.0
3.3333333333333335,588200.0,4.411345958709717,0.0
3.35,588200.0,4.450374603271484,0.0
3.3666666666666667,588200.0,4.48923397064209,0.0
3.3833333333333333,588200.0,4.5279316902160645,0.0
3.4,588200.0,4.566464900970459,0.0
3.4166666666666665,588200.0,4.6048359870910645,0.0
3.433333333333333,588200.0,4.643028259277344,0.0
3.45,588200.0,4.68103551864624,0.0
3.466666666666667,588200.0,4.718856334686279,0.0
3.4833333333333334,588200.0,4.756508827209473,0.0
3.5,588200.0,4.793977737426758,0.0
3.5166666666666666,588200.0,4.831261157989502,0.0
3.533333333333333,588200.0,4.868352890014648,0.0
3.55,588200.0,4.905238151550293,0.0
3.566666666666667,588200.0,4.941926956176758,0.0
3.5833333333333335,588200.0,4.9784440994262695,0.0
3.6,588200.0,5.01475715637207,0.0
3.6166666666666667,588200.0,5.050881862640381,0.0
3.6333333333333333,588200.0,5.086813926696777,0.0
3.65,588200.0,5.122546195983887,0.0
3.6666666666666665,588200.0,5.158075332641602,0.0
3.683333333333333,588200.0,5.193424224853516,0.0
3.7,588200.0,5.228592872619629,0.0
3.716666666666667,588200.0,5.263560771942139,0.0
3.7333333333333334,588200.0,5.298332214355469,0.0
3.75,588200.0,5.332930564880371,0.0
3.7666666666666666,588200.0,5.367344379425049,0.0
3.783333333333333,588200.0,5.401545524597168,0.0
3.8,588200.0,5.435595512390137,0.0
3.816666666666667,588200.0,5.469465255737305,0.0
3.8333333333333335,588200.0,5.503134727478027,0.0
3.85,588200.0,5.536616325378418,0.0
3.8666666666666667,588200.0,5.569919586181641,0.0
3.8833333333333333,588200.0,5.603046417236328,0.0
3.9,588200.0,5.635973930358887,0.0
3.9166666666666665,588200.0,5.668749809265137,0.0
3.933333333333333,588200.0,5.701328277587891,0.0
3.95,588200.0,5.733725070953369,0.0
3.966666666666667,588200.0,5.765948295593262,0.0
3.9833333333333334,588200.0,5.797948360443115,0.0
4.0,588200.0,5.829805374145508,0.0
4.016666666666667,588200.0,5.861459732055664,0.0
4.033333333333333,588200.0,5.892940521240234,0.0
4.05,588200.0,5.924238204956055,0.0
4.066666666666666,588200.0,5.955321311950684,0.0
4.083333333333333,588200.0,5.986245155334473,0.0
4.1,588200.0,6.016989707946777,0.0
4.116666666666666,588200.0,6.047514915466309,0.0
4.133333333333334,588200.0,6.077875137329102,0.0
4.15,588200.0,6.108027935028076,0.0
4.166666666666667,588200.0,6.137984275817871,0.0
4.183333333333334,588200.0,6.1677656173706055,0.0
4.2,588200.0,6.197339057922363,0.0
4.216666666666667,588200.0,6.2267255783081055,0.0
4.233333333333333,588200.0,6.255945205688477,0.0
4.25,588200.0,6.284951210021973,0.0
4.266666666666667,588200.0,6.313778877258301,0.0
4.283333333333333,588200.0,6.3424177169799805,0.0
4.3,588200.0,6.37086296081543,0.0
4.316666666666666,588200.0,6.399134635925293,0.0
4.333333333333333,588200.0,6.4271955490112305,0.0
4.35,588200.0,6.455062389373779,0.0
4.366666666666666,588200.0,6.4827704429626465,0.0
4.383333333333334,588200.0,6.510261058807373,0.0
4.4,588200.0,6.537593364715576,0.0
4.416666666666667,588200.0,6.564713478088379,0.0
4.433333333333334,588200.0,6.591663360595703,0.0
4.45,588200.0,6.618429183959961,0.0
4.466666666666667,588200.0,6.645007133483887,0.0
4.483333333333333,588200.0,6.671408653259277,0.0
4.5,588200.0,6.697587490081787,0.0
4.516666666666667,588200.0,6.723605155944824,0.0
4.533333333333333,588200.0,6.749433517456055,0.0
4.55,588200.0,6.775088787078857,0.0
4.566666666666666,588200.0,6.800562381744385,0.0
4.583333333333333,588200.0,6.825834274291992,0.0
4.6,588200.0,6.850944519042969,0.0
4.616666666666666,588200.0,6.8758649826049805,0.0
4.633333333333334,588200.0,6.900617599487305,0.0
4.65,588200.0,6.925176620483398,0.0
4.666666666666667,588200.0,6.9495744705200195,0.0
4.683333333333334,588200.0,6.973771095275879,0.0
4.7,588200.0,6.99779748916626,0.0
4.716666666666667,588200.0,7.021658420562744,0.0
4.733333333333333,588200.0,7.045338153839111,0.0
4.75,588200.0,7.068853378295898,0.0
4.766666666666667,588200.0,7.092169761657715,0.0
4.783333333333333,588200.0,7.115338325500488,0.0
4.8,588200.0,7.138310432434082,0.0
4.816666666666666,588200.0,7.1611247062683105,0.0
4.833333333333333,588200.0,7.183759689331055,0.0
4.85,588200.0,7.206240653991699,0.0
4.866666666666666,588200.0,7.22851037979126,0.0
4.883333333333334,588200.0,7.250664710998535,0.0
4.9,588200.0,7.272617340087891,0.0
4.916666666666667,588200.0,7.29439640045166,0.0
4.933333333333334,588200.0,7.315998554229736,0.0
4.95,588200.0,7.337469577789307,0.0
4.966666666666667,588200.0,7.358750343322754,0.0
4.983333333333333,588200.0,7.3798828125,0.0
5.0,588200.0,7.400829792022705,0.0
5.016666666666667,588200.0,7.421627521514893,0.0
5.033333333333333,588200.0,7.44223690032959,0.0
5.05,588200.0,7.462693691253662,0.0
5.066666666666666,588200.0,7.482997894287109,0.0
5.083333333333333,588200.0,7.503133773803711,0.0
5.1,588200.0,7.523097038269043,0.0
5.116666666666666,588200.0,7.5429229736328125,0.0
5.133333333333334,588200.0,7.56257438659668,0.0
5.15,588200.0,7.582098960876465,0.0
5.166666666666667,588200.0,7.601439476013184,0.0
5.183333333333334,588200.0,7.620667934417725,0.0
5.2,588200.0,7.639707088470459,0.0
5.216666666666667,588200.0,7.658576965332031,0.0
5.233333333333333,588200.0,7.67730712890625,0.0
5.25,588200.0,7.695888996124268,0.0
5.266666666666667,588200.0,7.714280605316162,0.0
5.283333333333333,588200.0,7.732554912567139,0.0
5.3,588200.0,7.750673294067383,0.0
5.316666666666666,588200.0,7.768611431121826,0.0
5.333333333333333,588200.0,7.786450386047363,0.0
5.35,588200.0,7.8041090965271,0.0
5.366666666666666,588200.0,7.821627616882324,0.0
5.383333333333334,588200.0,7.839033126831055,0.0
5.4,588200.0,7.856284141540527,0.0
5.416666666666667,588200.0,7.873405456542969,0.0
5.433333333333334,588200.0,7.890330791473389,0.0
5.45,588200.0,7.907181739807129,0.0
5.466666666666667,588200.0,7.923865795135498,0.0
5.483333333333333,588200.0,7.940404415130615,0.0
5.5,588200.0,7.956834316253662,0.0
5.516666666666667,588200.0,7.973085403442383,0.0
5.533333333333333,588200.0,7.989225387573242,0.0
5.55,588200.0,8.005217552185059,0.0
5.566666666666666,588200.0,8.021110534667969,0.0
5.583333333333333,588200.0,8.036874771118164,0.0
5.6,588200.0,8.0524320602417,0.0
5.616666666666666,588200.0,8.067904472351074,0.0
5.633333333333334,588200.0,8.083311080932617,0.0
5.65,588200.0,8.098461151123047,0.0
5.666666666666667,588200.0,8.113561630249023,0.0
5.683333333333334,588200.0,8.128528594970703,0.0
5.7,588200.0,8.143356323242188,0.0
5.716666666666667,588200.0,8.158090591430664,0.0
5.733333333333333,588200.0,8.17264175415039,0.0
5.75,588200.0,8.18714714050293,0.0
5.766666666666667,588200.0,8.201471328735352,0.0
5.783333333333333,588200.0,8.215654373168945,0.0
5.8,588200.0,8.229684829711914,0.0
5.816666666666666,588200.0,8.243640899658203,0.0
5.833333333333333,588200.0,8.257430076599121,0.0
5.85,588200.0,8.271129608154297,0.0
5.866666666666666,588200.0,8.284748077392578,0.0
5.883333333333334,588200.0,8.298206329345703,0.0
5.9,588200.0,8.31156063079834,0.0
5.916666666666667,588200.0,8.324861526489258,0.0
5.933333333333334,588200.0,8.338007926940918,0.0
5.95,588200.0,8.350927352905273,0.0
5.966666666666667,588200.0,8.363821029663086,0.0
5.983333333333333,588200.0,8.376644134521484,0.0
6.0,588200.0,8.38923168182373,0.0
6.016666666666667,588200.0,8.401752471923828,0.0
6.033333333333333,588200.0,8.414124488830566,0.0
6.05,588200.0,8.426467895507812,0.0
6.066666666666666,588200.0,8.438726425170898,0.0
6.083333333333333,588200.0,8.450860977172852,0.0
6.1,588200.0,8.462848663330078,0.0
6.116666666666666,588200.0,8.474775314331055,0.0
6.133333333333334,588200.0,8.486560821533203,0.0
6.15,588200.0,8.49819564819336,0.0
6.166666666666667,588200.0,8.509758949279785,0.0
6.183333333333334,588200.0,8.521202087402344,0.0
6.2,588200.0,8.532541275024414,0.0
6.216666666666667,588200.0,8.543816566467285,0.0
6.233333333333333,588200.0,8.554937362670898,0.0
6.25,588200.0,8.56599235534668,0.0
6.266666666666667,588200.0,8.57693862915039,0.0
6.283333333333333,588200.0,8.58773136138916,0.0
6.3,588200.0,8.598453521728516,0.0
6.316666666666666,588200.0,8.609128952026367,0.0
6.333333333333333,588200.0,8.619751930236816,0.0
6.35,588200.0,8.63019847869873,0.0
6.366666666666666,588200.0,8.640525817871094,0.0
6.383333333333334,588200.0,8.650840759277344,0.0
6.4,588200.0,8.660975456237793,0.0
6.416666666666667,588200.0,8.671018600463867,0.0
6.433333333333334,588200.0,8.681011199951172,0.0
6.45,588200.0,8.690933227539062,0.0
6.466666666666667,588200.0,8.700716972351074,0.0
6.483333333333333,588200.0,8.710409164428711,0.0
6.5,588200.0,8.720070838928223,0.0
6.516666666666667,588200.0,8.72961711883545,0.0
6.533333333333333,588200.0,8.739047050476074,0.0
6.55,588200.0,8.748430252075195,0.0
6.566666666666666,588200.0,8.75777816772461,0.0
6.583333333333333,588200.0,8.766966819763184,0.0
6.6,588200.0,8.776092529296875,0.0
6.616666666666666,588200.0,8.785127639770508,0.0
6.633333333333334,588200.0,8.794086456298828,0.0
6.65,588200.0,8.802936553955078,0.0
6.666666666666667,588200.0,8.811689376831055,0.0
6.683333333333334,588200.0,8.820379257202148,0.0
6.7,588200.0,8.828949928283691,0.0
6.716666666666667,588200.0,8.837488174438477,0.0
6.733333333333333,588200.0,8.845911026000977,0.0
6.75,588200.0,8.854291915893555,0.0
6.766666666666667,588200.0,8.86254596710205,0.0
6.783333333333333,588200.0,8.870765686035156,0.0
6.8,588200.0,8.878877639770508,0.0
6.816666666666666,588200.0,8.886987686157227,0.0
6.833333333333333,588200.0,8.895024299621582,0.0
6.85,588200.0,8.902926445007324,0.0
6.866666666666666,588200.0,8.91074275970459,0.0
6.883333333333334,588200.0,8.918539047241211,0.0
6.9,588200.0,8.92629623413086,0.0
6.916666666666667,588200.0,8.934032440185547,0.0
6.933333333333334,588200.0,8.941606521606445,0.0
6.95,588200.0,8.9490966796875,0.0
6.966666666666667,588200.0,8.956510543823242,0.0
6.983333333333333,588200.0,8.963897705078125,0.0
7.0,588200.0,8.97111988067627,0.0
7.016666666666667,588200.0,8.978269577026367,0.0
7.033333333333333,588200.0,8.985361099243164,0.0
7.05,588200.0,8.992452621459961,0.0
7.066666666666666,588200.0,8.999429702758789,0.0
7.083333333333333,588200.0,9.006381034851074,0.0
7.1,588200.0,9.013262748718262,0.0
7.116666666666666,588200.0,9.020058631896973,0.0
7.133333333333334,588200.0,9.026790618896484,0.0
7.15,588200.0,9.033416748046875,0.0
7.166666666666667,588200.0,9.040000915527344,0.0
7.183333333333334,588200.0,9.046514511108398,0.0
7.2,588200.0,9.053024291992188,0.0
7.216666666666667,588200.0,9.059467315673828,0.0
7.233333333333333,588200.0,9.065756797790527,0.0
7.25,588200.0,9.071992874145508,0.0
7.266666666666667,588200.0,9.078166007995605,0.0
7.283333333333333,588200.0,9.084300994873047,0.0
7.3,588200.0,9.09040355682373,0.0
7.316666666666666,588200.0,9.096424102783203,0.0
7.333333333333333,588200.0,9.102432250976562,0.0
7.35,588200.0,9.10839557647705,0.0
7.366666666666666,588200.0,9.11426830291748,0.0
7.383333333333334,588200.0,9.120108604431152,0.0
7.4,588200.0,9.125909805297852,0.0
7.416666666666667,588200.0,9.131711959838867,0.0
7.433333333333334,588200.0,9.137402534484863,0.0
7.45,588200.0,9.1429443359375,0.0
7.466666666666667,588200.0,9.14846420288086,0.0
7.483333333333333,588200.0,9.15394401550293,0.0
7.5,588200.0,9.159423828125,0.0
7.516666666666667,588200.0,9.16478157043457,0.0
7.533333333333333,588200.0,9.170066833496094,0.0
7.55,588200.0,9.175310134887695,0.0
7.566666666666666,588200.0,9.180503845214844,0.0
7.583333333333333,588200.0,9.185701370239258,0.0
7.6,588200.0,9.190877914428711,0.0
7.616666666666666,588200.0,9.196035385131836,0.0
7.633333333333334,588200.0,9.201020240783691,0.0
7.65,588200.0,9.205916404724121,0.0
7.666666666666667,588200.0,9.210779190063477,0.0
7.683333333333334,588200.0,9.215644836425781,0.0
7.7,588200.0,9.220516204833984,0.0
7.716666666666667,588200.0,9.225366592407227,0.0
7.733333333333333,588200.0,9.230201721191406,0.0
7.75,588200.0,9.234895706176758,0.0
7.766666666666667,588200.0,9.239439010620117,0.0
7.783333333333333,588200.0,9.243932723999023,0.0
7.8,588200.0,9.248305320739746,0.0
7.816666666666666,588200.0,9.25267219543457,0.0
7.833333333333333,588200.0,9.257037162780762,0.0
7.85,588200.0,9.261398315429688,0.0
7.866666666666666,588200.0,9.265751838684082,0.0
7.883333333333334,588200.0,9.270103454589844,0.0
7.9,588200.0,9.274455070495605,0.0
7.916666666666667,588200.0,9.278785705566406,0.0
7.933333333333334,588200.0,9.283032417297363,0.0
7.95,588200.0,9.287242889404297,0.0
7.966666666666667,588200.0,9.291423797607422,0.0
7.983333333333333,588200.0,9.295480728149414,0.0
8.0,588200.0,9.299528121948242,0.0
8.016666666666667,588200.0,9.303557395935059,0.0
8.033333333333333,588200.0,9.307571411132812,0.0
8.05,588200.0,9.311521530151367,0.0
8.066666666666666,588200.0,9.315465927124023,0.0
8.083333333333334,588200.0,9.31938362121582,0.0
8.1,588200.0,9.323263168334961,0.0
8.116666666666667,588200.0,9.327118873596191,0.0
8.133333333333333,588200.0,9.33082103729248,0.0
8.15,588200.0,9.334467887878418,0.0
8.166666666666666,588200.0,9.338053703308105,0.0
8.183333333333334,588200.0,9.341606140136719,0.0
8.2,588200.0,9.345151901245117,0.0
8.216666666666667,588200.0,9.348634719848633,0.0
8.233333333333333,588200.0,9.352055549621582,0.0
8.25,588200.0,9.355474472045898,0.0
8.266666666666667,588200.0,9.358868598937988,0.0
8.283333333333333,588200.0,9.362253189086914,0.0
8.3,588200.0,9.365591049194336,0.0
8.316666666666666,588200.0,9.368881225585938,0.0
8.333333333333334,588200.0,9.372175216674805,0.0
8.35,588200.0,9.375435829162598,0.0
8.366666666666667,588200.0,9.378698348999023,0.0
8.383333333333333,588200.0,9.381940841674805,0.0
8.4,588200.0,9.385153770446777,0.0
8.416666666666666,588200.0,9.388239860534668,0.0
8.433333333333334,588200.0,9.391288757324219,0.0
8.45,588200.0,9.394328117370605,0.0
8.466666666666667,588200.0,9.39734935760498,0.0
8.483333333333333,588200.0,9.400321006774902,0.0
8.5,588200.0,9.403291702270508,0.0
8.516666666666667,588200.0,9.406268119812012,0.0
8.533333333333333,588200.0,9.409231185913086,0.0
8.55,588200.0,9.412172317504883,0.0
8.566666666666666,588200.0,9.41507339477539,0.0
8.583333333333334,588200.0,9.41788101196289,0.0
8.6,588200.0,9.420598030090332,0.0
8.616666666666667,588200.0,9.42330551147461,0.0
8.633333333333333,588200.0,9.426000595092773,0.0
8.65,588200.0,9.42864990234375,0.0
8.666666666666666,588200.0,9.431307792663574,0.0
8.683333333333334,588200.0,9.433954238891602,0.0
8.7,588200.0,9.436569213867188,0.0
8.716666666666667,588200.0,9.439178466796875,0.0
8.733333333333333,588200.0,9.441774368286133,0.0
8.75,588200.0,9.444356918334961,0.0
8.766666666666667,588200.0,9.446928977966309,0.0
8.783333333333333,588200.0,9.449373245239258,0.0
8.8,588200.0,9.451790809631348,0.0
8.816666666666666,588200.0,9.454172134399414,0.0
8.833333333333334,588200.0,9.456491470336914,0.0
8.85,588200.0,9.458795547485352,0.0
8.866666666666667,588200.0,9.461095809936523,0.0
8.883333333333333,588200.0,9.463382720947266,0.0
8.9,588200.0,9.46566390991211,0.0
8.916666666666666,588200.0,9.467939376831055,0.0
8.933333333333334,588200.0,9.470197677612305,0.0
8.95,588200.0,9.472454071044922,0.0
8.966666666666667,588200.0,9.474710464477539,0.0
8.983333333333333,588200.0,9.476882934570312,0.0
9.0,588200.0,9.479002952575684,0.0
9.016666666666667,588200.0,9.48110294342041,0.0
9.033333333333333,588200.0,9.483183860778809,0.0
9.05,588200.0,9.485228538513184,0.0
9.066666666666666,588200.0,9.487256050109863,0.0
9.083333333333334,588200.0,9.489274024963379,0.0
9.1,588200.0,9.49128246307373,0.0
9.116666666666667,588200.0,9.493287086486816,0.0
9.133333333333333,588200.0,9.49527645111084,0.0
9.15,588200.0,9.4972562789917,0.0
9.166666666666666,588200.0,9.499236106872559,0.0
9.183333333333334,588200.0,9.50119686126709,0.0
9.2,588200.0,9.503161430358887,0.0
9.216666666666667,588200.0,9.505118370056152,0.0
9.233333333333333,588200.0,9.507052421569824,0.0
9.25,588200.0,9.508986473083496,0.0
9.266666666666667,588200.0,9.510920524597168,0.0
9.283333333333333,588200.0,9.512803077697754,0.0
9.3,588200.0,9.5145902633667,0.0
9.316666666666666,588200.0,9.51633071899414,0.0
9.333333333333334,588200.0,9.518054962158203,0.0
9.35,588200.0,9.519753456115723,0.0
9.366666666666667,588200.0,9.521439552307129,0.0
9.383333333333333,588200.0,9.523118019104004,0.0
9.4,588200.0,9.524787902832031,0.0
9.416666666666666,588200.0,9.526447296142578,0.0
9.433333333333334,588200.0,9.528095245361328,0.0
9.45,588200.0,9.529732704162598,0.0
9.466666666666667,588200.0,9.531364440917969,0.0
9.483333333333333,588200.0,9.53298568725586,0.0
9.5,588200.0,9.534605026245117,0.0
9.516666666666667,588200.0,9.536216735839844,0.0
9.533333333333333,588200.0,9.53782844543457,0.0
9.55,588200.0,9.539385795593262,0.0
9.566666666666666,588200.0,9.540864944458008,0.0
9.583333333333334,588200.0,9.542325019836426,0.0
9.6,588200.0,9.54377555847168,0.0
9.616666666666667,588200.0,9.545226097106934,0.0
9.633333333333333,588200.0,9.546659469604492,0.0
9.65,588200.0,9.548023223876953,0.0
9.666666666666666,588200.0,9.549367904663086,0.0
9.683333333333334,588200.0,9.550708770751953,0.0
9.7,588200.0,9.55204963684082,0.0
9.716666666666667,588200.0,9.553388595581055,0.0
9.733333333333333,588200.0,9.554727554321289,0.0
9.75,588200.0,9.55606460571289,0.0
9.766666666666667,588200.0,9.557398796081543,0.0
9.783333333333333,588200.0,9.558732986450195,0.0
9.8,588200.0,9.560060501098633,0.0
9.816666666666666,588200.0,9.561384201049805,0.0
9.833333333333334,588200.0,9.56270980834961,0.0
9.85,588200.0,9.564035415649414,0.0
9.866666666666667,588200.0,9.565357208251953,0.0
9.883333333333333,588200.0,9.56666374206543,0.0
9.9,588200.0,9.56795883178711,0.0
9.916666666666666,588200.0,9.56924819946289,0.0
9.933333333333334,588200.0,9.570463180541992,0.0
9.95,588200.0,9.571599006652832,0.0
9.966666666666667,588200.0,9.572707176208496,0.0
9.983333333333333,588200.0,9.57380485534668,0.0
10.0,588200.0,9.574878692626953,0.0
10.016666666666667,588200.0,9.575916290283203,0.0
0.0,678400.0,9.997027397155762,0.0
0.016666666666666666,678400.0,9.485187530517578,0.0
0.03333333333333333,678400.0,8.968120574951172,0.0
0.05,678400.0,8.450582504272461,0.0
0.06666666666666667,678400.0,7.943111419677734,0.0
0.08333333333333333,678400.0,7.434890270233154,0.0
0.1,678400.0,6.917942523956299,0.0
0.11666666666666667,678400.0,6.419988632202148,0.0
0.13333333333333333,678400.0,5.923372745513916,0.0
0.15,678400.0,5.416548252105713,0.0
0.16666666666666666,678400.0,4.931361198425293,0.0
0.18333333333333332,678400.0,4.453452110290527,0.0
0.2,678400.0,3.961815118789673,0.0
0.21666666666666667,678400.0,3.493863582611084,0.0
0.23333333333333334,678400.0,3.046952247619629,0.0
0.25,678400.0,2.5795764923095703,0.0
0.26666666666666666,678400.0,2.140594959259033,0.0
0.2833333333333333,678400.0,1.7298815250396729,0.0
0.3,678400.0,1.3278298377990723,0.0
0.31666666666666665,678400.0,0.9551500082015991,0.7109004739336493
0.3333333333333333,678400.0,0.6402102708816528,5.687203791469194
0.35,678400.0,0.3797891139984131,6.6350710900473935
0.36666666666666664,678400.0,0.2190883457660675,5.687203791469194
0.38333333333333336,678400.0,0.10885809361934662,4.739336492890995
0.4,678400.0,0.06301157176494598,4.028436018957346
0.4166666666666667,678400.0,0.05592155456542969,3.5545023696682465
0.43333333333333335,678400.0,0.08229617774486542,1.8957345971563981
0.45,678400.0,0.15264202654361725,1.4218009478672986
0.4666666666666667,678400.0,0.2869923710823059,0.9478672985781991
0.48333333333333334,678400.0,0.5069988965988159,0.23696682464454977
0.5,678400.0,0.8255122900009155,0.23696682464454977
0.5166666666666667,678400.0,1.2397037744522095,0.0
0.5333333333333333,678400.0,1.6884651184082031,0.0
0.55,678400.0,1.5485426187515259,0.0
0.5666666666666667,678400.0,1.415679931640625,0.0
0.5833333333333334,678400.0,1.2786935567855835,0.0
0.6,678400.0,1.1578538417816162,0.0
0.6166666666666667,678400.0,1.052342414855957,0.0
0.6333333333333333,678400.0,0.9612002968788147,1.4218009478672986
0.65,678400.0,0.8806228041648865,2.843601895734597
0.6666666666666666,678400.0,0.782368004322052,4.739336492890995
0.6833333333333333,678400.0,0.6995100378990173,7.109004739336493
0.7,678400.0,0.630660355091095,8.056872037914692
0.7166666666666667,678400.0,0.5743754506111145,9.47867298578199
0.7333333333333333,678400.0,0.5292306542396545,10.90047393364929
0.75,678400.0,0.4938761591911316,12.322274881516588
0.7666666666666667,678400.0,0.44214439392089844,13.270142180094787
0.7833333333333333,678400.0,0.3987935781478882,13.744075829383887
0.8,678400.0,0.36514854431152344,16.113744075829384
0.8166666666666667,678400.0,0.3398669958114624,17.535545023696685
0.8333333333333334,678400.0,0.3217875361442566,19.431279620853083
0.85,678400.0,0.30609655380249023,21.32701421800948
0.8666666666666667,678400.0,0.2947981357574463,23.696682464454977
0.8833333333333333,678400.0,0.2641463577747345,26.066350710900476
0.9,678400.0,0.23972079157829285,33.649289099526065
0.9166666666666666,678400.0,0.22255107760429382,37.203791469194314
0.9333333333333333,678400.0,0.21166829764842987,40.52132701421801
0.95,678400.0,0.20628458261489868,42.18009478672986
0.9666666666666667,678400.0,0.19885540008544922,44.312796208530806
0.9833333333333333,678400.0,0.1782732903957367,44.54976303317535
1.0,678400.0,0.15834707021713257,44.312796208530806
1.0166666666666666,678400.0,0.14340904355049133,43.60189573459716
1.0333333333333334,678400.0,0.13357998430728912,42.41706161137441
1.05,678400.0,0.12270013988018036,41.943127962085306
1.0666666666666667,678400.0,0.10667672753334045,40.52132701421801
1.0833333333333333,678400.0,0.08599762618541718,39.57345971563981
1.1,678400.0,0.06707754731178284,38.15165876777251
1.1166666666666667,678400.0,0.05127020552754402,37.44075829383886
1.1333333333333333,678400.0,0.038304850459098816,36.492890995260666
1.15,678400.0,0.030680187046527863,36.018957345971565
1.1666666666666667,678400.0,0.026463191956281662,34.59715639810427
1.1833333333333333,678400.0,0.02455347217619419,34.360189573459714
1.2,678400.0,0.02437427081167698,33.41232227488152
1.2166666666666666,678400.0,0.02568015828728676,31.990521327014214
1.2333333333333334,678400.0,0.028444712981581688,30.33175355450237
1.25,678400.0,0.032795969396829605,30.33175355450237
1.2666666666666666,678400.0,0.03897813707590103,28.436018957345972
1.2833333333333334,678400.0,0.04732483625411987,27.96208530805687
1.3,678400.0,0.05823511630296707,26.77725118483412
1.3166666666666667,678400.0,0.06741368025541306,26.77725118483412
1.3333333333333333,678400.0,0.07660834491252899,25.829383886255926
1.35,678400.0,0.08842826634645462,24.644549763033176
1.3666666666666667,678400.0,0.10328654944896698,23.696682464454977
1.3833333333333333,678400.0,0.12156984210014343,22.748815165876778
1.4,678400.0,0.14359818398952484,21.80094786729858
1.4166666666666667,678400.0,0.16958600282669067,21.09004739336493
1.4333333333333333,678400.0,0.1996069848537445,20.61611374407583
1.45,678400.0,0.2335701286792755,19.194312796208532
1.4666666666666666,678400.0,0.2712101340293884,18.246445497630333
1.4833333333333334,678400.0,0.3120964765548706,18.009478672985782
1.5,678400.0,0.3556552529335022,18.009478672985782
1.5166666666666666,678400.0,0.40120750665664673,16.587677725118482
1.5333333333333334,678400.0,0.44800835847854614,14.691943127962084
1.55,678400.0,0.4952934682369232,13.033175355450238
1.5666666666666667,678400.0,0.5423216819763184,13.033175355450238
1.5833333333333333,678400.0,0.5884066820144653,12.559241706161137
1.6,678400.0,0.6329452991485596,12.559241706161137
1.6166666666666667,678400.0,0.675438642501831,11.61137440758294
1.6333333333333333,678400.0,0.7154972553253174,9.47867298578199
1.65,678400.0,0.7528480291366577,8.530805687203792
1.6666666666666667,678400.0,0.787331223487854,8.530805687203792
1.6833333333333333,678400.0,0.8188896775245667,7.109004739336493
1.7,678400.0,0.8475639820098877,6.6350710900473935
1.7166666666666666,678400.0,0.865565836429596,5.687203791469194
1.7333333333333334,678400.0,0.8835596442222595,4.502369668246446
1.75,678400.0,0.901804506778717,3.5545023696682465
1.7666666666666666,678400.0,0.9204056859016418,3.080568720379147
1.7833333333333334,678400.0,0.9394646883010864,2.132701421800948
1.8,678400.0,0.9590747356414795,1.6587677725118484
1.8166666666666667,678400.0,0.9793219566345215,1.1848341232227488
1.8333333333333333,678400.0,0.9991004467010498,0.7109004739336493
1.85,678400.0,1.012918472290039,0.0
1.8666666666666667,678400.0,1.0266807079315186,0.0
1.8833333333333333,678400.0,1.0406768321990967,0.0
1.9,678400.0,1.0551674365997314,0.0
1.9166666666666667,678400.0,1.0703880786895752,0.0
1.9333333333333333,678400.0,1.0865445137023926,0.0
1.95,678400.0,1.1038118600845337,0.0
1.9666666666666666,678400.0,1.122338056564331,0.0
1.9833333333333334,678400.0,1.1422417163848877,0.0
2.0,678400.0,1.163614273071289,0.0
2.0166666666666666,678400.0,1.1865218877792358,0.0
2.033333333333333,678400.0,1.2110059261322021,0.0
2.05,678400.0,1.2370893955230713,0.0
2.066666666666667,678400.0,1.2647727727890015,0.0
2.0833333333333335,678400.0,1.2940404415130615,0.0
2.1,678400.0,1.3248612880706787,0.0
2.1166666666666667,678400.0,1.3571876287460327,0.0
2.1333333333333333,678400.0,1.390967607498169,0.0
2.15,678400.0,1.4261327981948853,0.0
2.1666666666666665,678400.0,1.4626071453094482,0.0
2.183333333333333,678400.0,1.5003091096878052,0.0
2.2,678400.0,1.5391559600830078,0.0
2.216666666666667,678400.0,1.579052209854126,0.0
2.2333333333333334,678400.0,1.6199100017547607,0.0
2.25,678400.0,1.661634087562561,0.0
2.2666666666666666,678400.0,1.704128623008728,0.0
2.283333333333333,678400.0,1.7473018169403076,0.0
2.3,678400.0,1.7910600900650024,0.0
2.316666666666667,678400.0,1.8353137969970703,0.0
2.3333333333333335,678400.0,1.8799750804901123,0.0
2.35,678400.0,1.9249651432037354,0.0
2.3666666666666667,678400.0,1.9701954126358032,0.0
2.3833333333333333,678400.0,2.015591859817505,0.0
2.4,678400.0,2.0610880851745605,0.0
2.4166666666666665,678400.0,2.106618881225586,0.0
2.433333333333333,678400.0,2.15213942527771,0.0
2.45,678400.0,2.1975860595703125,0.0
2.466666666666667,678400.0,2.242931842803955,0.0
2.4833333333333334,678400.0,2.2881128787994385,0.0
2.5,678400.0,2.3331027030944824,0.0
2.5166666666666666,678400.0,2.3778719902038574,0.0
2.533333333333333,678400.0,2.422394275665283,0.0
2.55,678400.0,2.4666543006896973,0.0
2.566666666666667,678400.0,2.510634422302246,0.0
2.5833333333333335,678400.0,2.554330587387085,0.0
2.6,678400.0,2.5977377891540527,0.0
2.6166666666666667,678400.0,2.640857696533203,0.0
2.6333333333333333,678400.0,2.6836953163146973,0.0
2.65,678400.0,2.7262556552886963,0.0
2.6666666666666665,678400.0,2.768555164337158,0.0
2.683333333333333,678400.0,2.810603141784668,0.0
2.7,678400.0,2.8524203300476074,0.0
2.716666666666667,678400.0,2.894012689590454,0.0
2.7333333333333334,678400.0,2.9354135990142822,0.0
2.75,678400.0,2.9766321182250977,0.0
2.7666666666666666,678400.0,3.017695426940918,0.0
2.783333333333333,678400.0,3.0586202144622803,0.0
2.8,678400.0,3.099412441253662,0.0
2.816666666666667,678400.0,3.1401071548461914,0.0
2.8333333333333335,678400.0,3.1807217597961426,0.0
2.85,678400.0,3.221261978149414,0.0
2.8666666666666667,678400.0,3.2617344856262207,0.0
2.8833333333333333,678400.0,3.3021702766418457,0.0
2.9,678400.0,3.342569351196289,0.0
2.9166666666666665,678400.0,3.3829445838928223,0.0
2.933333333333333,678400.0,3.4233007431030273,0.0
2.95,678400.0,3.4636547565460205,0.0
2.966666666666667,678400.0,3.50400447845459,0.0
2.9833333333333334,678400.0,3.544342279434204,0.0
3.0,678400.0,3.5846729278564453,0.0
3.0166666666666666,678400.0,3.6249938011169434,0.0
3.033333333333333,678400.0,3.665304660797119,0.0
3.05,678400.0,3.705597400665283,0.0
3.066666666666667,678400.0,3.7458834648132324,0.0
3.0833333333333335,678400.0,3.7861459255218506,0.0
3.1,678400.0,3.8263680934906006,0.0
3.1166666666666667,678400.0,3.8665409088134766,0.0
3.1333333333333333,678400.0,3.906672477722168,0.0
3.15,678400.0,3.946786880493164,0.0
3.1666666666666665,678400.0,3.986825466156006,0.0
3.183333333333333,678400.0,4.026796340942383,0.0
3.2,678400.0,4.0667009353637695,0.0
3.216666666666667,678400.0,4.106510162353516,0.0
3.2333333333333334,678400.0,4.146234035491943,0.0
3.25,678400.0,4.185882091522217,0.0
3.2666666666666666,678400.0,4.225374221801758,0.0
3.283333333333333,678400.0,4.264801979064941,0.0
3.3,678400.0,4.304079055786133,0.0
3.316666666666667,678400.0,4.343222618103027,0.0
3.3333333333333335,678400.0,4.382222652435303,0.0
3.35,678400.0,4.4210710525512695,0.0
3.3666666666666667,678400.0,4.459770679473877,0.0
3.3833333333333333,678400.0,4.4983062744140625,0.0
3.4,678400.0,4.536661624908447,0.0
3.4166666666666665,678400.0,4.574863433837891,0.0
3.433333333333333,678400.0,4.61289644241333,0.0
3.45,678400.0,4.650738716125488,0.0
3.466666666666667,678400.0,4.688411712646484,0.0
3.4833333333333334,678400.0,4.725893020629883,0.0
3.5,678400.0,4.763190269470215,0.0
3.5166666666666666,678400.0,4.800307273864746,0.0
3.533333333333333,678400.0,4.837228775024414,0.0
3.55,678400.0,4.873973369598389,0.0
3.566666666666667,678400.0,4.910518646240234,0.0
3.5833333333333335,678400.0,4.946866989135742,0.0
3.6,678400.0,4.983036994934082,0.0
3.6166666666666667,678400.0,5.019014358520508,0.0
3.6333333333333333,678400.0,5.054788589477539,0.0
3.65,678400.0,5.090380668640137,0.0
3.6666666666666665,678400.0,5.12576961517334,0.0
3.683333333333333,678400.0,5.160957336425781,0.0
3.7,678400.0,5.195981979370117,0.0
3.716666666666667,678400.0,5.230815887451172,0.0
3.7333333333333334,678400.0,5.265467166900635,0.0
3.75,678400.0,5.29990291595459,0.0
3.7666666666666666,678400.0,5.334173202514648,0.0
3.783333333333333,678400.0,5.368264198303223,0.0
3.8,678400.0,5.40217399597168,0.0
3.816666666666667,678400.0,5.435897350311279,0.0
3.8333333333333335,678400.0,5.4694414138793945,0.0
3.85,678400.0,5.502786159515381,0.0
3.8666666666666667,678400.0,5.535957336425781,0.0
3.8833333333333333,678400.0,5.568936824798584,0.0
3.9,678400.0,5.6017560958862305,0.0
3.9166666666666665,678400.0,5.63438606262207,0.0
3.933333333333333,678400.0,5.666836261749268,0.0
3.95,678400.0,5.69908332824707,0.0
3.966666666666667,678400.0,5.731159210205078,0.0
3.9833333333333334,678400.0,5.763060569763184,0.0
4.0,678400.0,5.794764518737793,0.0
4.016666666666667,678400.0,5.826303958892822,0.0
4.033333333333333,678400.0,5.857643127441406,0.0
4.05,678400.0,5.888805389404297,0.0
4.066666666666666,678400.0,5.919782638549805,0.0
4.083333333333333,678400.0,5.95058536529541,0.0
4.1,678400.0,5.981194019317627,0.0
4.116666666666666,678400.0,6.011614799499512,0.0
4.133333333333334,678400.0,6.041866302490234,0.0
4.15,678400.0,6.071876525878906,0.0
4.166666666666667,678400.0,6.101741790771484,0.0
4.183333333333334,678400.0,6.131419658660889,0.0
4.2,678400.0,6.16087007522583,0.0
4.216666666666667,678400.0,6.19016695022583,0.0
4.233333333333333,678400.0,6.219244956970215,0.0
4.25,678400.0,6.248165130615234,0.0
4.266666666666667,678400.0,6.276908874511719,0.0
4.283333333333333,678400.0,6.305407524108887,0.0
4.3,678400.0,6.333759307861328,0.0
4.316666666666666,678400.0,6.361903667449951,0.0
4.333333333333333,678400.0,6.389863014221191,0.0
4.35,678400.0,6.417634010314941,0.0
4.366666666666666,678400.0,6.445228576660156,0.0
4.383333333333334,678400.0,6.47261905670166,0.0
4.4,678400.0,6.499831199645996,0.0
4.416666666666667,678400.0,6.526893615722656,0.0
4.433333333333334,678400.0,6.553741455078125,0.0
4.45,678400.0,6.580389022827148,0.0
4.466666666666667,678400.0,6.606846809387207,0.0
4.483333333333333,678400.0,6.63312292098999,0.0
4.5,678400.0,6.659218788146973,0.0
4.516666666666667,678400.0,6.685149192810059,0.0
4.533333333333333,678400.0,6.71088981628418,0.0
4.55,678400.0,6.736437797546387,0.0
4.566666666666666,678400.0,6.761819839477539,0.0
4.583333333333333,678400.0,6.786986351013184,0.0
4.6,678400.0,6.812017917633057,0.0
4.616666666666666,678400.0,6.836860656738281,0.0
4.633333333333334,678400.0,6.861504554748535,0.0
4.65,678400.0,6.885984897613525,0.0
4.666666666666667,678400.0,6.910241603851318,0.0
4.683333333333334,678400.0,6.934377670288086,0.0
4.7,678400.0,6.958323001861572,0.0
4.716666666666667,678400.0,6.982085227966309,0.0
4.733333333333333,678400.0,7.005661964416504,0.0
4.75,678400.0,7.029090881347656,0.0
4.766666666666667,678400.0,7.052309989929199,0.0
4.783333333333333,678400.0,7.0754008293151855,0.0
4.8,678400.0,7.098297119140625,0.0
4.816666666666666,678400.0,7.121013641357422,0.0
4.833333333333333,678400.0,7.14357328414917,0.0
4.85,678400.0,7.165914058685303,0.0
4.866666666666666,678400.0,7.188138008117676,0.0
4.883333333333334,678400.0,7.210203647613525,0.0
4.9,678400.0,7.2320942878723145,0.0
4.916666666666667,678400.0,7.253813743591309,0.0
4.933333333333334,678400.0,7.2753520011901855,0.0
4.95,678400.0,7.296694755554199,0.0
4.966666666666667,678400.0,7.317937850952148,0.0
4.983333333333333,678400.0,7.338983535766602,0.0
5.0,678400.0,7.359854221343994,0.0
5.016666666666667,678400.0,7.380581855773926,0.0
5.033333333333333,678400.0,7.401154041290283,0.0
5.05,678400.0,7.421529293060303,0.0
5.066666666666666,678400.0,7.441777229309082,0.0
5.083333333333333,678400.0,7.461832046508789,0.0
5.1,678400.0,7.481731414794922,0.0
5.116666666666666,678400.0,7.50148868560791,0.0
5.133333333333334,678400.0,7.521083831787109,0.0
5.15,678400.0,7.540492057800293,0.0
5.166666666666667,678400.0,7.559803009033203,0.0
5.183333333333334,678400.0,7.57893180847168,0.0
5.2,678400.0,7.597899913787842,0.0
5.216666666666667,678400.0,7.6167216300964355,0.0
5.233333333333333,678400.0,7.635387897491455,0.0
5.25,678400.0,7.653900623321533,0.0
5.266666666666667,678400.0,7.672269821166992,0.0
5.283333333333333,678400.0,7.690473556518555,0.0
5.3,678400.0,7.708529949188232,0.0
5.316666666666666,678400.0,7.726431846618652,0.0
5.333333333333333,678400.0,7.7441792488098145,0.0
5.35,678400.0,7.761788368225098,0.0
5.366666666666666,678400.0,7.779228687286377,0.0
5.383333333333334,678400.0,7.796562194824219,0.0
5.4,678400.0,7.8137407302856445,0.0
5.416666666666667,678400.0,7.830768585205078,0.0
5.433333333333334,678400.0,7.847659111022949,0.0
5.45,678400.0,7.864406585693359,0.0
5.466666666666667,678400.0,7.881031036376953,0.0
5.483333333333333,678400.0,7.897481918334961,0.0
5.5,678400.0,7.913848876953125,0.0
5.516666666666667,678400.0,7.930028438568115,0.0
5.533333333333333,678400.0,7.9461212158203125,0.0
5.55,678400.0,7.962069988250732,0.0
5.566666666666666,678400.0,7.977879047393799,0.0
5.583333333333333,678400.0,7.993566513061523,0.0
5.6,678400.0,8.009135246276855,0.0
5.616666666666666,678400.0,8.024592399597168,0.0
5.633333333333334,678400.0,8.039915084838867,0.0
5.65,678400.0,8.055091857910156,0.0
5.666666666666667,678400.0,8.070111274719238,0.0
5.683333333333334,678400.0,8.085014343261719,0.0
5.7,678400.0,8.099798202514648,0.0
5.716666666666667,678400.0,8.114377975463867,0.0
5.733333333333333,678400.0,8.128883361816406,0.0
5.75,678400.0,8.14331340789795,0.0
5.766666666666667,678400.0,8.157604217529297,0.0
5.783333333333333,678400.0,8.17178726196289,0.0
5.8,678400.0,8.185836791992188,0.0
5.816666666666666,678400.0,8.199716567993164,0.0
5.833333333333333,678400.0,8.213505744934082,0.0
5.85,678400.0,8.227167129516602,0.0
5.866666666666666,678400.0,8.240681648254395,0.0
5.883333333333334,678400.0,8.254058837890625,0.0
5.9,678400.0,8.267385482788086,0.0
5.916666666666667,678400.0,8.280548095703125,0.0
5.933333333333334,678400.0,8.29360294342041,0.0
5.95,678400.0,8.306581497192383,0.0
5.966666666666667,678400.0,8.319465637207031,0.0
5.983333333333333,678400.0,8.332188606262207,0.0
6.0,678400.0,8.344847679138184,0.0
6.016666666666667,678400.0,8.357383728027344,0.0
6.033333333333333,678400.0,8.36970329284668,0.0
6.05,678400.0,8.381952285766602,0.0
6.066666666666666,678400.0,8.394193649291992,0.0
6.083333333333333,678400.0,8.406217575073242,0.0
6.1,678400.0,8.418144226074219,0.0
6.116666666666666,678400.0,8.429950714111328,0.0
6.133333333333334,678400.0,8.441667556762695,0.0
6.15,678400.0,8.453303337097168,0.0
6.166666666666667,678400.0,8.464859962463379,0.0
6.183333333333334,678400.0,8.476278305053711,0.0
6.2,678400.0,8.487560272216797,0.0
6.216666666666667,678400.0,8.498834609985352,0.0
6.233333333333333,678400.0,8.509958267211914,0.0
6.25,678400.0,8.520967483520508,0.0
6.266666666666667,678400.0,8.531882286071777,0.0
6.283333333333333,678400.0,8.542680740356445,0.0
6.3,678400.0,8.553356170654297,0.0
6.316666666666666,678400.0,8.56398868560791,0.0
6.333333333333333,678400.0,8.574446678161621,0.0
6.35,678400.0,8.58487319946289,0.0
6.366666666666666,678400.0,8.59518814086914,0.0
6.383333333333334,678400.0,8.605359077453613,0.0
6.4,678400.0,8.615447998046875,0.0
6.416666666666667,678400.0,8.625450134277344,0.0
6.433333333333334,678400.0,8.635442733764648,0.0
6.45,678400.0,8.645318984985352,0.0
6.466666666666667,678400.0,8.655077934265137,0.0
6.483333333333333,678400.0,8.664755821228027,0.0
6.5,678400.0,8.674426078796387,0.0
6.516666666666667,678400.0,8.683926582336426,0.0
6.533333333333333,678400.0,8.69332504272461,0.0
6.55,678400.0,8.702672958374023,0.0
6.566666666666666,678400.0,8.711917877197266,0.0
6.583333333333333,678400.0,8.721027374267578,0.0
6.6,678400.0,8.73012924194336,0.0
6.616666666666666,678400.0,8.739168167114258,0.0
6.633333333333334,678400.0,8.748123168945312,0.0
6.65,678400.0,8.756977081298828,0.0
6.666666666666667,678400.0,8.7657470703125,0.0
6.683333333333334,678400.0,8.774450302124023,0.0
6.7,678400.0,8.783084869384766,0.0
6.716666666666667,678400.0,8.791626930236816,0.0
6.733333333333333,678400.0,8.80007553100586,0.0
6.75,678400.0,8.808456420898438,0.0
6.766666666666667,678400.0,8.81670093536377,0.0
6.783333333333333,678400.0,8.824904441833496,0.0
6.8,678400.0,8.832975387573242,0.0
6.816666666666666,678400.0,8.841009140014648,0.0
6.833333333333333,678400.0,8.848906517028809,0.0
6.85,678400.0,8.856793403625488,0.0
6.866666666666666,678400.0,8.864578247070312,0.0
6.883333333333334,678400.0,8.872365951538086,0.0
6.9,678400.0,8.880102157592773,0.0
6.916666666666667,678400.0,8.887683868408203,0.0
6.933333333333334,678400.0,8.895219802856445,0.0
6.95,678400.0,8.902698516845703,0.0
6.966666666666667,678400.0,8.910114288330078,0.0
6.983333333333333,678400.0,8.91739273071289,0.0
7.0,678400.0,8.92457389831543,0.0
7.016666666666667,678400.0,8.93171501159668,0.0
7.033333333333333,678400.0,8.938806533813477,0.0
7.05,678400.0,8.945898056030273,0.0
7.066666666666666,678400.0,8.952892303466797,0.0
7.083333333333333,678400.0,8.959784507751465,0.0
7.1,678400.0,8.966611862182617,0.0
7.116666666666666,678400.0,8.973381042480469,0.0
7.133333333333334,678400.0,8.980081558227539,0.0
7.15,678400.0,8.986720085144043,0.0
7.166666666666667,678400.0,8.993267059326172,0.0
7.183333333333334,678400.0,8.999736785888672,0.0
7.2,678400.0,9.006183624267578,0.0
7.216666666666667,678400.0,9.012561798095703,0.0
7.233333333333333,678400.0,9.018877983093262,0.0
7.25,678400.0,9.025176048278809,0.0
7.266666666666667,678400.0,9.031418800354004,0.0
7.283333333333333,678400.0,9.037588119506836,0.0
7.3,678400.0,9.04373550415039,0.0
7.316666666666666,678400.0,9.049811363220215,0.0
7.333333333333333,678400.0,9.055784225463867,0.0
7.35,678400.0,9.061686515808105,0.0
7.366666666666666,678400.0,9.06754207611084,0.0
7.383333333333334,678400.0,9.073393821716309,0.0
7.4,678400.0,9.079203605651855,0.0
7.416666666666667,678400.0,9.084877014160156,0.0
7.433333333333334,678400.0,9.090486526489258,0.0
7.45,678400.0,9.095966339111328,0.0
7.466666666666667,678400.0,9.101408004760742,0.0
7.483333333333333,678400.0,9.106764793395996,0.0
7.5,678400.0,9.112101554870605,0.0
7.516666666666667,678400.0,9.117439270019531,0.0
7.533333333333333,678400.0,9.122795104980469,0.0
7.55,678400.0,9.128120422363281,0.0
7.566666666666666,678400.0,9.1334228515625,0.0
7.583333333333333,678400.0,9.138599395751953,0.0
7.6,678400.0,9.14372730255127,0.0
7.616666666666666,678400.0,9.148750305175781,0.0
7.633333333333334,678400.0,9.153715133666992,0.0
7.65,678400.0,9.158636093139648,0.0
7.666666666666667,678400.0,9.163534164428711,0.0
7.683333333333334,678400.0,9.168405532836914,0.0
7.7,678400.0,9.173263549804688,0.0
7.716666666666667,678400.0,9.178098678588867,0.0
7.733333333333333,678400.0,9.182842254638672,0.0
7.75,678400.0,9.187454223632812,0.0
7.766666666666667,678400.0,9.192005157470703,0.0
7.783333333333333,678400.0,9.196533203125,0.0
7.8,678400.0,9.201045989990234,0.0
7.816666666666666,678400.0,9.205558776855469,0.0
7.833333333333333,678400.0,9.210071563720703,0.0
7.85,678400.0,9.214449882507324,0.0
7.866666666666666,678400.0,9.218758583068848,0.0
7.883333333333334,678400.0,9.223028182983398,0.0
7.9,678400.0,9.227264404296875,0.0
7.916666666666667,678400.0,9.231475830078125,0.0
7.933333333333334,678400.0,9.235666275024414,0.0
7.95,678400.0,9.239774703979492,0.0
7.966666666666667,678400.0,9.243806838989258,0.0
7.983333333333333,678400.0,9.247836112976074,0.0
8.0,678400.0,9.251861572265625,0.0
8.016666666666667,678400.0,9.255863189697266,0.0
8.033333333333333,678400.0,9.259835243225098,0.0
8.05,678400.0,9.263784408569336,0.0
8.066666666666666,678400.0,9.267708778381348,0.0
8.083333333333334,678400.0,9.271578788757324,0.0
8.1,678400.0,9.27541446685791,0.0
8.116666666666667,678400.0,9.279119491577148,0.0
8.133333333333333,678400.0,9.282785415649414,0.0
8.15,678400.0,9.286442756652832,0.0
8.166666666666666,678400.0,9.290067672729492,0.0
8.183333333333334,678400.0,9.293692588806152,0.0
8.2,678400.0,9.297286987304688,0.0
8.216666666666667,678400.0,9.300861358642578,0.0
8.233333333333333,678400.0,9.304407119750977,0.0
8.25,678400.0,9.30783462524414,0.0
8.266666666666667,678400.0,9.311227798461914,0.0
8.283333333333333,678400.0,9.314603805541992,0.0
8.3,678400.0,9.317877769470215,0.0
8.316666666666666,678400.0,9.321145057678223,0.0
8.333333333333334,678400.0,9.324402809143066,0.0
8.35,678400.0,9.327646255493164,0.0
8.366666666666667,678400.0,9.330890655517578,0.0
8.383333333333333,678400.0,9.33411979675293,0.0
8.4,678400.0,9.337343215942383,0.0
8.416666666666666,678400.0,9.34041976928711,0.0
8.433333333333334,678400.0,9.343482971191406,0.0
8.45,678400.0,9.346545219421387,0.0
8.466666666666667,678400.0,9.349533081054688,0.0
8.483333333333333,678400.0,9.352479934692383,0.0
8.5,678400.0,9.355405807495117,0.0
8.516666666666667,678400.0,9.358327865600586,0.0
8.533333333333333,678400.0,9.361228942871094,0.0
8.55,678400.0,9.364130020141602,0.0
8.566666666666666,678400.0,9.366917610168457,0.0
8.583333333333334,678400.0,9.369680404663086,0.0
8.6,678400.0,9.372430801391602,0.0
8.616666666666667,678400.0,9.375170707702637,0.0
8.633333333333333,678400.0,9.37789535522461,0.0
8.65,678400.0,9.38052749633789,0.0
8.666666666666666,678400.0,9.383143424987793,0.0
8.683333333333334,678400.0,9.385746002197266,0.0
8.7,678400.0,9.388345718383789,0.0
8.716666666666667,678400.0,9.390941619873047,0.0
8.733333333333333,678400.0,9.393531799316406,0.0
8.75,678400.0,9.396110534667969,0.0
8.766666666666667,678400.0,9.398663520812988,0.0
8.783333333333333,678400.0,9.401093482971191,0.0
8.8,678400.0,9.403511047363281,0.0
8.816666666666666,678400.0,9.405928611755371,0.0
8.833333333333334,678400.0,9.408269882202148,0.0
8.85,678400.0,9.41057014465332,0.0
8.866666666666667,678400.0,9.412862777709961,0.0
8.883333333333333,678400.0,9.415142059326172,0.0
8.9,678400.0,9.4174165725708,0.0
8.916666666666666,678400.0,9.419685363769531,0.0
8.933333333333334,678400.0,9.421941757202148,0.0
8.95,678400.0,9.424198150634766,0.0
8.966666666666667,678400.0,9.426348686218262,0.0
8.983333333333333,678400.0,9.428464889526367,0.0
9.0,678400.0,9.430583000183105,0.0
9.016666666666667,678400.0,9.432686805725098,0.0
9.033333333333333,678400.0,9.434725761413574,0.0
9.05,678400.0,9.436751365661621,0.0
9.066666666666666,678400.0,9.438756942749023,0.0
9.083333333333334,678400.0,9.44076156616211,0.0
9.1,678400.0,9.442761421203613,0.0
9.116666666666667,678400.0,9.444756507873535,0.0
9.133333333333333,678400.0,9.446755409240723,0.0
9.15,678400.0,9.448748588562012,0.0
9.166666666666666,678400.0,9.450739860534668,0.0
9.183333333333334,678400.0,9.452727317810059,0.0
9.2,678400.0,9.454696655273438,0.0
9.216666666666667,678400.0,9.456664085388184,0.0
9.233333333333333,678400.0,9.458601951599121,0.0
9.25,678400.0,9.460535049438477,0.0
9.266666666666667,678400.0,9.462450981140137,0.0
9.283333333333333,678400.0,9.464262008666992,0.0
9.3,678400.0,9.466038703918457,0.0
9.316666666666666,678400.0,9.467811584472656,0.0
9.333333333333334,678400.0,9.46955680847168,0.0
9.35,678400.0,9.471245765686035,0.0
9.366666666666667,678400.0,9.472912788391113,0.0
9.383333333333333,678400.0,9.47457504272461,0.0
9.4,678400.0,9.476226806640625,0.0
9.416666666666666,678400.0,9.477876663208008,0.0
9.433333333333334,678400.0,9.47951889038086,0.0
9.45,678400.0,9.48115348815918,0.0
9.466666666666667,678400.0,9.482778549194336,0.0
9.483333333333333,678400.0,9.484392166137695,0.0
9.5,678400.0,9.486003875732422,0.0
9.516666666666667,678400.0,9.487615585327148,0.0
9.533333333333333,678400.0,9.489191055297852,0.0
9.55,678400.0,9.490675926208496,0.0
9.566666666666666,678400.0,9.492158889770508,0.0
9.583333333333334,678400.0,9.49362850189209,0.0
9.6,678400.0,9.495094299316406,0.0
9.616666666666667,678400.0,9.496553421020508,0.0
9.633333333333333,678400.0,9.498007774353027,0.0
9.65,678400.0,9.499458312988281,0.0
9.666666666666666,678400.0,9.500873565673828,0.0
9.683333333333334,678400.0,9.502233505249023,0.0
9.7,678400.0,9.503582000732422,0.0
9.716666666666667,678400.0,9.504937171936035,0.0
9.733333333333333,678400.0,9.506290435791016,0.0
9.75,678400.0,9.507640838623047,0.0
9.766666666666667,678400.0,9.508986473083496,0.0
9.783333333333333,678400.0,9.510321617126465,0.0
9.8,678400.0,9.51165771484375,0.0
9.816666666666666,678400.0,9.512979507446289,0.0
9.833333333333334,678400.0,9.514297485351562,0.0
9.85,678400.0,9.515596389770508,0.0
9.866666666666667,678400.0,9.516885757446289,0.0
9.883333333333333,678400.0,9.518158912658691,0.0
9.9,678400.0,9.519346237182617,0.0
9.916666666666666,678400.0,9.52050495147705,0.0
9.933333333333334,678400.0,9.521658897399902,0.0
9.95,678400.0,9.522790908813477,0.0
9.966666666666667,678400.0,9.523890495300293,0.0
9.983333333333333,678400.0,9.524951934814453,0.0
10.0,678400.0,9.525983810424805,0.0
10.016666666666667,678400.0,9.527012825012207,0.0
0.0,768600.0,9.997027397155762,0.0
0.016666666666666666,768600.0,9.485183715820312,0.0
0.03333333333333333,768600.0,8.968095779418945,0.0
0.05,768600.0,8.450529098510742,0.0
0.06666666666666667,768600.0,7.943028450012207,0.0
0.08333333333333333,768600.0,7.434762477874756,0.0
0.1,768600.0,6.917751789093018,0.0
0.11666666666666667,768600.0,6.419739723205566,0.0
0.13333333333333333,768600.0,5.9230499267578125,0.0
0.15,768600.0,5.41614294052124,0.0
0.16666666666666666,768600.0,4.930870532989502,0.0
0.18333333333333332,768600.0,4.4528608322143555,0.0
0.2,768600.0,3.9611263275146484,0.0
0.21666666666666667,768600.0,3.493070125579834,0.0
0.23333333333333334,768600.0,3.046048641204834,0.0
0.25,768600.0,2.578559637069702,0.0
0.26666666666666666,768600.0,2.139476776123047,0.0
0.2833333333333333,768600.0,1.7286752462387085,0.0
0.3,768600.0,1.3265539407730103,0.0
0.31666666666666665,768600.0,0.953866720199585,0.7109004739336493
0.3333333333333333,768600.0,0.638997495174408,5.687203791469194
0.35,768600.0,0.3787345290184021,6.6350710900473935
0.36666666666666664,768600.0,0.21831536293029785,5.687203791469194
0.38333333333333336,768600.0,0.10833516716957092,4.739336492890995
0.4,768600.0,0.06261567771434784,4.028436018957346
0.4166666666666667,768600.0,0.05552264302968979,3.5545023696682465
0.43333333333333335,768600.0,0.08177244663238525,1.8957345971563981
0.45,768600.0,0.15186205506324768,1.4218009478672986
0.4666666666666667,768600.0,0.2858133614063263,0.9478672985781991
0.48333333333333334,768600.0,0.5052963495254517,0.23696682464454977
0.5,768600.0,0.823223352432251,0.23696682464454977
0.5166666666666667,768600.0,1.2368322610855103,0.0
0.5333333333333333,768600.0,1.6861220598220825,0.0
0.55,768600.0,1.5461158752441406,0.0
0.5666666666666667,768600.0,1.4131264686584473,0.0
0.5833333333333334,768600.0,1.2760798931121826,0.0
0.6,768600.0,1.155189871788025,0.0
0.6166666666666667,768600.0,1.049635887145996,0.0
0.6333333333333333,768600.0,0.9584572315216064,1.4218009478672986
0.65,768600.0,0.8778440952301025,2.843601895734597
0.6666666666666666,768600.0,0.7796000242233276,4.739336492890995
0.6833333333333333,768600.0,0.6967619061470032,7.109004739336493
0.7,768600.0,0.6279352903366089,8.056872037914692
0.7166666666666667,768600.0,0.5716737508773804,9.47867298578199
0.7333333333333333,768600.0,0.5265494585037231,10.90047393364929
0.75,768600.0,0.4912072420120239,12.322274881516588
0.7666666666666667,768600.0,0.4395591616630554,13.270142180094787
0.7833333333333333,768600.0,0.39628031849861145,13.744075829383887
0.8,768600.0,0.3626939058303833,16.113744075829384
0.8166666666666667,768600.0,0.33745381236076355,17.535545023696685
0.8333333333333334,768600.0,0.31939512491226196,19.431279620853083
0.85,768600.0,0.30365073680877686,21.32701421800948
0.8666666666666667,768600.0,0.2925263047218323,23.696682464454977
0.8833333333333333,768600.0,0.26184237003326416,26.066350710900476
0.9,768600.0,0.23749059438705444,33.649289099526065
0.9166666666666666,768600.0,0.22036629915237427,37.677725118483416
0.9333333333333333,768600.0,0.20949861407279968,40.52132701421801
0.95,768600.0,0.20409929752349854,42.18009478672986
0.9666666666666667,768600.0,0.1968287229537964,44.312796208530806
0.9833333333333333,768600.0,0.1763443648815155,44.78672985781991
1.0,768600.0,0.1564135104417801,44.312796208530806
1.0166666666666666,768600.0,0.1415572464466095,44.07582938388626
1.0333333333333334,768600.0,0.13174796104431152,42.41706161137441
1.05,768600.0,0.1209406927227974,41.943127962085306
1.0666666666666667,768600.0,0.10519590228796005,40.52132701421801
1.0833333333333333,768600.0,0.0846804678440094,39.57345971563981
1.1,768600.0,0.06596587598323822,38.15165876777251
1.1166666666666667,768600.0,0.05039134994149208,37.44075829383886
1.1333333333333333,768600.0,0.037615370005369186,36.492890995260666
1.15,768600.0,0.030106814578175545,36.018957345971565
1.1666666666666667,768600.0,0.025953209027647972,35.07109004739337
1.1833333333333333,768600.0,0.024067576974630356,34.360189573459714
1.2,768600.0,0.023880790919065475,33.88625592417062
1.2166666666666666,768600.0,0.0251507218927145,31.990521327014214
1.2333333333333334,768600.0,0.027851171791553497,30.33175355450237
1.25,768600.0,0.032108187675476074,30.33175355450237
1.2666666666666666,768600.0,0.03816260024905205,28.436018957345972
1.2833333333333334,768600.0,0.046343639492988586,27.96208530805687
1.3,768600.0,0.057045623660087585,27.251184834123222
1.3166666666666667,768600.0,0.0665539801120758,26.77725118483412
1.3333333333333333,768600.0,0.07555471360683441,26.303317535545023
1.35,768600.0,0.08713500201702118,24.644549763033176
1.3666666666666667,768600.0,0.10170429944992065,24.644549763033176
1.3833333333333333,768600.0,0.11964664608240128,23.22274881516588
1.4,768600.0,0.14128218591213226,21.80094786729858
1.4166666666666667,768600.0,0.1668281853199005,21.09004739336493
1.4333333333333333,768600.0,0.1963634490966797,20.61611374407583
1.45,768600.0,0.22980493307113647,19.194312796208532
1.4666666666666666,768600.0,0.26689743995666504,18.72037914691943
1.4833333333333334,768600.0,0.3072208762168884,18.009478672985782
1.5,768600.0,0.350212961435318,18.009478672985782
1.5166666666666666,768600.0,0.3952040374279022,18.009478672985782
1.5333333333333334,768600.0,0.4414588212966919,15.639810426540285
1.55,768600.0,0.4882192611694336,13.033175355450238
1.5666666666666667,768600.0,0.5347499847412109,13.033175355450238
1.5833333333333333,768600.0,0.5803681015968323,12.559241706161137
1.6,768600.0,0.6244727373123169,12.559241706161137
1.6166666666666667,768600.0,0.6665657162666321,12.085308056872037
1.6333333333333333,768600.0,0.7062568664550781,9.47867298578199
1.65,768600.0,0.7432727813720703,9.004739336492891
1.6666666666666667,768600.0,0.7774501442909241,8.530805687203792
1.6833333333333333,768600.0,0.8087310194969177,7.5829383886255926
1.7,768600.0,0.8371538519859314,7.109004739336493
1.7166666666666666,768600.0,0.855807900428772,6.6350710900473935
1.7333333333333334,768600.0,0.8736374378204346,5.687203791469194
1.75,768600.0,0.8917199969291687,4.502369668246446
1.7666666666666666,768600.0,0.9101584553718567,3.5545023696682465
1.7833333333333334,768600.0,0.929053783416748,3.080568720379147
1.8,768600.0,0.9484989047050476,1.6587677725118484
1.8166666666666667,768600.0,0.968578577041626,1.6587677725118484
1.8333333333333333,768600.0,0.9873088002204895,1.1848341232227488
1.85,768600.0,1.0009942054748535,0.0
1.8666666666666667,768600.0,1.0146265029907227,0.0
1.8833333333333333,768600.0,1.0284926891326904,0.0
1.9,768600.0,1.0428533554077148,0.0
1.9166666666666667,768600.0,1.057943344116211,0.0
1.9333333333333333,768600.0,1.0739645957946777,0.0
1.95,768600.0,1.091092586517334,0.0
1.9666666666666666,768600.0,1.1094739437103271,0.0
1.9833333333333334,768600.0,1.1292269229888916,0.0
2.0,768600.0,1.150442123413086,0.0
2.0166666666666666,768600.0,1.1731855869293213,0.0
2.033333333333333,768600.0,1.1974999904632568,0.0
2.05,768600.0,1.2234052419662476,0.0
2.066666666666667,768600.0,1.2509045600891113,0.0
2.0833333333333335,768600.0,1.2799818515777588,0.0
2.1,768600.0,1.3106062412261963,0.0
2.1166666666666667,768600.0,1.3427319526672363,0.0
2.1333333333333333,768600.0,1.3763046264648438,0.0
2.15,768600.0,1.4112563133239746,0.0
2.1666666666666665,768600.0,1.4475139379501343,0.0
2.183333333333333,768600.0,1.4849956035614014,0.0
2.2,768600.0,1.5236198902130127,0.0
2.216666666666667,768600.0,1.5632916688919067,0.0
2.2333333333333334,768600.0,1.6039221286773682,0.0
2.25,768600.0,1.6454159021377563,0.0
2.2666666666666666,768600.0,1.6876804828643799,0.0
2.283333333333333,768600.0,1.7306232452392578,0.0
2.3,768600.0,1.7741492986679077,0.0
2.316666666666667,768600.0,1.8181722164154053,0.0
2.3333333333333335,768600.0,1.8626015186309814,0.0
2.35,768600.0,1.9073548316955566,0.0
2.3666666666666667,768600.0,1.9523568153381348,0.0
2.3833333333333333,768600.0,1.997520923614502,0.0
2.4,768600.0,2.0427918434143066,0.0
2.4166666666666665,768600.0,2.088085174560547,0.0
2.433333333333333,768600.0,2.133376121520996,0.0
2.45,768600.0,2.1785995960235596,0.0
2.466666666666667,768600.0,2.2237114906311035,0.0
2.4833333333333334,768600.0,2.2686710357666016,0.0
2.5,768600.0,2.313436508178711,0.0
2.5166666666666666,768600.0,2.3579845428466797,0.0
2.533333333333333,768600.0,2.4022884368896484,0.0
2.55,768600.0,2.4463300704956055,0.0
2.566666666666667,768600.0,2.490097999572754,0.0
2.5833333333333335,768600.0,2.5335841178894043,0.0
2.6,768600.0,2.576781988143921,0.0
2.6166666666666667,768600.0,2.6196932792663574,0.0
2.6333333333333333,768600.0,2.662323474884033,0.0
2.65,768600.0,2.704679489135742,0.0
2.6666666666666665,768600.0,2.7467751502990723,0.0
2.683333333333333,768600.0,2.788619041442871,0.0
2.7,768600.0,2.8302364349365234,0.0
2.716666666666667,768600.0,2.8716330528259277,0.0
2.7333333333333334,768600.0,2.912836790084839,0.0
2.75,768600.0,2.953864574432373,0.0
2.7666666666666666,768600.0,2.994734764099121,0.0
2.783333333333333,768600.0,3.0354647636413574,0.0
2.8,768600.0,3.076070547103882,0.0
2.816666666666667,768600.0,3.116575241088867,0.0
2.8333333333333335,768600.0,3.15698504447937,0.0
2.85,768600.0,3.1973445415496826,0.0
2.8666666666666667,768600.0,3.237639904022217,0.0
2.8833333333333333,768600.0,3.2778844833374023,0.0
2.9,768600.0,3.318086624145508,0.0
2.9166666666666665,768600.0,3.358274459838867,0.0
2.933333333333333,768600.0,3.398433208465576,0.0
2.95,768600.0,3.4385881423950195,0.0
2.966666666666667,768600.0,3.4787235260009766,0.0
2.9833333333333334,768600.0,3.518878698348999,0.0
3.0,768600.0,3.5590217113494873,0.0
3.0166666666666666,768600.0,3.5991711616516113,0.0
3.033333333333333,768600.0,3.6393041610717773,0.0
3.05,768600.0,3.6794357299804688,0.0
3.066666666666667,768600.0,3.719550371170044,0.0
3.0833333333333335,768600.0,3.7596378326416016,0.0
3.1,768600.0,3.799680709838867,0.0
3.1166666666666667,768600.0,3.8396942615509033,0.0
3.1333333333333333,768600.0,3.8796677589416504,0.0
3.15,768600.0,3.919584274291992,0.0
3.1666666666666665,768600.0,3.9594364166259766,0.0
3.183333333333333,768600.0,3.999232769012451,0.0
3.2,768600.0,4.038930892944336,0.0
3.216666666666667,768600.0,4.078578948974609,0.0
3.2333333333333334,768600.0,4.1181440353393555,0.0
3.25,768600.0,4.157619953155518,0.0
3.2666666666666666,768600.0,4.196972846984863,0.0
3.283333333333333,768600.0,4.236167907714844,0.0
3.3,768600.0,4.275295734405518,0.0
3.316666666666667,768600.0,4.314268589019775,0.0
3.3333333333333335,768600.0,4.353096008300781,0.0
3.35,768600.0,4.391777038574219,0.0
3.3666666666666667,768600.0,4.43031120300293,0.0
3.3833333333333333,768600.0,4.468687534332275,0.0
3.4,768600.0,4.50689697265625,0.0
3.4166666666666665,768600.0,4.544918060302734,0.0
3.433333333333333,768600.0,4.582796096801758,0.0
3.45,768600.0,4.620495319366455,0.0
3.466666666666667,768600.0,4.6579999923706055,0.0
3.4833333333333334,768600.0,4.695326805114746,0.0
3.5,768600.0,4.73246955871582,0.0
3.5166666666666666,768600.0,4.769432067871094,0.0
3.533333333333333,768600.0,4.806206226348877,0.0
3.55,768600.0,4.842785358428955,0.0
3.566666666666667,768600.0,4.87917423248291,0.0
3.5833333333333335,768600.0,4.915369033813477,0.0
3.6,768600.0,4.95136833190918,0.0
3.6166666666666667,768600.0,4.987187385559082,0.0
3.6333333333333333,768600.0,5.022820949554443,0.0
3.65,768600.0,5.0582427978515625,0.0
3.6666666666666665,768600.0,5.093486785888672,0.0
3.683333333333333,768600.0,5.128538131713867,0.0
3.7,768600.0,5.163409233093262,0.0
3.716666666666667,768600.0,5.198101043701172,0.0
3.7333333333333334,768600.0,5.232600688934326,0.0
3.75,768600.0,5.266917705535889,0.0
3.7666666666666666,768600.0,5.301032066345215,0.0
3.783333333333333,768600.0,5.33497953414917,0.0
3.8,768600.0,5.368745803833008,0.0
3.816666666666667,768600.0,5.402304649353027,0.0
3.8333333333333335,768600.0,5.435722827911377,0.0
3.85,768600.0,5.468948841094971,0.0
3.8666666666666667,768600.0,5.501988410949707,0.0
3.8833333333333333,768600.0,5.534842491149902,0.0
3.9,768600.0,5.56751823425293,0.0
3.9166666666666665,768600.0,5.600019454956055,0.0
3.933333333333333,768600.0,5.632315635681152,0.0
3.95,768600.0,5.664463043212891,0.0
3.966666666666667,768600.0,5.696420669555664,0.0
3.9833333333333334,768600.0,5.728198528289795,0.0
4.0,768600.0,5.759796619415283,0.0
4.016666666666667,768600.0,5.791190147399902,0.0
4.033333333333333,768600.0,5.822403907775879,0.0
4.05,768600.0,5.853419303894043,0.0
4.066666666666666,768600.0,5.8842902183532715,0.0
4.083333333333333,768600.0,5.914968013763428,0.0
4.1,768600.0,5.945448875427246,0.0
4.116666666666666,768600.0,5.9757490158081055,0.0
4.133333333333334,768600.0,6.005865097045898,0.0
4.15,768600.0,6.035799026489258,0.0
4.166666666666667,768600.0,6.0655412673950195,0.0
4.183333333333334,768600.0,6.095088005065918,0.0
4.2,768600.0,6.124454498291016,0.0
4.216666666666667,768600.0,6.153629779815674,0.0
4.233333333333333,768600.0,6.182590484619141,0.0
4.25,768600.0,6.2113847732543945,0.0
4.266666666666667,768600.0,6.2399983406066895,0.0
4.283333333333333,768600.0,6.268414497375488,0.0
4.3,768600.0,6.296661376953125,0.0
4.316666666666666,768600.0,6.324706554412842,0.0
4.333333333333333,768600.0,6.35255765914917,0.0
4.35,768600.0,6.380239963531494,0.0
4.366666666666666,768600.0,6.407720565795898,0.0
4.383333333333334,768600.0,6.435029029846191,0.0
4.4,768600.0,6.4621429443359375,0.0
4.416666666666667,768600.0,6.489058494567871,0.0
4.433333333333334,768600.0,6.515804290771484,0.0
4.45,768600.0,6.542342185974121,0.0
4.466666666666667,768600.0,6.568725109100342,0.0
4.483333333333333,768600.0,6.594899654388428,0.0
4.5,768600.0,6.620916366577148,0.0
4.516666666666667,768600.0,6.646735191345215,0.0
4.533333333333333,768600.0,6.672372817993164,0.0
4.55,768600.0,6.697831630706787,0.0
4.566666666666666,768600.0,6.723100662231445,0.0
4.583333333333333,768600.0,6.748196601867676,0.0
4.6,768600.0,6.773111343383789,0.0
4.616666666666666,768600.0,6.79784631729126,0.0
4.633333333333334,768600.0,6.822404861450195,0.0
4.65,768600.0,6.846787929534912,0.0
4.666666666666667,768600.0,6.870983123779297,0.0
4.683333333333334,768600.0,6.89500617980957,0.0
4.7,768600.0,6.9188642501831055,0.0
4.716666666666667,768600.0,6.942538261413574,0.0
4.733333333333333,768600.0,6.966039657592773,0.0
4.75,768600.0,6.989351749420166,0.0
4.766666666666667,768600.0,7.01251220703125,0.0
4.783333333333333,768600.0,7.03549337387085,0.0
4.8,768600.0,7.058302402496338,0.0
4.816666666666666,768600.0,7.080929756164551,0.0
4.833333333333333,768600.0,7.103410720825195,0.0
4.85,768600.0,7.125698089599609,0.0
4.866666666666666,768600.0,7.147847652435303,0.0
4.883333333333334,768600.0,7.169798851013184,0.0
4.9,768600.0,7.191605567932129,0.0
4.916666666666667,768600.0,7.213223457336426,0.0
4.933333333333334,768600.0,7.234694480895996,0.0
4.95,768600.0,7.255978584289551,0.0
4.966666666666667,768600.0,7.277118682861328,0.0
4.983333333333333,768600.0,7.298084735870361,0.0
5.0,768600.0,7.318897247314453,0.0
5.016666666666667,768600.0,7.339540481567383,0.0
5.033333333333333,768600.0,7.360023498535156,0.0
5.05,768600.0,7.380339622497559,0.0
5.066666666666666,768600.0,7.400516510009766,0.0
5.083333333333333,768600.0,7.4205217361450195,0.0
5.1,768600.0,7.440356731414795,0.0
5.116666666666666,768600.0,7.460022449493408,0.0
5.133333333333334,768600.0,7.4795684814453125,0.0
5.15,768600.0,7.4989142417907715,0.0
5.166666666666667,768600.0,7.518138885498047,0.0
5.183333333333334,768600.0,7.537182331085205,0.0
5.2,768600.0,7.556077480316162,0.0
5.216666666666667,768600.0,7.574822425842285,0.0
5.233333333333333,768600.0,7.593414783477783,0.0
5.25,768600.0,7.611833572387695,0.0
5.266666666666667,768600.0,7.630154609680176,0.0
5.283333333333333,768600.0,7.648316383361816,0.0
5.3,768600.0,7.666301250457764,0.0
5.316666666666666,768600.0,7.6841630935668945,0.0
5.333333333333333,768600.0,7.701854705810547,0.0
5.35,768600.0,7.719405174255371,0.0
5.366666666666666,768600.0,7.7368059158325195,0.0
5.383333333333334,768600.0,7.754071235656738,0.0
5.4,768600.0,7.771186351776123,0.0
5.416666666666667,768600.0,7.788132190704346,0.0
5.433333333333334,768600.0,7.804976463317871,0.0
5.45,768600.0,7.821662902832031,0.0
5.466666666666667,768600.0,7.838230133056641,0.0
5.483333333333333,768600.0,7.854665756225586,0.0
5.5,768600.0,7.870946884155273,0.0
5.516666666666667,768600.0,7.887113571166992,0.0
5.533333333333333,768600.0,7.9031081199646,0.0
5.55,768600.0,7.919027328491211,0.0
5.566666666666666,768600.0,7.934787750244141,0.0
5.583333333333333,768600.0,7.9504194259643555,0.0
5.6,768600.0,7.965890884399414,0.0
5.616666666666666,768600.0,7.981268882751465,0.0
5.633333333333334,768600.0,7.996525764465332,0.0
5.65,768600.0,8.011629104614258,0.0
5.666666666666667,768600.0,8.026618003845215,0.0
5.683333333333334,768600.0,8.04147720336914,0.0
5.7,768600.0,8.056209564208984,0.0
5.716666666666667,768600.0,8.070806503295898,0.0
5.733333333333333,768600.0,8.085247039794922,0.0
5.75,768600.0,8.09956169128418,0.0
5.766666666666667,768600.0,8.113819122314453,0.0
5.783333333333333,768600.0,8.127901077270508,0.0
5.8,768600.0,8.141866683959961,0.0
5.816666666666666,768600.0,8.15572738647461,0.0
5.833333333333333,768600.0,8.169511795043945,0.0
5.85,768600.0,8.183128356933594,0.0
5.866666666666666,768600.0,8.196666717529297,0.0
5.883333333333334,768600.0,8.210039138793945,0.0
5.9,768600.0,8.223257064819336,0.0
5.916666666666667,768600.0,8.236442565917969,0.0
5.933333333333334,768600.0,8.249414443969727,0.0
5.95,768600.0,8.2622709274292,0.0
5.966666666666667,768600.0,8.275019645690918,0.0
5.983333333333333,768600.0,8.287739753723145,0.0
6.0,768600.0,8.300333023071289,0.0
6.016666666666667,768600.0,8.312788009643555,0.0
6.033333333333333,768600.0,8.325124740600586,0.0
6.05,768600.0,8.337373733520508,0.0
6.066666666666666,768600.0,8.349478721618652,0.0
6.083333333333333,768600.0,8.361488342285156,0.0
6.1,768600.0,8.373414993286133,0.0
6.116666666666666,768600.0,8.385190963745117,0.0
6.133333333333334,768600.0,8.3968505859375,0.0
6.15,768600.0,8.408454895019531,0.0
6.166666666666667,768600.0,8.419989585876465,0.0
6.183333333333334,768600.0,8.431329727172852,0.0
6.2,768600.0,8.442611694335938,0.0
6.216666666666667,768600.0,8.45378303527832,0.0
6.233333333333333,768600.0,8.46487045288086,0.0
6.25,768600.0,8.47587776184082,0.0
6.266666666666667,768600.0,8.486814498901367,0.0
6.283333333333333,768600.0,8.497567176818848,0.0
6.3,768600.0,8.508203506469727,0.0
6.316666666666666,768600.0,8.51881217956543,0.0
6.333333333333333,768600.0,8.52929973602295,0.0
6.35,768600.0,8.53965950012207,0.0
6.366666666666666,768600.0,8.54993724822998,0.0
6.383333333333334,768600.0,8.560091018676758,0.0
6.4,768600.0,8.570164680480957,0.0
6.416666666666667,768600.0,8.580190658569336,0.0
6.433333333333334,768600.0,8.590120315551758,0.0
6.45,768600.0,8.599879264831543,0.0
6.466666666666667,768600.0,8.609615325927734,0.0
6.483333333333333,768600.0,8.619303703308105,0.0
6.5,768600.0,8.628973007202148,0.0
6.516666666666667,768600.0,8.638428688049316,0.0
6.533333333333333,768600.0,8.647823333740234,0.0
6.55,768600.0,8.657171249389648,0.0
6.566666666666666,768600.0,8.666417121887207,0.0
6.583333333333333,768600.0,8.675506591796875,0.0
6.6,768600.0,8.684532165527344,0.0
6.616666666666666,768600.0,8.69350814819336,0.0
6.633333333333334,768600.0,8.70238971710205,0.0
6.65,768600.0,8.711172103881836,0.0
6.666666666666667,768600.0,8.71987533569336,0.0
6.683333333333334,768600.0,8.728522300720215,0.0
6.7,768600.0,8.737037658691406,0.0
6.716666666666667,768600.0,8.745477676391602,0.0
6.733333333333333,768600.0,8.753908157348633,0.0
6.75,768600.0,8.76227855682373,0.0
6.766666666666667,768600.0,8.770520210266113,0.0
6.783333333333333,768600.0,8.778739929199219,0.0
6.8,768600.0,8.78683853149414,0.0
6.816666666666666,768600.0,8.794897079467773,0.0
6.833333333333333,768600.0,8.802823066711426,0.0
6.85,768600.0,8.810720443725586,0.0
6.866666666666666,768600.0,8.818519592285156,0.0
6.883333333333334,768600.0,8.826255798339844,0.0
6.9,768600.0,8.833908081054688,0.0
6.916666666666667,768600.0,8.841450691223145,0.0
6.933333333333334,768600.0,8.848915100097656,0.0
6.95,768600.0,8.856328964233398,0.0
6.966666666666667,768600.0,8.863701820373535,0.0
6.983333333333333,768600.0,8.870988845825195,0.0
7.0,768600.0,8.878231048583984,0.0
7.016666666666667,768600.0,8.885375022888184,0.0
7.033333333333333,768600.0,8.89246940612793,0.0
7.05,768600.0,8.899515151977539,0.0
7.066666666666666,768600.0,8.906423568725586,0.0
7.083333333333333,768600.0,8.913312911987305,0.0
7.1,768600.0,8.920141220092773,0.0
7.116666666666666,768600.0,8.926918029785156,0.0
7.133333333333334,768600.0,8.933573722839355,0.0
7.15,768600.0,8.94009017944336,0.0
7.166666666666667,768600.0,8.946554183959961,0.0
7.183333333333334,768600.0,8.953001022338867,0.0
7.2,768600.0,8.959442138671875,0.0
7.216666666666667,768600.0,8.965753555297852,0.0
7.233333333333333,768600.0,8.97208023071289,0.0
7.25,768600.0,8.978389739990234,0.0
7.266666666666667,768600.0,8.984601974487305,0.0
7.283333333333333,768600.0,8.990751266479492,0.0
7.3,768600.0,8.996875762939453,0.0
7.316666666666666,768600.0,9.002900123596191,0.0
7.333333333333333,768600.0,9.008898735046387,0.0
7.35,768600.0,9.014863967895508,0.0
7.366666666666666,768600.0,9.020700454711914,0.0
7.383333333333334,768600.0,9.02650260925293,0.0
7.4,768600.0,9.032214164733887,0.0
7.416666666666667,768600.0,9.037846565246582,0.0
7.433333333333334,768600.0,9.04338550567627,0.0
7.45,768600.0,9.04888916015625,0.0
7.466666666666667,768600.0,9.054405212402344,0.0
7.483333333333333,768600.0,9.059904098510742,0.0
7.5,768600.0,9.06537914276123,0.0
7.516666666666667,768600.0,9.070698738098145,0.0
7.533333333333333,768600.0,9.07601547241211,0.0
7.55,768600.0,9.081222534179688,0.0
7.566666666666666,768600.0,9.08641529083252,0.0
7.583333333333333,768600.0,9.091602325439453,0.0
7.6,768600.0,9.096763610839844,0.0
7.616666666666666,768600.0,9.101869583129883,0.0
7.633333333333334,768600.0,9.106865882873535,0.0
7.65,768600.0,9.111747741699219,0.0
7.666666666666667,768600.0,9.116582870483398,0.0
7.683333333333334,768600.0,9.121330261230469,0.0
7.7,768600.0,9.126021385192871,0.0
7.716666666666667,768600.0,9.130681037902832,0.0
7.733333333333333,768600.0,9.135329246520996,0.0
7.75,768600.0,9.139970779418945,0.0
7.766666666666667,768600.0,9.144612312316895,0.0
7.783333333333333,768600.0,9.149248123168945,0.0
7.8,768600.0,9.153799057006836,0.0
7.816666666666666,768600.0,9.15831184387207,0.0
7.833333333333333,768600.0,9.162683486938477,0.0
7.85,768600.0,9.166942596435547,0.0
7.866666666666666,768600.0,9.171184539794922,0.0
7.883333333333334,768600.0,9.175409317016602,0.0
7.9,768600.0,9.179619789123535,0.0
7.916666666666667,768600.0,9.183818817138672,0.0
7.933333333333334,768600.0,9.188009262084961,0.0
7.95,768600.0,9.19219970703125,0.0
7.966666666666667,768600.0,9.196390151977539,0.0
7.983333333333333,768600.0,9.200396537780762,0.0
8.0,768600.0,9.204344749450684,0.0
8.016666666666667,768600.0,9.208292961120605,0.0
8.033333333333333,768600.0,9.21219253540039,0.0
8.05,768600.0,9.216097831726074,0.0
8.066666666666666,768600.0,9.220000267028809,0.0
8.083333333333334,768600.0,9.22387981414795,0.0
8.1,768600.0,9.227747917175293,0.0
8.116666666666667,768600.0,9.231508255004883,0.0
8.133333333333333,768600.0,9.235149383544922,0.0
8.15,768600.0,9.238784790039062,0.0
8.166666666666666,768600.0,9.242399215698242,0.0
8.183333333333334,768600.0,9.245967864990234,0.0
8.2,768600.0,9.249528884887695,0.0
8.216666666666667,768600.0,9.253074645996094,0.0
8.233333333333333,768600.0,9.256620407104492,0.0
8.25,768600.0,9.2600736618042,0.0
8.266666666666667,768600.0,9.263463020324707,0.0
8.283333333333333,768600.0,9.266799926757812,0.0
8.3,768600.0,9.270092010498047,0.0
8.316666666666666,768600.0,9.273351669311523,0.0
8.333333333333334,768600.0,9.276588439941406,0.0
8.35,768600.0,9.27981185913086,0.0
8.366666666666667,768600.0,9.283035278320312,0.0
8.383333333333333,768600.0,9.286240577697754,0.0
8.4,768600.0,9.28930950164795,0.0
8.416666666666666,768600.0,9.292372703552246,0.0
8.433333333333334,768600.0,9.295417785644531,0.0
8.45,768600.0,9.298391342163086,0.0
8.466666666666667,768600.0,9.301361083984375,0.0
8.483333333333333,768600.0,9.304306030273438,0.0
8.5,768600.0,9.307238578796387,0.0
8.516666666666667,768600.0,9.31015682220459,0.0
8.533333333333333,768600.0,9.313057899475098,0.0
8.55,768600.0,9.315897941589355,0.0
8.566666666666666,768600.0,9.318662643432617,0.0
8.583333333333334,768600.0,9.321425437927246,0.0
8.6,768600.0,9.324188232421875,0.0
8.616666666666667,768600.0,9.326951026916504,0.0
8.633333333333333,768600.0,9.329627990722656,0.0
8.65,768600.0,9.332254409790039,0.0
8.666666666666666,768600.0,9.33487319946289,0.0
8.683333333333334,768600.0,9.337478637695312,0.0
8.7,768600.0,9.340080261230469,0.0
8.716666666666667,768600.0,9.34267807006836,0.0
8.733333333333333,768600.0,9.345256805419922,0.0
8.75,768600.0,9.347835540771484,0.0
8.766666666666667,768600.0,9.350332260131836,0.0
8.783333333333333,768600.0,9.352762222290039,0.0
8.8,768600.0,9.355186462402344,0.0
8.816666666666666,768600.0,9.357604026794434,0.0
8.833333333333334,768600.0,9.3599853515625,0.0
8.85,768600.0,9.362287521362305,0.0
8.866666666666667,768600.0,9.364578247070312,0.0
8.883333333333333,768600.0,9.366859436035156,0.0
8.9,768600.0,9.369134902954102,0.0
8.916666666666666,768600.0,9.371391296386719,0.0
8.933333333333334,768600.0,9.373647689819336,0.0
8.95,768600.0,9.375853538513184,0.0
8.966666666666667,768600.0,9.37797737121582,0.0
8.983333333333333,768600.0,9.38009262084961,0.0
9.0,768600.0,9.3822021484375,0.0
9.016666666666667,768600.0,9.384305000305176,0.0
9.033333333333333,768600.0,9.38640022277832,0.0
9.05,768600.0,9.388427734375,0.0
9.066666666666666,768600.0,9.390445709228516,0.0
9.083333333333334,768600.0,9.392459869384766,0.0
9.1,768600.0,9.394474983215332,0.0
9.116666666666667,768600.0,9.396480560302734,0.0
9.133333333333333,768600.0,9.398470878601074,0.0
9.15,768600.0,9.400457382202148,0.0
9.166666666666666,768600.0,9.402424812316895,0.0
9.183333333333334,768600.0,9.404380798339844,0.0
9.2,768600.0,9.406332969665527,0.0
9.216666666666667,768600.0,9.408276557922363,0.0
9.233333333333333,768600.0,9.410210609436035,0.0
9.25,768600.0,9.41214370727539,0.0
9.266666666666667,768600.0,9.413992881774902,0.0
9.283333333333333,768600.0,9.415791511535645,0.0
9.3,768600.0,9.417564392089844,0.0
9.316666666666666,768600.0,9.419337272644043,0.0
9.333333333333334,768600.0,9.421097755432129,0.0
9.35,768600.0,9.422775268554688,0.0
9.366666666666667,768600.0,9.424440383911133,0.0
9.383333333333333,768600.0,9.426103591918945,0.0
9.4,768600.0,9.427759170532227,0.0
9.416666666666666,768600.0,9.429410934448242,0.0
9.433333333333334,768600.0,9.431056022644043,0.0
9.45,768600.0,9.43268871307373,0.0
9.466666666666667,768600.0,9.434316635131836,0.0
9.483333333333333,768600.0,9.435941696166992,0.0
9.5,768600.0,9.437557220458984,0.0
9.516666666666667,768600.0,9.439168930053711,0.0
9.533333333333333,768600.0,9.440723419189453,0.0
9.55,768600.0,9.442193984985352,0.0
9.566666666666666,768600.0,9.44365406036377,0.0
9.583333333333334,768600.0,9.445110321044922,0.0
9.6,768600.0,9.446560859680176,0.0
9.616666666666667,768600.0,9.44801139831543,0.0
9.633333333333333,768600.0,9.44943618774414,0.0
9.65,768600.0,9.4508056640625,0.0
9.666666666666666,768600.0,9.452165603637695,0.0
9.683333333333334,768600.0,9.45351505279541,0.0
9.7,768600.0,9.454863548278809,0.0
9.716666666666667,768600.0,9.456212997436523,0.0
9.733333333333333,768600.0,9.457551956176758,0.0
9.75,768600.0,9.458891868591309,0.0
9.766666666666667,768600.0,9.460233688354492,0.0
9.783333333333333,768600.0,9.461568832397461,0.0
9.8,768600.0,9.46290397644043,0.0
9.816666666666666,768600.0,9.464237213134766,0.0
9.833333333333334,768600.0,9.46556282043457,0.0
9.85,768600.0,9.466890335083008,0.0
9.866666666666667,768600.0,9.468185424804688,0.0
9.883333333333333,768600.0,9.46946907043457,0.0
9.9,768600.0,9.47065544128418,0.0
9.916666666666666,768600.0,9.471817016601562,0.0
9.933333333333334,768600.0,9.472956657409668,0.0
9.95,768600.0,9.474084854125977,0.0
9.966666666666667,768600.0,9.475178718566895,0.0
9.983333333333333,768600.0,9.476227760314941,0.0
10.0,768600.0,9.477263450622559,0.0
10.016666666666667,768600.0,9.478302001953125,0.0
0.0,858800.0,9.997027397155762,0.0
0.016666666666666666,858800.0,9.485176086425781,0.0
0.03333333333333333,858800.0,8.968080520629883,0.0
0.05,858800.0,8.450485229492188,0.0
0.06666666666666667,858800.0,7.942954063415527,0.0
0.08333333333333333,858800.0,7.434635162353516,0.0
0.1,858800.0,6.917575836181641,0.0
0.11666666666666667,858800.0,6.419492721557617,0.0
0.13333333333333333,858800.0,5.922730445861816,0.0
0.15,858800.0,5.415746688842773,0.0
0.16666666666666666,858800.0,4.930379867553711,0.0
0.18333333333333332,858800.0,4.452270030975342,0.0
0.2,858800.0,3.960432767868042,0.0
0.21666666666666667,858800.0,3.4922728538513184,0.0
0.23333333333333334,858800.0,3.0451436042785645,0.0
0.25,858800.0,2.577540397644043,0.0
0.26666666666666666,858800.0,2.1383554935455322,0.0
0.2833333333333333,858800.0,1.7274645566940308,0.0
0.3,858800.0,1.3252732753753662,0.0
0.31666666666666665,858800.0,0.9525769948959351,0.7109004739336493
0.3333333333333333,858800.0,0.6377773880958557,5.687203791469194
0.35,858800.0,0.37767690420150757,6.6350710900473935
0.36666666666666664,858800.0,0.21753951907157898,5.687203791469194
0.38333333333333336,858800.0,0.1078122928738594,4.739336492890995
0.4,858800.0,0.062221236526966095,4.028436018957346
0.4166666666666667,858800.0,0.05512632057070732,3.5545023696682465
0.43333333333333335,858800.0,0.0812520682811737,1.8957345971563981
0.45,858800.0,0.15108594298362732,1.4218009478672986
0.4666666666666667,858800.0,0.2846386432647705,0.9478672985781991
0.48333333333333334,858800.0,0.5036005973815918,0.23696682464454977
0.5,858800.0,0.8209417462348938,0.23696682464454977
0.5166666666666667,858800.0,1.233969807624817,0.0
0.5333333333333333,858800.0,1.6837708950042725,0.0
0.55,858800.0,1.5436819791793823,0.0
0.5666666666666667,858800.0,1.4105653762817383,0.0
0.5833333333333334,858800.0,1.273461103439331,0.0
0.6,858800.0,1.1525212526321411,0.0
0.6166666666666667,858800.0,1.0469255447387695,0.0
0.6333333333333333,858800.0,0.9557143449783325,1.4218009478672986
0.65,858800.0,0.8750662207603455,2.843601895734597
0.6666666666666666,858800.0,0.7768343687057495,4.739336492890995
0.6833333333333333,858800.0,0.6940162181854248,7.109004739336493
0.7,858800.0,0.625214159488678,8.056872037914692
0.7166666666666667,858800.0,0.5689774751663208,9.47867298578199
0.7333333333333333,858800.0,0.5238742828369141,10.90047393364929
0.75,858800.0,0.48854660987854004,12.322274881516588
0.7666666666666667,858800.0,0.4369826912879944,13.270142180094787
0.7833333333333333,858800.0,0.39377790689468384,13.744075829383887
0.8,858800.0,0.3602515459060669,16.587677725118482
0.8166666666666667,858800.0,0.3350536823272705,17.535545023696685
0.8333333333333334,858800.0,0.3170170783996582,19.90521327014218
0.85,858800.0,0.3012188971042633,21.32701421800948
0.8666666666666667,858800.0,0.2902695834636688,23.696682464454977
0.8833333333333333,858800.0,0.25955328345298767,26.066350710900476
0.9,858800.0,0.23527610301971436,34.59715639810427
0.9166666666666666,858800.0,0.21819747984409332,37.677725118483416
0.9333333333333333,858800.0,0.20734542608261108,40.99526066350711
0.95,858800.0,0.20193108916282654,42.18009478672986
0.9666666666666667,858800.0,0.19481952488422394,44.312796208530806
0.9833333333333333,858800.0,0.17443343997001648,44.78672985781991
1.0,858800.0,0.15449872612953186,44.312796208530806
1.0166666666666666,858800.0,0.1397249400615692,44.07582938388626
1.0333333333333334,858800.0,0.12993568181991577,42.41706161137441
1.05,858800.0,0.11920087784528732,41.943127962085306
1.0666666666666667,858800.0,0.10373350977897644,40.52132701421801
1.0833333333333333,858800.0,0.08338077366352081,40.047393364928915
1.1,858800.0,0.06486868858337402,38.15165876777251
1.1166666666666667,858800.0,0.04952552542090416,37.44075829383886
1.1333333333333333,858800.0,0.03693712502717972,36.492890995260666
1.15,858800.0,0.02954343892633915,36.018957345971565
1.1666666666666667,858800.0,0.025452550500631332,35.07109004739337
1.1833333333333333,858800.0,0.023590829223394394,34.360189573459714
1.2,858800.0,0.023396745324134827,33.88625592417062
1.2166666666666666,858800.0,0.024631522595882416,31.990521327014214
1.2333333333333334,858800.0,0.027269091457128525,30.33175355450237
1.25,858800.0,0.031433604657649994,30.80568720379147
1.2666666666666666,858800.0,0.0373624823987484,29.383886255924168
1.2833333333333334,858800.0,0.045380543917417526,28.90995260663507
1.3,858800.0,0.05587755888700485,27.72511848341232
1.3166666666666667,858800.0,0.06571122258901596,27.251184834123222
1.3333333333333333,858800.0,0.07452152669429779,26.303317535545023
1.35,858800.0,0.08586639165878296,24.644549763033176
1.3666666666666667,858800.0,0.10015100240707397,24.644549763033176
1.3833333333333333,858800.0,0.11775719374418259,23.22274881516588
1.4,858800.0,0.13900510966777802,22.748815165876778
1.4166666666666667,858800.0,0.16411402821540833,21.09004739336493
1.4333333333333333,858800.0,0.1931682825088501,20.61611374407583
1.45,858800.0,0.22609271109104156,20.14218009478673
1.4666666666666666,858800.0,0.262641966342926,18.72037914691943
1.4833333333333334,858800.0,0.3024064302444458,18.009478672985782
1.5,858800.0,0.34483441710472107,18.009478672985782
1.5166666666666666,858800.0,0.3892665505409241,18.009478672985782
1.5333333333333334,858800.0,0.43497639894485474,16.587677725118482
1.55,858800.0,0.4812132716178894,13.981042654028435
1.5666666666666667,858800.0,0.5272469520568848,13.033175355450238
1.5833333333333333,858800.0,0.5723987817764282,13.033175355450238
1.6,858800.0,0.6160693764686584,12.559241706161137
1.6166666666666667,858800.0,0.6577610969543457,12.559241706161137
1.6333333333333333,858800.0,0.6970843076705933,10.42654028436019
1.65,858800.0,0.733762800693512,9.47867298578199
1.6666666666666667,858800.0,0.7676334977149963,8.530805687203792
1.6833333333333333,858800.0,0.7986369132995605,8.056872037914692
1.7,858800.0,0.8268071413040161,7.109004739336493
1.7166666666666666,858800.0,0.8461126089096069,6.6350710900473935
1.7333333333333334,858800.0,0.8637784719467163,5.687203791469194
1.75,858800.0,0.8816969990730286,5.213270142180095
1.7666666666666666,858800.0,0.8999727964401245,3.5545023696682465
1.7833333333333334,858800.0,0.9187041521072388,3.080568720379147
1.8,858800.0,0.9379845857620239,2.132701421800948
1.8166666666666667,858800.0,0.9578965902328491,1.6587677725118484
1.8333333333333333,858800.0,0.9755700826644897,1.6587677725118484
1.85,858800.0,0.9891259074211121,1.1848341232227488
1.8666666666666667,858800.0,1.002629280090332,0.0
1.8833333333333333,858800.0,1.0163676738739014,0.0
1.9,858800.0,1.0305993556976318,0.0
1.9166666666666667,858800.0,1.0455570220947266,0.0
1.9333333333333333,858800.0,1.0614430904388428,0.0
1.95,858800.0,1.0784329175949097,0.0
1.9666666666666666,858800.0,1.0966691970825195,0.0
1.9833333333333334,858800.0,1.1162712574005127,0.0
2.0,858800.0,1.1373295783996582,0.0
2.0166666666666666,858800.0,1.159909725189209,0.0
2.033333333333333,858800.0,1.1840543746948242,0.0
2.05,858800.0,1.2097835540771484,0.0
2.066666666666667,858800.0,1.2370997667312622,0.0
2.0833333333333335,858800.0,1.2659869194030762,0.0
2.1,858800.0,1.296413779258728,0.0
2.1166666666666667,858800.0,1.3283379077911377,0.0
2.1333333333333333,858800.0,1.3617023229599,0.0
2.15,858800.0,1.3964407444000244,0.0
2.1666666666666665,858800.0,1.4324827194213867,0.0
2.183333333333333,858800.0,1.4697449207305908,0.0
2.2,858800.0,1.5081417560577393,0.0
2.216666666666667,858800.0,1.5475869178771973,0.0
2.2333333333333334,858800.0,1.5879862308502197,0.0
2.25,858800.0,1.6292476654052734,0.0
2.2666666666666666,858800.0,1.6712795495986938,0.0
2.283333333333333,858800.0,1.7139863967895508,0.0
2.3,858800.0,1.7572779655456543,0.0
2.316666666666667,858800.0,1.80106520652771,0.0
2.3333333333333335,858800.0,1.8452587127685547,0.0
2.35,858800.0,1.889777421951294,0.0
2.3666666666666667,858800.0,1.9345403909683228,0.0
2.3833333333333333,858800.0,1.9794743061065674,0.0
2.4,858800.0,2.024508476257324,0.0
2.4166666666666665,858800.0,2.0695815086364746,0.0
2.433333333333333,858800.0,2.1146416664123535,0.0
2.45,858800.0,2.1596341133117676,0.0
2.466666666666667,858800.0,2.2045273780822754,0.0
2.4833333333333334,858800.0,2.249260902404785,0.0
2.5,858800.0,2.293807029724121,0.0
2.5166666666666666,858800.0,2.3381333351135254,0.0
2.533333333333333,858800.0,2.382218360900879,0.0
2.55,858800.0,2.4260425567626953,0.0
2.566666666666667,858800.0,2.4695932865142822,0.0
2.5833333333333335,858800.0,2.5128655433654785,0.0
2.6,858800.0,2.5558526515960693,0.0
2.6166666666666667,858800.0,2.5985546112060547,0.0
2.6333333333333333,858800.0,2.640979766845703,0.0
2.65,858800.0,2.6831350326538086,0.0
2.6666666666666665,858800.0,2.725029468536377,0.0
2.683333333333333,858800.0,2.766676187515259,0.0
2.7,858800.0,2.808091163635254,0.0
2.716666666666667,858800.0,2.8492934703826904,0.0
2.7333333333333334,858800.0,2.8902978897094727,0.0
2.75,858800.0,2.9311342239379883,0.0
2.7666666666666666,858800.0,2.971810817718506,0.0
2.783333333333333,858800.0,3.012352228164673,0.0
2.8,858800.0,3.0527737140655518,0.0
2.816666666666667,858800.0,3.0930886268615723,0.0
2.8333333333333335,858800.0,3.1333227157592773,0.0
2.85,858800.0,3.1734817028045654,0.0
2.8666666666666667,858800.0,3.213597059249878,0.0
2.8833333333333333,858800.0,3.2536606788635254,0.0
2.9,858800.0,3.2936794757843018,0.0
2.9166666666666665,858800.0,3.3336780071258545,0.0
2.933333333333333,858800.0,3.3736679553985596,0.0
2.95,858800.0,3.413642406463623,0.0
2.966666666666667,858800.0,3.453612804412842,0.0
2.9833333333333334,858800.0,3.4935922622680664,0.0
3.0,858800.0,3.5335631370544434,0.0
3.0166666666666666,858800.0,3.5735268592834473,0.0
3.033333333333333,858800.0,3.6134755611419678,0.0
3.05,858800.0,3.653409481048584,0.0
3.066666666666667,858800.0,3.693305253982544,0.0
3.0833333333333335,858800.0,3.733194351196289,0.0
3.1,858800.0,3.773054599761963,0.0
3.1166666666666667,858800.0,3.812884569168091,0.0
3.1333333333333333,858800.0,3.8526670932769775,0.0
3.15,858800.0,3.892421245574951,0.0
3.1666666666666665,858800.0,3.932100772857666,0.0
3.183333333333333,858800.0,3.9717354774475098,0.0
3.2,858800.0,4.011287212371826,0.0
3.216666666666667,858800.0,4.0507683753967285,0.0
3.2333333333333334,858800.0,4.090094566345215,0.0
3.25,858800.0,4.129382610321045,0.0
3.2666666666666666,858800.0,4.168557167053223,0.0
3.283333333333333,858800.0,4.207603454589844,0.0
3.3,858800.0,4.246519088745117,0.0
3.316666666666667,858800.0,4.285330772399902,0.0
3.3333333333333335,858800.0,4.323999404907227,0.0
3.35,858800.0,4.362522125244141,0.0
3.3666666666666667,858800.0,4.400879383087158,0.0
3.3833333333333333,858800.0,4.439093112945557,0.0
3.4,858800.0,4.477147579193115,0.0
3.4166666666666665,858800.0,4.515025615692139,0.0
3.433333333333333,858800.0,4.552735805511475,0.0
3.45,858800.0,4.59025764465332,0.0
3.466666666666667,858800.0,4.62761116027832,0.0
3.4833333333333334,858800.0,4.6647748947143555,0.0
3.5,858800.0,4.70176887512207,0.0
3.5166666666666666,858800.0,4.738563060760498,0.0
3.533333333333333,858800.0,4.775191307067871,0.0
3.55,858800.0,4.811619281768799,0.0
3.566666666666667,858800.0,4.847861289978027,0.0
3.5833333333333335,858800.0,4.883912086486816,0.0
3.6,858800.0,4.919755935668945,0.0
3.6166666666666667,858800.0,4.955421447753906,0.0
3.6333333333333333,858800.0,4.990898132324219,0.0
3.65,858800.0,5.026187896728516,0.0
3.6666666666666665,858800.0,5.061281204223633,0.0
3.683333333333333,858800.0,5.096200942993164,0.0
3.7,858800.0,5.130924224853516,0.0
3.716666666666667,858800.0,5.1654558181762695,0.0
3.7333333333333334,858800.0,5.1998138427734375,0.0
3.75,858800.0,5.233991622924805,0.0
3.7666666666666666,858800.0,5.26796293258667,0.0
3.783333333333333,858800.0,5.301766395568848,0.0
3.8,858800.0,5.335391044616699,0.0
3.816666666666667,858800.0,5.368839263916016,0.0
3.8333333333333335,858800.0,5.402106285095215,0.0
3.85,858800.0,5.4351806640625,0.0
3.8666666666666667,858800.0,5.468084335327148,0.0
3.8833333333333333,858800.0,5.500805854797363,0.0
3.9,858800.0,5.533347129821777,0.0
3.9166666666666665,858800.0,5.565699577331543,0.0
3.933333333333333,858800.0,5.597897529602051,0.0
3.95,858800.0,5.629902362823486,0.0
3.966666666666667,858800.0,5.661733627319336,0.0
3.9833333333333334,858800.0,5.693358421325684,0.0
4.0,858800.0,5.724832057952881,0.0
4.016666666666667,858800.0,5.756109237670898,0.0
4.033333333333333,858800.0,5.787206172943115,0.0
4.05,858800.0,5.818131446838379,0.0
4.066666666666666,858800.0,5.848867416381836,0.0
4.083333333333333,858800.0,5.879424571990967,0.0
4.1,858800.0,5.909789085388184,0.0
4.116666666666666,858800.0,5.939978122711182,0.0
4.133333333333334,858800.0,5.969954013824463,0.0
4.15,858800.0,5.999761581420898,0.0
4.166666666666667,858800.0,6.02938985824585,0.0
4.183333333333334,858800.0,6.058812141418457,0.0
4.2,858800.0,6.088077545166016,0.0
4.216666666666667,858800.0,6.117125988006592,0.0
4.233333333333333,858800.0,6.146016597747803,0.0
4.25,858800.0,6.174714088439941,0.0
4.266666666666667,858800.0,6.2031965255737305,0.0
4.283333333333333,858800.0,6.231508731842041,0.0
4.3,858800.0,6.259626388549805,0.0
4.316666666666666,858800.0,6.287552833557129,0.0
4.333333333333333,858800.0,6.315335273742676,0.0
4.35,858800.0,6.342890739440918,0.0
4.366666666666666,858800.0,6.370255947113037,0.0
4.383333333333334,858800.0,6.397429466247559,0.0
4.4,858800.0,6.424450874328613,0.0
4.416666666666667,858800.0,6.451277732849121,0.0
4.433333333333334,858800.0,6.477908611297607,0.0
4.45,858800.0,6.504359722137451,0.0
4.466666666666667,858800.0,6.530641555786133,0.0
4.483333333333333,858800.0,6.5567216873168945,0.0
4.5,858800.0,6.582619667053223,0.0
4.516666666666667,858800.0,6.608340740203857,0.0
4.533333333333333,858800.0,6.6338701248168945,0.0
4.55,858800.0,6.659238815307617,0.0
4.566666666666666,858800.0,6.684398174285889,0.0
4.583333333333333,858800.0,6.709421634674072,0.0
4.6,858800.0,6.734248638153076,0.0
4.616666666666666,858800.0,6.758881092071533,0.0
4.633333333333334,858800.0,6.783346176147461,0.0
4.65,858800.0,6.80762243270874,0.0
4.666666666666667,858800.0,6.831762790679932,0.0
4.683333333333334,858800.0,6.8556952476501465,0.0
4.7,858800.0,6.879459857940674,0.0
4.716666666666667,858800.0,6.903045177459717,0.0
4.733333333333333,858800.0,6.92647123336792,0.0
4.75,858800.0,6.949690341949463,0.0
4.766666666666667,858800.0,6.972774505615234,0.0
4.783333333333333,858800.0,6.995668411254883,0.0
4.8,858800.0,7.018385887145996,0.0
4.816666666666666,858800.0,7.040931224822998,0.0
4.833333333333333,858800.0,7.063316345214844,0.0
4.85,858800.0,7.085544586181641,0.0
4.866666666666666,858800.0,7.10758113861084,0.0
4.883333333333334,858800.0,7.129444599151611,0.0
4.9,858800.0,7.15114688873291,0.0
4.916666666666667,858800.0,7.17268705368042,0.0
4.933333333333334,858800.0,7.19404935836792,0.0
4.95,858800.0,7.215311050415039,0.0
4.966666666666667,858800.0,7.236377716064453,0.0
4.983333333333333,858800.0,7.257256507873535,0.0
5.0,858800.0,7.277979850769043,0.0
5.016666666666667,858800.0,7.298550128936768,0.0
5.033333333333333,858800.0,7.318953037261963,0.0
5.05,858800.0,7.339210033416748,0.0
5.066666666666666,858800.0,7.3592987060546875,0.0
5.083333333333333,858800.0,7.379209041595459,0.0
5.1,858800.0,7.398997783660889,0.0
5.116666666666666,858800.0,7.418612480163574,0.0
5.133333333333334,858800.0,7.4380717277526855,0.0
5.15,858800.0,7.457394123077393,0.0
5.166666666666667,858800.0,7.476534843444824,0.0
5.183333333333334,858800.0,7.495502471923828,0.0
5.2,858800.0,7.514348030090332,0.0
5.216666666666667,858800.0,7.533024311065674,0.0
5.233333333333333,858800.0,7.551569938659668,0.0
5.25,858800.0,7.569942474365234,0.0
5.266666666666667,858800.0,7.588164806365967,0.0
5.283333333333333,858800.0,7.606250286102295,0.0
5.3,858800.0,7.624166965484619,0.0
5.316666666666666,858800.0,7.641965866088867,0.0
5.333333333333333,858800.0,7.659607887268066,0.0
5.35,858800.0,7.6770830154418945,0.0
5.366666666666666,858800.0,7.69444465637207,0.0
5.383333333333334,858800.0,7.711646556854248,0.0
5.4,858800.0,7.728708744049072,0.0
5.416666666666667,858800.0,7.745635986328125,0.0
5.433333333333334,858800.0,7.762415409088135,0.0
5.45,858800.0,7.779051780700684,0.0
5.466666666666667,858800.0,7.795522212982178,0.0
5.483333333333333,858800.0,7.811900615692139,0.0
5.5,858800.0,7.8281049728393555,0.0
5.516666666666667,858800.0,7.844191074371338,0.0
5.533333333333333,858800.0,7.860128402709961,0.0
5.55,858800.0,7.875945091247559,0.0
5.566666666666666,858800.0,7.891617774963379,0.0
5.583333333333333,858800.0,7.9071807861328125,0.0
5.6,858800.0,7.9226531982421875,0.0
5.616666666666666,858800.0,7.9379706382751465,0.0
5.633333333333334,858800.0,7.9531660079956055,0.0
5.65,858800.0,7.9682207107543945,0.0
5.666666666666667,858800.0,7.983157157897949,0.0
5.683333333333334,858800.0,7.997946262359619,0.0
5.7,858800.0,8.012618064880371,0.0
5.716666666666667,858800.0,8.027168273925781,0.0
5.733333333333333,858800.0,8.04159164428711,0.0
5.75,858800.0,8.055875778198242,0.0
5.766666666666667,858800.0,8.070058822631836,0.0
5.783333333333333,858800.0,8.084098815917969,0.0
5.8,858800.0,8.097963333129883,0.0
5.816666666666666,858800.0,8.11180305480957,0.0
5.833333333333333,858800.0,8.125471115112305,0.0
5.85,858800.0,8.139037132263184,0.0
5.866666666666666,858800.0,8.152541160583496,0.0
5.883333333333334,858800.0,8.165830612182617,0.0
5.9,858800.0,8.179046630859375,0.0
5.916666666666667,858800.0,8.192211151123047,0.0
5.933333333333334,858800.0,8.205184936523438,0.0
5.95,858800.0,8.218062400817871,0.0
5.966666666666667,858800.0,8.230823516845703,0.0
5.983333333333333,858800.0,8.243415832519531,0.0
6.0,858800.0,8.255938529968262,0.0
6.016666666666667,858800.0,8.268321990966797,0.0
6.033333333333333,858800.0,8.280570983886719,0.0
6.05,858800.0,8.292720794677734,0.0
6.066666666666666,858800.0,8.30480670928955,0.0
6.083333333333333,858800.0,8.316825866699219,0.0
6.1,858800.0,8.328752517700195,0.0
6.116666666666666,858800.0,8.34055233001709,0.0
6.133333333333334,858800.0,8.352249145507812,0.0
6.15,858800.0,8.363853454589844,0.0
6.166666666666667,858800.0,8.3753080368042,0.0
6.183333333333334,858800.0,8.386604309082031,0.0
6.2,858800.0,8.397806167602539,0.0
6.216666666666667,858800.0,8.408882141113281,0.0
6.233333333333333,858800.0,8.419893264770508,0.0
6.25,858800.0,8.430852890014648,0.0
6.266666666666667,858800.0,8.441693305969238,0.0
6.283333333333333,858800.0,8.452430725097656,0.0
6.3,858800.0,8.463068008422852,0.0
6.316666666666666,858800.0,8.4736328125,0.0
6.333333333333333,858800.0,8.48409652709961,0.0
6.35,858800.0,8.494449615478516,0.0
6.366666666666666,858800.0,8.504748344421387,0.0
6.383333333333334,858800.0,8.514902114868164,0.0
6.4,858800.0,8.524925231933594,0.0
6.416666666666667,858800.0,8.534900665283203,0.0
6.433333333333334,858800.0,8.54472827911377,0.0
6.45,858800.0,8.554483413696289,0.0
6.466666666666667,858800.0,8.564173698425293,0.0
6.483333333333333,858800.0,8.573800086975098,0.0
6.5,858800.0,8.583309173583984,0.0
6.516666666666667,858800.0,8.592730522155762,0.0
6.533333333333333,858800.0,8.602117538452148,0.0
6.55,858800.0,8.61143970489502,0.0
6.566666666666666,858800.0,8.62062931060791,0.0
6.583333333333333,858800.0,8.629764556884766,0.0
6.6,858800.0,8.638790130615234,0.0
6.616666666666666,858800.0,8.647784233093262,0.0
6.633333333333334,858800.0,8.656599998474121,0.0
6.65,858800.0,8.665348052978516,0.0
6.666666666666667,858800.0,8.674051284790039,0.0
6.683333333333334,858800.0,8.682726860046387,0.0
6.7,858800.0,8.691217422485352,0.0
6.716666666666667,858800.0,8.699628829956055,0.0
6.733333333333333,858800.0,8.708009719848633,0.0
6.75,858800.0,8.716386795043945,0.0
6.766666666666667,858800.0,8.724620819091797,0.0
6.783333333333333,858800.0,8.732748985290527,0.0
6.8,858800.0,8.740835189819336,0.0
6.816666666666666,858800.0,8.748893737792969,0.0
6.833333333333333,858800.0,8.756783485412598,0.0
6.85,858800.0,8.764608383178711,0.0
6.866666666666666,858800.0,8.772367477416992,0.0
6.883333333333334,858800.0,8.780084609985352,0.0
6.9,858800.0,8.787651062011719,0.0
6.916666666666667,858800.0,8.795158386230469,0.0
6.933333333333334,858800.0,8.802587509155273,0.0
6.95,858800.0,8.80998420715332,0.0
6.966666666666667,858800.0,8.817289352416992,0.0
6.983333333333333,858800.0,8.824567794799805,0.0
7.0,858800.0,8.83181095123291,0.0
7.016666666666667,858800.0,8.838911056518555,0.0
7.033333333333333,858800.0,8.84598159790039,0.0
7.05,858800.0,8.852957725524902,0.0
7.066666666666666,858800.0,8.859867095947266,0.0
7.083333333333333,858800.0,8.866722106933594,0.0
7.1,858800.0,8.873501777648926,0.0
7.116666666666666,858800.0,8.880237579345703,0.0
7.133333333333334,858800.0,8.886859893798828,0.0
7.15,858800.0,8.89344596862793,0.0
7.166666666666667,858800.0,8.899948120117188,0.0
7.183333333333334,858800.0,8.906440734863281,0.0
7.2,858800.0,8.91290283203125,0.0
7.216666666666667,858800.0,8.919322967529297,0.0
7.233333333333333,858800.0,8.925580024719238,0.0
7.25,858800.0,8.93175220489502,0.0
7.266666666666667,858800.0,8.937923431396484,0.0
7.283333333333333,858800.0,8.944047927856445,0.0
7.3,858800.0,8.950095176696777,0.0
7.316666666666666,858800.0,8.956053733825684,0.0
7.333333333333333,858800.0,8.96194839477539,0.0
7.35,858800.0,8.967799186706543,0.0
7.366666666666666,858800.0,8.97360610961914,0.0
7.383333333333334,858800.0,8.979408264160156,0.0
7.4,858800.0,8.985077857971191,0.0
7.416666666666667,858800.0,8.990718841552734,0.0
7.433333333333334,858800.0,8.996356964111328,0.0
7.45,858800.0,9.001916885375977,0.0
7.466666666666667,858800.0,9.007415771484375,0.0
7.483333333333333,858800.0,9.012868881225586,0.0
7.5,858800.0,9.018204689025879,0.0
7.516666666666667,858800.0,9.023523330688477,0.0
7.533333333333333,858800.0,9.028799057006836,0.0
7.55,858800.0,9.03400707244873,0.0
7.566666666666666,858800.0,9.039202690124512,0.0
7.583333333333333,858800.0,9.044404983520508,0.0
7.6,858800.0,9.049562454223633,0.0
7.616666666666666,858800.0,9.05461311340332,0.0
7.633333333333334,858800.0,9.059528350830078,0.0
7.65,858800.0,9.064403533935547,0.0
7.666666666666667,858800.0,9.069259643554688,0.0
7.683333333333334,858800.0,9.074094772338867,0.0
7.7,858800.0,9.07888126373291,0.0
7.716666666666667,858800.0,9.083580017089844,0.0
7.733333333333333,858800.0,9.088252067565918,0.0
7.75,858800.0,9.092894554138184,0.0
7.766666666666667,858800.0,9.097497940063477,0.0
7.783333333333333,858800.0,9.102055549621582,0.0
7.8,858800.0,9.106588363647461,0.0
7.816666666666666,858800.0,9.111042022705078,0.0
7.833333333333333,858800.0,9.11539363861084,0.0
7.85,858800.0,9.119718551635742,0.0
7.866666666666666,858800.0,9.123981475830078,0.0
7.883333333333334,858800.0,9.128236770629883,0.0
7.9,858800.0,9.132467269897461,0.0
7.916666666666667,858800.0,9.136674880981445,0.0
7.933333333333334,858800.0,9.140857696533203,0.0
7.95,858800.0,9.14492130279541,0.0
7.966666666666667,858800.0,9.148886680603027,0.0
7.983333333333333,858800.0,9.152857780456543,0.0
8.0,858800.0,9.156817436218262,0.0
8.016666666666667,858800.0,9.160754203796387,0.0
8.033333333333333,858800.0,9.164688110351562,0.0
8.05,858800.0,9.168598175048828,0.0
8.066666666666666,858800.0,9.17250919342041,0.0
8.083333333333334,858800.0,9.176386833190918,0.0
8.1,858800.0,9.180156707763672,0.0
8.116666666666667,858800.0,9.183832168579102,0.0
8.133333333333333,858800.0,9.187506675720215,0.0
8.15,858800.0,9.191133499145508,0.0
8.166666666666666,858800.0,9.194705963134766,0.0
8.183333333333334,858800.0,9.198282241821289,0.0
8.2,858800.0,9.201831817626953,0.0
8.216666666666667,858800.0,9.205375671386719,0.0
8.233333333333333,858800.0,9.208783149719238,0.0
8.25,858800.0,9.212177276611328,0.0
8.266666666666667,858800.0,9.21554946899414,0.0
8.283333333333333,858800.0,9.218844413757324,0.0
8.3,858800.0,9.222112655639648,0.0
8.316666666666666,858800.0,9.225366592407227,0.0
8.333333333333334,858800.0,9.228609085083008,0.0
8.35,858800.0,9.231832504272461,0.0
8.366666666666667,858800.0,9.235055923461914,0.0
8.383333333333333,858800.0,9.238258361816406,0.0
8.4,858800.0,9.24129581451416,0.0
8.416666666666666,858800.0,9.244308471679688,0.0
8.433333333333334,858800.0,9.247286796569824,0.0
8.45,858800.0,9.250243186950684,0.0
8.466666666666667,858800.0,9.253174781799316,0.0
8.483333333333333,858800.0,9.256099700927734,0.0
8.5,858800.0,9.259018898010254,0.0
8.516666666666667,858800.0,9.261933326721191,0.0
8.533333333333333,858800.0,9.264838218688965,0.0
8.55,858800.0,9.267739295959473,0.0
8.566666666666666,858800.0,9.27064037322998,0.0
8.583333333333334,858800.0,9.27342414855957,0.0
8.6,858800.0,9.276180267333984,0.0
8.616666666666667,858800.0,9.278854370117188,0.0
8.633333333333333,858800.0,9.281497955322266,0.0
8.65,858800.0,9.284128189086914,0.0
8.666666666666666,858800.0,9.286746978759766,0.0
8.683333333333334,858800.0,9.289352416992188,0.0
8.7,858800.0,9.291950225830078,0.0
8.716666666666667,858800.0,9.294532775878906,0.0
8.733333333333333,858800.0,9.297111511230469,0.0
8.75,858800.0,9.299690246582031,0.0
8.766666666666667,858800.0,9.302124977111816,0.0
8.783333333333333,858800.0,9.304544448852539,0.0
8.8,858800.0,9.306962013244629,0.0
8.816666666666666,858800.0,9.309303283691406,0.0
8.833333333333334,858800.0,9.311612129211426,0.0
8.85,858800.0,9.313915252685547,0.0
8.866666666666667,858800.0,9.316217422485352,0.0
8.883333333333333,858800.0,9.318504333496094,0.0
8.9,858800.0,9.320793151855469,0.0
8.916666666666666,858800.0,9.32307243347168,0.0
8.933333333333334,858800.0,9.325328826904297,0.0
8.95,858800.0,9.327522277832031,0.0
8.966666666666667,858800.0,9.329634666442871,0.0
8.983333333333333,858800.0,9.331744194030762,0.0
9.0,858800.0,9.333854675292969,0.0
9.016666666666667,858800.0,9.33596420288086,0.0
9.033333333333333,858800.0,9.33807373046875,0.0
9.05,858800.0,9.340160369873047,0.0
9.066666666666666,858800.0,9.34217357635498,0.0
9.083333333333334,858800.0,9.344171524047852,0.0
9.1,858800.0,9.346163749694824,0.0
9.116666666666667,858800.0,9.348159790039062,0.0
9.133333333333333,858800.0,9.350144386291504,0.0
9.15,858800.0,9.352120399475098,0.0
9.166666666666666,858800.0,9.35409164428711,0.0
9.183333333333334,858800.0,9.356058120727539,0.0
9.2,858800.0,9.358016967773438,0.0
9.216666666666667,858800.0,9.359970092773438,0.0
9.233333333333333,858800.0,9.36190414428711,0.0
9.25,858800.0,9.363838195800781,0.0
9.266666666666667,858800.0,9.365659713745117,0.0
9.283333333333333,858800.0,9.367441177368164,0.0
9.3,858800.0,9.369214057922363,0.0
9.316666666666666,858800.0,9.370986938476562,0.0
9.333333333333334,858800.0,9.372739791870117,0.0
9.35,858800.0,9.374406814575195,0.0
9.366666666666667,858800.0,9.376068115234375,0.0
9.383333333333333,858800.0,9.377730369567871,0.0
9.4,858800.0,9.379384994506836,0.0
9.416666666666666,858800.0,9.381040573120117,0.0
9.433333333333334,858800.0,9.382682800292969,0.0
9.45,858800.0,9.384319305419922,0.0
9.466666666666667,858800.0,9.385944366455078,0.0
9.483333333333333,858800.0,9.387556076049805,0.0
9.5,858800.0,9.389167785644531,0.0
9.516666666666667,858800.0,9.390704154968262,0.0
9.533333333333333,858800.0,9.392184257507324,0.0
9.55,858800.0,9.393651008605957,0.0
9.566666666666666,858800.0,9.39510440826416,0.0
9.583333333333334,858800.0,9.396554946899414,0.0
9.6,858800.0,9.398005485534668,0.0
9.616666666666667,858800.0,9.399454116821289,0.0
9.633333333333333,858800.0,9.40082836151123,0.0
9.65,858800.0,9.402185440063477,0.0
9.666666666666666,858800.0,9.403535842895508,0.0
9.683333333333334,858800.0,9.404892921447754,0.0
9.7,858800.0,9.406243324279785,0.0
9.716666666666667,858800.0,9.4075927734375,0.0
9.733333333333333,858800.0,9.40894889831543,0.0
9.75,858800.0,9.410301208496094,0.0
9.766666666666667,858800.0,9.411653518676758,0.0
9.783333333333333,858800.0,9.412997245788574,0.0
9.8,858800.0,9.414327621459961,0.0
9.816666666666666,858800.0,9.415648460388184,0.0
9.833333333333334,858800.0,9.416955947875977,0.0
9.85,858800.0,9.418258666992188,0.0
9.866666666666667,858800.0,9.419548034667969,0.0
9.883333333333333,858800.0,9.420814514160156,0.0
9.9,858800.0,9.422004699707031,0.0
9.916666666666666,858800.0,9.423157691955566,0.0
9.933333333333334,858800.0,9.424286842346191,0.0
9.95,858800.0,9.4254150390625,0.0
9.966666666666667,858800.0,9.426543235778809,0.0
9.983333333333333,858800.0,9.427604675292969,0.0
10.0,858800.0,9.428646087646484,0.0
10.016666666666667,858800.0,9.429681777954102,0.0
0.0,949000.0,9.997027397155762,0.0
0.016666666666666666,949000.0,9.48516845703125,0.0
0.03333333333333333,949000.0,8.96805191040039,0.0
0.05,949000.0,8.450453758239746,0.0
0.06666666666666667,949000.0,7.942877292633057,0.0
0.08333333333333333,949000.0,7.434511184692383,0.0
0.1,949000.0,6.91739559173584,0.0
0.11666666666666667,949000.0,6.419244289398193,0.0
0.13333333333333333,949000.0,5.922402381896973,0.0
0.15,949000.0,5.415334701538086,0.0
0.16666666666666666,949000.0,4.9298810958862305,0.0
0.18333333333333332,949000.0,4.451668739318848,0.0
0.2,949000.0,3.9597277641296387,0.0
0.21666666666666667,949000.0,3.491460084915161,0.0
0.23333333333333334,949000.0,3.044221878051758,0.0
0.25,949000.0,2.576507568359375,0.0
0.26666666666666666,949000.0,2.1372220516204834,0.0
0.2833333333333333,949000.0,1.7262465953826904,0.0
0.3,949000.0,1.3239866495132446,0.0
0.31666666666666665,949000.0,0.9512839913368225,0.7109004739336493
0.3333333333333333,949000.0,0.6365581154823303,5.687203791469194
0.35,949000.0,0.3766176104545593,6.6350710900473935
0.36666666666666664,949000.0,0.2167658507823944,6.161137440758294
0.38333333333333336,949000.0,0.10729022324085236,4.739336492890995
0.4,949000.0,0.061826836317777634,4.028436018957346
0.4166666666666667,949000.0,0.05472949147224426,3.5545023696682465
0.43333333333333335,949000.0,0.08073102682828903,1.8957345971563981
0.45,949000.0,0.15030869841575623,1.4218009478672986
0.4666666666666667,949000.0,0.28346219658851624,0.9478672985781991
0.48333333333333334,949000.0,0.5019013285636902,0.23696682464454977
0.5,949000.0,0.8186562061309814,0.23696682464454977
0.5166666666666667,949000.0,1.2311021089553833,0.0
0.5333333333333333,949000.0,1.6814348697662354,0.0
0.55,949000.0,1.5412616729736328,0.0
0.5666666666666667,949000.0,1.4080169200897217,0.0
0.5833333333333334,949000.0,1.2708553075790405,0.0
0.6,949000.0,1.149865746498108,0.0
0.6166666666666667,949000.0,1.0442285537719727,0.0
0.6333333333333333,949000.0,0.952983021736145,1.4218009478672986
0.65,949000.0,0.872300922870636,2.843601895734597
0.6666666666666666,949000.0,0.7740806341171265,5.213270142180095
0.6833333333333333,949000.0,0.6912823915481567,7.5829383886255926
0.7,949000.0,0.622505247592926,8.056872037914692
0.7166666666666667,949000.0,0.5662944316864014,9.47867298578199
0.7333333333333333,949000.0,0.5212128162384033,10.90047393364929
0.75,949000.0,0.4858986735343933,12.322274881516588
0.7666666666666667,949000.0,0.4344220757484436,13.270142180094787
0.7833333333333333,949000.0,0.39129042625427246,14.218009478672986
0.8,949000.0,0.35782331228256226,16.587677725118482
0.8166666666666667,949000.0,0.33266758918762207,17.535545023696685
0.8333333333333334,949000.0,0.31465303897857666,20.379146919431278
0.85,949000.0,0.29880306124687195,21.32701421800948
0.8666666666666667,949000.0,0.28791844844818115,23.696682464454977
0.8833333333333333,949000.0,0.25728291273117065,26.066350710900476
0.9,949000.0,0.23308062553405762,34.59715639810427
0.9166666666666666,949000.0,0.2160484492778778,38.15165876777251
0.9333333333333333,949000.0,0.2052123248577118,40.99526066350711
0.95,949000.0,0.1997835785150528,42.18009478672986
0.9666666666666667,949000.0,0.19283190369606018,44.312796208530806
0.9833333333333333,949000.0,0.17254425585269928,44.78672985781991
1.0,949000.0,0.15260657668113708,44.78672985781991
1.0166666666666666,949000.0,0.13791504502296448,44.07582938388626
1.0333333333333334,949000.0,0.12814649939537048,42.89099526066351
1.05,949000.0,0.11748409271240234,41.943127962085306
1.0666666666666667,949000.0,0.10229328274726868,40.99526066350711
1.0833333333333333,949000.0,0.08210238814353943,40.047393364928915
1.1,949000.0,0.06379096210002899,38.15165876777251
1.1166666666666667,949000.0,0.0486765019595623,37.44075829383886
1.1333333333333333,949000.0,0.03627278283238411,36.96682464454976
1.15,949000.0,0.028992000967264175,36.018957345971565
1.1666666666666667,949000.0,0.024962658062577248,35.07109004739337
1.1833333333333333,949000.0,0.023124385625123978,34.360189573459714
1.2,949000.0,0.02292310632765293,33.88625592417062
1.2166666666666666,949000.0,0.02412327192723751,32.93838862559242
1.2333333333333334,949000.0,0.026699045673012733,31.27962085308057
1.25,949000.0,0.030772615224123,30.80568720379147
1.2666666666666666,949000.0,0.03657795861363411,29.85781990521327
1.2833333333333334,949000.0,0.044435661286115646,29.383886255924168
1.3,949000.0,0.05473083257675171,28.199052132701425
1.3166666666666667,949000.0,0.06488529592752457,27.251184834123222
1.3333333333333333,949000.0,0.07350842654705048,26.77725118483412
1.35,949000.0,0.08462149649858475,25.355450236966824
1.3666666666666667,949000.0,0.09862586110830307,24.644549763033176
1.3833333333333333,949000.0,0.1159006804227829,23.696682464454977
1.4,949000.0,0.1367655098438263,22.748815165876778
1.4166666666666667,949000.0,0.161442369222641,21.09004739336493
1.4333333333333333,949000.0,0.190020352602005,20.61611374407583
1.45,949000.0,0.22243213653564453,20.14218009478673
1.4666666666666666,949000.0,0.25844141840934753,19.194312796208532
1.4833333333333334,949000.0,0.2976493835449219,18.009478672985782
1.5,949000.0,0.3395155668258667,18.009478672985782
1.5166666666666666,949000.0,0.3833903968334198,18.009478672985782
1.5333333333333334,949000.0,0.4285573363304138,17.061611374407583
1.55,949000.0,0.4742715358734131,14.454976303317535
1.5666666666666667,949000.0,0.5198086500167847,13.033175355450238
1.5833333333333333,949000.0,0.564494252204895,13.033175355450238
1.6,949000.0,0.6077300906181335,13.033175355450238
1.6166666666666667,949000.0,0.6490213871002197,12.559241706161137
1.6333333333333333,949000.0,0.6879757642745972,12.085308056872037
1.65,949000.0,0.7243176102638245,9.47867298578199
1.6666666666666667,949000.0,0.7578816413879395,9.004739336492891
1.6833333333333333,949000.0,0.7886059284210205,8.530805687203792
1.7,949000.0,0.816523551940918,7.109004739336493
1.7166666666666666,949000.0,0.8364764451980591,7.109004739336493
1.7333333333333334,949000.0,0.8539786338806152,6.6350710900473935
1.75,949000.0,0.8717343211174011,5.687203791469194
1.7666666666666666,949000.0,0.8898468017578125,4.502369668246446
1.7833333333333334,949000.0,0.9084154963493347,3.5545023696682465
1.8,949000.0,0.9275302886962891,2.6066350710900474
1.8166666666666667,949000.0,0.9470977783203125,2.132701421800948
1.8333333333333333,949000.0,0.9639042615890503,1.6587677725118484
1.85,949000.0,0.9773280024528503,1.1848341232227488
1.8666666666666667,949000.0,0.9907044172286987,0.23696682464454977
1.8833333333333333,949000.0,1.0043144226074219,0.0
1.9,949000.0,1.0184171199798584,0.0
1.9166666666666667,949000.0,1.0332435369491577,0.0
1.9333333333333333,949000.0,1.0489940643310547,0.0
1.95,949000.0,1.0658435821533203,0.0
1.9666666666666666,949000.0,1.083936095237732,0.0
1.9833333333333334,949000.0,1.1033872365951538,0.0
2.0,949000.0,1.1242892742156982,0.0
2.0166666666666666,949000.0,1.1467041969299316,0.0
2.033333333333333,949000.0,1.170677661895752,0.0
2.05,949000.0,1.1962289810180664,0.0
2.066666666666667,949000.0,1.223359227180481,0.0
2.0833333333333335,949000.0,1.252055287361145,0.0
2.1,949000.0,1.2822856903076172,0.0
2.1166666666666667,949000.0,1.3140077590942383,0.0
2.1333333333333333,949000.0,1.3471653461456299,0.0
2.15,949000.0,1.381691575050354,0.0
2.1666666666666665,949000.0,1.4175162315368652,0.0
2.183333333333333,949000.0,1.4545588493347168,0.0
2.2,949000.0,1.492733120918274,0.0
2.216666666666667,949000.0,1.53195321559906,0.0
2.2333333333333334,949000.0,1.572124719619751,0.0
2.25,949000.0,1.6131556034088135,0.0
2.2666666666666666,949000.0,1.6549561023712158,0.0
2.283333333333333,949000.0,1.6974303722381592,0.0
2.3,949000.0,1.740486979484558,0.0
2.316666666666667,949000.0,1.784036636352539,0.0
2.3333333333333335,949000.0,1.8279963731765747,0.0
2.35,949000.0,1.8722790479660034,0.0
2.3666666666666667,949000.0,1.9168062210083008,0.0
2.3833333333333333,949000.0,1.961509108543396,0.0
2.4,949000.0,2.0063111782073975,0.0
2.4166666666666665,949000.0,2.0511584281921387,0.0
2.433333333333333,949000.0,2.0959811210632324,0.0
2.45,949000.0,2.1407546997070312,0.0
2.466666666666667,949000.0,2.1854119300842285,0.0
2.4833333333333334,949000.0,2.229917049407959,0.0
2.5,949000.0,2.2742433547973633,0.0
2.5166666666666666,949000.0,2.3183488845825195,0.0
2.533333333333333,949000.0,2.3622145652770996,0.0
2.55,949000.0,2.405824661254883,0.0
2.566666666666667,949000.0,2.449158191680908,0.0
2.5833333333333335,949000.0,2.492217779159546,0.0
2.6,949000.0,2.53499174118042,0.0
2.6166666666666667,949000.0,2.577491283416748,0.0
2.6333333333333333,949000.0,2.6197097301483154,0.0
2.65,949000.0,2.6616623401641846,0.0
2.6666666666666665,949000.0,2.7033581733703613,0.0
2.683333333333333,949000.0,2.7448065280914307,0.0
2.7,949000.0,2.7860190868377686,0.0
2.716666666666667,949000.0,2.827029228210449,0.0
2.7333333333333334,949000.0,2.867846727371216,0.0
2.75,949000.0,2.9084901809692383,0.0
2.7666666666666666,949000.0,2.9489762783050537,0.0
2.783333333333333,949000.0,2.989306926727295,0.0
2.8,949000.0,3.029547929763794,0.0
2.816666666666667,949000.0,3.0696768760681152,0.0
2.8333333333333335,949000.0,3.109713554382324,0.0
2.85,949000.0,3.149683952331543,0.0
2.8666666666666667,949000.0,3.1896064281463623,0.0
2.8833333333333333,949000.0,3.229495048522949,0.0
2.9,949000.0,3.269348382949829,0.0
2.9166666666666665,949000.0,3.3091723918914795,0.0
2.933333333333333,949000.0,3.3489742279052734,0.0
2.95,949000.0,3.388770580291748,0.0
2.966666666666667,949000.0,3.428554058074951,0.0
2.9833333333333334,949000.0,3.4683241844177246,0.0
3.0,949000.0,3.508096694946289,0.0
3.0166666666666666,949000.0,3.5478663444519043,0.0
3.033333333333333,949000.0,3.5876352787017822,0.0
3.05,949000.0,3.6273980140686035,0.0
3.066666666666667,949000.0,3.667133331298828,0.0
3.0833333333333335,949000.0,3.706838846206665,0.0
3.1,949000.0,3.7465016841888428,0.0
3.1166666666666667,949000.0,3.786149740219116,0.0
3.1333333333333333,949000.0,3.8257858753204346,0.0
3.15,949000.0,3.8653461933135986,0.0
3.1666666666666665,949000.0,3.904860496520996,0.0
3.183333333333333,949000.0,3.944309949874878,0.0
3.2,949000.0,3.983661651611328,0.0
3.216666666666667,949000.0,4.022954940795898,0.0
3.2333333333333334,949000.0,4.062125205993652,0.0
3.25,949000.0,4.101244926452637,0.0
3.2666666666666666,949000.0,4.14023494720459,0.0
3.283333333333333,949000.0,4.179115295410156,0.0
3.3,949000.0,4.2178568840026855,0.0
3.316666666666667,949000.0,4.256516456604004,0.0
3.3333333333333335,949000.0,4.295011520385742,0.0
3.35,949000.0,4.333369255065918,0.0
3.3666666666666667,949000.0,4.371576309204102,0.0
3.3833333333333333,949000.0,4.409607410430908,0.0
3.4,949000.0,4.44748592376709,0.0
3.4166666666666665,949000.0,4.485201358795166,0.0
3.433333333333333,949000.0,4.52274227142334,0.0
3.45,949000.0,4.560098648071289,0.0
3.466666666666667,949000.0,4.597292900085449,0.0
3.4833333333333334,949000.0,4.634305953979492,0.0
3.5,949000.0,4.671120643615723,0.0
3.5166666666666666,949000.0,4.707773208618164,0.0
3.533333333333333,949000.0,4.744231700897217,0.0
3.55,949000.0,4.780508518218994,0.0
3.566666666666667,949000.0,4.816577911376953,0.0
3.5833333333333335,949000.0,4.852465629577637,0.0
3.6,949000.0,4.888174057006836,0.0
3.6166666666666667,949000.0,4.923688888549805,0.0
3.6333333333333333,949000.0,4.959012985229492,0.0
3.65,949000.0,4.9941558837890625,0.0
3.6666666666666665,949000.0,5.0290961265563965,0.0
3.683333333333333,949000.0,5.063860893249512,0.0
3.7,949000.0,5.098445892333984,0.0
3.716666666666667,949000.0,5.132844924926758,0.0
3.7333333333333334,949000.0,5.1670637130737305,0.0
3.75,949000.0,5.201103210449219,0.0
3.7666666666666666,949000.0,5.234949111938477,0.0
3.783333333333333,949000.0,5.268622875213623,0.0
3.8,949000.0,5.302103042602539,0.0
3.816666666666667,949000.0,5.335407257080078,0.0
3.8333333333333335,949000.0,5.368535041809082,0.0
3.85,949000.0,5.401461601257324,0.0
3.8666666666666667,949000.0,5.4342360496521,0.0
3.8833333333333333,949000.0,5.466833114624023,0.0
3.9,949000.0,5.499236106872559,0.0
3.9166666666666665,949000.0,5.531487464904785,0.0
3.933333333333333,949000.0,5.563521862030029,0.0
3.95,949000.0,5.595410346984863,0.0
3.966666666666667,949000.0,5.627093315124512,0.0
3.9833333333333334,949000.0,5.658611297607422,0.0
4.0,949000.0,5.68995475769043,0.0
4.016666666666667,949000.0,5.721116065979004,0.0
4.033333333333333,949000.0,5.752084732055664,0.0
4.05,949000.0,5.782890319824219,0.0
4.066666666666666,949000.0,5.813493251800537,0.0
4.083333333333333,949000.0,5.843897819519043,0.0
4.1,949000.0,5.874155044555664,0.0
4.116666666666666,949000.0,5.904209613800049,0.0
4.133333333333334,949000.0,5.934110641479492,0.0
4.15,949000.0,5.963805198669434,0.0
4.166666666666667,949000.0,5.993282318115234,0.0
4.183333333333334,949000.0,6.022625923156738,0.0
4.2,949000.0,6.051760196685791,0.0
4.216666666666667,949000.0,6.08071231842041,0.0
4.233333333333333,949000.0,6.109472274780273,0.0
4.25,949000.0,6.138017654418945,0.0
4.266666666666667,949000.0,6.1663994789123535,0.0
4.283333333333333,949000.0,6.194606781005859,0.0
4.3,949000.0,6.222620010375977,0.0
4.316666666666666,949000.0,6.250445365905762,0.0
4.333333333333333,949000.0,6.278087139129639,0.0
4.35,949000.0,6.305536270141602,0.0
4.366666666666666,949000.0,6.332817554473877,0.0
4.383333333333334,949000.0,6.359910011291504,0.0
4.4,949000.0,6.38679838180542,0.0
4.416666666666667,949000.0,6.413527011871338,0.0
4.433333333333334,949000.0,6.44003963470459,0.0
4.45,949000.0,6.466407775878906,0.0
4.466666666666667,949000.0,6.4925642013549805,0.0
4.483333333333333,949000.0,6.518545627593994,0.0
4.5,949000.0,6.544361114501953,0.0
4.516666666666667,949000.0,6.569973945617676,0.0
4.533333333333333,949000.0,6.595431327819824,0.0
4.55,949000.0,6.620696067810059,0.0
4.566666666666666,949000.0,6.645791053771973,0.0
4.583333333333333,949000.0,6.670688629150391,0.0
4.6,949000.0,6.695409774780273,0.0
4.616666666666666,949000.0,6.719944953918457,0.0
4.633333333333334,949000.0,6.744331359863281,0.0
4.65,949000.0,6.768527030944824,0.0
4.666666666666667,949000.0,6.792548656463623,0.0
4.683333333333334,949000.0,6.816405296325684,0.0
4.7,949000.0,6.840062141418457,0.0
4.716666666666667,949000.0,6.863572120666504,0.0
4.733333333333333,949000.0,6.886898517608643,0.0
4.75,949000.0,6.910056114196777,0.0
4.766666666666667,949000.0,6.933032035827637,0.0
4.783333333333333,949000.0,6.955840587615967,0.0
4.8,949000.0,6.978471755981445,0.0
4.816666666666666,949000.0,7.000955104827881,0.0
4.833333333333333,949000.0,7.023233413696289,0.0
4.85,949000.0,7.045374870300293,0.0
4.866666666666666,949000.0,7.06733512878418,0.0
4.883333333333334,949000.0,7.089141368865967,0.0
4.9,949000.0,7.110776901245117,0.0
4.916666666666667,949000.0,7.1322479248046875,0.0
4.933333333333334,949000.0,7.153534889221191,0.0
4.95,949000.0,7.1746826171875,0.0
4.966666666666667,949000.0,7.195659160614014,0.0
4.983333333333333,949000.0,7.216475963592529,0.0
5.0,949000.0,7.237124919891357,0.0
5.016666666666667,949000.0,7.257620334625244,0.0
5.033333333333333,949000.0,7.277937889099121,0.0
5.05,949000.0,7.298121452331543,0.0
5.066666666666666,949000.0,7.318116664886475,0.0
5.083333333333333,949000.0,7.337970733642578,0.0
5.1,949000.0,7.357659339904785,0.0
5.116666666666666,949000.0,7.37721061706543,0.0
5.133333333333334,949000.0,7.396578788757324,0.0
5.15,949000.0,7.415836334228516,0.0
5.166666666666667,949000.0,7.434905052185059,0.0
5.183333333333334,949000.0,7.453827381134033,0.0
5.2,949000.0,7.47260856628418,0.0
5.216666666666667,949000.0,7.491231918334961,0.0
5.233333333333333,949000.0,7.509671688079834,0.0
5.25,949000.0,7.528016090393066,0.0
5.266666666666667,949000.0,7.546168327331543,0.0
5.283333333333333,949000.0,7.564178466796875,0.0
5.3,949000.0,7.582043647766113,0.0
5.316666666666666,949000.0,7.599753379821777,0.0
5.333333333333333,949000.0,7.617341995239258,0.0
5.35,949000.0,7.634748458862305,0.0
5.366666666666666,949000.0,7.652064323425293,0.0
5.383333333333334,949000.0,7.669212341308594,0.0
5.4,949000.0,7.6862053871154785,0.0
5.416666666666667,949000.0,7.7030744552612305,0.0
5.433333333333334,949000.0,7.719799041748047,0.0
5.45,949000.0,7.736361980438232,0.0
5.466666666666667,949000.0,7.752796173095703,0.0
5.483333333333333,949000.0,7.769096374511719,0.0
5.5,949000.0,7.785257339477539,0.0
5.516666666666667,949000.0,7.801276206970215,0.0
5.533333333333333,949000.0,7.817198753356934,0.0
5.55,949000.0,7.832951545715332,0.0
5.566666666666666,949000.0,7.8485941886901855,0.0
5.583333333333333,949000.0,7.864073753356934,0.0
5.6,949000.0,7.879514217376709,0.0
5.616666666666666,949000.0,7.894776344299316,0.0
5.633333333333334,949000.0,7.909900188446045,0.0
5.65,949000.0,7.924889087677002,0.0
5.666666666666667,949000.0,7.939775466918945,0.0
5.683333333333334,949000.0,7.95451545715332,0.0
5.7,949000.0,7.969117641448975,0.0
5.716666666666667,949000.0,7.983592987060547,0.0
5.733333333333333,949000.0,7.997947692871094,0.0
5.75,949000.0,8.012157440185547,0.0
5.766666666666667,949000.0,8.026307106018066,0.0
5.783333333333333,949000.0,8.040307998657227,0.0
5.8,949000.0,8.054168701171875,0.0
5.816666666666666,949000.0,8.06796932220459,0.0
5.833333333333333,949000.0,8.081564903259277,0.0
5.85,949000.0,8.09510326385498,0.0
5.866666666666666,949000.0,8.108575820922852,0.0
5.883333333333334,949000.0,8.12179183959961,0.0
5.9,949000.0,8.134964942932129,0.0
5.916666666666667,949000.0,8.148016929626465,0.0
5.933333333333334,949000.0,8.160970687866211,0.0
5.95,949000.0,8.173826217651367,0.0
5.966666666666667,949000.0,8.186532974243164,0.0
5.983333333333333,949000.0,8.199113845825195,0.0
6.0,949000.0,8.21162223815918,0.0
6.016666666666667,949000.0,8.22396469116211,0.0
6.033333333333333,949000.0,8.236204147338867,0.0
6.05,949000.0,8.248292922973633,0.0
6.066666666666666,949000.0,8.260368347167969,0.0
6.083333333333333,949000.0,8.272296905517578,0.0
6.1,949000.0,8.284112930297852,0.0
6.116666666666666,949000.0,8.29586124420166,0.0
6.133333333333334,949000.0,8.307465553283691,0.0
6.15,949000.0,8.318921089172363,0.0
6.166666666666667,949000.0,8.330331802368164,0.0
6.183333333333334,949000.0,8.341691970825195,0.0
6.2,949000.0,8.352952003479004,0.0
6.216666666666667,949000.0,8.364034652709961,0.0
6.233333333333333,949000.0,8.374994277954102,0.0
6.25,949000.0,8.385953903198242,0.0
6.266666666666667,949000.0,8.396760940551758,0.0
6.283333333333333,949000.0,8.407419204711914,0.0
6.3,949000.0,8.41798210144043,0.0
6.316666666666666,949000.0,8.428396224975586,0.0
6.333333333333333,949000.0,8.4387845993042,0.0
6.35,949000.0,8.449119567871094,0.0
6.366666666666666,949000.0,8.459394454956055,0.0
6.383333333333334,949000.0,8.469513893127441,0.0
6.4,949000.0,8.47955322265625,0.0
6.416666666666667,949000.0,8.489545822143555,0.0
6.433333333333334,949000.0,8.49941349029541,0.0
6.45,949000.0,8.509182929992676,0.0
6.466666666666667,949000.0,8.518853187561035,0.0
6.483333333333333,949000.0,8.528446197509766,0.0
6.5,949000.0,8.53792953491211,0.0
6.516666666666667,949000.0,8.547294616699219,0.0
6.533333333333333,949000.0,8.55663776397705,0.0
6.55,949000.0,8.565872192382812,0.0
6.566666666666666,949000.0,8.57503890991211,0.0
6.583333333333333,949000.0,8.584091186523438,0.0
6.6,949000.0,8.593057632446289,0.0
6.616666666666666,949000.0,8.601923942565918,0.0
6.633333333333334,949000.0,8.610710144042969,0.0
6.65,949000.0,8.61947250366211,0.0
6.666666666666667,949000.0,8.628175735473633,0.0
6.683333333333334,949000.0,8.636794090270996,0.0
6.7,949000.0,8.645304679870605,0.0
6.716666666666667,949000.0,8.653732299804688,0.0
6.733333333333333,949000.0,8.66209888458252,0.0
6.75,949000.0,8.670378684997559,0.0
6.766666666666667,949000.0,8.678545951843262,0.0
6.783333333333333,949000.0,8.686634063720703,0.0
6.8,949000.0,8.694692611694336,0.0
6.816666666666666,949000.0,8.702739715576172,0.0
6.833333333333333,949000.0,8.710591316223145,0.0
6.85,949000.0,8.718355178833008,0.0
6.866666666666666,949000.0,8.726091384887695,0.0
6.883333333333334,949000.0,8.733826637268066,0.0
6.9,949000.0,8.741416931152344,0.0
6.916666666666667,949000.0,8.748908996582031,0.0
6.933333333333334,949000.0,8.756368637084961,0.0
6.95,949000.0,8.763782501220703,0.0
6.966666666666667,949000.0,8.771084785461426,0.0
6.983333333333333,949000.0,8.778324127197266,0.0
7.0,949000.0,8.785486221313477,0.0
7.016666666666667,949000.0,8.792613983154297,0.0
7.033333333333333,949000.0,8.799678802490234,0.0
7.05,949000.0,8.806619644165039,0.0
7.066666666666666,949000.0,8.813447952270508,0.0
7.083333333333333,949000.0,8.82021713256836,0.0
7.1,949000.0,8.826959609985352,0.0
7.116666666666666,949000.0,8.833612442016602,0.0
7.133333333333334,949000.0,8.84023380279541,0.0
7.15,949000.0,8.846841812133789,0.0
7.166666666666667,949000.0,8.8533935546875,0.0
7.183333333333334,949000.0,8.859840393066406,0.0
7.2,949000.0,8.866209983825684,0.0
7.216666666666667,949000.0,8.872493743896484,0.0
7.233333333333333,949000.0,8.87875747680664,0.0
7.25,949000.0,8.884929656982422,0.0
7.266666666666667,949000.0,8.891093254089355,0.0
7.283333333333333,949000.0,8.897249221801758,0.0
7.3,949000.0,8.903284072875977,0.0
7.316666666666666,949000.0,8.909193992614746,0.0
7.333333333333333,949000.0,8.91502571105957,0.0
7.35,949000.0,8.920860290527344,0.0
7.366666666666666,949000.0,8.926706314086914,0.0
7.383333333333334,949000.0,8.93255615234375,0.0
7.4,949000.0,8.938358306884766,0.0
7.416666666666667,949000.0,8.944043159484863,0.0
7.433333333333334,949000.0,8.949616432189941,0.0
7.45,949000.0,8.955144882202148,0.0
7.466666666666667,949000.0,8.960651397705078,0.0
7.483333333333333,949000.0,8.966131210327148,0.0
7.5,949000.0,8.97153377532959,0.0
7.516666666666667,949000.0,8.976819038391113,0.0
7.533333333333333,949000.0,8.98204231262207,0.0
7.55,949000.0,8.987199783325195,0.0
7.566666666666666,949000.0,8.99235725402832,0.0
7.583333333333333,949000.0,8.997377395629883,0.0
7.6,949000.0,9.002373695373535,0.0
7.616666666666666,949000.0,9.007369041442871,0.0
7.633333333333334,949000.0,9.012328147888184,0.0
7.65,949000.0,9.017241477966309,0.0
7.666666666666667,949000.0,9.022114753723145,0.0
7.683333333333334,949000.0,9.026949882507324,0.0
7.7,949000.0,9.031685829162598,0.0
7.716666666666667,949000.0,9.036376953125,0.0
7.733333333333333,949000.0,9.040998458862305,0.0
7.75,949000.0,9.045574188232422,0.0
7.766666666666667,949000.0,9.050117492675781,0.0
7.783333333333333,949000.0,9.054670333862305,0.0
7.8,949000.0,9.059207916259766,0.0
7.816666666666666,949000.0,9.063694953918457,0.0
7.833333333333333,949000.0,9.0680513381958,0.0
7.85,949000.0,9.072402000427246,0.0
7.866666666666666,949000.0,9.076652526855469,0.0
7.883333333333334,949000.0,9.080879211425781,0.0
7.9,949000.0,9.085088729858398,0.0
7.916666666666667,949000.0,9.089279174804688,0.0
7.933333333333334,949000.0,9.093414306640625,0.0
7.95,949000.0,9.097452163696289,0.0
7.966666666666667,949000.0,9.101472854614258,0.0
7.983333333333333,949000.0,9.105413436889648,0.0
8.0,949000.0,9.109344482421875,0.0
8.016666666666667,949000.0,9.11324691772461,0.0
8.033333333333333,949000.0,9.11715316772461,0.0
8.05,949000.0,9.121054649353027,0.0
8.066666666666666,949000.0,9.124923706054688,0.0
8.083333333333334,949000.0,9.128786087036133,0.0
8.1,949000.0,9.132475852966309,0.0
8.116666666666667,949000.0,9.136150360107422,0.0
8.133333333333333,949000.0,9.13978099822998,0.0
8.15,949000.0,9.143365859985352,0.0
8.166666666666666,949000.0,9.146932601928711,0.0
8.183333333333334,949000.0,9.15047836303711,0.0
8.2,949000.0,9.154024124145508,0.0
8.216666666666667,949000.0,9.157498359680176,0.0
8.233333333333333,949000.0,9.16089916229248,0.0
8.25,949000.0,9.164285659790039,0.0
8.266666666666667,949000.0,9.167625427246094,0.0
8.283333333333333,949000.0,9.170927047729492,0.0
8.3,949000.0,9.174198150634766,0.0
8.316666666666666,949000.0,9.177450180053711,0.0
8.333333333333334,949000.0,9.18067741394043,0.0
8.35,949000.0,9.183900833129883,0.0
8.366666666666667,949000.0,9.187110900878906,0.0
8.383333333333333,949000.0,9.190206527709961,0.0
8.4,949000.0,9.19328784942627,0.0
8.416666666666666,949000.0,9.196330070495605,0.0
8.433333333333334,949000.0,9.199369430541992,0.0
8.45,949000.0,9.202327728271484,0.0
8.466666666666667,949000.0,9.205263137817383,0.0
8.483333333333333,949000.0,9.208186149597168,0.0
8.5,949000.0,9.211108207702637,0.0
8.516666666666667,949000.0,9.214027404785156,0.0
8.533333333333333,949000.0,9.216928482055664,0.0
8.55,949000.0,9.219829559326172,0.0
8.566666666666666,949000.0,9.2225980758667,0.0
8.583333333333334,949000.0,9.225360870361328,0.0
8.6,949000.0,9.228102684020996,0.0
8.616666666666667,949000.0,9.23080062866211,0.0
8.633333333333333,949000.0,9.233458518981934,0.0
8.65,949000.0,9.236095428466797,0.0
8.666666666666666,949000.0,9.238702774047852,0.0
8.683333333333334,949000.0,9.241310119628906,0.0
8.7,949000.0,9.243904113769531,0.0
8.716666666666667,949000.0,9.246482849121094,0.0
8.733333333333333,949000.0,9.249061584472656,0.0
8.75,949000.0,9.251595497131348,0.0
8.766666666666667,949000.0,9.25400447845459,0.0
8.783333333333333,949000.0,9.25634479522705,0.0
8.8,949000.0,9.25866985321045,0.0
8.816666666666666,949000.0,9.260990142822266,0.0
8.833333333333334,949000.0,9.263307571411133,0.0
8.85,949000.0,9.265619277954102,0.0
8.866666666666667,949000.0,9.26791000366211,0.0
8.883333333333333,949000.0,9.270193099975586,0.0
8.9,949000.0,9.272464752197266,0.0
8.916666666666666,949000.0,9.274736404418945,0.0
8.933333333333334,949000.0,9.276996612548828,0.0
8.95,949000.0,9.279253005981445,0.0
8.966666666666667,949000.0,9.281476020812988,0.0
8.983333333333333,949000.0,9.283585548400879,0.0
9.0,949000.0,9.28569507598877,0.0
9.016666666666667,949000.0,9.28777027130127,0.0
9.033333333333333,949000.0,9.289787292480469,0.0
9.05,949000.0,9.291790008544922,0.0
9.066666666666666,949000.0,9.293794631958008,0.0
9.083333333333334,949000.0,9.295791625976562,0.0
9.1,949000.0,9.297785758972168,0.0
9.116666666666667,949000.0,9.299781799316406,0.0
9.133333333333333,949000.0,9.301765441894531,0.0
9.15,949000.0,9.303747177124023,0.0
9.166666666666666,949000.0,9.305731773376465,0.0
9.183333333333334,949000.0,9.307699203491211,0.0
9.2,949000.0,9.309653282165527,0.0
9.216666666666667,949000.0,9.311599731445312,0.0
9.233333333333333,949000.0,9.313533782958984,0.0
9.25,949000.0,9.315467834472656,0.0
9.266666666666667,949000.0,9.317279815673828,0.0
9.283333333333333,949000.0,9.319052696228027,0.0
9.3,949000.0,9.320785522460938,0.0
9.316666666666666,949000.0,9.32248306274414,0.0
9.333333333333334,949000.0,9.324161529541016,0.0
9.35,949000.0,9.325828552246094,0.0
9.366666666666667,949000.0,9.327496528625488,0.0
9.383333333333333,949000.0,9.329164505004883,0.0
9.4,949000.0,9.33082389831543,0.0
9.416666666666666,949000.0,9.332477569580078,0.0
9.433333333333334,949000.0,9.334131240844727,0.0
9.45,949000.0,9.335771560668945,0.0
9.466666666666667,949000.0,9.33741569519043,0.0
9.483333333333333,949000.0,9.339033126831055,0.0
9.5,949000.0,9.340644836425781,0.0
9.516666666666667,949000.0,9.34213638305664,0.0
9.533333333333333,949000.0,9.343603134155273,0.0
9.55,949000.0,9.345061302185059,0.0
9.566666666666666,949000.0,9.346515655517578,0.0
9.583333333333334,949000.0,9.347970008850098,0.0
9.6,949000.0,9.349420547485352,0.0
9.616666666666667,949000.0,9.350871086120605,0.0
9.633333333333333,949000.0,9.352278709411621,0.0
9.65,949000.0,9.353643417358398,0.0
9.666666666666666,949000.0,9.355009078979492,0.0
9.683333333333334,949000.0,9.356374740600586,0.0
9.7,949000.0,9.35773754119873,0.0
9.716666666666667,949000.0,9.359091758728027,0.0
9.733333333333333,949000.0,9.360435485839844,0.0
9.75,949000.0,9.361770629882812,0.0
9.766666666666667,949000.0,9.363101959228516,0.0
9.783333333333333,949000.0,9.364423751831055,0.0
9.8,949000.0,9.36573600769043,0.0
9.816666666666666,949000.0,9.36704158782959,0.0
9.833333333333334,949000.0,9.368339538574219,0.0
9.85,949000.0,9.36962890625,0.0
9.866666666666667,949000.0,9.370918273925781,0.0
9.883333333333333,949000.0,9.372207641601562,0.0
9.9,949000.0,9.373412132263184,0.0
9.916666666666666,949000.0,9.37457275390625,0.0
9.933333333333334,949000.0,9.375707626342773,0.0
9.95,949000.0,9.376835823059082,0.0
9.966666666666667,949000.0,9.37796401977539,0.0
9.983333333333333,949000.0,9.3790922164917,0.0
10.0,949000.0,9.380157470703125,0.0
10.016666666666667,949000.0,9.381196975708008,0.0
0.0,1039200.0,9.997027397155762,0.0
0.016666666666666666,1039200.0,9.485160827636719,0.0
0.03333333333333333,1039200.0,8.968026161193848,0.0
0.05,1039200.0,8.450395584106445,0.0
0.06666666666666667,1039200.0,7.942794322967529,0.0
0.08333333333333333,1039200.0,7.434382438659668,0.0
0.1,1039200.0,6.917206764221191,0.0
0.11666666666666667,1039200.0,6.418999671936035,0.0
0.13333333333333333,1039200.0,5.922082901000977,0.0
0.15,1039200.0,5.4149370193481445,0.0
0.16666666666666666,1039200.0,4.9293951988220215,0.0
0.18333333333333332,1039200.0,4.451079845428467,0.0
0.2,1039200.0,3.959041118621826,0.0
0.21666666666666667,1039200.0,3.490671157836914,0.0
0.23333333333333334,1039200.0,3.043323040008545,0.0
0.25,1039200.0,2.5754904747009277,0.0
0.26666666666666666,1039200.0,2.136105537414551,0.0
0.2833333333333333,1039200.0,1.7250423431396484,0.0
0.3,1039200.0,1.3227126598358154,0.0
0.31666666666666665,1039200.0,0.9500032663345337,1.1848341232227488
0.3333333333333333,1039200.0,0.6353486180305481,5.687203791469194
0.35,1039200.0,0.37556856870651245,6.6350710900473935
0.36666666666666664,1039200.0,0.2159993201494217,6.161137440758294
0.38333333333333336,1039200.0,0.10677396506071091,4.739336492890995
0.4,1039200.0,0.06143731623888016,4.028436018957346
0.4166666666666667,1039200.0,0.05433749035000801,3.5545023696682465
0.43333333333333335,1039200.0,0.08021578192710876,1.8957345971563981
0.45,1039200.0,0.14953956007957458,1.4218009478672986
0.4666666666666667,1039200.0,0.2822972238063812,0.9478672985781991
0.48333333333333334,1039200.0,0.5002168416976929,0.23696682464454977
0.5,1039200.0,0.8163866996765137,0.23696682464454977
0.5166666666666667,1039200.0,1.2282503843307495,0.0
0.5333333333333333,1039200.0,1.6790928840637207,0.0
0.55,1039200.0,1.5388374328613281,0.0
0.5666666666666667,1039200.0,1.4054672718048096,0.0
0.5833333333333334,1039200.0,1.2682464122772217,0.0
0.6,1039200.0,1.1472080945968628,0.0
0.6166666666666667,1039200.0,1.0415313243865967,0.0
0.6333333333333333,1039200.0,0.9502527713775635,1.4218009478672986
0.65,1039200.0,0.8695355653762817,3.3175355450236967
0.6666666666666666,1039200.0,0.7713292241096497,5.213270142180095
0.6833333333333333,1039200.0,0.6885528564453125,7.5829383886255926
0.7,1039200.0,0.6198021769523621,8.056872037914692
0.7166666666666667,1039200.0,0.5636175274848938,9.47867298578199
0.7333333333333333,1039200.0,0.5185588598251343,10.90047393364929
0.75,1039200.0,0.48326024413108826,12.322274881516588
0.7666666666666667,1039200.0,0.4318692684173584,13.270142180094787
0.7833333333333333,1039200.0,0.388812780380249,14.218009478672986
0.8,1039200.0,0.35540705919265747,16.587677725118482
0.8166666666666667,1039200.0,0.3302951455116272,17.535545023696685
0.8333333333333334,1039200.0,0.3123036026954651,20.379146919431278
0.85,1039200.0,0.2964012026786804,21.80094786729858
0.8666666666666667,1039200.0,0.285509318113327,23.696682464454977
0.8833333333333333,1039200.0,0.25502705574035645,26.066350710900476
0.9,1039200.0,0.23090076446533203,34.834123222748815
0.9166666666666666,1039200.0,0.21391558647155762,39.09952606635071
0.9333333333333333,1039200.0,0.20309647917747498,40.99526066350711
0.95,1039200.0,0.19765397906303406,42.18009478672986
0.9666666666666667,1039200.0,0.1908615529537201,44.312796208530806
0.9833333333333333,1039200.0,0.17067304253578186,45.26066350710901
1.0,1039200.0,0.1507331132888794,44.78672985781991
1.0166666666666666,1039200.0,0.13612475991249084,44.54976303317535
1.0333333333333334,1039200.0,0.12637737393379211,43.127962085308056
1.05,1039200.0,0.11578800529241562,41.943127962085306
1.0666666666666667,1039200.0,0.10087162256240845,40.99526066350711
1.0833333333333333,1039200.0,0.08084161579608917,40.047393364928915
1.1,1039200.0,0.06272778660058975,38.15165876777251
1.1166666666666667,1039200.0,0.047840416431427,37.44075829383886
1.1333333333333333,1039200.0,0.03561948239803314,36.96682464454976
1.15,1039200.0,0.028450367972254753,36.018957345971565
1.1666666666666667,1039200.0,0.02448185533285141,35.07109004739337
1.1833333333333333,1039200.0,0.02266683615744114,34.360189573459714
1.2,1039200.0,0.022458627820014954,34.360189573459714
1.2166666666666666,1039200.0,0.023624857887625694,33.88625592417062
1.2333333333333334,1039200.0,0.026139982044696808,31.990521327014214
1.25,1039200.0,0.030124211683869362,30.80568720379147
1.2666666666666666,1039200.0,0.035808078944683075,30.33175355450237
1.2833333333333334,1039200.0,0.04350797086954117,29.383886255924168
1.3,1039200.0,0.05360430106520653,28.672985781990523
1.3166666666666667,1039200.0,0.06407547742128372,27.72511848341232
1.3333333333333333,1039200.0,0.07251475006341934,26.77725118483412
1.35,1039200.0,0.08339990675449371,25.829383886255926
1.3666666666666667,1039200.0,0.09712794423103333,25.118483412322274
1.3833333333333333,1039200.0,0.11407582461833954,24.170616113744074
1.4,1039200.0,0.13456253707408905,22.748815165876778
1.4166666666666667,1039200.0,0.15881219506263733,21.563981042654028
1.4333333333333333,1039200.0,0.18691891431808472,20.61611374407583
1.45,1039200.0,0.21882249414920807,20.61611374407583
1.4666666666666666,1039200.0,0.2542962431907654,19.66824644549763
1.4833333333333334,1039200.0,0.292951762676239,18.009478672985782
1.5,1039200.0,0.3342589735984802,18.009478672985782
1.5166666666666666,1039200.0,0.3775787949562073,18.009478672985782
1.5333333333333334,1039200.0,0.4222028851509094,18.009478672985782
1.55,1039200.0,0.46739453077316284,16.113744075829384
1.5666666666666667,1039200.0,0.5124347805976868,13.507109004739338
1.5833333333333333,1039200.0,0.556652843952179,13.033175355450238
1.6,1039200.0,0.5994541049003601,13.033175355450238
1.6166666666666667,1039200.0,0.6403421759605408,12.559241706161137
1.6333333333333333,1039200.0,0.6789273023605347,12.559241706161137
1.65,1039200.0,0.7149311900138855,10.42654028436019
1.6666666666666667,1039200.0,0.7481867074966431,9.47867298578199
1.6833333333333333,1039200.0,0.7786325812339783,8.530805687203792
1.7,1039200.0,0.8062966465950012,8.056872037914692
1.7166666666666666,1039200.0,0.8268949389457703,7.109004739336493
1.7333333333333334,1039200.0,0.8442345857620239,6.6350710900473935
1.75,1039200.0,0.8618276119232178,5.687203791469194
1.7666666666666666,1039200.0,0.879777729511261,5.213270142180095
1.7833333333333334,1039200.0,0.8981823325157166,4.028436018957346
1.8,1039200.0,0.9171327948570251,3.5545023696682465
1.8166666666666667,1039200.0,0.9363280534744263,2.132701421800948
1.8333333333333333,1039200.0,0.9522871971130371,1.6587677725118484
1.85,1039200.0,0.9655814170837402,1.6587677725118484
1.8666666666666667,1039200.0,0.9788292050361633,1.1848341232227488
1.8833333333333333,1039200.0,0.9923111200332642,0.23696682464454977
1.9,1039200.0,1.006284475326538,0.0
1.9166666666666667,1039200.0,1.0209792852401733,0.0
1.9333333333333333,1039200.0,1.0365960597991943,0.0
1.95,1039200.0,1.0533064603805542,0.0
1.9666666666666666,1039200.0,1.0712538957595825,0.0
1.9833333333333334,1039200.0,1.0905547142028809,0.0
2.0,1039200.0,1.1112985610961914,0.0
2.0166666666666666,1039200.0,1.1335501670837402,0.0
2.033333333333333,1039200.0,1.1573526859283447,0.0
2.05,1039200.0,1.1827266216278076,0.0
2.066666666666667,1039200.0,1.2096757888793945,0.0
2.0833333333333335,1039200.0,1.2381818294525146,0.0
2.1,1039200.0,1.2682175636291504,0.0
2.1166666666666667,1039200.0,1.2997372150421143,0.0
2.1333333333333333,1039200.0,1.3326866626739502,0.0
2.15,1039200.0,1.3670011758804321,0.0
2.1666666666666665,1039200.0,1.4026098251342773,0.0
2.183333333333333,1039200.0,1.4394307136535645,0.0
2.2,1039200.0,1.4773805141448975,0.0
2.216666666666667,1039200.0,1.5163729190826416,0.0
2.2333333333333334,1039200.0,1.5563161373138428,0.0
2.25,1039200.0,1.5971167087554932,0.0
2.2666666666666666,1039200.0,1.6386840343475342,0.0
2.283333333333333,1039200.0,1.680924415588379,0.0
2.3,1039200.0,1.723745346069336,0.0
2.316666666666667,1039200.0,1.7670618295669556,0.0
2.3333333333333335,1039200.0,1.8107839822769165,0.0
2.35,1039200.0,1.854830026626587,0.0
2.3666666666666667,1039200.0,1.899120569229126,0.0
2.3833333333333333,1039200.0,1.9435795545578003,0.0
2.4,1039200.0,1.9881510734558105,0.0
2.4166666666666665,1039200.0,2.0327675342559814,0.0
2.433333333333333,1039200.0,2.0773677825927734,0.0
2.45,1039200.0,2.1219100952148438,0.0
2.466666666666667,1039200.0,2.1663436889648438,0.0
2.4833333333333334,1039200.0,2.2106335163116455,0.0
2.5,1039200.0,2.2547340393066406,0.0
2.5166666666666666,1039200.0,2.298623561859131,0.0
2.533333333333333,1039200.0,2.342271566390991,0.0
2.55,1039200.0,2.3856658935546875,0.0
2.566666666666667,1039200.0,2.4287917613983154,0.0
2.5833333333333335,1039200.0,2.4716386795043945,0.0
2.6,1039200.0,2.5142054557800293,0.0
2.6166666666666667,1039200.0,2.5564932823181152,0.0
2.6333333333333333,1039200.0,2.5985090732574463,0.0
2.65,1039200.0,2.6402573585510254,0.0
2.6666666666666665,1039200.0,2.681746244430542,0.0
2.683333333333333,1039200.0,2.7229907512664795,0.0
2.7,1039200.0,2.764005184173584,0.0
2.716666666666667,1039200.0,2.8048171997070312,0.0
2.7333333333333334,1039200.0,2.845428943634033,0.0
2.75,1039200.0,2.8858678340911865,0.0
2.7666666666666666,1039200.0,2.926151752471924,0.0
2.783333333333333,1039200.0,2.966296434402466,0.0
2.8,1039200.0,3.00632905960083,0.0
2.816666666666667,1039200.0,3.046267032623291,0.0
2.8333333333333335,1039200.0,3.0861258506774902,0.0
2.85,1039200.0,3.125905990600586,0.0
2.8666666666666667,1039200.0,3.165619373321533,0.0
2.8833333333333333,1039200.0,3.205277919769287,0.0
2.9,1039200.0,3.2449259757995605,0.0
2.9166666666666665,1039200.0,3.284574031829834,0.0
2.933333333333333,1039200.0,3.3242220878601074,0.0
2.95,1039200.0,3.363849639892578,0.0
2.966666666666667,1039200.0,3.4034552574157715,0.0
2.9833333333333334,1039200.0,3.443047046661377,0.0
3.0,1039200.0,3.482649803161621,0.0
3.0166666666666666,1039200.0,3.5222420692443848,0.0
3.033333333333333,1039200.0,3.5618271827697754,0.0
3.05,1039200.0,3.6013946533203125,0.0
3.066666666666667,1039200.0,3.6409435272216797,0.0
3.0833333333333335,1039200.0,3.680474042892456,0.0
3.1,1039200.0,3.719970464706421,0.0
3.1166666666666667,1039200.0,3.7594423294067383,0.0
3.1333333333333333,1039200.0,3.7988927364349365,0.0
3.15,1039200.0,3.838289260864258,0.0
3.1666666666666665,1039200.0,3.8776161670684814,0.0
3.183333333333333,1039200.0,3.9168925285339355,0.0
3.2,1039200.0,3.956070899963379,0.0
3.216666666666667,1039200.0,3.995206832885742,0.0
3.2333333333333334,1039200.0,4.034237861633301,0.0
3.25,1039200.0,4.0731353759765625,0.0
3.2666666666666666,1039200.0,4.111954212188721,0.0
3.283333333333333,1039200.0,4.150671005249023,0.0
3.3,1039200.0,4.189262390136719,0.0
3.316666666666667,1039200.0,4.227712631225586,0.0
3.3333333333333335,1039200.0,4.266045570373535,0.0
3.35,1039200.0,4.304220676422119,0.0
3.3666666666666667,1039200.0,4.342252254486084,0.0
3.3833333333333333,1039200.0,4.380119323730469,0.0
3.4,1039200.0,4.417827606201172,0.0
3.4166666666666665,1039200.0,4.455379962921143,0.0
3.433333333333333,1039200.0,4.492759704589844,0.0
3.45,1039200.0,4.529962539672852,0.0
3.466666666666667,1039200.0,4.566987037658691,0.0
3.4833333333333334,1039200.0,4.603847503662109,0.0
3.5,1039200.0,4.640523910522461,0.0
3.5166666666666666,1039200.0,4.677007675170898,0.0
3.533333333333333,1039200.0,4.713305473327637,0.0
3.55,1039200.0,4.749423980712891,0.0
3.566666666666667,1039200.0,4.785354137420654,0.0
3.5833333333333335,1039200.0,4.821106910705566,0.0
3.6,1039200.0,4.85666561126709,0.0
3.6166666666666667,1039200.0,4.892026901245117,0.0
3.6333333333333333,1039200.0,4.9272003173828125,0.0
3.65,1039200.0,4.9621806144714355,0.0
3.6666666666666665,1039200.0,4.996987819671631,0.0
3.683333333333333,1039200.0,5.031611442565918,0.0
3.7,1039200.0,5.066030502319336,0.0
3.716666666666667,1039200.0,5.100289344787598,0.0
3.7333333333333334,1039200.0,5.134357452392578,0.0
3.75,1039200.0,5.168247222900391,0.0
3.7666666666666666,1039200.0,5.201961994171143,0.0
3.783333333333333,1039200.0,5.2354912757873535,0.0
3.8,1039200.0,5.268845081329346,0.0
3.816666666666667,1039200.0,5.302004814147949,0.0
3.8333333333333335,1039200.0,5.334985256195068,0.0
3.85,1039200.0,5.3678083419799805,0.0
3.8666666666666667,1039200.0,5.400445938110352,0.0
3.8833333333333333,1039200.0,5.4329047203063965,0.0
3.9,1039200.0,5.465169906616211,0.0
3.9166666666666665,1039200.0,5.497274875640869,0.0
3.933333333333333,1039200.0,5.529191493988037,0.0
3.95,1039200.0,5.560931205749512,0.0
3.966666666666667,1039200.0,5.592494964599609,0.0
3.9833333333333334,1039200.0,5.623882293701172,0.0
4.0,1039200.0,5.655088424682617,0.0
4.016666666666667,1039200.0,5.686102867126465,0.0
4.033333333333333,1039200.0,5.71695613861084,0.0
4.05,1039200.0,5.747615814208984,0.0
4.066666666666666,1039200.0,5.778097152709961,0.0
4.083333333333333,1039200.0,5.808423042297363,0.0
4.1,1039200.0,5.838534832000732,0.0
4.116666666666666,1039200.0,5.868480682373047,0.0
4.133333333333334,1039200.0,5.898249626159668,0.0
4.15,1039200.0,5.927818298339844,0.0
4.166666666666667,1039200.0,5.957205772399902,0.0
4.183333333333334,1039200.0,5.986433982849121,0.0
4.2,1039200.0,6.015442848205566,0.0
4.216666666666667,1039200.0,6.044292449951172,0.0
4.233333333333333,1039200.0,6.072943210601807,0.0
4.25,1039200.0,6.101386070251465,0.0
4.266666666666667,1039200.0,6.129691123962402,0.0
4.283333333333333,1039200.0,6.157767295837402,0.0
4.3,1039200.0,6.185667514801025,0.0
4.316666666666666,1039200.0,6.213390827178955,0.0
4.333333333333333,1039200.0,6.240900039672852,0.0
4.35,1039200.0,6.268259048461914,0.0
4.366666666666666,1039200.0,6.295409202575684,0.0
4.383333333333334,1039200.0,6.322412014007568,0.0
4.4,1039200.0,6.349197864532471,0.0
4.416666666666667,1039200.0,6.375825881958008,0.0
4.433333333333334,1039200.0,6.402249336242676,0.0
4.45,1039200.0,6.428491115570068,0.0
4.466666666666667,1039200.0,6.454563140869141,0.0
4.483333333333333,1039200.0,6.480452537536621,0.0
4.5,1039200.0,6.506171703338623,0.0
4.516666666666667,1039200.0,6.531682968139648,0.0
4.533333333333333,1039200.0,6.557040214538574,0.0
4.55,1039200.0,6.5821943283081055,0.0
4.566666666666666,1039200.0,6.607191562652588,0.0
4.583333333333333,1039200.0,6.631992816925049,0.0
4.6,1039200.0,6.656630516052246,0.0
4.616666666666666,1039200.0,6.681096076965332,0.0
4.633333333333334,1039200.0,6.705352306365967,0.0
4.65,1039200.0,6.729461193084717,0.0
4.666666666666667,1039200.0,6.753382682800293,0.0
4.683333333333334,1039200.0,6.777143955230713,0.0
4.7,1039200.0,6.800713062286377,0.0
4.716666666666667,1039200.0,6.824127197265625,0.0
4.733333333333333,1039200.0,6.847339630126953,0.0
4.75,1039200.0,6.870431423187256,0.0
4.766666666666667,1039200.0,6.893316268920898,0.0
4.783333333333333,1039200.0,6.916044235229492,0.0
4.8,1039200.0,6.938592433929443,0.0
4.816666666666666,1039200.0,6.960967540740967,0.0
4.833333333333333,1039200.0,6.983193874359131,0.0
4.85,1039200.0,7.005240440368652,0.0
4.866666666666666,1039200.0,7.027130126953125,0.0
4.883333333333334,1039200.0,7.048847198486328,0.0
4.9,1039200.0,7.0704026222229,0.0
4.916666666666667,1039200.0,7.091765403747559,0.0
4.933333333333334,1039200.0,7.113034248352051,0.0
4.95,1039200.0,7.134079933166504,0.0
4.966666666666667,1039200.0,7.154970645904541,0.0
4.983333333333333,1039200.0,7.1757097244262695,0.0
5.0,1039200.0,7.1962890625,0.0
5.016666666666667,1039200.0,7.216674327850342,0.0
5.033333333333333,1039200.0,7.236952304840088,0.0
5.05,1039200.0,7.2570600509643555,0.0
5.066666666666666,1039200.0,7.27699089050293,0.0
5.083333333333333,1039200.0,7.296782493591309,0.0
5.1,1039200.0,7.316396236419678,0.0
5.116666666666666,1039200.0,7.335848808288574,0.0
5.133333333333334,1039200.0,7.355188369750977,0.0
5.15,1039200.0,7.374354839324951,0.0
5.166666666666667,1039200.0,7.3933539390563965,0.0
5.183333333333334,1039200.0,7.412214279174805,0.0
5.2,1039200.0,7.430924415588379,0.0
5.216666666666667,1039200.0,7.449467182159424,0.0
5.233333333333333,1039200.0,7.467845916748047,0.0
5.25,1039200.0,7.486115455627441,0.0
5.266666666666667,1039200.0,7.50422477722168,0.0
5.283333333333333,1039200.0,7.522174835205078,0.0
5.3,1039200.0,7.5399956703186035,0.0
5.316666666666666,1039200.0,7.557652473449707,0.0
5.333333333333333,1039200.0,7.575140953063965,0.0
5.35,1039200.0,7.592535972595215,0.0
5.366666666666666,1039200.0,7.609742641448975,0.0
5.383333333333334,1039200.0,7.6268310546875,0.0
5.4,1039200.0,7.643762111663818,0.0
5.416666666666667,1039200.0,7.660561561584473,0.0
5.433333333333334,1039200.0,7.677217483520508,0.0
5.45,1039200.0,7.693727493286133,0.0
5.466666666666667,1039200.0,7.710131645202637,0.0
5.483333333333333,1039200.0,7.726375102996826,0.0
5.5,1039200.0,7.742486000061035,0.0
5.516666666666667,1039200.0,7.758456707000732,0.0
5.533333333333333,1039200.0,7.77430534362793,0.0
5.55,1039200.0,7.790028095245361,0.0
5.566666666666666,1039200.0,7.805595874786377,0.0
5.583333333333333,1039200.0,7.821065902709961,0.0
5.6,1039200.0,7.836383819580078,0.0
5.616666666666666,1039200.0,7.851580619812012,0.0
5.633333333333334,1039200.0,7.866652965545654,0.0
5.65,1039200.0,7.881609916687012,0.0
5.666666666666667,1039200.0,7.896430015563965,0.0
5.683333333333334,1039200.0,7.911118984222412,0.0
5.7,1039200.0,7.925668716430664,0.0
5.716666666666667,1039200.0,7.940128326416016,0.0
5.733333333333333,1039200.0,7.95443868637085,0.0
5.75,1039200.0,7.968616962432861,0.0
5.766666666666667,1039200.0,7.982647895812988,0.0
5.783333333333333,1039200.0,7.996633529663086,0.0
5.8,1039200.0,8.010461807250977,0.0
5.816666666666666,1039200.0,8.024168014526367,0.0
5.833333333333333,1039200.0,8.037759780883789,0.0
5.85,1039200.0,8.051246643066406,0.0
5.866666666666666,1039200.0,8.064631462097168,0.0
5.883333333333334,1039200.0,8.07785415649414,0.0
5.9,1039200.0,8.090948104858398,0.0
5.916666666666667,1039200.0,8.103975296020508,0.0
5.933333333333334,1039200.0,8.11686897277832,0.0
5.95,1039200.0,8.129575729370117,0.0
5.966666666666667,1039200.0,8.142147064208984,0.0
5.983333333333333,1039200.0,8.154718399047852,0.0
6.0,1039200.0,8.167113304138184,0.0
6.016666666666667,1039200.0,8.179471969604492,0.0
6.033333333333333,1039200.0,8.191736221313477,0.0
6.05,1039200.0,8.203908920288086,0.0
6.066666666666666,1039200.0,8.215888977050781,0.0
6.083333333333333,1039200.0,8.227814674377441,0.0
6.1,1039200.0,8.239581108093262,0.0
6.116666666666666,1039200.0,8.25118637084961,0.0
6.133333333333334,1039200.0,8.26273250579834,0.0
6.15,1039200.0,8.274151802062988,0.0
6.166666666666667,1039200.0,8.285517692565918,0.0
6.183333333333334,1039200.0,8.296806335449219,0.0
6.2,1039200.0,8.307960510253906,0.0
6.216666666666667,1039200.0,8.31908130645752,0.0
6.233333333333333,1039200.0,8.330045700073242,0.0
6.25,1039200.0,8.340920448303223,0.0
6.266666666666667,1039200.0,8.351696014404297,0.0
6.283333333333333,1039200.0,8.362377166748047,0.0
6.3,1039200.0,8.37295913696289,0.0
6.316666666666666,1039200.0,8.38338851928711,0.0
6.333333333333333,1039200.0,8.393714904785156,0.0
6.35,1039200.0,8.404029846191406,0.0
6.366666666666666,1039200.0,8.414260864257812,0.0
6.383333333333334,1039200.0,8.424367904663086,0.0
6.4,1039200.0,8.43436050415039,0.0
6.416666666666667,1039200.0,8.44422721862793,0.0
6.433333333333334,1039200.0,8.45398235321045,0.0
6.45,1039200.0,8.463703155517578,0.0
6.466666666666667,1039200.0,8.473373413085938,0.0
6.483333333333333,1039200.0,8.482953071594238,0.0
6.5,1039200.0,8.492406845092773,0.0
6.516666666666667,1039200.0,8.501758575439453,0.0
6.533333333333333,1039200.0,8.511076927185059,0.0
6.55,1039200.0,8.52029800415039,0.0
6.566666666666666,1039200.0,8.52947998046875,0.0
6.583333333333333,1039200.0,8.538505554199219,0.0
6.6,1039200.0,8.547480583190918,0.0
6.616666666666666,1039200.0,8.556333541870117,0.0
6.633333333333334,1039200.0,8.565089225769043,0.0
6.65,1039200.0,8.573792457580566,0.0
6.666666666666667,1039200.0,8.582444190979004,0.0
6.683333333333334,1039200.0,8.590991020202637,0.0
6.7,1039200.0,8.59950065612793,0.0
6.716666666666667,1039200.0,8.607891082763672,0.0
6.733333333333333,1039200.0,8.61618423461914,0.0
6.75,1039200.0,8.62440013885498,0.0
6.766666666666667,1039200.0,8.632526397705078,0.0
6.783333333333333,1039200.0,8.640594482421875,0.0
6.8,1039200.0,8.648643493652344,0.0
6.816666666666666,1039200.0,8.656525611877441,0.0
6.833333333333333,1039200.0,8.664336204528809,0.0
6.85,1039200.0,8.672114372253418,0.0
6.866666666666666,1039200.0,8.679850578308105,0.0
6.883333333333334,1039200.0,8.687586784362793,0.0
6.9,1039200.0,8.69516372680664,0.0
6.916666666666667,1039200.0,8.702642440795898,0.0
6.933333333333334,1039200.0,8.71005630493164,0.0
6.95,1039200.0,8.717470169067383,0.0
6.966666666666667,1039200.0,8.724706649780273,0.0
6.983333333333333,1039200.0,8.731864929199219,0.0
7.0,1039200.0,8.739015579223633,0.0
7.016666666666667,1039200.0,8.746110916137695,0.0
7.033333333333333,1039200.0,8.753149032592773,0.0
7.05,1039200.0,8.760095596313477,0.0
7.066666666666666,1039200.0,8.766965866088867,0.0
7.083333333333333,1039200.0,8.77377700805664,0.0
7.1,1039200.0,8.780570983886719,0.0
7.116666666666666,1039200.0,8.78734016418457,0.0
7.133333333333334,1039200.0,8.793980598449707,0.0
7.15,1039200.0,8.800537109375,0.0
7.166666666666667,1039200.0,8.80703067779541,0.0
7.183333333333334,1039200.0,8.813491821289062,0.0
7.2,1039200.0,8.819908142089844,0.0
7.216666666666667,1039200.0,8.826193809509277,0.0
7.233333333333333,1039200.0,8.832395553588867,0.0
7.25,1039200.0,8.838520050048828,0.0
7.266666666666667,1039200.0,8.844581604003906,0.0
7.283333333333333,1039200.0,8.850547790527344,0.0
7.3,1039200.0,8.856511116027832,0.0
7.316666666666666,1039200.0,8.86247444152832,0.0
7.333333333333333,1039200.0,8.868354797363281,0.0
7.35,1039200.0,8.874208450317383,0.0
7.366666666666666,1039200.0,8.880035400390625,0.0
7.383333333333334,1039200.0,8.885826110839844,0.0
7.4,1039200.0,8.891464233398438,0.0
7.416666666666667,1039200.0,8.897072792053223,0.0
7.433333333333334,1039200.0,8.902650833129883,0.0
7.45,1039200.0,8.908173561096191,0.0
7.466666666666667,1039200.0,8.913707733154297,0.0
7.483333333333333,1039200.0,8.919187545776367,0.0
7.5,1039200.0,8.924488067626953,0.0
7.516666666666667,1039200.0,8.929695129394531,0.0
7.533333333333333,1039200.0,8.934894561767578,0.0
7.55,1039200.0,8.940052032470703,0.0
7.566666666666666,1039200.0,8.945209503173828,0.0
7.583333333333333,1039200.0,8.950358390808105,0.0
7.6,1039200.0,8.955342292785645,0.0
7.616666666666666,1039200.0,8.960315704345703,0.0
7.633333333333334,1039200.0,8.965230941772461,0.0
7.65,1039200.0,8.97011947631836,0.0
7.666666666666667,1039200.0,8.974967956542969,0.0
7.683333333333334,1039200.0,8.979803085327148,0.0
7.7,1039200.0,8.98448657989502,0.0
7.716666666666667,1039200.0,8.989160537719727,0.0
7.733333333333333,1039200.0,8.993765830993652,0.0
7.75,1039200.0,8.998306274414062,0.0
7.766666666666667,1039200.0,9.00282096862793,0.0
7.783333333333333,1039200.0,9.007333755493164,0.0
7.8,1039200.0,9.011724472045898,0.0
7.816666666666666,1039200.0,9.016094207763672,0.0
7.833333333333333,1039200.0,9.020447731018066,0.0
7.85,1039200.0,9.024799346923828,0.0
7.866666666666666,1039200.0,9.029067993164062,0.0
7.883333333333334,1039200.0,9.033283233642578,0.0
7.9,1039200.0,9.037473678588867,0.0
7.916666666666667,1039200.0,9.041656494140625,0.0
7.933333333333334,1039200.0,9.045705795288086,0.0
7.95,1039200.0,9.049741744995117,0.0
7.966666666666667,1039200.0,9.053771018981934,0.0
7.983333333333333,1039200.0,9.057758331298828,0.0
8.0,1039200.0,9.061695098876953,0.0
8.016666666666667,1039200.0,9.065600395202637,0.0
8.033333333333333,1039200.0,9.06950569152832,0.0
8.05,1039200.0,9.073378562927246,0.0
8.066666666666666,1039200.0,9.07724666595459,0.0
8.083333333333334,1039200.0,9.081028938293457,0.0
8.1,1039200.0,9.084737777709961,0.0
8.116666666666667,1039200.0,9.088417053222656,0.0
8.133333333333333,1039200.0,9.09205436706543,0.0
8.15,1039200.0,9.095636367797852,0.0
8.166666666666666,1039200.0,9.099205017089844,0.0
8.183333333333334,1039200.0,9.102752685546875,0.0
8.2,1039200.0,9.106298446655273,0.0
8.216666666666667,1039200.0,9.109724998474121,0.0
8.233333333333333,1039200.0,9.113109588623047,0.0
8.25,1039200.0,9.116456985473633,0.0
8.266666666666667,1039200.0,9.119739532470703,0.0
8.283333333333333,1039200.0,9.122997283935547,0.0
8.3,1039200.0,9.126249313354492,0.0
8.316666666666666,1039200.0,9.129491806030273,0.0
8.333333333333334,1039200.0,9.132726669311523,0.0
8.35,1039200.0,9.135953903198242,0.0
8.366666666666667,1039200.0,9.139177322387695,0.0
8.383333333333333,1039200.0,9.14231014251709,0.0
8.4,1039200.0,9.145364761352539,0.0
8.416666666666666,1039200.0,9.148406028747559,0.0
8.433333333333334,1039200.0,9.151411056518555,0.0
8.45,1039200.0,9.154362678527832,0.0
8.466666666666667,1039200.0,9.157299041748047,0.0
8.483333333333333,1039200.0,9.16022777557373,0.0
8.5,1039200.0,9.1631441116333,0.0
8.516666666666667,1039200.0,9.166044235229492,0.0
8.533333333333333,1039200.0,9.1689453125,0.0
8.55,1039200.0,9.171781539916992,0.0
8.566666666666666,1039200.0,9.174552917480469,0.0
8.583333333333334,1039200.0,9.177308082580566,0.0
8.6,1039200.0,9.180018424987793,0.0
8.616666666666667,1039200.0,9.182723045349121,0.0
8.633333333333333,1039200.0,9.185379028320312,0.0
8.65,1039200.0,9.188026428222656,0.0
8.666666666666666,1039200.0,9.190650939941406,0.0
8.683333333333334,1039200.0,9.193265914916992,0.0
8.7,1039200.0,9.195846557617188,0.0
8.716666666666667,1039200.0,9.19842529296875,0.0
8.733333333333333,1039200.0,9.200981140136719,0.0
8.75,1039200.0,9.203412055969238,0.0
8.766666666666667,1039200.0,9.205836296081543,0.0
8.783333333333333,1039200.0,9.208257675170898,0.0
8.8,1039200.0,9.210675239562988,0.0
8.816666666666666,1039200.0,9.212995529174805,0.0
8.833333333333334,1039200.0,9.215303421020508,0.0
8.85,1039200.0,9.217599868774414,0.0
8.866666666666667,1039200.0,9.219879150390625,0.0
8.883333333333333,1039200.0,9.222158432006836,0.0
8.9,1039200.0,9.224422454833984,0.0
8.916666666666666,1039200.0,9.226678848266602,0.0
8.933333333333334,1039200.0,9.228935241699219,0.0
8.95,1039200.0,9.23109245300293,0.0
8.966666666666667,1039200.0,9.233207702636719,0.0
8.983333333333333,1039200.0,9.23531723022461,0.0
9.0,1039200.0,9.237380981445312,0.0
9.016666666666667,1039200.0,9.23939323425293,0.0
9.033333333333333,1039200.0,9.241405487060547,0.0
9.05,1039200.0,9.24340534210205,0.0
9.066666666666666,1039200.0,9.245412826538086,0.0
9.083333333333334,1039200.0,9.247429847717285,0.0
9.1,1039200.0,9.249431610107422,0.0
9.116666666666667,1039200.0,9.251432418823242,0.0
9.133333333333333,1039200.0,9.253419876098633,0.0
9.15,1039200.0,9.255395889282227,0.0
9.166666666666666,1039200.0,9.257352828979492,0.0
9.183333333333334,1039200.0,9.259315490722656,0.0
9.2,1039200.0,9.26126766204834,0.0
9.216666666666667,1039200.0,9.263201713562012,0.0
9.233333333333333,1039200.0,9.265135765075684,0.0
9.25,1039200.0,9.26706600189209,0.0
9.266666666666667,1039200.0,9.268845558166504,0.0
9.283333333333333,1039200.0,9.270587921142578,0.0
9.3,1039200.0,9.272310256958008,0.0
9.316666666666666,1039200.0,9.273990631103516,0.0
9.333333333333334,1039200.0,9.275665283203125,0.0
9.35,1039200.0,9.277347564697266,0.0
9.366666666666667,1039200.0,9.279020309448242,0.0
9.383333333333333,1039200.0,9.28070068359375,0.0
9.4,1039200.0,9.282365798950195,0.0
9.416666666666666,1039200.0,9.284025192260742,0.0
9.433333333333334,1039200.0,9.285665512084961,0.0
9.45,1039200.0,9.287296295166016,0.0
9.466666666666667,1039200.0,9.288921356201172,0.0
9.483333333333333,1039200.0,9.290536880493164,0.0
9.5,1039200.0,9.29214859008789,0.0
9.516666666666667,1039200.0,9.293726921081543,0.0
9.533333333333333,1039200.0,9.295186042785645,0.0
9.55,1039200.0,9.296636581420898,0.0
9.566666666666666,1039200.0,9.298087120056152,0.0
9.583333333333334,1039200.0,9.299537658691406,0.0
9.6,1039200.0,9.300971984863281,0.0
9.616666666666667,1039200.0,9.302361488342285,0.0
9.633333333333333,1039200.0,9.303740501403809,0.0
9.65,1039200.0,9.305103302001953,0.0
9.666666666666666,1039200.0,9.306459426879883,0.0
9.683333333333334,1039200.0,9.307806015014648,0.0
9.7,1039200.0,9.309148788452148,0.0
9.716666666666667,1039200.0,9.3104829788208,0.0
9.733333333333333,1039200.0,9.31181526184082,0.0
9.75,1039200.0,9.313146591186523,0.0
9.766666666666667,1039200.0,9.314474105834961,0.0
9.783333333333333,1039200.0,9.315793991088867,0.0
9.8,1039200.0,9.317106246948242,0.0
9.816666666666666,1039200.0,9.318414688110352,0.0
9.833333333333334,1039200.0,9.319723129272461,0.0
9.85,1039200.0,9.321020126342773,0.0
9.866666666666667,1039200.0,9.322309494018555,0.0
9.883333333333333,1039200.0,9.323598861694336,0.0
9.9,1039200.0,9.32486343383789,0.0
9.916666666666666,1039200.0,9.326029777526855,0.0
9.933333333333334,1039200.0,9.327164649963379,0.0
9.95,1039200.0,9.328292846679688,0.0
9.966666666666667,1039200.0,9.329395294189453,0.0
9.983333333333333,1039200.0,9.330474853515625,0.0
10.0,1039200.0,9.331525802612305,0.0
10.016666666666667,1039200.0,9.332568168640137,0.0
0.0,1129400.0,9.997027397155762,0.0
0.016666666666666666,1129400.0,9.485157012939453,0.0
0.03333333333333333,1129400.0,8.968006134033203,0.0
0.05,1129400.0,8.45035171508789,0.0
0.06666666666666667,1129400.0,7.942716598510742,0.0
0.08333333333333333,1129400.0,7.434254169464111,0.0
0.1,1129400.0,6.917022705078125,0.0
0.11666666666666667,1129400.0,6.418755054473877,0.0
0.13333333333333333,1129400.0,5.9217634201049805,0.0
0.15,1129400.0,5.4145355224609375,0.0
0.16666666666666666,1129400.0,4.928902626037598,0.0
0.18333333333333332,1129400.0,4.4504876136779785,0.0
0.2,1129400.0,3.958348035812378,0.0
0.21666666666666667,1129400.0,3.4898695945739746,0.0
0.23333333333333334,1129400.0,3.0424137115478516,0.0
0.25,1129400.0,2.5744712352752686,0.0
0.26666666666666666,1129400.0,2.1349849700927734,0.0
0.2833333333333333,1129400.0,1.7238357067108154,0.0
0.3,1129400.0,1.3214370012283325,0.0
0.31666666666666665,1129400.0,0.9487206935882568,1.1848341232227488
0.3333333333333333,1129400.0,0.634137749671936,5.687203791469194
0.35,1129400.0,0.37451881170272827,6.6350710900473935
0.36666666666666664,1129400.0,0.21523286402225494,6.161137440758294
0.38333333333333336,1129400.0,0.10625885426998138,4.739336492890995
0.4,1129400.0,0.06104911118745804,4.502369668246446
0.4166666666666667,1129400.0,0.05394662171602249,3.5545023696682465
0.43333333333333335,1129400.0,0.07970153540372849,1.8957345971563981
0.45,1129400.0,0.1487709879875183,1.4218009478672986
0.4666666666666667,1129400.0,0.2811313271522522,0.9478672985781991
0.48333333333333334,1129400.0,0.49852877855300903,0.23696682464454977
0.5,1129400.0,0.8141118288040161,0.23696682464454977
0.5166666666666667,1129400.0,1.2253915071487427,0.0
0.5333333333333333,1129400.0,1.676753282546997,0.0
0.55,1129400.0,1.5364134311676025,0.0
0.5666666666666667,1129400.0,1.402919054031372,0.0
0.5833333333333334,1129400.0,1.2656404972076416,0.0
0.6,1129400.0,1.1445529460906982,0.0
0.6166666666666667,1129400.0,1.0388343334197998,0.0
0.6333333333333333,1129400.0,0.947522759437561,1.4218009478672986
0.65,1129400.0,0.8667727708816528,3.3175355450236967
0.6666666666666666,1129400.0,0.7685810327529907,5.213270142180095
0.6833333333333333,1129400.0,0.6858268976211548,7.5829383886255926
0.7,1129400.0,0.617102861404419,8.056872037914692
0.7166666666666667,1129400.0,0.5609456300735474,9.47867298578199
0.7333333333333333,1129400.0,0.515910267829895,10.90047393364929
0.75,1129400.0,0.4806276559829712,12.322274881516588
0.7666666666666667,1129400.0,0.4293237328529358,13.270142180094787
0.7833333333333333,1129400.0,0.38634347915649414,14.691943127962084
0.8,1129400.0,0.3529994785785675,16.587677725118482
0.8166666666666667,1129400.0,0.32793128490448,17.535545023696685
0.8333333333333334,1129400.0,0.3099636137485504,20.379146919431278
0.85,1129400.0,0.2940090596675873,21.80094786729858
0.8666666666666667,1129400.0,0.28310978412628174,23.696682464454977
0.8833333333333333,1129400.0,0.25278306007385254,26.540284360189574
0.9,1129400.0,0.22873377799987793,34.834123222748815
0.9166666666666666,1129400.0,0.21179674565792084,39.09952606635071
0.9333333333333333,1129400.0,0.20099572837352753,40.99526066350711
0.95,1129400.0,0.19554036855697632,42.65402843601896
0.9666666666666667,1129400.0,0.1889079362154007,44.312796208530806
0.9833333333333333,1129400.0,0.1688191294670105,45.26066350710901
1.0,1129400.0,0.14887744188308716,45.023696682464454
1.0166666666666666,1129400.0,0.13435250520706177,44.54976303317535
1.0333333333333334,1129400.0,0.12462657690048218,43.127962085308056
1.05,1129400.0,0.1141102984547615,42.89099526066351
1.0666666666666667,1129400.0,0.09946748614311218,41.943127962085306
1.0833333333333333,1129400.0,0.07959766685962677,40.047393364928915
1.1,1129400.0,0.061679575592279434,39.09952606635071
1.1166666666666667,1129400.0,0.04701763764023781,37.44075829383886
1.1333333333333333,1129400.0,0.034977469593286514,36.96682464454976
1.15,1129400.0,0.027918651700019836,36.018957345971565
1.1666666666666667,1129400.0,0.024010322988033295,36.018957345971565
1.1833333333333333,1129400.0,0.022218357771635056,34.834123222748815
1.2,1129400.0,0.022003483027219772,34.360189573459714
1.2166666666666666,1129400.0,0.023136550560593605,33.88625592417062
1.2333333333333334,1129400.0,0.02559209056198597,31.990521327014214
1.25,1129400.0,0.02948840893805027,30.80568720379147
1.2666666666666666,1129400.0,0.03505270928144455,30.80568720379147
1.2833333333333334,1129400.0,0.042597103863954544,29.383886255924168
1.3,1129400.0,0.05249723047018051,28.672985781990523
1.3166666666666667,1129400.0,0.06328113377094269,27.72511848341232
1.3333333333333333,1129400.0,0.07153938710689545,27.251184834123222
1.35,1129400.0,0.08219995349645615,26.303317535545023
1.3666666666666667,1129400.0,0.09565585851669312,25.59241706161137
1.3833333333333333,1129400.0,0.11228115856647491,24.170616113744074
1.4,1129400.0,0.13239428400993347,22.748815165876778
1.4166666666666667,1129400.0,0.15622159838676453,21.563981042654028
1.4333333333333333,1129400.0,0.18386146426200867,21.563981042654028
1.45,1129400.0,0.21526122093200684,20.61611374407583
1.4666666666666666,1129400.0,0.25020283460617065,20.14218009478673
1.4833333333333334,1129400.0,0.28830862045288086,18.48341232227488
1.5,1129400.0,0.329058974981308,18.009478672985782
1.5166666666666666,1129400.0,0.3718253970146179,18.009478672985782
1.5333333333333334,1129400.0,0.415908545255661,18.009478672985782
1.55,1129400.0,0.4605790078639984,16.113744075829384
1.5666666666666667,1129400.0,0.5051234364509583,15.402843601895736
1.5833333333333333,1129400.0,0.5488755702972412,13.033175355450238
1.6,1129400.0,0.5912424325942993,13.033175355450238
1.6166666666666667,1129400.0,0.6317280530929565,13.033175355450238
1.6333333333333333,1129400.0,0.6699433326721191,12.559241706161137
1.65,1129400.0,0.7056101560592651,11.848341232227488
1.6666666666666667,1129400.0,0.7385578155517578,9.47867298578199
1.6833333333333333,1129400.0,0.7687227725982666,9.47867298578199
1.7,1129400.0,0.796133279800415,8.530805687203792
1.7166666666666666,1129400.0,0.8173737525939941,7.5829383886255926
1.7333333333333334,1129400.0,0.8345499038696289,7.109004739336493
1.75,1129400.0,0.8519811630249023,6.161137440758294
1.7666666666666666,1129400.0,0.8697694540023804,5.213270142180095
1.7833333333333334,1129400.0,0.8880109786987305,5.213270142180095
1.8,1129400.0,0.9067960977554321,4.028436018957346
1.8166666666666667,1129400.0,0.9256170392036438,3.080568720379147
1.8333333333333333,1129400.0,0.9407326579093933,2.132701421800948
1.85,1129400.0,0.953896164894104,1.6587677725118484
1.8666666666666667,1129400.0,0.9670161008834839,1.1848341232227488
1.8833333333333333,1129400.0,0.9803709983825684,0.23696682464454977
1.9,1129400.0,0.9942150712013245,0.23696682464454977
1.9166666666666667,1129400.0,1.0087783336639404,0.0
1.9333333333333333,1129400.0,1.0242595672607422,0.0
1.95,1129400.0,1.0408307313919067,0.0
1.9666666666666666,1129400.0,1.0586333274841309,0.0
1.9833333333333334,1129400.0,1.0777838230133057,0.0
2.0,1129400.0,1.098369836807251,0.0
2.0166666666666666,1129400.0,1.1204583644866943,0.0
2.033333333333333,1129400.0,1.144090175628662,0.0
2.05,1129400.0,1.1692874431610107,0.0
2.066666666666667,1129400.0,1.1960512399673462,0.0
2.0833333333333335,1129400.0,1.2243669033050537,0.0
2.1,1129400.0,1.2542040348052979,0.0
2.1166666666666667,1129400.0,1.2855207920074463,0.0
2.1333333333333333,1129400.0,1.3182628154754639,0.0
2.15,1129400.0,1.3523650169372559,0.0
2.1666666666666665,1129400.0,1.3877558708190918,0.0
2.183333333333333,1129400.0,1.424356460571289,0.0
2.2,1129400.0,1.4620822668075562,0.0
2.216666666666667,1129400.0,1.5008456707000732,0.0
2.2333333333333334,1129400.0,1.540561556816101,0.0
2.25,1129400.0,1.581130862236023,0.0
2.2666666666666666,1129400.0,1.6224652528762817,0.0
2.283333333333333,1129400.0,1.6644740104675293,0.0
2.3,1129400.0,1.7070636749267578,0.0
2.316666666666667,1129400.0,1.750146746635437,0.0
2.3333333333333335,1129400.0,1.793635606765747,0.0
2.35,1129400.0,1.8374519348144531,0.0
2.3666666666666667,1129400.0,1.8815107345581055,0.0
2.3833333333333333,1129400.0,1.9257419109344482,0.0
2.4,1129400.0,1.970085859298706,0.0
2.4166666666666665,1129400.0,2.0144710540771484,0.0
2.433333333333333,1129400.0,2.0588433742523193,0.0
2.45,1129400.0,2.1031534671783447,0.0
2.466666666666667,1129400.0,2.147357940673828,0.0
2.4833333333333334,1129400.0,2.191418170928955,0.0
2.5,1129400.0,2.235294818878174,0.0
2.5166666666666666,1129400.0,2.2789649963378906,0.0
2.533333333333333,1129400.0,2.322394847869873,0.0
2.55,1129400.0,2.3655688762664795,0.0
2.566666666666667,1129400.0,2.4084792137145996,0.0
2.5833333333333335,1129400.0,2.451117753982544,0.0
2.6,1129400.0,2.4934706687927246,0.0
2.6166666666666667,1129400.0,2.535551071166992,0.0
2.6333333333333333,1129400.0,2.5773606300354004,0.0
2.65,1129400.0,2.6189022064208984,0.0
2.6666666666666665,1129400.0,2.660191059112549,0.0
2.683333333333333,1129400.0,2.7012343406677246,0.0
2.7,1129400.0,2.742051601409912,0.0
2.716666666666667,1129400.0,2.782658815383911,0.0
2.7333333333333334,1129400.0,2.8230764865875244,0.0
2.75,1129400.0,2.863319158554077,0.0
2.7666666666666666,1129400.0,2.903409957885742,0.0
2.783333333333333,1129400.0,2.9433679580688477,0.0
2.8,1129400.0,2.9832117557525635,0.0
2.816666666666667,1129400.0,3.0229570865631104,0.0
2.8333333333333335,1129400.0,3.062617540359497,0.0
2.85,1129400.0,3.1022253036499023,0.0
2.8666666666666667,1129400.0,3.141766309738159,0.0
2.8833333333333333,1129400.0,3.181276559829712,0.0
2.9,1129400.0,3.2207369804382324,0.0
2.9166666666666665,1129400.0,3.260164976119995,0.0
2.933333333333333,1129400.0,3.299591064453125,0.0
2.95,1129400.0,3.339003324508667,0.0
2.966666666666667,1129400.0,3.3784210681915283,0.0
2.9833333333333334,1129400.0,3.417844772338867,0.0
3.0,1129400.0,3.4572553634643555,0.0
3.0166666666666666,1129400.0,3.496668577194214,0.0
3.033333333333333,1129400.0,3.536076784133911,0.0
3.05,1129400.0,3.5754828453063965,0.0
3.066666666666667,1129400.0,3.6148626804351807,0.0
3.0833333333333335,1129400.0,3.6542086601257324,0.0
3.1,1129400.0,3.6935362815856934,0.0
3.1166666666666667,1129400.0,3.7328293323516846,0.0
3.1333333333333333,1129400.0,3.7721004486083984,0.0
3.15,1129400.0,3.811298131942749,0.0
3.1666666666666665,1129400.0,3.8504538536071777,0.0
3.183333333333333,1129400.0,3.8895578384399414,0.0
3.2,1129400.0,3.928582191467285,0.0
3.216666666666667,1129400.0,3.967535972595215,0.0
3.2333333333333334,1129400.0,4.006383895874023,0.0
3.25,1129400.0,4.045125484466553,0.0
3.2666666666666666,1129400.0,4.083802223205566,0.0
3.283333333333333,1129400.0,4.122322082519531,0.0
3.3,1129400.0,4.160738945007324,0.0
3.316666666666667,1129400.0,4.199016571044922,0.0
3.3333333333333335,1129400.0,4.237153053283691,0.0
3.35,1129400.0,4.275161266326904,0.0
3.3666666666666667,1129400.0,4.31302547454834,0.0
3.3833333333333333,1129400.0,4.350733280181885,0.0
3.4,1129400.0,4.388272285461426,0.0
3.4166666666666665,1129400.0,4.425652503967285,0.0
3.433333333333333,1129400.0,4.462876796722412,0.0
3.45,1129400.0,4.499927520751953,0.0
3.466666666666667,1129400.0,4.5367865562438965,0.0
3.4833333333333334,1129400.0,4.573487281799316,0.0
3.5,1129400.0,4.6100006103515625,0.0
3.5166666666666666,1129400.0,4.646335124969482,0.0
3.533333333333333,1129400.0,4.682480812072754,0.0
3.55,1129400.0,4.718441486358643,0.0
3.566666666666667,1129400.0,4.754220962524414,0.0
3.5833333333333335,1129400.0,4.789824485778809,0.0
3.6,1129400.0,4.825224876403809,0.0
3.6166666666666667,1129400.0,4.860443115234375,0.0
3.6333333333333333,1129400.0,4.895486831665039,0.0
3.65,1129400.0,4.930327415466309,0.0
3.6666666666666665,1129400.0,4.964972019195557,0.0
3.683333333333333,1129400.0,4.999444961547852,0.0
3.7,1129400.0,5.033724784851074,0.0
3.716666666666667,1129400.0,5.067818641662598,0.0
3.7333333333333334,1129400.0,5.101746082305908,0.0
3.75,1129400.0,5.135496139526367,0.0
3.7666666666666666,1129400.0,5.169065475463867,0.0
3.783333333333333,1129400.0,5.202439308166504,0.0
3.8,1129400.0,5.235640525817871,0.0
3.816666666666667,1129400.0,5.268675327301025,0.0
3.8333333333333335,1129400.0,5.301529884338379,0.0
3.85,1129400.0,5.334208965301514,0.0
3.8666666666666667,1129400.0,5.366706848144531,0.0
3.8833333333333333,1129400.0,5.399004936218262,0.0
3.9,1129400.0,5.431157112121582,0.0
3.9166666666666665,1129400.0,5.463112831115723,0.0
3.933333333333333,1129400.0,5.494915008544922,0.0
3.95,1129400.0,5.526535987854004,0.0
3.966666666666667,1129400.0,5.5579752922058105,0.0
3.9833333333333334,1129400.0,5.589230537414551,0.0
4.0,1129400.0,5.620299339294434,0.0
4.016666666666667,1129400.0,5.651200294494629,0.0
4.033333333333333,1129400.0,5.681918144226074,0.0
4.05,1129400.0,5.712459564208984,0.0
4.066666666666666,1129400.0,5.7428083419799805,0.0
4.083333333333333,1129400.0,5.7729997634887695,0.0
4.1,1129400.0,5.803005218505859,0.0
4.116666666666666,1129400.0,5.832826614379883,0.0
4.133333333333334,1129400.0,5.862460136413574,0.0
4.15,1129400.0,5.891899108886719,0.0
4.166666666666667,1129400.0,5.921191215515137,0.0
4.183333333333334,1129400.0,5.950282096862793,0.0
4.2,1129400.0,5.9792022705078125,0.0
4.216666666666667,1129400.0,6.007939338684082,0.0
4.233333333333333,1129400.0,6.036474227905273,0.0
4.25,1129400.0,6.064835071563721,0.0
4.266666666666667,1129400.0,6.092990398406982,0.0
4.283333333333333,1129400.0,6.120959281921387,0.0
4.3,1129400.0,6.1487627029418945,0.0
4.316666666666666,1129400.0,6.176383972167969,0.0
4.333333333333333,1129400.0,6.203802585601807,0.0
4.35,1129400.0,6.231054306030273,0.0
4.366666666666666,1129400.0,6.258114814758301,0.0
4.383333333333334,1129400.0,6.284987449645996,0.0
4.4,1129400.0,6.311681270599365,0.0
4.416666666666667,1129400.0,6.3381853103637695,0.0
4.433333333333334,1129400.0,6.364532470703125,0.0
4.45,1129400.0,6.3906707763671875,0.0
4.466666666666667,1129400.0,6.416641712188721,0.0
4.483333333333333,1129400.0,6.4424333572387695,0.0
4.5,1129400.0,6.4680280685424805,0.0
4.516666666666667,1129400.0,6.493454933166504,0.0
4.533333333333333,1129400.0,6.518671989440918,0.0
4.55,1129400.0,6.54377555847168,0.0
4.566666666666666,1129400.0,6.56867790222168,0.0
4.583333333333333,1129400.0,6.593378067016602,0.0
4.6,1129400.0,6.617913246154785,0.0
4.616666666666666,1129400.0,6.642280578613281,0.0
4.633333333333334,1129400.0,6.666465759277344,0.0
4.65,1129400.0,6.690467357635498,0.0
4.666666666666667,1129400.0,6.714302062988281,0.0
4.683333333333334,1129400.0,6.737964153289795,0.0
4.7,1129400.0,6.76145601272583,0.0
4.716666666666667,1129400.0,6.784724235534668,0.0
4.733333333333333,1129400.0,6.807906150817871,0.0
4.75,1129400.0,6.8308820724487305,0.0
4.766666666666667,1129400.0,6.853682041168213,0.0
4.783333333333333,1129400.0,6.8763017654418945,0.0
4.8,1129400.0,6.898780822753906,0.0
4.816666666666666,1129400.0,6.921064853668213,0.0
4.833333333333333,1129400.0,6.943212985992432,0.0
4.85,1129400.0,6.965166091918945,0.0
4.866666666666666,1129400.0,6.986966133117676,0.0
4.883333333333334,1129400.0,7.008605003356934,0.0
4.9,1129400.0,7.030092716217041,0.0
4.916666666666667,1129400.0,7.051379203796387,0.0
4.933333333333334,1129400.0,7.072545528411865,0.0
4.95,1129400.0,7.093535423278809,0.0
4.966666666666667,1129400.0,7.114361763000488,0.0
4.983333333333333,1129400.0,7.135014533996582,0.0
5.0,1129400.0,7.1555047035217285,0.0
5.016666666666667,1129400.0,7.175830841064453,0.0
5.033333333333333,1129400.0,7.196020603179932,0.0
5.05,1129400.0,7.216043472290039,0.0
5.066666666666666,1129400.0,7.235917568206787,0.0
5.083333333333333,1129400.0,7.255624771118164,0.0
5.1,1129400.0,7.275195121765137,0.0
5.116666666666666,1129400.0,7.294583320617676,0.0
5.133333333333334,1129400.0,7.313831329345703,0.0
5.15,1129400.0,7.332916259765625,0.0
5.166666666666667,1129400.0,7.351843357086182,0.0
5.183333333333334,1129400.0,7.370623588562012,0.0
5.2,1129400.0,7.389264106750488,0.0
5.216666666666667,1129400.0,7.407732009887695,0.0
5.233333333333333,1129400.0,7.426088809967041,0.0
5.25,1129400.0,7.444272518157959,0.0
5.266666666666667,1129400.0,7.462313175201416,0.0
5.283333333333333,1129400.0,7.480195999145508,0.0
5.3,1129400.0,7.497925281524658,0.0
5.316666666666666,1129400.0,7.5155439376831055,0.0
5.333333333333333,1129400.0,7.532966136932373,0.0
5.35,1129400.0,7.550283432006836,0.0
5.366666666666666,1129400.0,7.567451000213623,0.0
5.383333333333334,1129400.0,7.584461688995361,0.0
5.4,1129400.0,7.60135555267334,0.0
5.416666666666667,1129400.0,7.618079662322998,0.0
5.433333333333334,1129400.0,7.634681224822998,0.0
5.45,1129400.0,7.651121139526367,0.0
5.466666666666667,1129400.0,7.667465686798096,0.0
5.483333333333333,1129400.0,7.68366003036499,0.0
5.5,1129400.0,7.699697971343994,0.0
5.516666666666667,1129400.0,7.715635299682617,0.0
5.533333333333333,1129400.0,7.731409072875977,0.0
5.55,1129400.0,7.74708366394043,0.0
5.566666666666666,1129400.0,7.7625861167907715,0.0
5.583333333333333,1129400.0,7.778022766113281,0.0
5.6,1129400.0,7.793278694152832,0.0
5.616666666666666,1129400.0,7.8084001541137695,0.0
5.633333333333334,1129400.0,7.823403358459473,0.0
5.65,1129400.0,7.838309288024902,0.0
5.666666666666667,1129400.0,7.853063583374023,0.0
5.683333333333334,1129400.0,7.867710113525391,0.0
5.7,1129400.0,7.882223129272461,0.0
5.716666666666667,1129400.0,7.896615505218506,0.0
5.733333333333333,1129400.0,7.910900115966797,0.0
5.75,1129400.0,7.92504358291626,0.0
5.766666666666667,1129400.0,7.93906307220459,0.0
5.783333333333333,1129400.0,7.952964782714844,0.0
5.8,1129400.0,7.966719627380371,0.0
5.816666666666666,1129400.0,7.980353355407715,0.0
5.833333333333333,1129400.0,7.993837356567383,0.0
5.85,1129400.0,8.007220268249512,0.0
5.866666666666666,1129400.0,8.02054214477539,0.0
5.883333333333334,1129400.0,8.033758163452148,0.0
5.9,1129400.0,8.04685115814209,0.0
5.916666666666667,1129400.0,8.059825897216797,0.0
5.933333333333334,1129400.0,8.072681427001953,0.0
5.95,1129400.0,8.085411071777344,0.0
5.966666666666667,1129400.0,8.097982406616211,0.0
5.983333333333333,1129400.0,8.11043930053711,0.0
6.0,1129400.0,8.122817039489746,0.0
6.016666666666667,1129400.0,8.135147094726562,0.0
6.033333333333333,1129400.0,8.14733600616455,0.0
6.05,1129400.0,8.159379959106445,0.0
6.066666666666666,1129400.0,8.171308517456055,0.0
6.083333333333333,1129400.0,8.183159828186035,0.0
6.1,1129400.0,8.1948823928833,0.0
6.116666666666666,1129400.0,8.206491470336914,0.0
6.133333333333334,1129400.0,8.218095779418945,0.0
6.15,1129400.0,8.229547500610352,0.0
6.166666666666667,1129400.0,8.240829467773438,0.0
6.183333333333334,1129400.0,8.252111434936523,0.0
6.2,1129400.0,8.263235092163086,0.0
6.216666666666667,1129400.0,8.274194717407227,0.0
6.233333333333333,1129400.0,8.285065650939941,0.0
6.25,1129400.0,8.295853614807129,0.0
6.266666666666667,1129400.0,8.306565284729004,0.0
6.283333333333333,1129400.0,8.317230224609375,0.0
6.3,1129400.0,8.327794075012207,0.0
6.316666666666666,1129400.0,8.33827018737793,0.0
6.333333333333333,1129400.0,8.348621368408203,0.0
6.35,1129400.0,8.358903884887695,0.0
6.366666666666666,1129400.0,8.369059562683105,0.0
6.383333333333334,1129400.0,8.37908935546875,0.0
6.4,1129400.0,8.389066696166992,0.0
6.416666666666667,1129400.0,8.398904800415039,0.0
6.433333333333334,1129400.0,8.408653259277344,0.0
6.45,1129400.0,8.418323516845703,0.0
6.466666666666667,1129400.0,8.427993774414062,0.0
6.483333333333333,1129400.0,8.437521934509277,0.0
6.5,1129400.0,8.446962356567383,0.0
6.516666666666667,1129400.0,8.456310272216797,0.0
6.533333333333333,1129400.0,8.465587615966797,0.0
6.55,1129400.0,8.47472858428955,0.0
6.566666666666666,1129400.0,8.483818054199219,0.0
6.583333333333333,1129400.0,8.492843627929688,0.0
6.6,1129400.0,8.501816749572754,0.0
6.616666666666666,1129400.0,8.510652542114258,0.0
6.633333333333334,1129400.0,8.519376754760742,0.0
6.65,1129400.0,8.52807903289795,0.0
6.666666666666667,1129400.0,8.536646842956543,0.0
6.683333333333334,1129400.0,8.545196533203125,0.0
6.7,1129400.0,8.553619384765625,0.0
6.716666666666667,1129400.0,8.562000274658203,0.0
6.733333333333333,1129400.0,8.570229530334473,0.0
6.75,1129400.0,8.578409194946289,0.0
6.766666666666667,1129400.0,8.58651351928711,0.0
6.783333333333333,1129400.0,8.594589233398438,0.0
6.8,1129400.0,8.602598190307617,0.0
6.816666666666666,1129400.0,8.610480308532715,0.0
6.833333333333333,1129400.0,8.618276596069336,0.0
6.85,1129400.0,8.626063346862793,0.0
6.866666666666666,1129400.0,8.63382625579834,0.0
6.883333333333334,1129400.0,8.641561508178711,0.0
6.9,1129400.0,8.649124145507812,0.0
6.916666666666667,1129400.0,8.656608581542969,0.0
6.933333333333334,1129400.0,8.664033889770508,0.0
6.95,1129400.0,8.671398162841797,0.0
6.966666666666667,1129400.0,8.678621292114258,0.0
6.983333333333333,1129400.0,8.685733795166016,0.0
7.0,1129400.0,8.692825317382812,0.0
7.016666666666667,1129400.0,8.69984245300293,0.0
7.033333333333333,1129400.0,8.706805229187012,0.0
7.05,1129400.0,8.713753700256348,0.0
7.066666666666666,1129400.0,8.720588684082031,0.0
7.083333333333333,1129400.0,8.727380752563477,0.0
7.1,1129400.0,8.734149932861328,0.0
7.116666666666666,1129400.0,8.740791320800781,0.0
7.133333333333334,1129400.0,8.747347831726074,0.0
7.15,1129400.0,8.753841400146484,0.0
7.166666666666667,1129400.0,8.76034164428711,0.0
7.183333333333334,1129400.0,8.766788482666016,0.0
7.2,1129400.0,8.77309799194336,0.0
7.216666666666667,1129400.0,8.779365539550781,0.0
7.233333333333333,1129400.0,8.785528182983398,0.0
7.25,1129400.0,8.791688919067383,0.0
7.266666666666667,1129400.0,8.797826766967773,0.0
7.283333333333333,1129400.0,8.803951263427734,0.0
7.3,1129400.0,8.809976577758789,0.0
7.316666666666666,1129400.0,8.815938949584961,0.0
7.333333333333333,1129400.0,8.82181167602539,0.0
7.35,1129400.0,8.827638626098633,0.0
7.366666666666666,1129400.0,8.833440780639648,0.0
7.383333333333334,1129400.0,8.839193344116211,0.0
7.4,1129400.0,8.84486198425293,0.0
7.416666666666667,1129400.0,8.85047721862793,0.0
7.433333333333334,1129400.0,8.855998992919922,0.0
7.45,1129400.0,8.861477851867676,0.0
7.466666666666667,1129400.0,8.866835594177246,0.0
7.483333333333333,1129400.0,8.872178077697754,0.0
7.5,1129400.0,8.877501487731934,0.0
7.516666666666667,1129400.0,8.88274097442627,0.0
7.533333333333333,1129400.0,8.887920379638672,0.0
7.55,1129400.0,8.893077850341797,0.0
7.566666666666666,1129400.0,8.898235321044922,0.0
7.583333333333333,1129400.0,8.903284072875977,0.0
7.6,1129400.0,8.908312797546387,0.0
7.616666666666666,1129400.0,8.913223266601562,0.0
7.633333333333334,1129400.0,8.918081283569336,0.0
7.65,1129400.0,8.922916412353516,0.0
7.666666666666667,1129400.0,8.927751541137695,0.0
7.683333333333334,1129400.0,8.932494163513184,0.0
7.7,1129400.0,8.937169075012207,0.0
7.716666666666667,1129400.0,8.941804885864258,0.0
7.733333333333333,1129400.0,8.946364402770996,0.0
7.75,1129400.0,8.950910568237305,0.0
7.766666666666667,1129400.0,8.955423355102539,0.0
7.783333333333333,1129400.0,8.959936141967773,0.0
7.8,1129400.0,8.964340209960938,0.0
7.816666666666666,1129400.0,8.9686918258667,0.0
7.833333333333333,1129400.0,8.973002433776855,0.0
7.85,1129400.0,8.977231979370117,0.0
7.866666666666666,1129400.0,8.981441497802734,0.0
7.883333333333334,1129400.0,8.98564338684082,0.0
7.9,1129400.0,8.989835739135742,0.0
7.916666666666667,1129400.0,8.993989944458008,0.0
7.933333333333334,1129400.0,8.998029708862305,0.0
7.95,1129400.0,9.002058982849121,0.0
7.966666666666667,1129400.0,9.006088256835938,0.0
7.983333333333333,1129400.0,9.010099411010742,0.0
8.0,1129400.0,9.01401424407959,0.0
8.016666666666667,1129400.0,9.01791000366211,0.0
8.033333333333333,1129400.0,9.021791458129883,0.0
8.05,1129400.0,9.025663375854492,0.0
8.066666666666666,1129400.0,9.029524803161621,0.0
8.083333333333334,1129400.0,9.033239364624023,0.0
8.1,1129400.0,9.036946296691895,0.0
8.116666666666667,1129400.0,9.040644645690918,0.0
8.133333333333333,1129400.0,9.044239044189453,0.0
8.15,1129400.0,9.047811508178711,0.0
8.166666666666666,1129400.0,9.051361083984375,0.0
8.183333333333334,1129400.0,9.054906845092773,0.0
8.2,1129400.0,9.058414459228516,0.0
8.216666666666667,1129400.0,9.061829566955566,0.0
8.233333333333333,1129400.0,9.06522274017334,0.0
8.25,1129400.0,9.068607330322266,0.0
8.266666666666667,1129400.0,9.071950912475586,0.0
8.283333333333333,1129400.0,9.075206756591797,0.0
8.3,1129400.0,9.078451156616211,0.0
8.316666666666666,1129400.0,9.081705093383789,0.0
8.333333333333334,1129400.0,9.084941864013672,0.0
8.35,1129400.0,9.088165283203125,0.0
8.366666666666667,1129400.0,9.09131145477295,0.0
8.383333333333333,1129400.0,9.094378471374512,0.0
8.4,1129400.0,9.097440719604492,0.0
8.416666666666666,1129400.0,9.100483894348145,0.0
8.433333333333334,1129400.0,9.103504180908203,0.0
8.45,1129400.0,9.10645866394043,0.0
8.466666666666667,1129400.0,9.109384536743164,0.0
8.483333333333333,1129400.0,9.112314224243164,0.0
8.5,1129400.0,9.115227699279785,0.0
8.516666666666667,1129400.0,9.118127822875977,0.0
8.533333333333333,1129400.0,9.121028900146484,0.0
8.55,1129400.0,9.123844146728516,0.0
8.566666666666666,1129400.0,9.12658405303955,0.0
8.583333333333334,1129400.0,9.129318237304688,0.0
8.6,1129400.0,9.131996154785156,0.0
8.616666666666667,1129400.0,9.134644508361816,0.0
8.633333333333333,1129400.0,9.137273788452148,0.0
8.65,1129400.0,9.13987922668457,0.0
8.666666666666666,1129400.0,9.14248275756836,0.0
8.683333333333334,1129400.0,9.145073890686035,0.0
8.7,1129400.0,9.147666931152344,0.0
8.716666666666667,1129400.0,9.150245666503906,0.0
8.733333333333333,1129400.0,9.152791023254395,0.0
8.75,1129400.0,9.155220985412598,0.0
8.766666666666667,1129400.0,9.15764045715332,0.0
8.783333333333333,1129400.0,9.16005802154541,0.0
8.8,1129400.0,9.162469863891602,0.0
8.816666666666666,1129400.0,9.164802551269531,0.0
8.833333333333334,1129400.0,9.167102813720703,0.0
8.85,1129400.0,9.169389724731445,0.0
8.866666666666667,1129400.0,9.171669006347656,0.0
8.883333333333333,1129400.0,9.173944473266602,0.0
8.9,1129400.0,9.176202774047852,0.0
8.916666666666666,1129400.0,9.178459167480469,0.0
8.933333333333334,1129400.0,9.180654525756836,0.0
8.95,1129400.0,9.182777404785156,0.0
8.966666666666667,1129400.0,9.184894561767578,0.0
8.983333333333333,1129400.0,9.187005043029785,0.0
9.0,1129400.0,9.189065933227539,0.0
9.016666666666667,1129400.0,9.19112777709961,0.0
9.033333333333333,1129400.0,9.193181991577148,0.0
9.05,1129400.0,9.195195198059082,0.0
9.066666666666666,1129400.0,9.197202682495117,0.0
9.083333333333334,1129400.0,9.199199676513672,0.0
9.1,1129400.0,9.201205253601074,0.0
9.116666666666667,1129400.0,9.203197479248047,0.0
9.133333333333333,1129400.0,9.205179214477539,0.0
9.15,1129400.0,9.207165718078613,0.0
9.166666666666666,1129400.0,9.209138870239258,0.0
9.183333333333334,1129400.0,9.211114883422852,0.0
9.2,1129400.0,9.213052749633789,0.0
9.216666666666667,1129400.0,9.214986801147461,0.0
9.233333333333333,1129400.0,9.21689224243164,0.0
9.25,1129400.0,9.218703269958496,0.0
9.266666666666667,1129400.0,9.220483779907227,0.0
9.283333333333333,1129400.0,9.222243309020996,0.0
9.3,1129400.0,9.223987579345703,0.0
9.316666666666666,1129400.0,9.225728034973145,0.0
9.333333333333334,1129400.0,9.227466583251953,0.0
9.35,1129400.0,9.229141235351562,0.0
9.366666666666667,1129400.0,9.230815887451172,0.0
9.383333333333333,1129400.0,9.232471466064453,0.0
9.4,1129400.0,9.234127044677734,0.0
9.416666666666666,1129400.0,9.235766410827637,0.0
9.433333333333334,1129400.0,9.23740005493164,0.0
9.45,1129400.0,9.239021301269531,0.0
9.466666666666667,1129400.0,9.240633010864258,0.0
9.483333333333333,1129400.0,9.242244720458984,0.0
9.5,1129400.0,9.243772506713867,0.0
9.516666666666667,1129400.0,9.245266914367676,0.0
9.533333333333333,1129400.0,9.246737480163574,0.0
9.55,1129400.0,9.248199462890625,0.0
9.566666666666666,1129400.0,9.249662399291992,0.0
9.583333333333334,1129400.0,9.251123428344727,0.0
9.6,1129400.0,9.252577781677246,0.0
9.616666666666667,1129400.0,9.254020690917969,0.0
9.633333333333333,1129400.0,9.255393028259277,0.0
9.65,1129400.0,9.256746292114258,0.0
9.666666666666666,1129400.0,9.258092880249023,0.0
9.683333333333334,1129400.0,9.259434700012207,0.0
9.7,1129400.0,9.26077651977539,0.0
9.716666666666667,1129400.0,9.26210880279541,0.0
9.733333333333333,1129400.0,9.26343822479248,0.0
9.75,1129400.0,9.264768600463867,0.0
9.766666666666667,1129400.0,9.26609992980957,0.0
9.783333333333333,1129400.0,9.267427444458008,0.0
9.8,1129400.0,9.268745422363281,0.0
9.816666666666666,1129400.0,9.270055770874023,0.0
9.833333333333334,1129400.0,9.271352767944336,0.0
9.85,1129400.0,9.272642135620117,0.0
9.866666666666667,1129400.0,9.273931503295898,0.0
9.883333333333333,1129400.0,9.27518081665039,0.0
9.9,1129400.0,9.276310920715332,0.0
9.916666666666666,1129400.0,9.277440071105957,0.0
9.933333333333334,1129400.0,9.278548240661621,0.0
9.95,1129400.0,9.279623985290527,0.0
9.966666666666667,1129400.0,9.280678749084473,0.0
9.983333333333333,1129400.0,9.281719207763672,0.0
10.0,1129400.0,9.282754898071289,0.0
10.016666666666667,1129400.0,9.283792495727539,0.0
0.0,1219600.0,9.997027397155762,0.0
0.016666666666666666,1219600.0,9.485149383544922,0.0
0.03333333333333333,1219600.0,8.967988014221191,0.0
0.05,1219600.0,8.45030403137207,0.0
0.06666666666666667,1219600.0,7.942629337310791,0.0
0.08333333333333333,1219600.0,7.434120178222656,0.0
0.1,1219600.0,6.916842937469482,0.0
0.11666666666666667,1219600.0,6.418506622314453,0.0
0.13333333333333333,1219600.0,5.92143440246582,0.0
0.15,1219600.0,5.414125919342041,0.0
0.16666666666666666,1219600.0,4.928403854370117,0.0
0.18333333333333332,1219600.0,4.449888229370117,0.0
0.2,1219600.0,3.9576454162597656,0.0
0.21666666666666667,1219600.0,3.4890620708465576,0.0
0.23333333333333334,1219600.0,3.041499376296997,0.0
0.25,1219600.0,2.573441505432129,0.0
0.26666666666666666,1219600.0,2.133854627609253,0.0
0.2833333333333333,1219600.0,1.7226170301437378,0.0
0.3,1219600.0,1.3201515674591064,0.0
0.31666666666666665,1219600.0,0.9474276900291443,1.4218009478672986
0.3333333333333333,1219600.0,0.6329189538955688,5.687203791469194
0.35,1219600.0,0.37346383929252625,6.6350710900473935
0.36666666666666664,1219600.0,0.2144637107849121,6.161137440758294
0.38333333333333336,1219600.0,0.10574231296777725,4.739336492890995
0.4,1219600.0,0.06066017597913742,4.502369668246446
0.4166666666666667,1219600.0,0.05355523154139519,3.5545023696682465
0.43333333333333335,1219600.0,0.07918649166822433,1.8957345971563981
0.45,1219600.0,0.14800117909908295,1.4218009478672986
0.4666666666666667,1219600.0,0.2799648344516754,0.9478672985781991
0.48333333333333334,1219600.0,0.49684202671051025,0.23696682464454977
0.5,1219600.0,0.8118398785591125,0.23696682464454977
0.5166666666666667,1219600.0,1.2225369215011597,0.0
0.5333333333333333,1219600.0,1.6744122505187988,0.0
0.55,1219600.0,1.5339908599853516,0.0
0.5666666666666667,1219600.0,1.400368094444275,0.0
0.5833333333333334,1219600.0,1.2630321979522705,0.0
0.6,1219600.0,1.1418969631195068,0.0
0.6166666666666667,1219600.0,1.0361394882202148,0.0
0.6333333333333333,1219600.0,0.9447948336601257,1.4218009478672986
0.65,1219600.0,0.8640118837356567,3.3175355450236967
0.6666666666666666,1219600.0,0.7658340930938721,5.687203791469194
0.6833333333333333,1219600.0,0.6831027269363403,7.5829383886255926
0.7,1219600.0,0.6144057512283325,8.056872037914692
0.7166666666666667,1219600.0,0.5582764148712158,9.95260663507109
0.7333333333333333,1219600.0,0.5132654309272766,10.90047393364929
0.75,1219600.0,0.47800010442733765,12.322274881516588
0.7666666666666667,1219600.0,0.426785409450531,13.270142180094787
0.7833333333333333,1219600.0,0.3838821053504944,14.691943127962084
0.8,1219600.0,0.3506016135215759,16.587677725118482
0.8166666666666667,1219600.0,0.32557886838912964,17.535545023696685
0.8333333333333334,1219600.0,0.307636022567749,20.379146919431278
0.85,1219600.0,0.2916305661201477,21.80094786729858
0.8666666666666667,1219600.0,0.28072452545166016,24.170616113744074
0.8833333333333333,1219600.0,0.25055456161499023,27.014218009478675
0.9,1219600.0,0.2265826165676117,34.834123222748815
0.9166666666666666,1219600.0,0.2096938192844391,39.09952606635071
0.9333333333333333,1219600.0,0.1989109367132187,40.99526066350711
0.95,1219600.0,0.19344335794448853,42.65402843601896
0.9666666666666667,1219600.0,0.18697194755077362,44.312796208530806
0.9833333333333333,1219600.0,0.1669827699661255,45.7345971563981
1.0,1219600.0,0.14704018831253052,45.023696682464454
1.0166666666666666,1219600.0,0.1325983703136444,44.54976303317535
1.0333333333333334,1219600.0,0.12289445102214813,43.127962085308056
1.05,1219600.0,0.11245134472846985,42.89099526066351
1.0666666666666667,1219600.0,0.098081573843956,42.41706161137441
1.0833333333333333,1219600.0,0.07837119698524475,40.99526066350711
1.1,1219600.0,0.06064628064632416,39.57345971563981
1.1166666666666667,1219600.0,0.04620800167322159,37.91469194312796
1.1333333333333333,1219600.0,0.03434651717543602,37.44075829383886
1.15,1219600.0,0.027396447956562042,36.492890995260666
1.1666666666666667,1219600.0,0.023547338321805,36.492890995260666
1.1833333333333333,1219600.0,0.02177806757390499,34.834123222748815
1.2,1219600.0,0.021556725725531578,34.360189573459714
1.2166666666666666,1219600.0,0.02265719510614872,33.88625592417062
1.2333333333333334,1219600.0,0.025054294615983963,31.990521327014214
1.25,1219600.0,0.028864413499832153,30.80568720379147
1.2666666666666666,1219600.0,0.03431133180856705,30.80568720379147
1.2833333333333334,1219600.0,0.04170272499322891,29.383886255924168
1.3,1219600.0,0.05140973627567291,28.672985781990523
1.3166666666666667,1219600.0,0.06250199675559998,27.72511848341232
1.3333333333333333,1219600.0,0.07058244198560715,27.72511848341232
1.35,1219600.0,0.08102225512266159,26.303317535545023
1.3666666666666667,1219600.0,0.0942101776599884,26.066350710900476
1.3833333333333333,1219600.0,0.11051753163337708,25.59241706161137
1.4,1219600.0,0.13026200234889984,23.696682464454977
1.4166666666666667,1219600.0,0.15367139875888824,22.274881516587676
1.4333333333333333,1219600.0,0.18084903061389923,21.563981042654028
1.45,1219600.0,0.21174879372119904,21.09004739336493
1.4666666666666666,1219600.0,0.24616211652755737,20.14218009478673
1.4833333333333334,1219600.0,0.283721387386322,18.72037914691943
1.5,1219600.0,0.3239176869392395,18.009478672985782
1.5166666666666666,1219600.0,0.3661321699619293,18.009478672985782
1.5333333333333334,1219600.0,0.409674733877182,18.009478672985782
1.55,1219600.0,0.4538244605064392,17.061611374407583
1.5666666666666667,1219600.0,0.4978726804256439,15.402843601895736
1.5833333333333333,1219600.0,0.5411578416824341,13.033175355450238
1.6,1219600.0,0.5830878019332886,13.033175355450238
1.6166666666666667,1219600.0,0.6231714487075806,13.033175355450238
1.6333333333333333,1219600.0,0.661017119884491,13.033175355450238
1.65,1219600.0,0.6963462233543396,12.085308056872037
1.6666666666666667,1219600.0,0.7289870977401733,9.95260663507109
1.6833333333333333,1219600.0,0.7588723301887512,9.47867298578199
1.7,1219600.0,0.7860293388366699,8.530805687203792
1.7166666666666666,1219600.0,0.8079091310501099,8.056872037914692
1.7333333333333334,1219600.0,0.8249222040176392,7.109004739336493
1.75,1219600.0,0.8421911001205444,6.6350710900473935
1.7666666666666666,1219600.0,0.8598164916038513,6.161137440758294
1.7833333333333334,1219600.0,0.8778948187828064,5.213270142180095
1.8,1219600.0,0.8965157270431519,4.739336492890995
1.8166666666666667,1219600.0,0.9149610996246338,4.028436018957346
1.8333333333333333,1219600.0,0.9292356371879578,2.6066350710900474
1.85,1219600.0,0.9422674775123596,2.132701421800948
1.8666666666666667,1219600.0,0.9552590847015381,1.6587677725118484
1.8833333333333333,1219600.0,0.9684856534004211,0.7109004739336493
1.9,1219600.0,0.9822018146514893,0.23696682464454977
1.9166666666666667,1219600.0,0.9966343641281128,0.23696682464454977
1.9333333333333333,1219600.0,1.011981725692749,0.0
1.95,1219600.0,1.0284136533737183,0.0
1.9666666666666666,1219600.0,1.046072006225586,0.0
1.9833333333333334,1219600.0,1.0650725364685059,0.0
2.0,1219600.0,1.0855021476745605,0.0
2.0166666666666666,1219600.0,1.1074261665344238,0.0
2.033333333333333,1219600.0,1.1308870315551758,0.0
2.05,1219600.0,1.1559062004089355,0.0
2.066666666666667,1219600.0,1.1824865341186523,0.0
2.0833333333333335,1219600.0,1.2106118202209473,0.0
2.1,1219600.0,1.2402520179748535,0.0
2.1166666666666667,1219600.0,1.2713663578033447,0.0
2.1333333333333333,1219600.0,1.3038996458053589,0.0
2.15,1219600.0,1.3377882242202759,0.0
2.1666666666666665,1219600.0,1.3729603290557861,0.0
2.183333333333333,1219600.0,1.4093396663665771,0.0
2.2,1219600.0,1.4468390941619873,0.0
2.216666666666667,1219600.0,1.485374927520752,0.0
2.2333333333333334,1219600.0,1.524860143661499,0.0
2.25,1219600.0,1.5652003288269043,0.0
2.2666666666666666,1219600.0,1.6063021421432495,0.0
2.283333333333333,1219600.0,1.6480770111083984,0.0
2.3,1219600.0,1.6904335021972656,0.0
2.316666666666667,1219600.0,1.7332794666290283,0.0
2.3333333333333335,1219600.0,1.7765313386917114,0.0
2.35,1219600.0,1.820106029510498,0.0
2.3666666666666667,1219600.0,1.8639285564422607,0.0
2.3833333333333333,1219600.0,1.907930612564087,0.0
2.4,1219600.0,1.952038049697876,0.0
2.4166666666666665,1219600.0,1.996192216873169,0.0
2.433333333333333,1219600.0,2.040339946746826,0.0
2.45,1219600.0,2.0844223499298096,0.0
2.466666666666667,1219600.0,2.128408908843994,0.0
2.4833333333333334,1219600.0,2.1722450256347656,0.0
2.5,1219600.0,2.2159016132354736,0.0
2.5166666666666666,1219600.0,2.2593464851379395,0.0
2.533333333333333,1219600.0,2.302556037902832,0.0
2.55,1219600.0,2.3455123901367188,0.0
2.566666666666667,1219600.0,2.388207197189331,0.0
2.5833333333333335,1219600.0,2.4306302070617676,0.0
2.6,1219600.0,2.472778797149658,0.0
2.6166666666666667,1219600.0,2.514648914337158,0.0
2.6333333333333333,1219600.0,2.5562517642974854,0.0
2.65,1219600.0,2.5975892543792725,0.0
2.6666666666666665,1219600.0,2.638673782348633,0.0
2.683333333333333,1219600.0,2.6795217990875244,0.0
2.7,1219600.0,2.7201457023620605,0.0
2.716666666666667,1219600.0,2.7605628967285156,0.0
2.7333333333333334,1219600.0,2.8007867336273193,0.0
2.75,1219600.0,2.8408446311950684,0.0
2.7666666666666666,1219600.0,2.8807449340820312,0.0
2.783333333333333,1219600.0,2.9205212593078613,0.0
2.8,1219600.0,2.960177421569824,0.0
2.816666666666667,1219600.0,2.9997177124023438,0.0
2.8333333333333335,1219600.0,3.039205551147461,0.0
2.85,1219600.0,3.078611373901367,0.0
2.8666666666666667,1219600.0,3.1179442405700684,0.0
2.8833333333333333,1219600.0,3.1572601795196533,0.0
2.9,1219600.0,3.196544885635376,0.0
2.9166666666666665,1219600.0,3.235809564590454,0.0
2.933333333333333,1219600.0,3.2750511169433594,0.0
2.95,1219600.0,3.314281463623047,0.0
2.966666666666667,1219600.0,3.353506088256836,0.0
2.9833333333333334,1219600.0,3.3927242755889893,0.0
3.0,1219600.0,3.4319519996643066,0.0
3.0166666666666666,1219600.0,3.471182346343994,0.0
3.033333333333333,1219600.0,3.5104007720947266,0.0
3.05,1219600.0,3.549593925476074,0.0
3.066666666666667,1219600.0,3.588778495788574,0.0
3.0833333333333335,1219600.0,3.627945899963379,0.0
3.1,1219600.0,3.6670985221862793,0.0
3.1166666666666667,1219600.0,3.706221580505371,0.0
3.1333333333333333,1219600.0,3.745309352874756,0.0
3.15,1219600.0,3.784339189529419,0.0
3.1666666666666665,1219600.0,3.82332181930542,0.0
3.183333333333333,1219600.0,3.8622288703918457,0.0
3.2,1219600.0,3.901061773300171,0.0
3.216666666666667,1219600.0,3.939826011657715,0.0
3.2333333333333334,1219600.0,3.978506565093994,0.0
3.25,1219600.0,4.017065048217773,0.0
3.2666666666666666,1219600.0,4.055538177490234,0.0
3.283333333333333,1219600.0,4.093896865844727,0.0
3.3,1219600.0,4.132143497467041,0.0
3.316666666666667,1219600.0,4.170273780822754,0.0
3.3333333333333335,1219600.0,4.208261489868164,0.0
3.35,1219600.0,4.246083736419678,0.0
3.3666666666666667,1219600.0,4.28379487991333,0.0
3.3833333333333333,1219600.0,4.321339130401611,0.0
3.4,1219600.0,4.358733654022217,0.0
3.4166666666666665,1219600.0,4.395954132080078,0.0
3.433333333333333,1219600.0,4.433006286621094,0.0
3.45,1219600.0,4.469895839691162,0.0
3.466666666666667,1219600.0,4.506600379943848,0.0
3.4833333333333334,1219600.0,4.543128967285156,0.0
3.5,1219600.0,4.579471588134766,0.0
3.5166666666666666,1219600.0,4.615655899047852,0.0
3.533333333333333,1219600.0,4.651655197143555,0.0
3.55,1219600.0,4.687451362609863,0.0
3.566666666666667,1219600.0,4.723065376281738,0.0
3.5833333333333335,1219600.0,4.758507251739502,0.0
3.6,1219600.0,4.793760299682617,0.0
3.6166666666666667,1219600.0,4.828807830810547,0.0
3.6333333333333333,1219600.0,4.863687515258789,0.0
3.65,1219600.0,4.89840030670166,0.0
3.6666666666666665,1219600.0,4.932913780212402,0.0
3.683333333333333,1219600.0,4.967238903045654,0.0
3.7,1219600.0,5.001385688781738,0.0
3.716666666666667,1219600.0,5.035327434539795,0.0
3.7333333333333334,1219600.0,5.069110870361328,0.0
3.75,1219600.0,5.102718353271484,0.0
3.7666666666666666,1219600.0,5.136146545410156,0.0
3.783333333333333,1219600.0,5.169400215148926,0.0
3.8,1219600.0,5.202476501464844,0.0
3.816666666666667,1219600.0,5.23536491394043,0.0
3.8333333333333335,1219600.0,5.268085956573486,0.0
3.85,1219600.0,5.300634384155273,0.0
3.8666666666666667,1219600.0,5.33299446105957,0.0
3.8833333333333333,1219600.0,5.365185737609863,0.0
3.9,1219600.0,5.397189140319824,0.0
3.9166666666666665,1219600.0,5.42902946472168,0.0
3.933333333333333,1219600.0,5.4606733322143555,0.0
3.95,1219600.0,5.4921650886535645,0.0
3.966666666666667,1219600.0,5.523469924926758,0.0
3.9833333333333334,1219600.0,5.554589748382568,0.0
4.0,1219600.0,5.585537433624268,0.0
4.016666666666667,1219600.0,5.616311073303223,0.0
4.033333333333333,1219600.0,5.646911144256592,0.0
4.05,1219600.0,5.677309989929199,0.0
4.066666666666666,1219600.0,5.707561492919922,0.0
4.083333333333333,1219600.0,5.737603664398193,0.0
4.1,1219600.0,5.767489910125732,0.0
4.116666666666666,1219600.0,5.797187805175781,0.0
4.133333333333334,1219600.0,5.826710224151611,0.0
4.15,1219600.0,5.856046199798584,0.0
4.166666666666667,1219600.0,5.8852033615112305,0.0
4.183333333333334,1219600.0,5.9141740798950195,0.0
4.2,1219600.0,5.942956924438477,0.0
4.216666666666667,1219600.0,5.971572399139404,0.0
4.233333333333333,1219600.0,5.999960899353027,0.0
4.25,1219600.0,6.028242111206055,0.0
4.266666666666667,1219600.0,6.056302547454834,0.0
4.283333333333333,1219600.0,6.084186553955078,0.0
4.3,1219600.0,6.111893177032471,0.0
4.316666666666666,1219600.0,6.139388084411621,0.0
4.333333333333333,1219600.0,6.166715621948242,0.0
4.35,1219600.0,6.193840980529785,0.0
4.366666666666666,1219600.0,6.220786094665527,0.0
4.383333333333334,1219600.0,6.247565746307373,0.0
4.4,1219600.0,6.274149417877197,0.0
4.416666666666667,1219600.0,6.300567150115967,0.0
4.433333333333334,1219600.0,6.326780319213867,0.0
4.45,1219600.0,6.352832794189453,0.0
4.466666666666667,1219600.0,6.3786940574646,0.0
4.483333333333333,1219600.0,6.4044013023376465,0.0
4.5,1219600.0,6.429904937744141,0.0
4.516666666666667,1219600.0,6.455251693725586,0.0
4.533333333333333,1219600.0,6.480393409729004,0.0
4.55,1219600.0,6.505356311798096,0.0
4.566666666666666,1219600.0,6.5301513671875,0.0
4.583333333333333,1219600.0,6.5547590255737305,0.0
4.6,1219600.0,6.5792036056518555,0.0
4.616666666666666,1219600.0,6.603442668914795,0.0
4.633333333333334,1219600.0,6.627555847167969,0.0
4.65,1219600.0,6.6514716148376465,0.0
4.666666666666667,1219600.0,6.675239086151123,0.0
4.683333333333334,1219600.0,6.698799133300781,0.0
4.7,1219600.0,6.72221565246582,0.0
4.716666666666667,1219600.0,6.745427131652832,0.0
4.733333333333333,1219600.0,6.768477439880371,0.0
4.75,1219600.0,6.791362285614014,0.0
4.766666666666667,1219600.0,6.8140788078308105,0.0
4.783333333333333,1219600.0,6.836628437042236,0.0
4.8,1219600.0,6.858994960784912,0.0
4.816666666666666,1219600.0,6.8812150955200195,0.0
4.833333333333333,1219600.0,6.903253078460693,0.0
4.85,1219600.0,6.92514181137085,0.0
4.866666666666666,1219600.0,6.946843147277832,0.0
4.883333333333334,1219600.0,6.968395709991455,0.0
4.9,1219600.0,6.989768028259277,0.0
4.916666666666667,1219600.0,7.011016845703125,0.0
4.933333333333334,1219600.0,7.0320820808410645,0.0
4.95,1219600.0,7.052982330322266,0.0
4.966666666666667,1219600.0,7.073721885681152,0.0
4.983333333333333,1219600.0,7.094306468963623,0.0
5.0,1219600.0,7.1147074699401855,0.0
5.016666666666667,1219600.0,7.134998321533203,0.0
5.033333333333333,1219600.0,7.155112266540527,0.0
5.05,1219600.0,7.175052165985107,0.0
5.066666666666666,1219600.0,7.194853782653809,0.0
5.083333333333333,1219600.0,7.214473724365234,0.0
5.1,1219600.0,7.2339606285095215,0.0
5.116666666666666,1219600.0,7.253293037414551,0.0
5.133333333333334,1219600.0,7.272483825683594,0.0
5.15,1219600.0,7.2914958000183105,0.0
5.166666666666667,1219600.0,7.310364723205566,0.0
5.183333333333334,1219600.0,7.329080581665039,0.0
5.2,1219600.0,7.3476643562316895,0.0
5.216666666666667,1219600.0,7.36607551574707,0.0
5.233333333333333,1219600.0,7.384355068206787,0.0
5.25,1219600.0,7.402474403381348,0.0
5.266666666666667,1219600.0,7.420407772064209,0.0
5.283333333333333,1219600.0,7.438258171081543,0.0
5.3,1219600.0,7.4559326171875,0.0
5.316666666666666,1219600.0,7.473448753356934,0.0
5.333333333333333,1219600.0,7.490852355957031,0.0
5.35,1219600.0,7.50811767578125,0.0
5.366666666666666,1219600.0,7.5252299308776855,0.0
5.383333333333334,1219600.0,7.542184829711914,0.0
5.4,1219600.0,7.5590009689331055,0.0
5.416666666666667,1219600.0,7.575690746307373,0.0
5.433333333333334,1219600.0,7.592205047607422,0.0
5.45,1219600.0,7.608620643615723,0.0
5.466666666666667,1219600.0,7.624850273132324,0.0
5.483333333333333,1219600.0,7.640970230102539,0.0
5.5,1219600.0,7.656954288482666,0.0
5.516666666666667,1219600.0,7.672824859619141,0.0
5.533333333333333,1219600.0,7.68853759765625,0.0
5.55,1219600.0,7.704138278961182,0.0
5.566666666666666,1219600.0,7.719609260559082,0.0
5.583333333333333,1219600.0,7.734954833984375,0.0
5.6,1219600.0,7.750151634216309,0.0
5.616666666666666,1219600.0,7.7652411460876465,0.0
5.633333333333334,1219600.0,7.7801971435546875,0.0
5.65,1219600.0,7.7950310707092285,0.0
5.666666666666667,1219600.0,7.809720516204834,0.0
5.683333333333334,1219600.0,7.824302673339844,0.0
5.7,1219600.0,7.838789939880371,0.0
5.716666666666667,1219600.0,7.8531270027160645,0.0
5.733333333333333,1219600.0,7.867327690124512,0.0
5.75,1219600.0,7.881438732147217,0.0
5.766666666666667,1219600.0,7.8954010009765625,0.0
5.783333333333333,1219600.0,7.909244537353516,0.0
5.8,1219600.0,7.922952651977539,0.0
5.816666666666666,1219600.0,7.936559200286865,0.0
5.833333333333333,1219600.0,7.950089454650879,0.0
5.85,1219600.0,7.963451385498047,0.0
5.866666666666666,1219600.0,7.976714611053467,0.0
5.883333333333334,1219600.0,7.98982572555542,0.0
5.9,1219600.0,8.00284194946289,0.0
5.916666666666667,1219600.0,8.015735626220703,0.0
5.933333333333334,1219600.0,8.028484344482422,0.0
5.95,1219600.0,8.04119873046875,0.0
5.966666666666667,1219600.0,8.053792953491211,0.0
5.983333333333333,1219600.0,8.066314697265625,0.0
6.0,1219600.0,8.078680038452148,0.0
6.016666666666667,1219600.0,8.09092903137207,0.0
6.033333333333333,1219600.0,8.103033065795898,0.0
6.05,1219600.0,8.114959716796875,0.0
6.066666666666666,1219600.0,8.126886367797852,0.0
6.083333333333333,1219600.0,8.13863468170166,0.0
6.1,1219600.0,8.150309562683105,0.0
6.116666666666666,1219600.0,8.161913871765137,0.0
6.133333333333334,1219600.0,8.173398971557617,0.0
6.15,1219600.0,8.18478775024414,0.0
6.166666666666667,1219600.0,8.196069717407227,0.0
6.183333333333334,1219600.0,8.207305908203125,0.0
6.2,1219600.0,8.218368530273438,0.0
6.216666666666667,1219600.0,8.229328155517578,0.0
6.233333333333333,1219600.0,8.24023151397705,0.0
6.25,1219600.0,8.251014709472656,0.0
6.266666666666667,1219600.0,8.261695861816406,0.0
6.283333333333333,1219600.0,8.272333145141602,0.0
6.3,1219600.0,8.282841682434082,0.0
6.316666666666666,1219600.0,8.293220520019531,0.0
6.333333333333333,1219600.0,8.303520202636719,0.0
6.35,1219600.0,8.313684463500977,0.0
6.366666666666666,1219600.0,8.323823928833008,0.0
6.383333333333334,1219600.0,8.333837509155273,0.0
6.4,1219600.0,8.34382438659668,0.0
6.416666666666667,1219600.0,8.353655815124512,0.0
6.433333333333334,1219600.0,8.363452911376953,0.0
6.45,1219600.0,8.373123168945312,0.0
6.466666666666667,1219600.0,8.382745742797852,0.0
6.483333333333333,1219600.0,8.392224311828613,0.0
6.5,1219600.0,8.401641845703125,0.0
6.516666666666667,1219600.0,8.410966873168945,0.0
6.533333333333333,1219600.0,8.420100212097168,0.0
6.55,1219600.0,8.429191589355469,0.0
6.566666666666666,1219600.0,8.438234329223633,0.0
6.583333333333333,1219600.0,8.447259902954102,0.0
6.6,1219600.0,8.45617961883545,0.0
6.616666666666666,1219600.0,8.464959144592285,0.0
6.633333333333334,1219600.0,8.473702430725098,0.0
6.65,1219600.0,8.482405662536621,0.0
6.666666666666667,1219600.0,8.491003036499023,0.0
6.683333333333334,1219600.0,8.499483108520508,0.0
6.7,1219600.0,8.507905960083008,0.0
6.716666666666667,1219600.0,8.516286849975586,0.0
6.733333333333333,1219600.0,8.524511337280273,0.0
6.75,1219600.0,8.532630920410156,0.0
6.766666666666667,1219600.0,8.540689468383789,0.0
6.783333333333333,1219600.0,8.548728942871094,0.0
6.8,1219600.0,8.556641578674316,0.0
6.816666666666666,1219600.0,8.564525604248047,0.0
6.833333333333333,1219600.0,8.57231330871582,0.0
6.85,1219600.0,8.580072402954102,0.0
6.866666666666666,1219600.0,8.587769508361816,0.0
6.883333333333334,1219600.0,8.595349311828613,0.0
6.9,1219600.0,8.602853775024414,0.0
6.916666666666667,1219600.0,8.610322952270508,0.0
6.933333333333334,1219600.0,8.61773681640625,0.0
6.95,1219600.0,8.625022888183594,0.0
6.966666666666667,1219600.0,8.63227367401123,0.0
6.983333333333333,1219600.0,8.639419555664062,0.0
7.0,1219600.0,8.646549224853516,0.0
7.016666666666667,1219600.0,8.653640747070312,0.0
7.033333333333333,1219600.0,8.66062068939209,0.0
7.05,1219600.0,8.667472839355469,0.0
7.066666666666666,1219600.0,8.674301147460938,0.0
7.083333333333333,1219600.0,8.681085586547852,0.0
7.1,1219600.0,8.687854766845703,0.0
7.116666666666666,1219600.0,8.694506645202637,0.0
7.133333333333334,1219600.0,8.7010498046875,0.0
7.15,1219600.0,8.707496643066406,0.0
7.166666666666667,1219600.0,8.713906288146973,0.0
7.183333333333334,1219600.0,8.720220565795898,0.0
7.2,1219600.0,8.726537704467773,0.0
7.216666666666667,1219600.0,8.732816696166992,0.0
7.233333333333333,1219600.0,8.739017486572266,0.0
7.25,1219600.0,8.745182037353516,0.0
7.266666666666667,1219600.0,8.751306533813477,0.0
7.283333333333333,1219600.0,8.757365226745605,0.0
7.3,1219600.0,8.763310432434082,0.0
7.316666666666666,1219600.0,8.769232749938965,0.0
7.333333333333333,1219600.0,8.775091171264648,0.0
7.35,1219600.0,8.780941009521484,0.0
7.366666666666666,1219600.0,8.78675365447998,0.0
7.383333333333334,1219600.0,8.792491912841797,0.0
7.4,1219600.0,8.798070907592773,0.0
7.416666666666667,1219600.0,8.803590774536133,0.0
7.433333333333334,1219600.0,8.809070587158203,0.0
7.45,1219600.0,8.814550399780273,0.0
7.466666666666667,1219600.0,8.819899559020996,0.0
7.483333333333333,1219600.0,8.825201034545898,0.0
7.5,1219600.0,8.830435752868652,0.0
7.516666666666667,1219600.0,8.83563232421875,0.0
7.533333333333333,1219600.0,8.84080696105957,0.0
7.55,1219600.0,8.84597396850586,0.0
7.566666666666666,1219600.0,8.851094245910645,0.0
7.583333333333333,1219600.0,8.856083869934082,0.0
7.6,1219600.0,8.861013412475586,0.0
7.616666666666666,1219600.0,8.865894317626953,0.0
7.633333333333334,1219600.0,8.870737075805664,0.0
7.65,1219600.0,8.875572204589844,0.0
7.666666666666667,1219600.0,8.880407333374023,0.0
7.683333333333334,1219600.0,8.885148048400879,0.0
7.7,1219600.0,8.889780044555664,0.0
7.716666666666667,1219600.0,8.894350051879883,0.0
7.733333333333333,1219600.0,8.898904800415039,0.0
7.75,1219600.0,8.903423309326172,0.0
7.766666666666667,1219600.0,8.907936096191406,0.0
7.783333333333333,1219600.0,8.91244888305664,0.0
7.8,1219600.0,8.916850090026855,0.0
7.816666666666666,1219600.0,8.921207427978516,0.0
7.833333333333333,1219600.0,8.925545692443848,0.0
7.85,1219600.0,8.929765701293945,0.0
7.866666666666666,1219600.0,8.933979034423828,0.0
7.883333333333334,1219600.0,8.93817138671875,0.0
7.9,1219600.0,8.942361831665039,0.0
7.916666666666667,1219600.0,8.946479797363281,0.0
7.933333333333334,1219600.0,8.950518608093262,0.0
7.95,1219600.0,8.954547882080078,0.0
7.966666666666667,1219600.0,8.958502769470215,0.0
7.983333333333333,1219600.0,8.962423324584961,0.0
8.0,1219600.0,8.966327667236328,0.0
8.016666666666667,1219600.0,8.970230102539062,0.0
8.033333333333333,1219600.0,8.974111557006836,0.0
8.05,1219600.0,8.97797966003418,0.0
8.066666666666666,1219600.0,8.981842994689941,0.0
8.083333333333334,1219600.0,8.985565185546875,0.0
8.1,1219600.0,8.989208221435547,0.0
8.116666666666667,1219600.0,8.992796897888184,0.0
8.133333333333333,1219600.0,8.996368408203125,0.0
8.15,1219600.0,8.999940872192383,0.0
8.166666666666666,1219600.0,9.003501892089844,0.0
8.183333333333334,1219600.0,9.00705337524414,0.0
8.2,1219600.0,9.010599136352539,0.0
8.216666666666667,1219600.0,9.014004707336426,0.0
8.233333333333333,1219600.0,9.017389297485352,0.0
8.25,1219600.0,9.020773887634277,0.0
8.266666666666667,1219600.0,9.024127960205078,0.0
8.283333333333333,1219600.0,9.027395248413086,0.0
8.3,1219600.0,9.03065013885498,0.0
8.316666666666666,1219600.0,9.033878326416016,0.0
8.333333333333334,1219600.0,9.037101745605469,0.0
8.35,1219600.0,9.040268898010254,0.0
8.366666666666667,1219600.0,9.043380737304688,0.0
8.383333333333333,1219600.0,9.04647159576416,0.0
8.4,1219600.0,9.04953384399414,0.0
8.416666666666666,1219600.0,9.052596092224121,0.0
8.433333333333334,1219600.0,9.055585861206055,0.0
8.45,1219600.0,9.05854606628418,0.0
8.466666666666667,1219600.0,9.061485290527344,0.0
8.483333333333333,1219600.0,9.064406394958496,0.0
8.5,1219600.0,9.067307472229004,0.0
8.516666666666667,1219600.0,9.070208549499512,0.0
8.533333333333333,1219600.0,9.072983741760254,0.0
8.55,1219600.0,9.075728416442871,0.0
8.566666666666666,1219600.0,9.078474044799805,0.0
8.583333333333334,1219600.0,9.081216812133789,0.0
8.6,1219600.0,9.083956718444824,0.0
8.616666666666667,1219600.0,9.08664608001709,0.0
8.633333333333333,1219600.0,9.089271545410156,0.0
8.65,1219600.0,9.091876983642578,0.0
8.666666666666666,1219600.0,9.094480514526367,0.0
8.683333333333334,1219600.0,9.097068786621094,0.0
8.7,1219600.0,9.099647521972656,0.0
8.716666666666667,1219600.0,9.102226257324219,0.0
8.733333333333333,1219600.0,9.10472297668457,0.0
8.75,1219600.0,9.107157707214355,0.0
8.766666666666667,1219600.0,9.109577178955078,0.0
8.783333333333333,1219600.0,9.111992835998535,0.0
8.8,1219600.0,9.114343643188477,0.0
8.816666666666666,1219600.0,9.116656303405762,0.0
8.833333333333334,1219600.0,9.118963241577148,0.0
8.85,1219600.0,9.121246337890625,0.0
8.866666666666667,1219600.0,9.123529434204102,0.0
8.883333333333333,1219600.0,9.125804901123047,0.0
8.9,1219600.0,9.128061294555664,0.0
8.916666666666666,1219600.0,9.130317687988281,0.0
8.933333333333334,1219600.0,9.132529258728027,0.0
8.95,1219600.0,9.134634971618652,0.0
8.966666666666667,1219600.0,9.136730194091797,0.0
8.983333333333333,1219600.0,9.138825416564941,0.0
9.0,1219600.0,9.140918731689453,0.0
9.016666666666667,1219600.0,9.142951965332031,0.0
9.033333333333333,1219600.0,9.144964218139648,0.0
9.05,1219600.0,9.14696979522705,0.0
9.066666666666666,1219600.0,9.148984909057617,0.0
9.083333333333334,1219600.0,9.150985717773438,0.0
9.1,1219600.0,9.152987480163574,0.0
9.116666666666667,1219600.0,9.154983520507812,0.0
9.133333333333333,1219600.0,9.156974792480469,0.0
9.15,1219600.0,9.158947944641113,0.0
9.166666666666666,1219600.0,9.160911560058594,0.0
9.183333333333334,1219600.0,9.162866592407227,0.0
9.2,1219600.0,9.164809226989746,0.0
9.216666666666667,1219600.0,9.166742324829102,0.0
9.233333333333333,1219600.0,9.168655395507812,0.0
9.25,1219600.0,9.1704683303833,0.0
9.266666666666667,1219600.0,9.17224407196045,0.0
9.283333333333333,1219600.0,9.173995971679688,0.0
9.3,1219600.0,9.175736427307129,0.0
9.316666666666666,1219600.0,9.177477836608887,0.0
9.333333333333334,1219600.0,9.179161071777344,0.0
9.35,1219600.0,9.180828094482422,0.0
9.366666666666667,1219600.0,9.182489395141602,0.0
9.383333333333333,1219600.0,9.184146881103516,0.0
9.4,1219600.0,9.185795783996582,0.0
9.416666666666666,1219600.0,9.187431335449219,0.0
9.433333333333334,1219600.0,9.189064025878906,0.0
9.45,1219600.0,9.190679550170898,0.0
9.466666666666667,1219600.0,9.192291259765625,0.0
9.483333333333333,1219600.0,9.193897247314453,0.0
9.5,1219600.0,9.195406913757324,0.0
9.516666666666667,1219600.0,9.19687271118164,0.0
9.533333333333333,1219600.0,9.198335647583008,0.0
9.55,1219600.0,9.199799537658691,0.0
9.566666666666666,1219600.0,9.20125675201416,0.0
9.583333333333334,1219600.0,9.202705383300781,0.0
9.6,1219600.0,9.204120635986328,0.0
9.616666666666667,1219600.0,9.205503463745117,0.0
9.633333333333333,1219600.0,9.206867218017578,0.0
9.65,1219600.0,9.208220481872559,0.0
9.666666666666666,1219600.0,9.209562301635742,0.0
9.683333333333334,1219600.0,9.210898399353027,0.0
9.7,1219600.0,9.212240219116211,0.0
9.716666666666667,1219600.0,9.21358871459961,0.0
9.733333333333333,1219600.0,9.214937210083008,0.0
9.75,1219600.0,9.216278076171875,0.0
9.766666666666667,1219600.0,9.217615127563477,0.0
9.783333333333333,1219600.0,9.218950271606445,0.0
9.8,1219600.0,9.220273971557617,0.0
9.816666666666666,1219600.0,9.221595764160156,0.0
9.833333333333334,1219600.0,9.222906112670898,0.0
9.85,1219600.0,9.22419548034668,0.0
9.866666666666667,1219600.0,9.225484848022461,0.0
9.883333333333333,1219600.0,9.22669792175293,0.0
9.9,1219600.0,9.227834701538086,0.0
9.916666666666666,1219600.0,9.228955268859863,0.0
9.933333333333334,1219600.0,9.230062484741211,0.0
9.95,1219600.0,9.23116683959961,0.0
9.966666666666667,1219600.0,9.232202529907227,0.0
9.983333333333333,1219600.0,9.233235359191895,0.0
10.0,1219600.0,9.234270095825195,0.0
10.016666666666667,1219600.0,9.235296249389648,0.0
0.0,1309800.0,9.997027397155762,0.0
0.016666666666666666,1309800.0,9.485145568847656,0.0
0.03333333333333333,1309800.0,8.967972755432129,0.0
0.05,1309800.0,8.450258255004883,0.0
0.06666666666666667,1309800.0,7.9425435066223145,0.0
0.08333333333333333,1309800.0,7.433986663818359,0.0
0.1,1309800.0,6.916654109954834,0.0
0.11666666666666667,1309800.0,6.418254852294922,0.0
0.13333333333333333,1309800.0,5.921106338500977,0.0
0.15,1309800.0,5.4137187004089355,0.0
0.16666666666666666,1309800.0,4.927911281585693,0.0
0.18333333333333332,1309800.0,4.4492926597595215,0.0
0.2,1309800.0,3.9569506645202637,0.0
0.21666666666666667,1309800.0,3.488264560699463,0.0
0.23333333333333334,1309800.0,3.0405941009521484,0.0
0.25,1309800.0,2.572420835494995,0.0
0.26666666666666666,1309800.0,2.132734775543213,0.0
0.2833333333333333,1309800.0,1.7214102745056152,0.0
0.3,1309800.0,1.3188743591308594,0.0
0.31666666666666665,1309800.0,0.9461457133293152,1.4218009478672986
0.3333333333333333,1309800.0,0.6317098140716553,5.687203791469194
0.35,1309800.0,0.372416615486145,6.6350710900473935
0.36666666666666664,1309800.0,0.2137012779712677,6.161137440758294
0.38333333333333336,1309800.0,0.10523074120283127,4.739336492890995
0.4,1309800.0,0.06027521938085556,4.502369668246446
0.4166666666666667,1309800.0,0.053167931735515594,3.5545023696682465
0.43333333333333335,1309800.0,0.07867643237113953,1.8957345971563981
0.45,1309800.0,0.1472378671169281,1.4218009478672986
0.4666666666666667,1309800.0,0.2788054347038269,0.9478672985781991
0.48333333333333334,1309800.0,0.49516209959983826,0.23696682464454977
0.5,1309800.0,0.8095734119415283,0.23696682464454977
0.5166666666666667,1309800.0,1.2196873426437378,0.0
0.5333333333333333,1309800.0,1.6720755100250244,0.0
0.55,1309800.0,1.531571388244629,0.0
0.5666666666666667,1309800.0,1.3978221416473389,0.0
0.5833333333333334,1309800.0,1.2604305744171143,0.0
0.6,1309800.0,1.1392488479614258,0.0
0.6166666666666667,1309800.0,1.0334527492523193,0.0
0.6333333333333333,1309800.0,0.9420757293701172,1.4218009478672986
0.65,1309800.0,0.8612593412399292,3.3175355450236967
0.6666666666666666,1309800.0,0.7630974650382996,5.687203791469194
0.6833333333333333,1309800.0,0.6803902387619019,7.5829383886255926
0.7,1309800.0,0.6117225885391235,8.056872037914692
0.7166666666666667,1309800.0,0.5556222200393677,9.95260663507109
0.7333333333333333,1309800.0,0.5106367468833923,10.90047393364929
0.75,1309800.0,0.47538912296295166,12.322274881516588
0.7666666666666667,1309800.0,0.42426377534866333,13.744075829383887
0.7833333333333333,1309800.0,0.3814381957054138,14.691943127962084
0.8,1309800.0,0.3482206463813782,16.587677725118482
0.8166666666666667,1309800.0,0.3232434391975403,17.535545023696685
0.8333333333333334,1309800.0,0.30532559752464294,20.379146919431278
0.85,1309800.0,0.289268434047699,21.80094786729858
0.8666666666666667,1309800.0,0.27835631370544434,24.170616113744074
0.8833333333333333,1309800.0,0.24834324419498444,27.014218009478675
0.9,1309800.0,0.22444933652877808,34.834123222748815
0.9166666666666666,1309800.0,0.20760980248451233,39.57345971563981
0.9333333333333333,1309800.0,0.19684582948684692,40.99526066350711
0.95,1309800.0,0.1913667470216751,42.65402843601896
0.9666666666666667,1309800.0,0.18505539000034332,44.312796208530806
0.9833333333333333,1309800.0,0.16516640782356262,45.7345971563981
1.0,1309800.0,0.14522357285022736,45.023696682464454
1.0166666666666666,1309800.0,0.13086599111557007,44.54976303317535
1.0333333333333334,1309800.0,0.12118451297283173,43.127962085308056
1.05,1309800.0,0.11081495881080627,42.89099526066351
1.0666666666666667,1309800.0,0.09671591222286224,42.41706161137441
1.0833333333333333,1309800.0,0.07716383039951324,40.99526066350711
1.1,1309800.0,0.05962974950671196,39.57345971563981
1.1166666666666667,1309800.0,0.045412831008434296,38.388625592417064
1.1333333333333333,1309800.0,0.03372764587402344,37.91469194312796
1.15,1309800.0,0.026884932070970535,36.492890995260666
1.1666666666666667,1309800.0,0.02309425361454487,36.492890995260666
1.1833333333333333,1309800.0,0.02134750410914421,34.834123222748815
1.2,1309800.0,0.021119918674230576,34.360189573459714
1.2166666666666666,1309800.0,0.022188492119312286,33.88625592417062
1.2333333333333334,1309800.0,0.024528156965970993,32.46445497630332
1.25,1309800.0,0.028253454715013504,30.80568720379147
1.2666666666666666,1309800.0,0.03358487784862518,30.80568720379147
1.2833333333333334,1309800.0,0.040825821459293365,29.383886255924168
1.3,1309800.0,0.05034276098012924,28.672985781990523
1.3166666666666667,1309800.0,0.06173907220363617,28.199052132701425
1.3333333333333333,1309800.0,0.06964493542909622,27.72511848341232
1.35,1309800.0,0.07986775040626526,27.251184834123222
1.3666666666666667,1309800.0,0.09279187023639679,26.066350710900476
1.3833333333333333,1309800.0,0.1087859570980072,25.59241706161137
1.4,1309800.0,0.12816676497459412,25.118483412322274
1.4166666666666667,1309800.0,0.15116363763809204,22.748815165876778
1.4333333333333333,1309800.0,0.17788417637348175,22.03791469194313
1.45,1309800.0,0.2082890272140503,21.09004739336493
1.4666666666666666,1309800.0,0.24217857420444489,20.61611374407583
1.4833333333333334,1309800.0,0.279195100069046,19.66824644549763
1.5,1309800.0,0.31884047389030457,18.48341232227488
1.5166666666666666,1309800.0,0.36050593852996826,18.009478672985782
1.5333333333333334,1309800.0,0.4035108685493469,18.009478672985782
1.55,1309800.0,0.44714128971099854,18.009478672985782
1.5666666666666667,1309800.0,0.4906940460205078,15.402843601895736
1.5833333333333333,1309800.0,0.5335131287574768,15.402843601895736
1.6,1309800.0,0.5750089883804321,13.033175355450238
1.6166666666666667,1309800.0,0.6146886348724365,13.033175355450238
1.6333333333333333,1309800.0,0.6521633863449097,13.033175355450238
1.65,1309800.0,0.6871533393859863,12.559241706161137
1.6666666666666667,1309800.0,0.7194851636886597,11.374407582938389
1.6833333333333333,1309800.0,0.749089777469635,9.47867298578199
1.7,1309800.0,0.7759934067726135,9.47867298578199
1.7166666666666666,1309800.0,0.7985094785690308,8.056872037914692
1.7333333333333334,1309800.0,0.8153603076934814,7.5829383886255926
1.75,1309800.0,0.8324675559997559,6.6350710900473935
1.7666666666666666,1309800.0,0.8499307632446289,6.161137440758294
1.7833333333333334,1309800.0,0.8678460717201233,5.213270142180095
1.8,1309800.0,0.886182427406311,5.213270142180095
1.8166666666666667,1309800.0,0.9043706059455872,4.739336492890995
1.8333333333333333,1309800.0,0.9178114533424377,2.6066350710900474
1.85,1309800.0,0.9307155609130859,2.132701421800948
1.8666666666666667,1309800.0,0.9435786604881287,1.6587677725118484
1.8833333333333333,1309800.0,0.9566774368286133,1.6587677725118484
1.9,1309800.0,0.9702651500701904,0.23696682464454977
1.9166666666666667,1309800.0,0.9845662117004395,0.23696682464454977
1.9333333333333333,1309800.0,0.9997780919075012,0.23696682464454977
1.95,1309800.0,1.0160706043243408,0.0
1.9666666666666666,1309800.0,1.033584475517273,0.0
1.9833333333333334,1309800.0,1.0524332523345947,0.0
2.0,1309800.0,1.0727055072784424,0.0
2.0166666666666666,1309800.0,1.0944652557373047,0.0
2.033333333333333,1309800.0,1.1177544593811035,0.0
2.05,1309800.0,1.1425949335098267,0.0
2.066666666666667,1309800.0,1.1689894199371338,0.0
2.0833333333333335,1309800.0,1.196923017501831,0.0
2.1,1309800.0,1.2263662815093994,0.0
2.1166666666666667,1309800.0,1.2572784423828125,0.0
2.1333333333333333,1309800.0,1.2896044254302979,0.0
2.15,1309800.0,1.3232817649841309,0.0
2.1666666666666665,1309800.0,1.358237385749817,0.0
2.183333333333333,1309800.0,1.3943942785263062,0.0
2.2,1309800.0,1.431672215461731,0.0
2.216666666666667,1309800.0,1.4699811935424805,0.0
2.2333333333333334,1309800.0,1.509232521057129,0.0
2.25,1309800.0,1.5493402481079102,0.0
2.2666666666666666,1309800.0,1.5902080535888672,0.0
2.283333333333333,1309800.0,1.6317481994628906,0.0
2.3,1309800.0,1.6738684177398682,0.0
2.316666666666667,1309800.0,1.7164814472198486,0.0
2.3333333333333335,1309800.0,1.7595036029815674,0.0
2.35,1309800.0,1.802849292755127,0.0
2.3666666666666667,1309800.0,1.8464418649673462,0.0
2.3833333333333333,1309800.0,1.8902058601379395,0.0
2.4,1309800.0,1.934073805809021,0.0
2.4166666666666665,1309800.0,1.9779977798461914,0.0
2.433333333333333,1309800.0,2.0219192504882812,0.0
2.45,1309800.0,2.0657668113708496,0.0
2.466666666666667,1309800.0,2.1095237731933594,0.0
2.4833333333333334,1309800.0,2.1531336307525635,0.0
2.5,1309800.0,2.1965713500976562,0.0
2.5166666666666666,1309800.0,2.239795207977295,0.0
2.533333333333333,1309800.0,2.282785415649414,0.0
2.55,1309800.0,2.325526714324951,0.0
2.566666666666667,1309800.0,2.368013858795166,0.0
2.5833333333333335,1309800.0,2.4102227687835693,0.0
2.6,1309800.0,2.452162742614746,0.0
2.6166666666666667,1309800.0,2.493828535079956,0.0
2.6333333333333333,1309800.0,2.5352253913879395,0.0
2.65,1309800.0,2.5763602256774902,0.0
2.6666666666666665,1309800.0,2.617246150970459,0.0
2.683333333333333,1309800.0,2.6578922271728516,0.0
2.7,1309800.0,2.698312282562256,0.0
2.716666666666667,1309800.0,2.7385332584381104,0.0
2.7333333333333334,1309800.0,2.778557538986206,0.0
2.75,1309800.0,2.81842303276062,0.0
2.7666666666666666,1309800.0,2.8581137657165527,0.0
2.783333333333333,1309800.0,2.8976969718933105,0.0
2.8,1309800.0,2.9371635913848877,0.0
2.816666666666667,1309800.0,2.9765238761901855,0.0
2.8333333333333335,1309800.0,3.015798568725586,0.0
2.85,1309800.0,3.055009603500366,0.0
2.8666666666666667,1309800.0,3.094177007675171,0.0
2.8833333333333333,1309800.0,3.133315086364746,0.0
2.9,1309800.0,3.172395944595337,0.0
2.9166666666666665,1309800.0,3.211463212966919,0.0
2.933333333333333,1309800.0,3.2505152225494385,0.0
2.95,1309800.0,3.2895638942718506,0.0
2.966666666666667,1309800.0,3.3286054134368896,0.0
2.9833333333333334,1309800.0,3.3676490783691406,0.0
3.0,1309800.0,3.4066812992095947,0.0
3.0166666666666666,1309800.0,3.445723533630371,0.0
3.033333333333333,1309800.0,3.4847445487976074,0.0
3.05,1309800.0,3.52376127243042,0.0
3.066666666666667,1309800.0,3.562777280807495,0.0
3.0833333333333335,1309800.0,3.601780414581299,0.0
3.1,1309800.0,3.640739679336548,0.0
3.1166666666666667,1309800.0,3.6796674728393555,0.0
3.1333333333333333,1309800.0,3.718571186065674,0.0
3.15,1309800.0,3.7574172019958496,0.0
3.1666666666666665,1309800.0,3.7962167263031006,0.0
3.183333333333333,1309800.0,3.834949016571045,0.0
3.2,1309800.0,3.873627185821533,0.0
3.216666666666667,1309800.0,3.912214756011963,0.0
3.2333333333333334,1309800.0,3.9507229328155518,0.0
3.25,1309800.0,3.9891257286071777,0.0
3.2666666666666666,1309800.0,4.027425765991211,0.0
3.283333333333333,1309800.0,4.065617084503174,0.0
3.3,1309800.0,4.103658676147461,0.0
3.316666666666667,1309800.0,4.141618728637695,0.0
3.3333333333333335,1309800.0,4.179446697235107,0.0
3.35,1309800.0,4.217142105102539,0.0
3.3666666666666667,1309800.0,4.254664421081543,0.0
3.3833333333333333,1309800.0,4.292036056518555,0.0
3.4,1309800.0,4.329269886016846,0.0
3.4166666666666665,1309800.0,4.3663434982299805,0.0
3.433333333333333,1309800.0,4.403228282928467,0.0
3.45,1309800.0,4.439957141876221,0.0
3.466666666666667,1309800.0,4.476512908935547,0.0
3.4833333333333334,1309800.0,4.512877464294434,0.0
3.5,1309800.0,4.549074172973633,0.0
3.5166666666666666,1309800.0,4.585081100463867,0.0
3.533333333333333,1309800.0,4.62092924118042,0.0
3.55,1309800.0,4.656588554382324,0.0
3.566666666666667,1309800.0,4.692044734954834,0.0
3.5833333333333335,1309800.0,4.727315425872803,0.0
3.6,1309800.0,4.7624101638793945,0.0
3.6166666666666667,1309800.0,4.797313213348389,0.0
3.6333333333333333,1309800.0,4.832056045532227,0.0
3.65,1309800.0,4.866604804992676,0.0
3.6666666666666665,1309800.0,4.9009690284729,0.0
3.683333333333333,1309800.0,4.935156345367432,0.0
3.7,1309800.0,4.969147682189941,0.0
3.716666666666667,1309800.0,5.002961158752441,0.0
3.7333333333333334,1309800.0,5.03659725189209,0.0
3.75,1309800.0,5.070043563842773,0.0
3.7666666666666666,1309800.0,5.103331565856934,0.0
3.783333333333333,1309800.0,5.136436462402344,0.0
3.8,1309800.0,5.169371604919434,0.0
3.816666666666667,1309800.0,5.202125549316406,0.0
3.8333333333333335,1309800.0,5.234689712524414,0.0
3.85,1309800.0,5.267096996307373,0.0
3.8666666666666667,1309800.0,5.299336910247803,0.0
3.8833333333333333,1309800.0,5.331389904022217,0.0
3.9,1309800.0,5.36328125,0.0
3.9166666666666665,1309800.0,5.394965171813965,0.0
3.933333333333333,1309800.0,5.426485061645508,0.0
3.95,1309800.0,5.457826614379883,0.0
3.966666666666667,1309800.0,5.489012718200684,0.0
3.9833333333333334,1309800.0,5.520005702972412,0.0
4.0,1309800.0,5.550848484039307,0.0
4.016666666666667,1309800.0,5.5814924240112305,0.0
4.033333333333333,1309800.0,5.611960411071777,0.0
4.05,1309800.0,5.642247200012207,0.0
4.066666666666666,1309800.0,5.672354221343994,0.0
4.083333333333333,1309800.0,5.7022857666015625,0.0
4.1,1309800.0,5.732024192810059,0.0
4.116666666666666,1309800.0,5.761616230010986,0.0
4.133333333333334,1309800.0,5.790998458862305,0.0
4.15,1309800.0,5.820228099822998,0.0
4.166666666666667,1309800.0,5.84926700592041,0.0
4.183333333333334,1309800.0,5.878132343292236,0.0
4.2,1309800.0,5.906822204589844,0.0
4.216666666666667,1309800.0,5.935298919677734,0.0
4.233333333333333,1309800.0,5.963629722595215,0.0
4.25,1309800.0,5.991766929626465,0.0
4.266666666666667,1309800.0,6.019715785980225,0.0
4.283333333333333,1309800.0,6.047494888305664,0.0
4.3,1309800.0,6.075053691864014,0.0
4.316666666666666,1309800.0,6.102439880371094,0.0
4.333333333333333,1309800.0,6.129645824432373,0.0
4.35,1309800.0,6.156689643859863,0.0
4.366666666666666,1309800.0,6.183538436889648,0.0
4.383333333333334,1309800.0,6.210193157196045,0.0
4.4,1309800.0,6.23667049407959,0.0
4.416666666666667,1309800.0,6.262988090515137,0.0
4.433333333333334,1309800.0,6.289113998413086,0.0
4.45,1309800.0,6.315049648284912,0.0
4.466666666666667,1309800.0,6.340823650360107,0.0
4.483333333333333,1309800.0,6.366389274597168,0.0
4.5,1309800.0,6.391798973083496,0.0
4.516666666666667,1309800.0,6.417018413543701,0.0
4.533333333333333,1309800.0,6.442083358764648,0.0
4.55,1309800.0,6.46695613861084,0.0
4.566666666666666,1309800.0,6.491645812988281,0.0
4.583333333333333,1309800.0,6.516170978546143,0.0
4.6,1309800.0,6.540530204772949,0.0
4.616666666666666,1309800.0,6.564706325531006,0.0
4.633333333333334,1309800.0,6.588695049285889,0.0
4.65,1309800.0,6.612517833709717,0.0
4.666666666666667,1309800.0,6.636155128479004,0.0
4.683333333333334,1309800.0,6.65964412689209,0.0
4.7,1309800.0,6.6829447746276855,0.0
4.716666666666667,1309800.0,6.70611572265625,0.0
4.733333333333333,1309800.0,6.729081153869629,0.0
4.75,1309800.0,6.751859664916992,0.0
4.766666666666667,1309800.0,6.774493217468262,0.0
4.783333333333333,1309800.0,6.796976089477539,0.0
4.8,1309800.0,6.819265365600586,0.0
4.816666666666666,1309800.0,6.841396808624268,0.0
4.833333333333333,1309800.0,6.863367080688477,0.0
4.85,1309800.0,6.885141849517822,0.0
4.866666666666666,1309800.0,6.906768321990967,0.0
4.883333333333334,1309800.0,6.928248405456543,0.0
4.9,1309800.0,6.9495463371276855,0.0
4.916666666666667,1309800.0,6.9707159996032715,0.0
4.933333333333334,1309800.0,6.991674423217773,0.0
4.95,1309800.0,7.012497901916504,0.0
4.966666666666667,1309800.0,7.03316593170166,0.0
4.983333333333333,1309800.0,7.05367374420166,0.0
5.0,1309800.0,7.074012756347656,0.0
5.016666666666667,1309800.0,7.0942182540893555,0.0
5.033333333333333,1309800.0,7.114241123199463,0.0
5.05,1309800.0,7.134110927581787,0.0
5.066666666666666,1309800.0,7.153838634490967,0.0
5.083333333333333,1309800.0,7.1734089851379395,0.0
5.1,1309800.0,7.1928019523620605,0.0
5.116666666666666,1309800.0,7.21208381652832,0.0
5.133333333333334,1309800.0,7.231180191040039,0.0
5.15,1309800.0,7.250121116638184,0.0
5.166666666666667,1309800.0,7.2689313888549805,0.0
5.183333333333334,1309800.0,7.287580966949463,0.0
5.2,1309800.0,7.306066989898682,0.0
5.216666666666667,1309800.0,7.3244194984436035,0.0
5.233333333333333,1309800.0,7.34260892868042,0.0
5.25,1309800.0,7.360658645629883,0.0
5.266666666666667,1309800.0,7.378567218780518,0.0
5.283333333333333,1309800.0,7.396327495574951,0.0
5.3,1309800.0,7.413944244384766,0.0
5.316666666666666,1309800.0,7.431382656097412,0.0
5.333333333333333,1309800.0,7.448746681213379,0.0
5.35,1309800.0,7.4659223556518555,0.0
5.366666666666666,1309800.0,7.482967376708984,0.0
5.383333333333334,1309800.0,7.499874114990234,0.0
5.4,1309800.0,7.516637802124023,0.0
5.416666666666667,1309800.0,7.533265590667725,0.0
5.433333333333334,1309800.0,7.5497145652771,0.0
5.45,1309800.0,7.566081523895264,0.0
5.466666666666667,1309800.0,7.582278251647949,0.0
5.483333333333333,1309800.0,7.5983710289001465,0.0
5.5,1309800.0,7.614318370819092,0.0
5.516666666666667,1309800.0,7.630120277404785,0.0
5.533333333333333,1309800.0,7.645791053771973,0.0
5.55,1309800.0,7.661303520202637,0.0
5.566666666666666,1309800.0,7.676749229431152,0.0
5.583333333333333,1309800.0,7.692019939422607,0.0
5.6,1309800.0,7.707179069519043,0.0
5.616666666666666,1309800.0,7.722188472747803,0.0
5.633333333333334,1309800.0,7.737092018127441,0.0
5.65,1309800.0,7.751858234405518,0.0
5.666666666666667,1309800.0,7.766505718231201,0.0
5.683333333333334,1309800.0,7.78101110458374,0.0
5.7,1309800.0,7.795444488525391,0.0
5.716666666666667,1309800.0,7.8097333908081055,0.0
5.733333333333333,1309800.0,7.823897838592529,0.0
5.75,1309800.0,7.837917327880859,0.0
5.766666666666667,1309800.0,7.85183048248291,0.0
5.783333333333333,1309800.0,7.865612983703613,0.0
5.8,1309800.0,7.879305839538574,0.0
5.816666666666666,1309800.0,7.892851829528809,0.0
5.833333333333333,1309800.0,7.906346321105957,0.0
5.85,1309800.0,7.919677257537842,0.0
5.866666666666666,1309800.0,7.932891368865967,0.0
5.883333333333334,1309800.0,7.945946216583252,0.0
5.9,1309800.0,7.958898544311523,0.0
5.916666666666667,1309800.0,7.971736431121826,0.0
5.933333333333334,1309800.0,7.984455108642578,0.0
5.95,1309800.0,7.997107028961182,0.0
5.966666666666667,1309800.0,8.009607315063477,0.0
5.983333333333333,1309800.0,8.022032737731934,0.0
6.0,1309800.0,8.034320831298828,0.0
6.016666666666667,1309800.0,8.046494483947754,0.0
6.033333333333333,1309800.0,8.058553695678711,0.0
6.05,1309800.0,8.070480346679688,0.0
6.066666666666666,1309800.0,8.082393646240234,0.0
6.083333333333333,1309800.0,8.094164848327637,0.0
6.1,1309800.0,8.105780601501465,0.0
6.116666666666666,1309800.0,8.117384910583496,0.0
6.133333333333334,1309800.0,8.128923416137695,0.0
6.15,1309800.0,8.140205383300781,0.0
6.166666666666667,1309800.0,8.151435852050781,0.0
6.183333333333334,1309800.0,8.162538528442383,0.0
6.2,1309800.0,8.173587799072266,0.0
6.216666666666667,1309800.0,8.184566497802734,0.0
6.233333333333333,1309800.0,8.195417404174805,0.0
6.25,1309800.0,8.206157684326172,0.0
6.266666666666667,1309800.0,8.216794967651367,0.0
6.283333333333333,1309800.0,8.227432250976562,0.0
6.3,1309800.0,8.23792552947998,0.0
6.316666666666666,1309800.0,8.248247146606445,0.0
6.333333333333333,1309800.0,8.258500099182129,0.0
6.35,1309800.0,8.268653869628906,0.0
6.366666666666666,1309800.0,8.278718948364258,0.0
6.383333333333334,1309800.0,8.288711547851562,0.0
6.4,1309800.0,8.29860782623291,0.0
6.416666666666667,1309800.0,8.308395385742188,0.0
6.433333333333334,1309800.0,8.318130493164062,0.0
6.45,1309800.0,8.327800750732422,0.0
6.466666666666667,1309800.0,8.337340354919434,0.0
6.483333333333333,1309800.0,8.346817016601562,0.0
6.5,1309800.0,8.356191635131836,0.0
6.516666666666667,1309800.0,8.365500450134277,0.0
6.533333333333333,1309800.0,8.374687194824219,0.0
6.55,1309800.0,8.383777618408203,0.0
6.566666666666666,1309800.0,8.392803192138672,0.0
6.583333333333333,1309800.0,8.40177059173584,0.0
6.6,1309800.0,8.41063404083252,0.0
6.616666666666666,1309800.0,8.419445037841797,0.0
6.633333333333334,1309800.0,8.42814826965332,0.0
6.65,1309800.0,8.436713218688965,0.0
6.666666666666667,1309800.0,8.44517707824707,0.0
6.683333333333334,1309800.0,8.453607559204102,0.0
6.7,1309800.0,8.462017059326172,0.0
6.716666666666667,1309800.0,8.47039794921875,0.0
6.733333333333333,1309800.0,8.478649139404297,0.0
6.75,1309800.0,8.486793518066406,0.0
6.766666666666667,1309800.0,8.494888305664062,0.0
6.783333333333333,1309800.0,8.502946853637695,0.0
6.8,1309800.0,8.510931968688965,0.0
6.816666666666666,1309800.0,8.518777847290039,0.0
6.833333333333333,1309800.0,8.526548385620117,0.0
6.85,1309800.0,8.534284591674805,0.0
6.866666666666666,1309800.0,8.541929244995117,0.0
6.883333333333334,1309800.0,8.549439430236816,0.0
6.9,1309800.0,8.556854248046875,0.0
6.916666666666667,1309800.0,8.564251899719238,0.0
6.933333333333334,1309800.0,8.571571350097656,0.0
6.95,1309800.0,8.578851699829102,0.0
6.966666666666667,1309800.0,8.586104393005371,0.0
6.983333333333333,1309800.0,8.593246459960938,0.0
7.0,1309800.0,8.600323677062988,0.0
7.016666666666667,1309800.0,8.607266426086426,0.0
7.033333333333333,1309800.0,8.61419677734375,0.0
7.05,1309800.0,8.621060371398926,0.0
7.066666666666666,1309800.0,8.627884864807129,0.0
7.083333333333333,1309800.0,8.63467788696289,0.0
7.1,1309800.0,8.641380310058594,0.0
7.116666666666666,1309800.0,8.64795970916748,0.0
7.133333333333334,1309800.0,8.654489517211914,0.0
7.15,1309800.0,8.660964965820312,0.0
7.166666666666667,1309800.0,8.667411804199219,0.0
7.183333333333334,1309800.0,8.673786163330078,0.0
7.2,1309800.0,8.680098533630371,0.0
7.216666666666667,1309800.0,8.686309814453125,0.0
7.233333333333333,1309800.0,8.692455291748047,0.0
7.25,1309800.0,8.698579788208008,0.0
7.266666666666667,1309800.0,8.704639434814453,0.0
7.283333333333333,1309800.0,8.71063232421875,0.0
7.3,1309800.0,8.716578483581543,0.0
7.316666666666666,1309800.0,8.72242259979248,0.0
7.333333333333333,1309800.0,8.72824764251709,0.0
7.35,1309800.0,8.734049797058105,0.0
7.366666666666666,1309800.0,8.739800453186035,0.0
7.383333333333334,1309800.0,8.745407104492188,0.0
7.4,1309800.0,8.75094223022461,0.0
7.416666666666667,1309800.0,8.75644302368164,0.0
7.433333333333334,1309800.0,8.761922836303711,0.0
7.45,1309800.0,8.767402648925781,0.0
7.466666666666667,1309800.0,8.772831916809082,0.0
7.483333333333333,1309800.0,8.778157234191895,0.0
7.5,1309800.0,8.783401489257812,0.0
7.516666666666667,1309800.0,8.788579940795898,0.0
7.533333333333333,1309800.0,8.793737411499023,0.0
7.55,1309800.0,8.798887252807617,0.0
7.566666666666666,1309800.0,8.803913116455078,0.0
7.583333333333333,1309800.0,8.808923721313477,0.0
7.6,1309800.0,8.813850402832031,0.0
7.616666666666666,1309800.0,8.818733215332031,0.0
7.633333333333334,1309800.0,8.823572158813477,0.0
7.65,1309800.0,8.828407287597656,0.0
7.666666666666667,1309800.0,8.83314323425293,0.0
7.683333333333334,1309800.0,8.837784767150879,0.0
7.7,1309800.0,8.842424392700195,0.0
7.716666666666667,1309800.0,8.846975326538086,0.0
7.733333333333333,1309800.0,8.851518630981445,0.0
7.75,1309800.0,8.85604476928711,0.0
7.766666666666667,1309800.0,8.860565185546875,0.0
7.783333333333333,1309800.0,8.865065574645996,0.0
7.8,1309800.0,8.869417190551758,0.0
7.816666666666666,1309800.0,8.873737335205078,0.0
7.833333333333333,1309800.0,8.877985000610352,0.0
7.85,1309800.0,8.882217407226562,0.0
7.866666666666666,1309800.0,8.886421203613281,0.0
7.883333333333334,1309800.0,8.89061164855957,0.0
7.9,1309800.0,8.89480209350586,0.0
7.916666666666667,1309800.0,8.898972511291504,0.0
7.933333333333334,1309800.0,8.903026580810547,0.0
7.95,1309800.0,8.907047271728516,0.0
7.966666666666667,1309800.0,8.911002159118652,0.0
7.983333333333333,1309800.0,8.914916038513184,0.0
8.0,1309800.0,8.918814659118652,0.0
8.016666666666667,1309800.0,8.922682762145996,0.0
8.033333333333333,1309800.0,8.92655086517334,0.0
8.05,1309800.0,8.930413246154785,0.0
8.066666666666666,1309800.0,8.934212684631348,0.0
8.083333333333334,1309800.0,8.937920570373535,0.0
8.1,1309800.0,8.941574096679688,0.0
8.116666666666667,1309800.0,8.945173263549805,0.0
8.133333333333333,1309800.0,8.948745727539062,0.0
8.15,1309800.0,8.952316284179688,0.0
8.166666666666666,1309800.0,8.955867767333984,0.0
8.183333333333334,1309800.0,8.959413528442383,0.0
8.2,1309800.0,8.962846755981445,0.0
8.216666666666667,1309800.0,8.966241836547852,0.0
8.233333333333333,1309800.0,8.969626426696777,0.0
8.25,1309800.0,8.973011016845703,0.0
8.266666666666667,1309800.0,8.976297378540039,0.0
8.283333333333333,1309800.0,8.979549407958984,0.0
8.3,1309800.0,8.982803344726562,0.0
8.316666666666666,1309800.0,8.986043930053711,0.0
8.333333333333334,1309800.0,8.989267349243164,0.0
8.35,1309800.0,8.992443084716797,0.0
8.366666666666667,1309800.0,8.995537757873535,0.0
8.383333333333333,1309800.0,8.998607635498047,0.0
8.4,1309800.0,9.001651763916016,0.0
8.416666666666666,1309800.0,9.004631042480469,0.0
8.433333333333334,1309800.0,9.007580757141113,0.0
8.45,1309800.0,9.010507583618164,0.0
8.466666666666667,1309800.0,9.013429641723633,0.0
8.483333333333333,1309800.0,9.01634407043457,0.0
8.5,1309800.0,9.019250869750977,0.0
8.516666666666667,1309800.0,9.022151947021484,0.0
8.533333333333333,1309800.0,9.024991035461426,0.0
8.55,1309800.0,9.027759552001953,0.0
8.566666666666666,1309800.0,9.030503273010254,0.0
8.583333333333334,1309800.0,9.033243179321289,0.0
8.6,1309800.0,9.035983085632324,0.0
8.616666666666667,1309800.0,9.03866195678711,0.0
8.633333333333333,1309800.0,9.041280746459961,0.0
8.65,1309800.0,9.043878555297852,0.0
8.666666666666666,1309800.0,9.04648208618164,0.0
8.683333333333334,1309800.0,9.049066543579102,0.0
8.7,1309800.0,9.051645278930664,0.0
8.716666666666667,1309800.0,9.05417251586914,0.0
8.733333333333333,1309800.0,9.056619644165039,0.0
8.75,1309800.0,9.059051513671875,0.0
8.766666666666667,1309800.0,9.06147575378418,0.0
8.783333333333333,1309800.0,9.06389331817627,0.0
8.8,1309800.0,9.06631088256836,0.0
8.816666666666666,1309800.0,9.068626403808594,0.0
8.833333333333334,1309800.0,9.070932388305664,0.0
8.85,1309800.0,9.073219299316406,0.0
8.866666666666667,1309800.0,9.075501441955566,0.0
8.883333333333333,1309800.0,9.077774047851562,0.0
8.9,1309800.0,9.08003044128418,0.0
8.916666666666666,1309800.0,9.082274436950684,0.0
8.933333333333334,1309800.0,9.084392547607422,0.0
8.95,1309800.0,9.086488723754883,0.0
8.966666666666667,1309800.0,9.088583946228027,0.0
8.983333333333333,1309800.0,9.090679168701172,0.0
9.0,1309800.0,9.092730522155762,0.0
9.016666666666667,1309800.0,9.094749450683594,0.0
9.033333333333333,1309800.0,9.096766471862793,0.0
9.05,1309800.0,9.09878158569336,0.0
9.066666666666666,1309800.0,9.100783348083496,0.0
9.083333333333334,1309800.0,9.102787017822266,0.0
9.1,1309800.0,9.104781150817871,0.0
9.116666666666667,1309800.0,9.106772422790527,0.0
9.133333333333333,1309800.0,9.108757019042969,0.0
9.15,1309800.0,9.110726356506348,0.0
9.166666666666666,1309800.0,9.112689018249512,0.0
9.183333333333334,1309800.0,9.114654541015625,0.0
9.2,1309800.0,9.116592407226562,0.0
9.216666666666667,1309800.0,9.118526458740234,0.0
9.233333333333333,1309800.0,9.120424270629883,0.0
9.25,1309800.0,9.12220287322998,0.0
9.266666666666667,1309800.0,9.123946189880371,0.0
9.283333333333333,1309800.0,9.125686645507812,0.0
9.3,1309800.0,9.127427101135254,0.0
9.316666666666666,1309800.0,9.129118919372559,0.0
9.333333333333334,1309800.0,9.130784034729004,0.0
9.35,1309800.0,9.132448196411133,0.0
9.366666666666667,1309800.0,9.134098052978516,0.0
9.383333333333333,1309800.0,9.135751724243164,0.0
9.4,1309800.0,9.137393951416016,0.0
9.416666666666666,1309800.0,9.139030456542969,0.0
9.433333333333334,1309800.0,9.140663146972656,0.0
9.45,1309800.0,9.142282485961914,0.0
9.466666666666667,1309800.0,9.14389419555664,0.0
9.483333333333333,1309800.0,9.145505905151367,0.0
9.5,1309800.0,9.147031784057617,0.0
9.516666666666667,1309800.0,9.148504257202148,0.0
9.533333333333333,1309800.0,9.149965286254883,0.0
9.55,1309800.0,9.151415824890137,0.0
9.566666666666666,1309800.0,9.15286636352539,0.0
9.583333333333334,1309800.0,9.154260635375977,0.0
9.6,1309800.0,9.155622482299805,0.0
9.616666666666667,1309800.0,9.156984329223633,0.0
9.633333333333333,1309800.0,9.158332824707031,0.0
9.65,1309800.0,9.159690856933594,0.0
9.666666666666666,1309800.0,9.161041259765625,0.0
9.683333333333334,1309800.0,9.162393569946289,0.0
9.7,1309800.0,9.16374397277832,0.0
9.716666666666667,1309800.0,9.165088653564453,0.0
9.733333333333333,1309800.0,9.16643238067627,0.0
9.75,1309800.0,9.167776107788086,0.0
9.766666666666667,1309800.0,9.169113159179688,0.0
9.783333333333333,1309800.0,9.170450210571289,0.0
9.8,1309800.0,9.171775817871094,0.0
9.816666666666666,1309800.0,9.173088073730469,0.0
9.833333333333334,1309800.0,9.174394607543945,0.0
9.85,1309800.0,9.175689697265625,0.0
9.866666666666667,1309800.0,9.176965713500977,0.0
9.883333333333333,1309800.0,9.178140640258789,0.0
9.9,1309800.0,9.179293632507324,0.0
9.916666666666666,1309800.0,9.180429458618164,0.0
9.933333333333334,1309800.0,9.181549072265625,0.0
9.95,1309800.0,9.18265438079834,0.0
9.966666666666667,1309800.0,9.183759689331055,0.0
9.983333333333333,1309800.0,9.184791564941406,0.0
10.0,1309800.0,9.185819625854492,0.0
10.016666666666667,1309800.0,9.186840057373047,0.0
0.0,1400000.0,9.997027397155762,0.0
0.016666666666666666,1400000.0,9.485143661499023,0.0
0.03333333333333333,1400000.0,8.967954635620117,0.0
0.05,1400000.0,8.450220108032227,0.0
0.06666666666666667,1400000.0,7.9424591064453125,0.0
0.08333333333333333,1400000.0,7.433862686157227,0.0
0.1,1400000.0,6.916472434997559,0.0
0.11666666666666667,1400000.0,6.418003559112549,0.0
0.13333333333333333,1400000.0,5.920784950256348,0.0
0.15,1400000.0,5.4133100509643555,0.0
0.16666666666666666,1400000.0,4.9274163246154785,0.0
0.18333333333333332,1400000.0,4.448694229125977,0.0
0.2,1400000.0,3.9562482833862305,0.0
0.21666666666666667,1400000.0,3.4874532222747803,0.0
0.23333333333333334,1400000.0,3.0396766662597656,0.0
0.25,1400000.0,2.5713908672332764,0.0
0.26666666666666666,1400000.0,2.1316041946411133,0.0
0.2833333333333333,1400000.0,1.720192790031433,0.0
0.3,1400000.0,1.317589282989502,0.0
0.31666666666666665,1400000.0,0.944855272769928,1.8957345971563981
0.3333333333333333,1400000.0,0.6304940581321716,5.687203791469194
0.35,1400000.0,0.37136635184288025,6.6350710900473935
0.36666666666666664,1400000.0,0.21293742954730988,6.161137440758294
0.38333333333333336,1400000.0,0.10471935570240021,5.213270142180095
0.4,1400000.0,0.059890858829021454,4.502369668246446
0.4166666666666667,1400000.0,0.05278122052550316,3.5545023696682465
0.43333333333333335,1400000.0,0.0781671553850174,1.8957345971563981
0.45,1400000.0,0.14647571742534637,1.4218009478672986
0.4666666666666667,1400000.0,0.27764761447906494,0.9478672985781991
0.48333333333333334,1400000.0,0.493484228849411,0.23696682464454977
0.5,1400000.0,0.807309627532959,0.23696682464454977
0.5166666666666667,1400000.0,1.2168415784835815,0.0
0.5333333333333333,1400000.0,1.6697369813919067,0.0
0.55,1400000.0,1.5291506052017212,0.0
0.5666666666666667,1400000.0,1.395275592803955,0.0
0.5833333333333334,1400000.0,1.2578279972076416,0.0
0.6,1400000.0,1.1365976333618164,0.0
0.6166666666666667,1400000.0,1.0307610034942627,0.0
0.6333333333333333,1400000.0,0.9393529295921326,1.4218009478672986
0.65,1400000.0,0.8585050106048584,3.3175355450236967
0.6666666666666666,1400000.0,0.7603593468666077,5.687203791469194
0.6833333333333333,1400000.0,0.6776761412620544,7.5829383886255926
0.7,1400000.0,0.6090363264083862,8.056872037914692
0.7166666666666667,1400000.0,0.5529648065567017,9.95260663507109
0.7333333333333333,1400000.0,0.5080053806304932,10.90047393364929
0.75,1400000.0,0.47277581691741943,12.322274881516588
0.7666666666666667,1400000.0,0.4217429757118225,13.744075829383887
0.7833333333333333,1400000.0,0.3789960741996765,14.691943127962084
0.8,1400000.0,0.34584343433380127,16.587677725118482
0.8166666666666667,1400000.0,0.32091301679611206,18.009478672985782
0.8333333333333334,1400000.0,0.3030213415622711,20.85308056872038
0.85,1400000.0,0.28691405057907104,22.274881516587676
0.8666666666666667,1400000.0,0.2759968936443329,24.170616113744074
0.8833333333333333,1400000.0,0.24614277482032776,27.014218009478675
0.9,1400000.0,0.2223277986049652,34.834123222748815
0.9166666666666666,1400000.0,0.20553810894489288,40.047393364928915
0.9333333333333333,1400000.0,0.19479382038116455,41.46919431279621
0.95,1400000.0,0.1893036961555481,43.127962085308056
0.9666666666666667,1400000.0,0.1831541359424591,44.312796208530806
0.9833333333333333,1400000.0,0.1633659452199936,45.7345971563981
1.0,1400000.0,0.1434236764907837,45.023696682464454
1.0166666666666666,1400000.0,0.12915024161338806,44.54976303317535
1.0333333333333334,1400000.0,0.11949174851179123,44.07582938388626
1.05,1400000.0,0.1091957837343216,42.89099526066351
1.0666666666666667,1400000.0,0.09536679089069366,42.41706161137441
1.0833333333333333,1400000.0,0.07597245275974274,40.99526066350711
1.1,1400000.0,0.05862687528133392,40.047393364928915
1.1166666666666667,1400000.0,0.04462985694408417,38.862559241706165
1.1333333333333333,1400000.0,0.033118948340415955,37.91469194312796
1.15,1400000.0,0.026382137089967728,36.492890995260666
1.1666666666666667,1400000.0,0.02264910377562046,36.492890995260666
1.1833333333333333,1400000.0,0.02092457190155983,34.834123222748815
1.2,1400000.0,0.0206909216940403,34.360189573459714
1.2166666666666666,1400000.0,0.021728171035647392,33.88625592417062
1.2333333333333334,1400000.0,0.024011367931962013,32.46445497630332
1.25,1400000.0,0.02765320986509323,31.27962085308057
1.2666666666666666,1400000.0,0.032870903611183167,30.80568720379147
1.2833333333333334,1400000.0,0.03996366262435913,29.383886255924168
1.3,1400000.0,0.04929325729608536,28.672985781990523
1.3166666666666667,1400000.0,0.060989923775196075,28.199052132701425
1.3333333333333333,1400000.0,0.068724125623703,27.72511848341232
1.35,1400000.0,0.0787331610918045,27.251184834123222
1.3666666666666667,1400000.0,0.09139728546142578,26.066350710900476
1.3833333333333333,1400000.0,0.10708214342594147,25.59241706161137
1.4,1400000.0,0.1261034905910492,25.59241706161137
1.4166666666666667,1400000.0,0.14869223535060883,23.22274881516588
1.4333333333333333,1400000.0,0.17496001720428467,22.03791469194313
1.45,1400000.0,0.2048739641904831,21.563981042654028
1.4666666666666666,1400000.0,0.2382429540157318,20.61611374407583
1.4833333333333334,1400000.0,0.2747197449207306,19.66824644549763
1.5,1400000.0,0.3138166069984436,18.48341232227488
1.5166666666666666,1400000.0,0.354934960603714,18.009478672985782
1.5333333333333334,1400000.0,0.39740291237831116,18.009478672985782
1.55,1400000.0,0.440514475107193,18.009478672985782
1.5666666666666667,1400000.0,0.48357242345809937,15.639810426540285
1.5833333333333333,1400000.0,0.525924563407898,15.402843601895736
1.6,1400000.0,0.5669852495193481,13.507109004739338
1.6166666666666667,1400000.0,0.6062616109848022,13.033175355450238
1.6333333333333333,1400000.0,0.6433653831481934,13.033175355450238
1.65,1400000.0,0.6780155897140503,13.033175355450238
1.6666666666666667,1400000.0,0.7100387215614319,12.085308056872037
1.6833333333333333,1400000.0,0.7393627166748047,9.95260663507109
1.7,1400000.0,0.7660109400749207,9.47867298578199
1.7166666666666666,1400000.0,0.7891613245010376,9.004739336492891
1.7333333333333334,1400000.0,0.8058502674102783,7.5829383886255926
1.75,1400000.0,0.8227953314781189,7.5829383886255926
1.7666666666666666,1400000.0,0.8400968909263611,6.6350710900473935
1.7833333333333334,1400000.0,0.8578501343727112,6.161137440758294
1.8,1400000.0,0.8757979869842529,5.213270142180095
1.8166666666666667,1400000.0,0.8933269381523132,4.739336492890995
1.8333333333333333,1400000.0,0.9064308404922485,4.739336492890995
1.85,1400000.0,0.9192036390304565,2.6066350710900474
1.8666666666666667,1400000.0,0.9319387674331665,2.132701421800948
1.8833333333333333,1400000.0,0.9449100494384766,1.6587677725118484
1.9,1400000.0,0.9583704471588135,0.7109004739336493
1.9166666666666667,1400000.0,0.9725412130355835,0.23696682464454977
1.9333333333333333,1400000.0,0.9876198172569275,0.23696682464454977
1.95,1400000.0,1.0037732124328613,0.0
1.9666666666666666,1400000.0,1.0211422443389893,0.0
1.9833333333333334,1400000.0,1.0398403406143188,0.0
2.0,1400000.0,1.0599554777145386,0.0
2.0166666666666666,1400000.0,1.081552505493164,0.0
2.033333333333333,1400000.0,1.1046713590621948,0.0
2.05,1400000.0,1.1293339729309082,0.0
2.066666666666667,1400000.0,1.1555448770523071,0.0
2.0833333333333335,1400000.0,1.1832886934280396,0.0
2.1,1400000.0,1.2125357389450073,0.0
2.1166666666666667,1400000.0,1.2432446479797363,0.0
2.1333333333333333,1400000.0,1.2753627300262451,0.0
2.15,1400000.0,1.308826208114624,0.0
2.1666666666666665,1400000.0,1.3435642719268799,0.0
2.183333333333333,1400000.0,1.379500150680542,0.0
2.2,1400000.0,1.4165524244308472,0.0
2.216666666666667,1400000.0,1.4546339511871338,0.0
2.2333333333333334,1400000.0,1.493656873703003,0.0
2.25,1400000.0,1.5335326194763184,0.0
2.2666666666666666,1400000.0,1.5741682052612305,0.0
2.283333333333333,1400000.0,1.6154733896255493,0.0
2.3,1400000.0,1.6573591232299805,0.0
2.316666666666667,1400000.0,1.6997358798980713,0.0
2.3333333333333335,1400000.0,1.742518424987793,0.0
2.35,1400000.0,1.785627841949463,0.0
2.3666666666666667,1400000.0,1.8289865255355835,0.0
2.3833333333333333,1400000.0,1.8725190162658691,0.0
2.4,1400000.0,1.9161531925201416,0.0
2.4166666666666665,1400000.0,1.9598395824432373,0.0
2.433333333333333,1400000.0,2.003523826599121,0.0
2.45,1400000.0,2.04714298248291,0.0
2.466666666666667,1400000.0,2.0906808376312256,0.0
2.4833333333333334,1400000.0,2.1340670585632324,0.0
2.5,1400000.0,2.1772751808166504,0.0
2.5166666666666666,1400000.0,2.2202835083007812,0.0
2.533333333333333,1400000.0,2.2630624771118164,0.0
2.55,1400000.0,2.305589199066162,0.0
2.566666666666667,1400000.0,2.347860813140869,0.0
2.5833333333333335,1400000.0,2.389859676361084,0.0
2.6,1400000.0,2.4315848350524902,0.0
2.6166666666666667,1400000.0,2.4730401039123535,0.0
2.6333333333333333,1400000.0,2.514228105545044,0.0
2.65,1400000.0,2.555154323577881,0.0
2.6666666666666665,1400000.0,2.5958337783813477,0.0
2.683333333333333,1400000.0,2.6362807750701904,0.0
2.7,1400000.0,2.6765060424804688,0.0
2.716666666666667,1400000.0,2.716527223587036,0.0
2.7333333333333334,1400000.0,2.756359100341797,0.0
2.75,1400000.0,2.7960195541381836,0.0
2.7666666666666666,1400000.0,2.8355259895324707,0.0
2.783333333333333,1400000.0,2.8748984336853027,0.0
2.8,1400000.0,2.9141807556152344,0.0
2.816666666666667,1400000.0,2.9533493518829346,0.0
2.8333333333333335,1400000.0,2.992450714111328,0.0
2.85,1400000.0,3.0314841270446777,0.0
2.8666666666666667,1400000.0,3.0704641342163086,0.0
2.8833333333333333,1400000.0,3.1093950271606445,0.0
2.9,1400000.0,3.148308038711548,0.0
2.9166666666666665,1400000.0,3.1871819496154785,0.0
2.933333333333333,1400000.0,3.2260546684265137,0.0
2.95,1400000.0,3.2649216651916504,0.0
2.966666666666667,1400000.0,3.3037893772125244,0.0
2.9833333333333334,1400000.0,3.3426403999328613,0.0
3.0,1400000.0,3.3814964294433594,0.0
3.0166666666666666,1400000.0,3.420344829559326,0.0
3.033333333333333,1400000.0,3.4591927528381348,0.0
3.05,1400000.0,3.4980382919311523,0.0
3.066666666666667,1400000.0,3.536860227584839,0.0
3.0833333333333335,1400000.0,3.5756618976593018,0.0
3.1,1400000.0,3.6144537925720215,0.0
3.1166666666666667,1400000.0,3.6532137393951416,0.0
3.1333333333333333,1400000.0,3.6919076442718506,0.0
3.15,1400000.0,3.7305874824523926,0.0
3.1666666666666665,1400000.0,3.7692131996154785,0.0
3.183333333333333,1400000.0,3.807767868041992,0.0
3.2,1400000.0,3.8462541103363037,0.0
3.216666666666667,1400000.0,3.8846676349639893,0.0
3.2333333333333334,1400000.0,3.923002243041992,0.0
3.25,1400000.0,3.961226463317871,0.0
3.2666666666666666,1400000.0,3.9993557929992676,0.0
3.283333333333333,1400000.0,4.037370204925537,0.0
3.3,1400000.0,4.075291633605957,0.0
3.316666666666667,1400000.0,4.113040447235107,0.0
3.3333333333333335,1400000.0,4.150697708129883,0.0
3.35,1400000.0,4.188221454620361,0.0
3.3666666666666667,1400000.0,4.225595474243164,0.0
3.3833333333333333,1400000.0,4.262809753417969,0.0
3.4,1400000.0,4.2998528480529785,0.0
3.4166666666666665,1400000.0,4.336760997772217,0.0
3.433333333333333,1400000.0,4.373498439788818,0.0
3.45,1400000.0,4.410048484802246,0.0
3.466666666666667,1400000.0,4.44644832611084,0.0
3.4833333333333334,1400000.0,4.48267126083374,0.0
3.5,1400000.0,4.518693923950195,0.0
3.5166666666666666,1400000.0,4.5545477867126465,0.0
3.533333333333333,1400000.0,4.590235710144043,0.0
3.55,1400000.0,4.625741958618164,0.0
3.566666666666667,1400000.0,4.661060333251953,0.0
3.5833333333333335,1400000.0,4.6961822509765625,0.0
3.6,1400000.0,4.731118679046631,0.0
3.6166666666666667,1400000.0,4.765881538391113,0.0
3.6333333333333333,1400000.0,4.800467491149902,0.0
3.65,1400000.0,4.834856033325195,0.0
3.6666666666666665,1400000.0,4.869071960449219,0.0
3.683333333333333,1400000.0,4.903115272521973,0.0
3.7,1400000.0,4.936967372894287,0.0
3.716666666666667,1400000.0,4.970634460449219,0.0
3.7333333333333334,1400000.0,5.004125595092773,0.0
3.75,1400000.0,5.037439346313477,0.0
3.7666666666666666,1400000.0,5.070568084716797,0.0
3.783333333333333,1400000.0,5.103532791137695,0.0
3.8,1400000.0,5.136330604553223,0.0
3.816666666666667,1400000.0,5.1689453125,0.0
3.8333333333333335,1400000.0,5.201380729675293,0.0
3.85,1400000.0,5.233640670776367,0.0
3.8666666666666667,1400000.0,5.2657341957092285,0.0
3.8833333333333333,1400000.0,5.297658920288086,0.0
3.9,1400000.0,5.329412460327148,0.0
3.9166666666666665,1400000.0,5.360985279083252,0.0
3.933333333333333,1400000.0,5.392377853393555,0.0
3.95,1400000.0,5.4235992431640625,0.0
3.966666666666667,1400000.0,5.45462703704834,0.0
3.9833333333333334,1400000.0,5.48551082611084,0.0
4.0,1400000.0,5.516191482543945,0.0
4.016666666666667,1400000.0,5.5467119216918945,0.0
4.033333333333333,1400000.0,5.577054023742676,0.0
4.05,1400000.0,5.607217311859131,0.0
4.066666666666666,1400000.0,5.637199401855469,0.0
4.083333333333333,1400000.0,5.667028903961182,0.0
4.1,1400000.0,5.6966633796691895,0.0
4.116666666666666,1400000.0,5.726108551025391,0.0
4.133333333333334,1400000.0,5.755393981933594,0.0
4.15,1400000.0,5.784479141235352,0.0
4.166666666666667,1400000.0,5.8134050369262695,0.0
4.183333333333334,1400000.0,5.8421430587768555,0.0
4.2,1400000.0,5.870688438415527,0.0
4.216666666666667,1400000.0,5.899053573608398,0.0
4.233333333333333,1400000.0,5.927260398864746,0.0
4.25,1400000.0,5.95527458190918,0.0
4.266666666666667,1400000.0,5.9831037521362305,0.0
4.283333333333333,1400000.0,6.010776996612549,0.0
4.3,1400000.0,6.038248062133789,0.0
4.316666666666666,1400000.0,6.065558433532715,0.0
4.333333333333333,1400000.0,6.092667579650879,0.0
4.35,1400000.0,6.119585990905762,0.0
4.366666666666666,1400000.0,6.1463303565979,0.0
4.383333333333334,1400000.0,6.172877788543701,0.0
4.4,1400000.0,6.199272155761719,0.0
4.416666666666667,1400000.0,6.2254486083984375,0.0
4.433333333333334,1400000.0,6.251481056213379,0.0
4.45,1400000.0,6.277320861816406,0.0
4.466666666666667,1400000.0,6.302983283996582,0.0
4.483333333333333,1400000.0,6.328472137451172,0.0
4.5,1400000.0,6.353776931762695,0.0
4.516666666666667,1400000.0,6.378909111022949,0.0
4.533333333333333,1400000.0,6.403858661651611,0.0
4.55,1400000.0,6.428641319274902,0.0
4.566666666666666,1400000.0,6.453237533569336,0.0
4.583333333333333,1400000.0,6.477682113647461,0.0
4.6,1400000.0,6.501914978027344,0.0
4.616666666666666,1400000.0,6.526000022888184,0.0
4.633333333333334,1400000.0,6.549894332885742,0.0
4.65,1400000.0,6.573633193969727,0.0
4.666666666666667,1400000.0,6.597192764282227,0.0
4.683333333333334,1400000.0,6.620584487915039,0.0
4.7,1400000.0,6.643803596496582,0.0
4.716666666666667,1400000.0,6.6668572425842285,0.0
4.733333333333333,1400000.0,6.689730644226074,0.0
4.75,1400000.0,6.7124409675598145,0.0
4.766666666666667,1400000.0,6.734983444213867,0.0
4.783333333333333,1400000.0,6.75732421875,0.0
4.8,1400000.0,6.779544830322266,0.0
4.816666666666666,1400000.0,6.801583766937256,0.0
4.833333333333333,1400000.0,6.823474407196045,0.0
4.85,1400000.0,6.845196723937988,0.0
4.866666666666666,1400000.0,6.866761207580566,0.0
4.883333333333334,1400000.0,6.888125896453857,0.0
4.9,1400000.0,6.90936803817749,0.0
4.916666666666667,1400000.0,6.930420875549316,0.0
4.933333333333334,1400000.0,6.951327323913574,0.0
4.95,1400000.0,6.972067832946777,0.0
4.966666666666667,1400000.0,6.992652893066406,0.0
4.983333333333333,1400000.0,7.013061046600342,0.0
5.0,1400000.0,7.033341884613037,0.0
5.016666666666667,1400000.0,7.053454399108887,0.0
5.033333333333333,1400000.0,7.0734100341796875,0.0
5.05,1400000.0,7.09321403503418,0.0
5.066666666666666,1400000.0,7.112841606140137,0.0
5.083333333333333,1400000.0,7.132346153259277,0.0
5.1,1400000.0,7.151680946350098,0.0
5.116666666666666,1400000.0,7.17086935043335,0.0
5.133333333333334,1400000.0,7.189897060394287,0.0
5.15,1400000.0,7.208775520324707,0.0
5.166666666666667,1400000.0,7.227499961853027,0.0
5.183333333333334,1400000.0,7.246086120605469,0.0
5.2,1400000.0,7.2644877433776855,0.0
5.216666666666667,1400000.0,7.2827911376953125,0.0
5.233333333333333,1400000.0,7.30094051361084,0.0
5.25,1400000.0,7.318915843963623,0.0
5.266666666666667,1400000.0,7.336771011352539,0.0
5.283333333333333,1400000.0,7.354447841644287,0.0
5.3,1400000.0,7.371996879577637,0.0
5.316666666666666,1400000.0,7.389403343200684,0.0
5.333333333333333,1400000.0,7.406678676605225,0.0
5.35,1400000.0,7.423812389373779,0.0
5.366666666666666,1400000.0,7.4407639503479,0.0
5.383333333333334,1400000.0,7.457625389099121,0.0
5.4,1400000.0,7.474326133728027,0.0
5.416666666666667,1400000.0,7.490869045257568,0.0
5.433333333333334,1400000.0,7.507303237915039,0.0
5.45,1400000.0,7.523604393005371,0.0
5.466666666666667,1400000.0,7.539762496948242,0.0
5.483333333333333,1400000.0,7.555777549743652,0.0
5.5,1400000.0,7.57167911529541,0.0
5.516666666666667,1400000.0,7.587407112121582,0.0
5.533333333333333,1400000.0,7.603022575378418,0.0
5.55,1400000.0,7.618494987487793,0.0
5.566666666666666,1400000.0,7.633864879608154,0.0
5.583333333333333,1400000.0,7.649077415466309,0.0
5.6,1400000.0,7.664178371429443,0.0
5.616666666666666,1400000.0,7.679149627685547,0.0
5.633333333333334,1400000.0,7.693996906280518,0.0
5.65,1400000.0,7.708700180053711,0.0
5.666666666666667,1400000.0,7.723284721374512,0.0
5.683333333333334,1400000.0,7.737767219543457,0.0
5.7,1400000.0,7.7521071434021,0.0
5.716666666666667,1400000.0,7.766314506530762,0.0
5.733333333333333,1400000.0,7.780420303344727,0.0
5.75,1400000.0,7.794386863708496,0.0
5.766666666666667,1400000.0,7.808271884918213,0.0
5.783333333333333,1400000.0,7.822007179260254,0.0
5.8,1400000.0,7.83565092086792,0.0
5.816666666666666,1400000.0,7.849186897277832,0.0
5.833333333333333,1400000.0,7.862585544586182,0.0
5.85,1400000.0,7.875840187072754,0.0
5.866666666666666,1400000.0,7.88897180557251,0.0
5.883333333333334,1400000.0,7.902011394500732,0.0
5.9,1400000.0,7.914942741394043,0.0
5.916666666666667,1400000.0,7.927783966064453,0.0
5.933333333333334,1400000.0,7.94047737121582,0.0
5.95,1400000.0,7.9530487060546875,0.0
5.966666666666667,1400000.0,7.965546607971191,0.0
5.983333333333333,1400000.0,7.977852821350098,0.0
6.0,1400000.0,7.990041732788086,0.0
6.016666666666667,1400000.0,8.002129554748535,0.0
6.033333333333333,1400000.0,8.014158248901367,0.0
6.05,1400000.0,8.026102066040039,0.0
6.066666666666666,1400000.0,8.037949562072754,0.0
6.083333333333333,1400000.0,8.049715042114258,0.0
6.1,1400000.0,8.061365127563477,0.0
6.116666666666666,1400000.0,8.07290267944336,0.0
6.133333333333334,1400000.0,8.08432388305664,0.0
6.15,1400000.0,8.095605850219727,0.0
6.166666666666667,1400000.0,8.106786727905273,0.0
6.183333333333334,1400000.0,8.117907524108887,0.0
6.2,1400000.0,8.128875732421875,0.0
6.216666666666667,1400000.0,8.139815330505371,0.0
6.233333333333333,1400000.0,8.15058708190918,0.0
6.25,1400000.0,8.161260604858398,0.0
6.266666666666667,1400000.0,8.171897888183594,0.0
6.283333333333333,1400000.0,8.182391166687012,0.0
6.3,1400000.0,8.192811012268066,0.0
6.316666666666666,1400000.0,8.203155517578125,0.0
6.333333333333333,1400000.0,8.213464736938477,0.0
6.35,1400000.0,8.223611831665039,0.0
6.366666666666666,1400000.0,8.233636856079102,0.0
6.383333333333334,1400000.0,8.243629455566406,0.0
6.4,1400000.0,8.25351333618164,0.0
6.416666666666667,1400000.0,8.263294219970703,0.0
6.433333333333334,1400000.0,8.272964477539062,0.0
6.45,1400000.0,8.28258228302002,0.0
6.466666666666667,1400000.0,8.292035102844238,0.0
6.483333333333333,1400000.0,8.30145263671875,0.0
6.5,1400000.0,8.310800552368164,0.0
6.516666666666667,1400000.0,8.320069313049316,0.0
6.533333333333333,1400000.0,8.329246520996094,0.0
6.55,1400000.0,8.33833122253418,0.0
6.566666666666666,1400000.0,8.347356796264648,0.0
6.583333333333333,1400000.0,8.356308937072754,0.0
6.6,1400000.0,8.365157127380371,0.0
6.616666666666666,1400000.0,8.373933792114258,0.0
6.633333333333334,1400000.0,8.382637023925781,0.0
6.65,1400000.0,8.391189575195312,0.0
6.666666666666667,1400000.0,8.399648666381836,0.0
6.683333333333334,1400000.0,8.408029556274414,0.0
6.7,1400000.0,8.416410446166992,0.0
6.716666666666667,1400000.0,8.42473030090332,0.0
6.733333333333333,1400000.0,8.432951927185059,0.0
6.75,1400000.0,8.441082000732422,0.0
6.766666666666667,1400000.0,8.449140548706055,0.0
6.783333333333333,1400000.0,8.457103729248047,0.0
6.8,1400000.0,8.464948654174805,0.0
6.816666666666666,1400000.0,8.472747802734375,0.0
6.833333333333333,1400000.0,8.480504989624023,0.0
6.85,1400000.0,8.488241195678711,0.0
6.866666666666666,1400000.0,8.495805740356445,0.0
6.883333333333334,1400000.0,8.503297805786133,0.0
6.9,1400000.0,8.510757446289062,0.0
6.916666666666667,1400000.0,8.518171310424805,0.0
6.933333333333334,1400000.0,8.52556037902832,0.0
6.95,1400000.0,8.532829284667969,0.0
6.966666666666667,1400000.0,8.540048599243164,0.0
6.983333333333333,1400000.0,8.54715347290039,0.0
7.0,1400000.0,8.554244995117188,0.0
7.016666666666667,1400000.0,8.56124496459961,0.0
7.033333333333333,1400000.0,8.568130493164062,0.0
7.05,1400000.0,8.574930191040039,0.0
7.066666666666666,1400000.0,8.58169937133789,0.0
7.083333333333333,1400000.0,8.588371276855469,0.0
7.1,1400000.0,8.595002174377441,0.0
7.116666666666666,1400000.0,8.601616859436035,0.0
7.133333333333334,1400000.0,8.60819149017334,0.0
7.15,1400000.0,8.614669799804688,0.0
7.166666666666667,1400000.0,8.621054649353027,0.0
7.183333333333334,1400000.0,8.627340316772461,0.0
7.2,1400000.0,8.633550643920898,0.0
7.216666666666667,1400000.0,8.639715194702148,0.0
7.233333333333333,1400000.0,8.645883560180664,0.0
7.25,1400000.0,8.652002334594727,0.0
7.266666666666667,1400000.0,8.65798282623291,0.0
7.283333333333333,1400000.0,8.66395378112793,0.0
7.3,1400000.0,8.66980266571045,0.0
7.316666666666666,1400000.0,8.675627708435059,0.0
7.333333333333333,1400000.0,8.681429862976074,0.0
7.35,1400000.0,8.687193870544434,0.0
7.366666666666666,1400000.0,8.692834854125977,0.0
7.383333333333334,1400000.0,8.69847583770752,0.0
7.4,1400000.0,8.70400619506836,0.0
7.416666666666667,1400000.0,8.709501266479492,0.0
7.433333333333334,1400000.0,8.714988708496094,0.0
7.45,1400000.0,8.720405578613281,0.0
7.466666666666667,1400000.0,8.725724220275879,0.0
7.483333333333333,1400000.0,8.731040954589844,0.0
7.5,1400000.0,8.736246109008789,0.0
7.516666666666667,1400000.0,8.741418838500977,0.0
7.533333333333333,1400000.0,8.746576309204102,0.0
7.55,1400000.0,8.75172233581543,0.0
7.566666666666666,1400000.0,8.756726264953613,0.0
7.583333333333333,1400000.0,8.761670112609863,0.0
7.6,1400000.0,8.766556739807129,0.0
7.616666666666666,1400000.0,8.771411895751953,0.0
7.633333333333334,1400000.0,8.776247024536133,0.0
7.65,1400000.0,8.781082153320312,0.0
7.666666666666667,1400000.0,8.785877227783203,0.0
7.683333333333334,1400000.0,8.790571212768555,0.0
7.7,1400000.0,8.795212745666504,0.0
7.716666666666667,1400000.0,8.799776077270508,0.0
7.733333333333333,1400000.0,8.804315567016602,0.0
7.75,1400000.0,8.808828353881836,0.0
7.766666666666667,1400000.0,8.81334114074707,0.0
7.783333333333333,1400000.0,8.817749977111816,0.0
7.8,1400000.0,8.822096824645996,0.0
7.816666666666666,1400000.0,8.826404571533203,0.0
7.833333333333333,1400000.0,8.830636978149414,0.0
7.85,1400000.0,8.834863662719727,0.0
7.866666666666666,1400000.0,8.839088439941406,0.0
7.883333333333334,1400000.0,8.843278884887695,0.0
7.9,1400000.0,8.847469329833984,0.0
7.916666666666667,1400000.0,8.851523399353027,0.0
7.933333333333334,1400000.0,8.85550594329834,0.0
7.95,1400000.0,8.859488487243652,0.0
7.966666666666667,1400000.0,8.863429069519043,0.0
7.983333333333333,1400000.0,8.867327690124512,0.0
8.0,1400000.0,8.871230125427246,0.0
8.016666666666667,1400000.0,8.87513256072998,0.0
8.033333333333333,1400000.0,8.879012107849121,0.0
8.05,1400000.0,8.882880210876465,0.0
8.066666666666666,1400000.0,8.886651992797852,0.0
8.083333333333334,1400000.0,8.890300750732422,0.0
8.1,1400000.0,8.893938064575195,0.0
8.116666666666667,1400000.0,8.897544860839844,0.0
8.133333333333333,1400000.0,8.90112018585205,0.0
8.15,1400000.0,8.904666900634766,0.0
8.166666666666666,1400000.0,8.908212661743164,0.0
8.183333333333334,1400000.0,8.911758422851562,0.0
8.2,1400000.0,8.915190696716309,0.0
8.216666666666667,1400000.0,8.91859245300293,0.0
8.233333333333333,1400000.0,8.921981811523438,0.0
8.25,1400000.0,8.92529010772705,0.0
8.266666666666667,1400000.0,8.928571701049805,0.0
8.283333333333333,1400000.0,8.931835174560547,0.0
8.3,1400000.0,8.935066223144531,0.0
8.316666666666666,1400000.0,8.938289642333984,0.0
8.333333333333334,1400000.0,8.941513061523438,0.0
8.35,1400000.0,8.944624900817871,0.0
8.366666666666667,1400000.0,8.94771957397461,0.0
8.383333333333333,1400000.0,8.950814247131348,0.0
8.4,1400000.0,8.953825950622559,0.0
8.416666666666666,1400000.0,8.956790924072266,0.0
8.433333333333334,1400000.0,8.959726333618164,0.0
8.45,1400000.0,8.962648391723633,0.0
8.466666666666667,1400000.0,8.965568542480469,0.0
8.483333333333333,1400000.0,8.968481063842773,0.0
8.5,1400000.0,8.971384048461914,0.0
8.516666666666667,1400000.0,8.974285125732422,0.0
8.533333333333333,1400000.0,8.977091789245605,0.0
8.55,1400000.0,8.979843139648438,0.0
8.566666666666666,1400000.0,8.982590675354004,0.0
8.583333333333334,1400000.0,8.985330581665039,0.0
8.6,1400000.0,8.987985610961914,0.0
8.616666666666667,1400000.0,8.990615844726562,0.0
8.633333333333333,1400000.0,8.993234634399414,0.0
8.65,1400000.0,8.99583625793457,0.0
8.666666666666666,1400000.0,8.998445510864258,0.0
8.683333333333334,1400000.0,9.001047134399414,0.0
8.7,1400000.0,9.003625869750977,0.0
8.716666666666667,1400000.0,9.006162643432617,0.0
8.733333333333333,1400000.0,9.008586883544922,0.0
8.75,1400000.0,9.011004447937012,0.0
8.766666666666667,1400000.0,9.013422012329102,0.0
8.783333333333333,1400000.0,9.015804290771484,0.0
8.8,1400000.0,9.018120765686035,0.0
8.816666666666666,1400000.0,9.020421981811523,0.0
8.833333333333334,1400000.0,9.02271842956543,0.0
8.85,1400000.0,9.025001525878906,0.0
8.866666666666667,1400000.0,9.027278900146484,0.0
8.883333333333333,1400000.0,9.029550552368164,0.0
8.9,1400000.0,9.031814575195312,0.0
8.916666666666666,1400000.0,9.03407096862793,0.0
8.933333333333334,1400000.0,9.036229133605957,0.0
8.95,1400000.0,9.038341522216797,0.0
8.966666666666667,1400000.0,9.040440559387207,0.0
8.983333333333333,1400000.0,9.042535781860352,0.0
9.0,1400000.0,9.044631004333496,0.0
9.016666666666667,1400000.0,9.04672622680664,0.0
9.033333333333333,1400000.0,9.048739433288574,0.0
9.05,1400000.0,9.050739288330078,0.0
9.066666666666666,1400000.0,9.052740097045898,0.0
9.083333333333334,1400000.0,9.054739952087402,0.0
9.1,1400000.0,9.056722640991211,0.0
9.116666666666667,1400000.0,9.05870246887207,0.0
9.133333333333333,1400000.0,9.060672760009766,0.0
9.15,1400000.0,9.062636375427246,0.0
9.166666666666666,1400000.0,9.06459903717041,0.0
9.183333333333334,1400000.0,9.066543579101562,0.0
9.2,1400000.0,9.06847858428955,0.0
9.216666666666667,1400000.0,9.070389747619629,0.0
9.233333333333333,1400000.0,9.072200775146484,0.0
9.25,1400000.0,9.07397747039795,0.0
9.266666666666667,1400000.0,9.075750350952148,0.0
9.283333333333333,1400000.0,9.077516555786133,0.0
9.3,1400000.0,9.079227447509766,0.0
9.316666666666666,1400000.0,9.080894470214844,0.0
9.333333333333334,1400000.0,9.082555770874023,0.0
9.35,1400000.0,9.084220886230469,0.0
9.366666666666667,1400000.0,9.085880279541016,0.0
9.383333333333333,1400000.0,9.087538719177246,0.0
9.4,1400000.0,9.089187622070312,0.0
9.416666666666666,1400000.0,9.090826988220215,0.0
9.433333333333334,1400000.0,9.092463493347168,0.0
9.45,1400000.0,9.094085693359375,0.0
9.466666666666667,1400000.0,9.095697402954102,0.0
9.483333333333333,1400000.0,9.097291946411133,0.0
9.5,1400000.0,9.098787307739258,0.0
9.516666666666667,1400000.0,9.100250244140625,0.0
9.533333333333333,1400000.0,9.101703643798828,0.0
9.55,1400000.0,9.103154182434082,0.0
9.566666666666666,1400000.0,9.104573249816895,0.0
9.583333333333334,1400000.0,9.105936050415039,0.0
9.6,1400000.0,9.107294082641602,0.0
9.616666666666667,1400000.0,9.108656883239746,0.0
9.633333333333333,1400000.0,9.110011100769043,0.0
9.65,1400000.0,9.111366271972656,0.0
9.666666666666666,1400000.0,9.112720489501953,0.0
9.683333333333334,1400000.0,9.114068984985352,0.0
9.7,1400000.0,9.1154203414917,0.0
9.716666666666667,1400000.0,9.116769790649414,0.0
9.733333333333333,1400000.0,9.118117332458496,0.0
9.75,1400000.0,9.119453430175781,0.0
9.766666666666667,1400000.0,9.120784759521484,0.0
9.783333333333333,1400000.0,9.122103691101074,0.0
9.8,1400000.0,9.123416900634766,0.0
9.816666666666666,1400000.0,9.124717712402344,0.0
9.833333333333334,1400000.0,9.126016616821289,0.0
9.85,1400000.0,9.12730598449707,0.0
9.866666666666667,1400000.0,9.128595352172852,0.0
9.883333333333333,1400000.0,9.129810333251953,0.0
9.9,1400000.0,9.130949974060059,0.0
9.916666666666666,1400000.0,9.132058143615723,0.0
9.933333333333334,1400000.0,9.133163452148438,0.0
9.95,1400000.0,9.134246826171875,0.0
9.966666666666667,1400000.0,9.135279655456543,0.0
9.983333333333333,1400000.0,9.136310577392578,0.0
10.0,1400000.0,9.137340545654297,0.0
10.016666666666667,1400000.0,9.1383695602417,0.0
