Time_min,Initial_POC,Min_Core_O2,Anoxic_Volume_Pct
0.0,47000.0,9.954231262207031,0.0
0.016666666666666666,47000.0,4.9125447273254395,0.0
0.03333333333333333,47000.0,0.5935903787612915,59.55056179775281
0.05,47000.0,0.0,78.65168539325843
0.06666666666666667,47000.0,0.0,83.70786516853933
0.08333333333333333,47000.0,0.0,79.7752808988764
0.1,47000.0,0.0,78.65168539325843
0.11666666666666667,47000.0,0.0,79.7752808988764
0.13333333333333333,47000.0,0.0,79.7752808988764
0.15,47000.0,0.0,78.65168539325843
0.16666666666666666,47000.0,0.0,79.7752808988764
0.18333333333333332,47000.0,0.0,78.65168539325843
0.2,47000.0,0.0,78.08988764044943
0.21666666666666667,47000.0,0.0,76.96629213483146
0.23333333333333334,47000.0,0.0,78.08988764044943
0.25,47000.0,0.0,79.21348314606742
0.26666666666666666,47000.0,0.0,78.08988764044943
0.2833333333333333,47000.0,0.0,79.7752808988764
0.3,47000.0,0.0,80.89887640449437
0.31666666666666665,47000.0,0.0,80.89887640449437
0.3333333333333333,47000.0,0.0,80.89887640449437
0.35,47000.0,0.0,81.46067415730337
0.36666666666666664,47000.0,0.0,81.46067415730337
0.38333333333333336,47000.0,0.0,83.70786516853933
0.4,47000.0,0.0,85.95505617977528
0.4166666666666667,47000.0,0.0,87.64044943820225
0.43333333333333335,47000.0,0.0,88.20224719101124
0.45,47000.0,0.0,91.01123595505618
0.4666666666666667,47000.0,0.0,93.25842696629213
0.48333333333333334,47000.0,0.0,94.9438202247191
0.5,47000.0,0.0,95.50561797752809
0.5166666666666667,47000.0,0.0,97.19101123595506
0.5333333333333333,47000.0,0.0,99.43820224719101
0.55,47000.0,0.0,100.0
0.5666666666666667,47000.0,0.0,100.0
0.5833333333333334,47000.0,0.0,100.0
0.6,47000.0,0.0,100.0
0.6166666666666667,47000.0,0.0,100.0
0.6333333333333333,47000.0,0.0,100.0
0.65,47000.0,0.0,100.0
0.6666666666666666,47000.0,0.0,100.0
0.6833333333333333,47000.0,0.0,100.0
0.7,47000.0,0.0,100.0
0.7166666666666667,47000.0,0.0,100.0
0.7333333333333333,47000.0,0.0,100.0
0.75,47000.0,0.0,100.0
0.7666666666666667,47000.0,0.0,100.0
0.7833333333333333,47000.0,0.0,100.0
0.8,47000.0,0.0,100.0
0.8166666666666667,47000.0,0.0,100.0
0.8333333333333334,47000.0,0.0,100.0
0.85,47000.0,0.0,100.0
0.8666666666666667,47000.0,0.0,100.0
0.8833333333333333,47000.0,0.0,100.0
0.9,47000.0,0.0,100.0
0.9166666666666666,47000.0,0.0,100.0
0.9333333333333333,47000.0,0.0,100.0
0.95,47000.0,0.0,100.0
0.9666666666666667,47000.0,0.0,100.0
0.9833333333333333,47000.0,0.0,100.0
1.0,47000.0,0.0,100.0
1.0166666666666666,47000.0,0.0,100.0
1.0333333333333334,47000.0,0.0,100.0
1.05,47000.0,0.0,100.0
1.0666666666666667,47000.0,0.0,100.0
1.0833333333333333,47000.0,0.0,100.0
1.1,47000.0,0.0,100.0
1.1166666666666667,47000.0,0.0,100.0
1.1333333333333333,47000.0,0.0,100.0
1.15,47000.0,0.0,100.0
1.1666666666666667,47000.0,0.0,100.0
1.1833333333333333,47000.0,0.0,100.0
1.2,47000.0,0.0,100.0
1.2166666666666666,47000.0,0.0,100.0
1.2333333333333334,47000.0,0.0,100.0
1.25,47000.0,0.0,100.0
1.2666666666666666,47000.0,0.0,100.0
1.2833333333333334,47000.0,0.0,100.0
1.3,47000.0,0.0,100.0
1.3166666666666667,47000.0,0.0,100.0
1.3333333333333333,47000.0,0.0,100.0
1.35,47000.0,0.0,100.0
1.3666666666666667,47000.0,0.0,100.0
1.3833333333333333,47000.0,0.0,100.0
1.4,47000.0,0.0,100.0
1.4166666666666667,47000.0,0.0,100.0
1.4333333333333333,47000.0,0.0,100.0
1.45,47000.0,0.0,100.0
1.4666666666666666,47000.0,0.0,100.0
1.4833333333333334,47000.0,0.0,100.0
1.5,47000.0,0.0,100.0
1.5166666666666666,47000.0,0.0,100.0
1.5333333333333334,47000.0,0.0,100.0
1.55,47000.0,0.0,100.0
1.5666666666666667,47000.0,0.0,100.0
1.5833333333333333,47000.0,0.0,100.0
1.6,47000.0,0.0,100.0
1.6166666666666667,47000.0,0.0,100.0
1.6333333333333333,47000.0,0.0,100.0
1.65,47000.0,0.0,100.0
1.6666666666666667,47000.0,0.0,100.0
1.6833333333333333,47000.0,0.0,100.0
1.7,47000.0,0.0,100.0
1.7166666666666666,47000.0,0.0,100.0
1.7333333333333334,47000.0,0.0,100.0
1.75,47000.0,0.0,100.0
1.7666666666666666,47000.0,0.0,100.0
1.7833333333333334,47000.0,0.0,100.0
1.8,47000.0,0.0,100.0
1.8166666666666667,47000.0,0.0,100.0
1.8333333333333333,47000.0,0.0,100.0
1.85,47000.0,0.0,100.0
1.8666666666666667,47000.0,0.0,100.0
1.8833333333333333,47000.0,0.0,100.0
1.9,47000.0,0.0,100.0
1.9166666666666667,47000.0,0.0,100.0
1.9333333333333333,47000.0,0.0,100.0
1.95,47000.0,0.0,100.0
1.9666666666666666,47000.0,0.0,100.0
1.9833333333333334,47000.0,0.0,100.0
2.0,47000.0,0.0,100.0
2.0166666666666666,47000.0,0.0,100.0
2.033333333333333,47000.0,0.0,100.0
2.05,47000.0,0.0,100.0
2.066666666666667,47000.0,0.0,100.0
2.0833333333333335,47000.0,0.0,100.0
2.1,47000.0,0.0,100.0
2.1166666666666667,47000.0,0.0,100.0
2.1333333333333333,47000.0,0.0,100.0
2.15,47000.0,0.0,100.0
2.1666666666666665,47000.0,0.0,100.0
2.183333333333333,47000.0,0.0,100.0
2.2,47000.0,0.0,100.0
2.216666666666667,47000.0,0.0,100.0
2.2333333333333334,47000.0,0.0,100.0
2.25,47000.0,0.0,100.0
2.2666666666666666,47000.0,0.0,100.0
2.283333333333333,47000.0,0.0,100.0
2.3,47000.0,0.0,100.0
2.316666666666667,47000.0,0.0,100.0
2.3333333333333335,47000.0,0.0,100.0
2.35,47000.0,0.0,100.0
2.3666666666666667,47000.0,0.0,100.0
2.3833333333333333,47000.0,0.0,100.0
2.4,47000.0,0.0,100.0
2.4166666666666665,47000.0,0.0,100.0
2.433333333333333,47000.0,0.0,100.0
2.45,47000.0,0.0,100.0
2.466666666666667,47000.0,0.0,100.0
2.4833333333333334,47000.0,0.0,100.0
2.5,47000.0,0.0,100.0
2.5166666666666666,47000.0,0.0,100.0
2.533333333333333,47000.0,0.0,100.0
2.55,47000.0,0.0,100.0
2.566666666666667,47000.0,0.0,100.0
2.5833333333333335,47000.0,0.0,100.0
2.6,47000.0,0.0,100.0
2.6166666666666667,47000.0,0.0,100.0
2.6333333333333333,47000.0,0.0,100.0
2.65,47000.0,0.0,100.0
2.6666666666666665,47000.0,0.0,100.0
2.683333333333333,47000.0,0.0,100.0
2.7,47000.0,0.0,100.0
2.716666666666667,47000.0,0.0,100.0
2.7333333333333334,47000.0,0.0,100.0
2.75,47000.0,0.0,100.0
2.7666666666666666,47000.0,0.0,100.0
2.783333333333333,47000.0,0.0,100.0
2.8,47000.0,0.0,100.0
2.816666666666667,47000.0,0.0,100.0
2.8333333333333335,47000.0,0.0,100.0
2.85,47000.0,0.0,100.0
2.8666666666666667,47000.0,0.0,100.0
2.8833333333333333,47000.0,0.0,100.0
2.9,47000.0,0.0,100.0
2.9166666666666665,47000.0,0.0,100.0
2.933333333333333,47000.0,0.0,100.0
2.95,47000.0,0.0,100.0
2.966666666666667,47000.0,0.0,100.0
2.9833333333333334,47000.0,0.0,100.0
3.0,47000.0,0.0,100.0
3.0166666666666666,47000.0,0.0,100.0
3.033333333333333,47000.0,0.0,100.0
3.05,47000.0,0.0,100.0
3.066666666666667,47000.0,0.0,100.0
3.0833333333333335,47000.0,0.0,100.0
3.1,47000.0,0.0,100.0
3.1166666666666667,47000.0,0.0,100.0
3.1333333333333333,47000.0,0.0,100.0
3.15,47000.0,0.0,100.0
3.1666666666666665,47000.0,0.0,100.0
3.183333333333333,47000.0,0.0,100.0
3.2,47000.0,0.0,100.0
3.216666666666667,47000.0,0.0,100.0
3.2333333333333334,47000.0,0.0,100.0
3.25,47000.0,0.0,100.0
3.2666666666666666,47000.0,0.0,100.0
3.283333333333333,47000.0,0.0,100.0
3.3,47000.0,0.0,100.0
3.316666666666667,47000.0,0.0,100.0
3.3333333333333335,47000.0,0.0,100.0
3.35,47000.0,0.0,100.0
3.3666666666666667,47000.0,0.0,100.0
3.3833333333333333,47000.0,0.0,100.0
3.4,47000.0,0.0,100.0
3.4166666666666665,47000.0,0.0,100.0
3.433333333333333,47000.0,0.0,100.0
3.45,47000.0,0.0,100.0
3.466666666666667,47000.0,0.0,100.0
3.4833333333333334,47000.0,0.0,100.0
3.5,47000.0,0.0,100.0
3.5166666666666666,47000.0,0.0,100.0
3.533333333333333,47000.0,0.0,100.0
3.55,47000.0,0.0,100.0
3.566666666666667,47000.0,0.0,100.0
3.5833333333333335,47000.0,0.0,100.0
3.6,47000.0,0.0,100.0
3.6166666666666667,47000.0,0.0,100.0
3.6333333333333333,47000.0,0.0,100.0
3.65,47000.0,0.0,100.0
3.6666666666666665,47000.0,0.0,100.0
3.683333333333333,47000.0,0.0,100.0
3.7,47000.0,0.0,100.0
3.716666666666667,47000.0,0.0,100.0
3.7333333333333334,47000.0,0.0,100.0
3.75,47000.0,0.0,100.0
3.7666666666666666,47000.0,0.0,100.0
3.783333333333333,47000.0,0.0,98.87640449438202
3.8,47000.0,0.0,97.75280898876404
3.816666666666667,47000.0,0.0,97.75280898876404
3.8333333333333335,47000.0,0.0,97.75280898876404
3.85,47000.0,0.0,97.75280898876404
3.8666666666666667,47000.0,0.0,97.75280898876404
3.8833333333333333,47000.0,0.0,97.75280898876404
3.9,47000.0,0.0,96.62921348314607
3.9166666666666665,47000.0,0.0,96.62921348314607
3.933333333333333,47000.0,0.0,96.62921348314607
3.95,47000.0,0.0,95.50561797752809
3.966666666666667,47000.0,0.0,94.3820224719101
3.9833333333333334,47000.0,0.0,94.3820224719101
4.0,47000.0,0.0,94.3820224719101
4.016666666666667,47000.0,0.0,93.25842696629213
4.033333333333333,47000.0,0.0,93.25842696629213
4.05,47000.0,0.0,93.25842696629213
4.066666666666666,47000.0,0.0,93.25842696629213
4.083333333333333,47000.0,0.0,93.25842696629213
4.1,47000.0,0.0,92.13483146067416
4.116666666666666,47000.0,0.0,91.01123595505618
4.133333333333334,47000.0,0.0,89.8876404494382
4.15,47000.0,0.0,89.8876404494382
4.166666666666667,47000.0,0.0,89.8876404494382
4.183333333333334,47000.0,0.0,89.8876404494382
4.2,47000.0,0.0,88.76404494382022
4.216666666666667,47000.0,0.0,88.76404494382022
4.233333333333333,47000.0,0.0,88.20224719101124
4.25,47000.0,0.0,85.95505617977528
4.266666666666667,47000.0,0.0,85.95505617977528
4.283333333333333,47000.0,0.0,85.95505617977528
4.3,47000.0,0.0,85.95505617977528
4.316666666666666,47000.0,0.0,85.95505617977528
4.333333333333333,47000.0,0.0,84.8314606741573
4.35,47000.0,0.0,83.70786516853933
4.366666666666666,47000.0,0.0,82.58426966292134
4.383333333333334,47000.0,0.0,82.58426966292134
4.4,47000.0,0.0,80.33707865168539
4.416666666666667,47000.0,0.0,79.21348314606742
4.433333333333334,47000.0,0.0,78.08988764044943
4.45,47000.0,0.0,77.52808988764045
4.466666666666667,47000.0,0.0,77.52808988764045
4.483333333333333,47000.0,0.0,76.40449438202246
4.5,47000.0,0.0,75.28089887640449
4.516666666666667,47000.0,0.0,75.28089887640449
4.533333333333333,47000.0,0.0,75.28089887640449
4.55,47000.0,0.0,75.28089887640449
4.566666666666666,47000.0,0.0,74.15730337078652
4.583333333333333,47000.0,0.0,73.03370786516854
4.6,47000.0,0.0,73.03370786516854
4.616666666666666,47000.0,0.0,71.91011235955057
4.633333333333334,47000.0,0.0,71.34831460674157
4.65,47000.0,6.516260420141862e-09,71.34831460674157
4.666666666666667,47000.0,0.00018754541815724224,71.34831460674157
4.683333333333334,47000.0,6.958339508855715e-05,70.2247191011236
4.7,47000.0,0.00010725345055107027,70.2247191011236
4.716666666666667,47000.0,0.00026722121401689947,69.10112359550563
4.733333333333333,47000.0,0.0005331127904355526,66.85393258426966
4.75,47000.0,0.0009028924978338182,65.73033707865169
4.766666666666667,47000.0,0.001383184571750462,65.73033707865169
4.783333333333333,47000.0,0.0019857168663293123,65.73033707865169
4.8,47000.0,0.002725590020418167,63.48314606741573
4.816666666666666,47000.0,0.0036203907802700996,62.92134831460674
4.833333333333333,47000.0,0.004689719527959824,61.79775280898876
4.85,47000.0,0.005955077707767487,61.79775280898876
4.866666666666666,47000.0,0.007439703680574894,60.67415730337079
4.883333333333334,47000.0,0.00916855689138174,60.67415730337079
4.9,47000.0,0.01116825733333826,60.67415730337079
4.916666666666667,47000.0,0.01346706971526146,60.67415730337079
4.933333333333334,47000.0,0.016094889491796494,58.42696629213483
4.95,47000.0,0.01908300071954727,58.42696629213483
4.966666666666667,47000.0,0.02246394008398056,55.0561797752809
4.983333333333333,47000.0,0.026271473616361618,53.37078651685393
5.0,47000.0,0.030540291219949722,53.37078651685393
5.016666666666667,47000.0,0.035305850207805634,53.37078651685393
5.033333333333333,47000.0,0.04060395061969757,51.12359550561798
5.05,47000.0,0.04647085443139076,51.12359550561798
5.066666666666666,47000.0,0.05294263735413551,51.12359550561798
5.083333333333333,47000.0,0.06005442887544632,50.0
5.1,47000.0,0.06784072518348694,50.0
5.116666666666666,47000.0,0.07420814782381058,48.87640449438202
5.133333333333334,47000.0,0.0793280154466629,48.31460674157304
5.15,47000.0,0.08499281853437424,48.31460674157304
5.166666666666667,47000.0,0.09123890846967697,44.9438202247191
5.183333333333334,47000.0,0.09810247272253036,44.9438202247191
5.2,47000.0,0.10561849176883698,42.69662921348314
5.216666666666667,47000.0,0.11382126808166504,42.69662921348314
5.233333333333333,47000.0,0.1227436512708664,41.57303370786517
5.25,47000.0,0.13241642713546753,41.57303370786517
5.266666666666667,47000.0,0.1428678035736084,39.8876404494382
5.283333333333333,47000.0,0.15412354469299316,38.764044943820224
5.3,47000.0,0.1662062406539917,38.764044943820224
5.316666666666666,47000.0,0.17913484573364258,37.640449438202246
5.333333333333333,47000.0,0.19292522966861725,37.640449438202246
5.35,47000.0,0.20758891105651855,34.26966292134831
5.366666666666666,47000.0,0.22313372790813446,34.26966292134831
5.383333333333334,47000.0,0.23956309258937836,33.146067415730336
5.4,47000.0,0.2568761110305786,30.337078651685395
5.416666666666667,47000.0,0.2750682532787323,29.213483146067414
5.433333333333334,47000.0,0.2941315770149231,29.213483146067414
5.45,47000.0,0.31405335664749146,29.213483146067414
5.466666666666667,47000.0,0.3348175883293152,29.213483146067414
5.483333333333333,47000.0,0.3564053177833557,28.08988764044944
5.5,47000.0,0.3787946403026581,25.842696629213485
5.516666666666667,47000.0,0.40196114778518677,22.47191011235955
5.533333333333333,47000.0,0.4258785843849182,20.786516853932586
5.55,47000.0,0.4505178928375244,20.786516853932586
5.566666666666666,47000.0,0.47584956884384155,19.662921348314608
5.583333333333333,47000.0,0.501842737197876,17.415730337078653
5.6,47000.0,0.5284663438796997,17.415730337078653
5.616666666666666,47000.0,0.5556889772415161,17.415730337078653
5.633333333333334,47000.0,0.5834776759147644,17.415730337078653
5.65,47000.0,0.6118011474609375,12.921348314606742
5.666666666666667,47000.0,0.6406280994415283,11.235955056179774
5.683333333333334,47000.0,0.6699284315109253,8.98876404494382
5.7,47000.0,0.699672520160675,8.98876404494382
5.716666666666667,47000.0,0.729830265045166,7.865168539325842
5.733333333333333,47000.0,0.7603752613067627,6.741573033707865
5.75,47000.0,0.7912803888320923,6.741573033707865
5.766666666666667,47000.0,0.8225200176239014,6.741573033707865
5.783333333333333,47000.0,0.854070782661438,1.6853932584269662
5.8,47000.0,0.885909378528595,0.5617977528089888
5.816666666666666,47000.0,0.918014407157898,0.5617977528089888
5.833333333333333,47000.0,0.9503674507141113,0.5617977528089888
5.85,47000.0,0.9829497337341309,0.5617977528089888
5.866666666666666,47000.0,1.015744924545288,0.0
5.883333333333334,47000.0,1.048736810684204,0.0
5.9,47000.0,1.0819101333618164,0.0
5.916666666666667,47000.0,1.1152534484863281,0.0
5.933333333333334,47000.0,1.1487531661987305,0.0
5.95,47000.0,1.1823993921279907,0.0
5.966666666666667,47000.0,1.2161818742752075,0.0
5.983333333333333,47000.0,1.250091791152954,0.0
6.0,47000.0,1.284118890762329,0.0
6.016666666666667,47000.0,1.3182600736618042,0.0
6.033333333333333,47000.0,1.3525052070617676,0.0
6.05,47000.0,1.3868515491485596,0.0
6.066666666666666,47000.0,1.4212932586669922,0.0
6.083333333333333,47000.0,1.4558253288269043,0.0
6.1,47000.0,1.4904465675354004,0.0
6.116666666666666,47000.0,1.5251539945602417,0.0
6.133333333333334,47000.0,1.5599414110183716,0.0
6.15,47000.0,1.594804048538208,0.0
6.166666666666667,47000.0,1.6297433376312256,0.0
6.183333333333334,47000.0,1.664756178855896,0.0
6.2,47000.0,1.6998409032821655,0.0
6.216666666666667,47000.0,1.734995722770691,0.0
6.233333333333333,47000.0,1.7702202796936035,0.0
6.25,47000.0,1.8055119514465332,0.0
6.266666666666667,47000.0,1.8408656120300293,0.0
6.283333333333333,47000.0,1.8762857913970947,0.0
6.3,47000.0,1.9117693901062012,0.0
6.316666666666666,47000.0,1.9473116397857666,0.0
6.333333333333333,47000.0,1.9829118251800537,0.0
6.35,47000.0,2.0185670852661133,0.0
6.366666666666666,47000.0,2.0542807579040527,0.0
6.383333333333334,47000.0,2.090039014816284,0.0
6.4,47000.0,2.125854015350342,0.0
6.416666666666667,47000.0,2.161712408065796,0.0
6.433333333333334,47000.0,2.197622299194336,0.0
6.45,47000.0,2.233572006225586,0.0
6.466666666666667,47000.0,2.269558906555176,0.0
6.483333333333333,47000.0,2.3055837154388428,0.0
6.5,47000.0,2.341644763946533,0.0
6.516666666666667,47000.0,2.377722978591919,0.0
6.533333333333333,47000.0,2.4138364791870117,0.0
6.55,47000.0,2.4499619007110596,0.0
6.566666666666666,47000.0,2.486109972000122,0.0
6.583333333333333,47000.0,2.5222725868225098,0.0
6.6,47000.0,2.558445930480957,0.0
6.616666666666666,47000.0,2.5946145057678223,0.0
6.633333333333334,47000.0,2.630789041519165,0.0
6.65,47000.0,2.6669631004333496,0.0
6.666666666666667,47000.0,2.703136920928955,0.0
6.683333333333334,47000.0,2.7392852306365967,0.0
6.7,47000.0,2.7754271030426025,0.0
6.716666666666667,47000.0,2.81156063079834,0.0
6.733333333333333,47000.0,2.8476696014404297,0.0
6.75,47000.0,2.8837509155273438,0.0
6.766666666666667,47000.0,2.9198169708251953,0.0
6.783333333333333,47000.0,2.955836296081543,0.0
6.8,47000.0,2.9918227195739746,0.0
6.816666666666666,47000.0,3.027775764465332,0.0
6.833333333333333,47000.0,3.063678503036499,0.0
6.85,47000.0,3.0995402336120605,0.0
6.866666666666666,47000.0,3.1353657245635986,0.0
6.883333333333334,47000.0,3.171135902404785,0.0
6.9,47000.0,3.2068545818328857,0.0
6.916666666666667,47000.0,3.2425150871276855,0.0
6.933333333333334,47000.0,3.2781121730804443,0.0
6.95,47000.0,3.313659906387329,0.0
6.966666666666667,47000.0,3.3491368293762207,0.0
6.983333333333333,47000.0,3.3845510482788086,0.0
7.0,47000.0,3.4198920726776123,0.0
7.016666666666667,47000.0,3.4551608562469482,0.0
7.033333333333333,47000.0,3.4903619289398193,0.0
7.05,47000.0,3.525484800338745,0.0
7.066666666666666,47000.0,3.5605335235595703,0.0
7.083333333333333,47000.0,3.5955018997192383,0.0
7.1,47000.0,3.6303939819335938,0.0
7.116666666666666,47000.0,3.6651954650878906,0.0
7.133333333333334,47000.0,3.699918031692505,0.0
7.15,47000.0,3.7345542907714844,0.0
7.166666666666667,47000.0,3.769108772277832,0.0
7.183333333333334,47000.0,3.8035717010498047,0.0
7.2,47000.0,3.8379456996917725,0.0
7.216666666666667,47000.0,3.8722333908081055,0.0
7.233333333333333,47000.0,3.906428575515747,0.0
7.25,47000.0,3.9405322074890137,0.0
7.266666666666667,47000.0,3.974531888961792,0.0
7.283333333333333,47000.0,4.008439064025879,0.0
7.3,47000.0,4.042243003845215,0.0
7.316666666666666,47000.0,4.0759501457214355,0.0
7.333333333333333,47000.0,4.109552383422852,0.0
7.35,47000.0,4.143062591552734,0.0
7.366666666666666,47000.0,4.176469802856445,0.0
7.383333333333334,47000.0,4.209759712219238,0.0
7.4,47000.0,4.242956161499023,0.0
7.416666666666667,47000.0,4.276034355163574,0.0
7.433333333333334,47000.0,4.309012413024902,0.0
7.45,47000.0,4.341890335083008,0.0
7.466666666666667,47000.0,4.37465238571167,0.0
7.483333333333333,47000.0,4.407289028167725,0.0
7.5,47000.0,4.439826965332031,0.0
7.516666666666667,47000.0,4.4722490310668945,0.0
7.533333333333333,47000.0,4.504554748535156,0.0
7.55,47000.0,4.536749362945557,0.0
7.566666666666666,47000.0,4.568817138671875,0.0
7.583333333333333,47000.0,4.600778579711914,0.0
7.6,47000.0,4.632615089416504,0.0
7.616666666666666,47000.0,4.664338111877441,0.0
7.633333333333334,47000.0,4.6959309577941895,0.0
7.65,47000.0,4.727405548095703,0.0
7.666666666666667,47000.0,4.758757591247559,0.0
7.683333333333334,47000.0,4.7899885177612305,0.0
7.7,47000.0,4.82110595703125,0.0
7.716666666666667,47000.0,4.852093696594238,0.0
7.733333333333333,47000.0,4.882951736450195,0.0
7.75,47000.0,4.913691520690918,0.0
7.766666666666667,47000.0,4.944293975830078,0.0
7.783333333333333,47000.0,4.974768161773682,0.0
7.8,47000.0,5.005125045776367,0.0
7.816666666666666,47000.0,5.035346031188965,0.0
7.833333333333333,47000.0,5.065434455871582,0.0
7.85,47000.0,5.09540319442749,0.0
7.866666666666666,47000.0,5.125235557556152,0.0
7.883333333333334,47000.0,5.154930591583252,0.0
7.9,47000.0,5.184500694274902,0.0
7.916666666666667,47000.0,5.213936805725098,0.0
7.933333333333334,47000.0,5.243239402770996,0.0
7.95,47000.0,5.272406578063965,0.0
7.966666666666667,47000.0,5.301447868347168,0.0
7.983333333333333,47000.0,5.33033561706543,0.0
8.0,47000.0,5.359087944030762,0.0
8.016666666666667,47000.0,5.387721061706543,0.0
8.033333333333333,47000.0,5.416211128234863,0.0
8.05,47000.0,5.444552421569824,0.0
8.066666666666666,47000.0,5.472774505615234,0.0
8.083333333333334,47000.0,5.500855445861816,0.0
8.1,47000.0,5.528804779052734,0.0
8.116666666666667,47000.0,5.5566182136535645,0.0
8.133333333333333,47000.0,5.584293842315674,0.0
8.15,47000.0,5.611823081970215,0.0
8.166666666666666,47000.0,5.639225959777832,0.0
8.183333333333334,47000.0,5.666494369506836,0.0
8.2,47000.0,5.693624496459961,0.0
8.216666666666667,47000.0,5.720620155334473,0.0
8.233333333333333,47000.0,5.747462749481201,0.0
8.25,47000.0,5.774179458618164,0.0
8.266666666666667,47000.0,5.800757884979248,0.0
8.283333333333333,47000.0,5.827201843261719,0.0
8.3,47000.0,5.853494167327881,0.0
8.316666666666666,47000.0,5.8796586990356445,0.0
8.333333333333334,47000.0,5.905684471130371,0.0
8.35,47000.0,5.931563377380371,0.0
8.366666666666667,47000.0,5.957314491271973,0.0
8.383333333333333,47000.0,5.982928276062012,0.0
8.4,47000.0,6.008403778076172,0.0
8.416666666666666,47000.0,6.0337443351745605,0.0
8.433333333333334,47000.0,6.05893611907959,0.0
8.45,47000.0,6.083991050720215,0.0
8.466666666666667,47000.0,6.10890007019043,0.0
8.483333333333333,47000.0,6.133669853210449,0.0
8.5,47000.0,6.158304214477539,0.0
8.516666666666667,47000.0,6.18280029296875,0.0
8.533333333333333,47000.0,6.207160949707031,0.0
8.55,47000.0,6.2313947677612305,0.0
8.566666666666666,47000.0,6.255489349365234,0.0
8.583333333333334,47000.0,6.279451370239258,0.0
8.6,47000.0,6.303271293640137,0.0
8.616666666666667,47000.0,6.326957702636719,0.0
8.633333333333333,47000.0,6.350509166717529,0.0
8.65,47000.0,6.373927593231201,0.0
8.666666666666666,47000.0,6.397213935852051,0.0
8.683333333333334,47000.0,6.420350074768066,0.0
8.7,47000.0,6.443375587463379,0.0
8.716666666666667,47000.0,6.466254234313965,0.0
8.733333333333333,47000.0,6.489004135131836,0.0
8.75,47000.0,6.511621475219727,0.0
8.766666666666667,47000.0,6.53409481048584,0.0
8.783333333333333,47000.0,6.556449890136719,0.0
8.8,47000.0,6.578660488128662,0.0
8.816666666666666,47000.0,6.600751876831055,0.0
8.833333333333334,47000.0,6.622708797454834,0.0
8.85,47000.0,6.644522666931152,0.0
8.866666666666667,47000.0,6.666219711303711,0.0
8.883333333333333,47000.0,6.687777519226074,0.0
8.9,47000.0,6.709217071533203,0.0
8.916666666666666,47000.0,6.730502128601074,0.0
8.933333333333334,47000.0,6.751692771911621,0.0
8.95,47000.0,6.772741317749023,0.0
8.966666666666667,47000.0,6.7936553955078125,0.0
8.983333333333333,47000.0,6.814446926116943,0.0
9.0,47000.0,6.835093975067139,0.0
9.016666666666667,47000.0,6.855639457702637,0.0
9.033333333333333,47000.0,6.876042366027832,0.0
9.05,47000.0,6.896338939666748,0.0
9.066666666666666,47000.0,6.916498184204102,0.0
9.083333333333334,47000.0,6.936518669128418,0.0
9.1,47000.0,6.956455707550049,0.0
9.116666666666667,47000.0,6.976240158081055,0.0
9.133333333333333,47000.0,6.9959025382995605,0.0
9.15,47000.0,7.015446662902832,0.0
9.166666666666666,47000.0,7.0348591804504395,0.0
9.183333333333334,47000.0,7.054168701171875,0.0
9.2,47000.0,7.073348045349121,0.0
9.216666666666667,47000.0,7.0924153327941895,0.0
9.233333333333333,47000.0,7.111364364624023,0.0
9.25,47000.0,7.130187034606934,0.0
9.266666666666667,47000.0,7.148893356323242,0.0
9.283333333333333,47000.0,7.167491436004639,0.0
9.3,47000.0,7.185964584350586,0.0
9.316666666666666,47000.0,7.204320907592773,0.0
9.333333333333334,47000.0,7.222564697265625,0.0
9.35,47000.0,7.240675449371338,0.0
9.366666666666667,47000.0,7.258698463439941,0.0
9.383333333333333,47000.0,7.276595115661621,0.0
9.4,47000.0,7.294383525848389,0.0
9.416666666666666,47000.0,7.312063217163086,0.0
9.433333333333334,47000.0,7.3296217918396,0.0
9.45,47000.0,7.347075939178467,0.0
9.466666666666667,47000.0,7.364414215087891,0.0
9.483333333333333,47000.0,7.381641387939453,0.0
9.5,47000.0,7.398772239685059,0.0
9.516666666666667,47000.0,7.4157915115356445,0.0
9.533333333333333,47000.0,7.432687282562256,0.0
9.55,47000.0,7.449498176574707,0.0
9.566666666666666,47000.0,7.466190338134766,0.0
9.583333333333334,47000.0,7.482778072357178,0.0
9.6,47000.0,7.499266624450684,0.0
9.616666666666667,47000.0,7.515628814697266,0.0
9.633333333333333,47000.0,7.531859397888184,0.0
9.65,47000.0,7.548028945922852,0.0
9.666666666666666,47000.0,7.564084529876709,0.0
9.683333333333334,47000.0,7.580031394958496,0.0
9.7,47000.0,7.595887660980225,0.0
9.716666666666667,47000.0,7.61163854598999,0.0
9.733333333333333,47000.0,7.627275466918945,0.0
9.75,47000.0,7.642848491668701,0.0
9.766666666666667,47000.0,7.658312797546387,0.0
9.783333333333333,47000.0,7.673669815063477,0.0
9.8,47000.0,7.688929557800293,0.0
9.816666666666666,47000.0,7.704103469848633,0.0
9.833333333333334,47000.0,7.719175815582275,0.0
9.85,47000.0,7.734144687652588,0.0
9.866666666666667,47000.0,7.749050140380859,0.0
9.883333333333333,47000.0,7.763854503631592,0.0
9.9,47000.0,7.778560638427734,0.0
9.916666666666666,47000.0,7.793181419372559,0.0
9.933333333333334,47000.0,7.807721138000488,0.0
9.95,47000.0,7.822145462036133,0.0
9.966666666666667,47000.0,7.836490631103516,0.0
9.983333333333333,47000.0,7.850764274597168,0.0
10.0,47000.0,7.864932060241699,0.0
10.016666666666667,47000.0,7.8790283203125,0.0
10.033333333333333,47000.0,7.893036842346191,0.0
10.05,47000.0,7.906965732574463,0.0
10.066666666666666,47000.0,7.920791149139404,0.0
10.083333333333334,47000.0,7.934514999389648,0.0
0.0,240285.7142857143,9.954231262207031,0.0
0.016666666666666666,240285.7142857143,4.912437915802002,0.0
0.03333333333333333,240285.7142857143,0.5933293104171753,59.55056179775281
0.05,240285.7142857143,0.0,78.65168539325843
0.06666666666666667,240285.7142857143,0.0,83.70786516853933
0.08333333333333333,240285.7142857143,0.0,79.7752808988764
0.1,240285.7142857143,0.0,78.65168539325843
0.11666666666666667,240285.7142857143,0.0,79.7752808988764
0.13333333333333333,240285.7142857143,0.0,79.7752808988764
0.15,240285.7142857143,0.0,78.65168539325843
0.16666666666666666,240285.7142857143,0.0,79.7752808988764
0.18333333333333332,240285.7142857143,0.0,78.65168539325843
0.2,240285.7142857143,0.0,78.08988764044943
0.21666666666666667,240285.7142857143,0.0,76.96629213483146
0.23333333333333334,240285.7142857143,0.0,79.21348314606742
0.25,240285.7142857143,0.0,79.21348314606742
0.26666666666666666,240285.7142857143,0.0,78.08988764044943
0.2833333333333333,240285.7142857143,0.0,79.7752808988764
0.3,240285.7142857143,0.0,80.89887640449437
0.31666666666666665,240285.7142857143,0.0,80.89887640449437
0.3333333333333333,240285.7142857143,0.0,80.89887640449437
0.35,240285.7142857143,0.0,81.46067415730337
0.36666666666666664,240285.7142857143,0.0,81.46067415730337
0.38333333333333336,240285.7142857143,0.0,84.8314606741573
0.4,240285.7142857143,0.0,85.95505617977528
0.4166666666666667,240285.7142857143,0.0,87.64044943820225
0.43333333333333335,240285.7142857143,0.0,88.20224719101124
0.45,240285.7142857143,0.0,91.01123595505618
0.4666666666666667,240285.7142857143,0.0,93.25842696629213
0.48333333333333334,240285.7142857143,0.0,94.9438202247191
0.5,240285.7142857143,0.0,95.50561797752809
0.5166666666666667,240285.7142857143,0.0,97.19101123595506
0.5333333333333333,240285.7142857143,0.0,100.0
0.55,240285.7142857143,0.0,100.0
0.5666666666666667,240285.7142857143,0.0,100.0
0.5833333333333334,240285.7142857143,0.0,100.0
0.6,240285.7142857143,0.0,100.0
0.6166666666666667,240285.7142857143,0.0,100.0
0.6333333333333333,240285.7142857143,0.0,100.0
0.65,240285.7142857143,0.0,100.0
0.6666666666666666,240285.7142857143,0.0,100.0
0.6833333333333333,240285.7142857143,0.0,100.0
0.7,240285.7142857143,0.0,100.0
0.7166666666666667,240285.7142857143,0.0,100.0
0.7333333333333333,240285.7142857143,0.0,100.0
0.75,240285.7142857143,0.0,100.0
0.7666666666666667,240285.7142857143,0.0,100.0
0.7833333333333333,240285.7142857143,0.0,100.0
0.8,240285.7142857143,0.0,100.0
0.8166666666666667,240285.7142857143,0.0,100.0
0.8333333333333334,240285.7142857143,0.0,100.0
0.85,240285.7142857143,0.0,100.0
0.8666666666666667,240285.7142857143,0.0,100.0
0.8833333333333333,240285.7142857143,0.0,100.0
0.9,240285.7142857143,0.0,100.0
0.9166666666666666,240285.7142857143,0.0,100.0
0.9333333333333333,240285.7142857143,0.0,100.0
0.95,240285.7142857143,0.0,100.0
0.9666666666666667,240285.7142857143,0.0,100.0
0.9833333333333333,240285.7142857143,0.0,100.0
1.0,240285.7142857143,0.0,100.0
1.0166666666666666,240285.7142857143,0.0,100.0
1.0333333333333334,240285.7142857143,0.0,100.0
1.05,240285.7142857143,0.0,100.0
1.0666666666666667,240285.7142857143,0.0,100.0
1.0833333333333333,240285.7142857143,0.0,100.0
1.1,240285.7142857143,0.0,100.0
1.1166666666666667,240285.7142857143,0.0,100.0
1.1333333333333333,240285.7142857143,0.0,100.0
1.15,240285.7142857143,0.0,100.0
1.1666666666666667,240285.7142857143,0.0,100.0
1.1833333333333333,240285.7142857143,0.0,100.0
1.2,240285.7142857143,0.0,100.0
1.2166666666666666,240285.7142857143,0.0,100.0
1.2333333333333334,240285.7142857143,0.0,100.0
1.25,240285.7142857143,0.0,100.0
1.2666666666666666,240285.7142857143,0.0,100.0
1.2833333333333334,240285.7142857143,0.0,100.0
1.3,240285.7142857143,0.0,100.0
1.3166666666666667,240285.7142857143,0.0,100.0
1.3333333333333333,240285.7142857143,0.0,100.0
1.35,240285.7142857143,0.0,100.0
1.3666666666666667,240285.7142857143,0.0,100.0
1.3833333333333333,240285.7142857143,0.0,100.0
1.4,240285.7142857143,0.0,100.0
1.4166666666666667,240285.7142857143,0.0,100.0
1.4333333333333333,240285.7142857143,0.0,100.0
1.45,240285.7142857143,0.0,100.0
1.4666666666666666,240285.7142857143,0.0,100.0
1.4833333333333334,240285.7142857143,0.0,100.0
1.5,240285.7142857143,0.0,100.0
1.5166666666666666,240285.7142857143,0.0,100.0
1.5333333333333334,240285.7142857143,0.0,100.0
1.55,240285.7142857143,0.0,100.0
1.5666666666666667,240285.7142857143,0.0,100.0
1.5833333333333333,240285.7142857143,0.0,100.0
1.6,240285.7142857143,0.0,100.0
1.6166666666666667,240285.7142857143,0.0,100.0
1.6333333333333333,240285.7142857143,0.0,100.0
1.65,240285.7142857143,0.0,100.0
1.6666666666666667,240285.7142857143,0.0,100.0
1.6833333333333333,240285.7142857143,0.0,100.0
1.7,240285.7142857143,0.0,100.0
1.7166666666666666,240285.7142857143,0.0,100.0
1.7333333333333334,240285.7142857143,0.0,100.0
1.75,240285.7142857143,0.0,100.0
1.7666666666666666,240285.7142857143,0.0,100.0
1.7833333333333334,240285.7142857143,0.0,100.0
1.8,240285.7142857143,0.0,100.0
1.8166666666666667,240285.7142857143,0.0,100.0
1.8333333333333333,240285.7142857143,0.0,100.0
1.85,240285.7142857143,0.0,100.0
1.8666666666666667,240285.7142857143,0.0,100.0
1.8833333333333333,240285.7142857143,0.0,100.0
1.9,240285.7142857143,0.0,100.0
1.9166666666666667,240285.7142857143,0.0,100.0
1.9333333333333333,240285.7142857143,0.0,100.0
1.95,240285.7142857143,0.0,100.0
1.9666666666666666,240285.7142857143,0.0,100.0
1.9833333333333334,240285.7142857143,0.0,100.0
2.0,240285.7142857143,0.0,100.0
2.0166666666666666,240285.7142857143,0.0,100.0
2.033333333333333,240285.7142857143,0.0,100.0
2.05,240285.7142857143,0.0,100.0
2.066666666666667,240285.7142857143,0.0,100.0
2.0833333333333335,240285.7142857143,0.0,100.0
2.1,240285.7142857143,0.0,100.0
2.1166666666666667,240285.7142857143,0.0,100.0
2.1333333333333333,240285.7142857143,0.0,100.0
2.15,240285.7142857143,0.0,100.0
2.1666666666666665,240285.7142857143,0.0,100.0
2.183333333333333,240285.7142857143,0.0,100.0
2.2,240285.7142857143,0.0,100.0
2.216666666666667,240285.7142857143,0.0,100.0
2.2333333333333334,240285.7142857143,0.0,100.0
2.25,240285.7142857143,0.0,100.0
2.2666666666666666,240285.7142857143,0.0,100.0
2.283333333333333,240285.7142857143,0.0,100.0
2.3,240285.7142857143,0.0,100.0
2.316666666666667,240285.7142857143,0.0,100.0
2.3333333333333335,240285.7142857143,0.0,100.0
2.35,240285.7142857143,0.0,100.0
2.3666666666666667,240285.7142857143,0.0,100.0
2.3833333333333333,240285.7142857143,0.0,100.0
2.4,240285.7142857143,0.0,100.0
2.4166666666666665,240285.7142857143,0.0,100.0
2.433333333333333,240285.7142857143,0.0,100.0
2.45,240285.7142857143,0.0,100.0
2.466666666666667,240285.7142857143,0.0,100.0
2.4833333333333334,240285.7142857143,0.0,100.0
2.5,240285.7142857143,0.0,100.0
2.5166666666666666,240285.7142857143,0.0,100.0
2.533333333333333,240285.7142857143,0.0,100.0
2.55,240285.7142857143,0.0,100.0
2.566666666666667,240285.7142857143,0.0,100.0
2.5833333333333335,240285.7142857143,0.0,100.0
2.6,240285.7142857143,0.0,100.0
2.6166666666666667,240285.7142857143,0.0,100.0
2.6333333333333333,240285.7142857143,0.0,100.0
2.65,240285.7142857143,0.0,100.0
2.6666666666666665,240285.7142857143,0.0,100.0
2.683333333333333,240285.7142857143,0.0,100.0
2.7,240285.7142857143,0.0,100.0
2.716666666666667,240285.7142857143,0.0,100.0
2.7333333333333334,240285.7142857143,0.0,100.0
2.75,240285.7142857143,0.0,100.0
2.7666666666666666,240285.7142857143,0.0,100.0
2.783333333333333,240285.7142857143,0.0,100.0
2.8,240285.7142857143,0.0,100.0
2.816666666666667,240285.7142857143,0.0,100.0
2.8333333333333335,240285.7142857143,0.0,100.0
2.85,240285.7142857143,0.0,100.0
2.8666666666666667,240285.7142857143,0.0,100.0
2.8833333333333333,240285.7142857143,0.0,100.0
2.9,240285.7142857143,0.0,100.0
2.9166666666666665,240285.7142857143,0.0,100.0
2.933333333333333,240285.7142857143,0.0,100.0
2.95,240285.7142857143,0.0,100.0
2.966666666666667,240285.7142857143,0.0,100.0
2.9833333333333334,240285.7142857143,0.0,100.0
3.0,240285.7142857143,0.0,100.0
3.0166666666666666,240285.7142857143,0.0,100.0
3.033333333333333,240285.7142857143,0.0,100.0
3.05,240285.7142857143,0.0,100.0
3.066666666666667,240285.7142857143,0.0,100.0
3.0833333333333335,240285.7142857143,0.0,100.0
3.1,240285.7142857143,0.0,100.0
3.1166666666666667,240285.7142857143,0.0,100.0
3.1333333333333333,240285.7142857143,0.0,100.0
3.15,240285.7142857143,0.0,100.0
3.1666666666666665,240285.7142857143,0.0,100.0
3.183333333333333,240285.7142857143,0.0,100.0
3.2,240285.7142857143,0.0,100.0
3.216666666666667,240285.7142857143,0.0,100.0
3.2333333333333334,240285.7142857143,0.0,100.0
3.25,240285.7142857143,0.0,100.0
3.2666666666666666,240285.7142857143,0.0,100.0
3.283333333333333,240285.7142857143,0.0,100.0
3.3,240285.7142857143,0.0,100.0
3.316666666666667,240285.7142857143,0.0,100.0
3.3333333333333335,240285.7142857143,0.0,100.0
3.35,240285.7142857143,0.0,100.0
3.3666666666666667,240285.7142857143,0.0,100.0
3.3833333333333333,240285.7142857143,0.0,100.0
3.4,240285.7142857143,0.0,100.0
3.4166666666666665,240285.7142857143,0.0,100.0
3.433333333333333,240285.7142857143,0.0,100.0
3.45,240285.7142857143,0.0,100.0
3.466666666666667,240285.7142857143,0.0,100.0
3.4833333333333334,240285.7142857143,0.0,100.0
3.5,240285.7142857143,0.0,100.0
3.5166666666666666,240285.7142857143,0.0,100.0
3.533333333333333,240285.7142857143,0.0,100.0
3.55,240285.7142857143,0.0,100.0
3.566666666666667,240285.7142857143,0.0,100.0
3.5833333333333335,240285.7142857143,0.0,100.0
3.6,240285.7142857143,0.0,100.0
3.6166666666666667,240285.7142857143,0.0,100.0
3.6333333333333333,240285.7142857143,0.0,100.0
3.65,240285.7142857143,0.0,100.0
3.6666666666666665,240285.7142857143,0.0,100.0
3.683333333333333,240285.7142857143,0.0,100.0
3.7,240285.7142857143,0.0,100.0
3.716666666666667,240285.7142857143,0.0,100.0
3.7333333333333334,240285.7142857143,0.0,100.0
3.75,240285.7142857143,0.0,100.0
3.7666666666666666,240285.7142857143,0.0,100.0
3.783333333333333,240285.7142857143,0.0,100.0
3.8,240285.7142857143,0.0,100.0
3.816666666666667,240285.7142857143,0.0,100.0
3.8333333333333335,240285.7142857143,0.0,98.87640449438202
3.85,240285.7142857143,0.0,98.87640449438202
3.8666666666666667,240285.7142857143,0.0,97.75280898876404
3.8833333333333333,240285.7142857143,0.0,97.75280898876404
3.9,240285.7142857143,0.0,97.75280898876404
3.9166666666666665,240285.7142857143,0.0,97.75280898876404
3.933333333333333,240285.7142857143,0.0,97.75280898876404
3.95,240285.7142857143,0.0,97.75280898876404
3.966666666666667,240285.7142857143,0.0,96.62921348314607
3.9833333333333334,240285.7142857143,0.0,96.62921348314607
4.0,240285.7142857143,0.0,96.62921348314607
4.016666666666667,240285.7142857143,0.0,95.50561797752809
4.033333333333333,240285.7142857143,0.0,94.3820224719101
4.05,240285.7142857143,0.0,94.3820224719101
4.066666666666666,240285.7142857143,0.0,94.3820224719101
4.083333333333333,240285.7142857143,0.0,94.3820224719101
4.1,240285.7142857143,0.0,93.25842696629213
4.116666666666666,240285.7142857143,0.0,93.25842696629213
4.133333333333334,240285.7142857143,0.0,93.25842696629213
4.15,240285.7142857143,0.0,93.25842696629213
4.166666666666667,240285.7142857143,0.0,92.13483146067416
4.183333333333334,240285.7142857143,0.0,91.01123595505618
4.2,240285.7142857143,0.0,89.8876404494382
4.216666666666667,240285.7142857143,0.0,89.8876404494382
4.233333333333333,240285.7142857143,0.0,89.8876404494382
4.25,240285.7142857143,0.0,89.8876404494382
4.266666666666667,240285.7142857143,0.0,88.76404494382022
4.283333333333333,240285.7142857143,0.0,88.76404494382022
4.3,240285.7142857143,0.0,88.20224719101124
4.316666666666666,240285.7142857143,0.0,85.95505617977528
4.333333333333333,240285.7142857143,0.0,85.95505617977528
4.35,240285.7142857143,0.0,85.95505617977528
4.366666666666666,240285.7142857143,0.0,85.95505617977528
4.383333333333334,240285.7142857143,0.0,85.95505617977528
4.4,240285.7142857143,0.0,85.95505617977528
4.416666666666667,240285.7142857143,0.0,84.8314606741573
4.433333333333334,240285.7142857143,0.0,83.70786516853933
4.45,240285.7142857143,0.0,82.58426966292134
4.466666666666667,240285.7142857143,0.0,82.58426966292134
4.483333333333333,240285.7142857143,0.0,82.58426966292134
4.5,240285.7142857143,0.0,79.21348314606742
4.516666666666667,240285.7142857143,0.0,77.52808988764045
4.533333333333333,240285.7142857143,0.0,77.52808988764045
4.55,240285.7142857143,0.0,77.52808988764045
4.566666666666666,240285.7142857143,0.0,76.40449438202246
4.583333333333333,240285.7142857143,0.0,76.40449438202246
4.6,240285.7142857143,0.0,75.28089887640449
4.616666666666666,240285.7142857143,0.0,75.28089887640449
4.633333333333334,240285.7142857143,0.0,75.28089887640449
4.65,240285.7142857143,0.0,74.15730337078652
4.666666666666667,240285.7142857143,0.0,74.15730337078652
4.683333333333334,240285.7142857143,0.0,73.03370786516854
4.7,240285.7142857143,0.0,73.03370786516854
4.716666666666667,240285.7142857143,0.0,71.91011235955057
4.733333333333333,240285.7142857143,0.0,71.34831460674157
4.75,240285.7142857143,5.581089135375805e-05,71.34831460674157
4.766666666666667,240285.7142857143,6.508226215373725e-05,71.34831460674157
4.783333333333333,240285.7142857143,2.684635364857968e-05,70.2247191011236
4.8,240285.7142857143,0.00011254112177994102,70.2247191011236
4.816666666666666,240285.7142857143,0.0002963745500892401,69.10112359550563
4.833333333333333,240285.7142857143,0.0005686688236892223,69.10112359550563
4.85,240285.7142857143,0.0009302010876126587,65.73033707865169
4.866666666666666,240285.7142857143,0.001387658528983593,65.73033707865169
4.883333333333334,240285.7142857143,0.0019512311555445194,65.73033707865169
4.9,240285.7142857143,0.0026334081776440144,63.48314606741573
4.916666666666667,240285.7142857143,0.003448418341577053,62.92134831460674
4.933333333333334,240285.7142857143,0.00441192090511322,62.92134831460674
4.95,240285.7142857143,0.005540937185287476,62.92134831460674
4.966666666666667,240285.7142857143,0.0068536968901753426,61.79775280898876
4.983333333333333,240285.7142857143,0.008369691669940948,60.67415730337079
5.0,240285.7142857143,0.010109580121934414,60.67415730337079
5.016666666666667,240285.7142857143,0.01209518313407898,60.67415730337079
5.033333333333333,240285.7142857143,0.014349417760968208,59.55056179775281
5.05,240285.7142857143,0.016896335408091545,59.55056179775281
5.066666666666666,240285.7142857143,0.019760936498641968,59.55056179775281
5.083333333333333,240285.7142857143,0.02296883799135685,56.17977528089888
5.1,240285.7142857143,0.026546485722064972,54.49438202247191
5.116666666666666,240285.7142857143,0.030520906671881676,53.37078651685393
5.133333333333334,240285.7142857143,0.03491958603262901,53.37078651685393
5.15,240285.7142857143,0.03977007418870926,53.37078651685393
5.166666666666667,240285.7142857143,0.04510016366839409,52.24719101123596
5.183333333333334,240285.7142857143,0.0509372353553772,51.12359550561798
5.2,240285.7142857143,0.05730822682380676,51.12359550561798
5.216666666666667,240285.7142857143,0.06423944234848022,50.0
5.233333333333333,240285.7142857143,0.07090793550014496,50.0
5.25,240285.7142857143,0.0753507986664772,48.31460674157304
5.266666666666667,240285.7142857143,0.0802343413233757,48.31460674157304
5.283333333333333,240285.7142857143,0.08558598160743713,48.31460674157304
5.3,240285.7142857143,0.0914330929517746,47.19101123595505
5.316666666666666,240285.7142857143,0.09780227392911911,46.06741573033708
5.333333333333333,240285.7142857143,0.10471952706575394,43.82022471910113
5.35,240285.7142857143,0.11221030354499817,42.69662921348314
5.366666666666666,240285.7142857143,0.12029842287302017,42.69662921348314
5.383333333333334,240285.7142857143,0.1290062963962555,41.57303370786517
5.4,240285.7142857143,0.13835421204566956,40.44943820224719
5.416666666666667,240285.7142857143,0.1483607441186905,39.8876404494382
5.433333333333334,240285.7142857143,0.15904241800308228,39.8876404494382
5.45,240285.7142857143,0.17041340470314026,38.764044943820224
5.466666666666667,240285.7142857143,0.1824851632118225,38.764044943820224
5.483333333333333,240285.7142857143,0.19526663422584534,37.640449438202246
5.5,240285.7142857143,0.2087639570236206,36.51685393258427
5.516666666666667,240285.7142857143,0.22298040986061096,34.26966292134831
5.533333333333333,240285.7142857143,0.23791569471359253,33.146067415730336
5.55,240285.7142857143,0.25356757640838623,32.02247191011236
5.566666666666666,240285.7142857143,0.2699304223060608,30.337078651685395
5.583333333333333,240285.7142857143,0.2869967222213745,30.337078651685395
5.6,240285.7142857143,0.30475616455078125,29.213483146067414
5.616666666666666,240285.7142857143,0.3231956660747528,29.213483146067414
5.633333333333334,240285.7142857143,0.34230029582977295,29.213483146067414
5.65,240285.7142857143,0.3620532155036926,29.213483146067414
5.666666666666667,240285.7142857143,0.3824361264705658,28.08988764044944
5.683333333333334,240285.7142857143,0.40342891216278076,24.719101123595504
5.7,240285.7142857143,0.425009548664093,20.786516853932586
5.716666666666667,240285.7142857143,0.4471564292907715,20.786516853932586
5.733333333333333,240285.7142857143,0.469845712184906,20.786516853932586
5.75,240285.7142857143,0.4930545389652252,20.786516853932586
5.766666666666667,240285.7142857143,0.5167586803436279,19.662921348314608
5.783333333333333,240285.7142857143,0.5409352779388428,17.415730337078653
5.8,240285.7142857143,0.5655592083930969,17.415730337078653
5.816666666666666,240285.7142857143,0.5906074643135071,17.415730337078653
5.833333333333333,240285.7142857143,0.6160569787025452,12.921348314606742
5.85,240285.7142857143,0.6418848037719727,11.235955056179774
5.866666666666666,240285.7142857143,0.6680682897567749,11.235955056179774
5.883333333333334,240285.7142857143,0.6945862770080566,8.98876404494382
5.9,240285.7142857143,0.7214182615280151,8.98876404494382
5.916666666666667,240285.7142857143,0.7485443353652954,7.865168539325842
5.933333333333334,240285.7142857143,0.7759460210800171,6.741573033707865
5.95,240285.7142857143,0.8036053776741028,6.741573033707865
5.966666666666667,240285.7142857143,0.8315054178237915,4.49438202247191
5.983333333333333,240285.7142857143,0.8596299886703491,2.8089887640449436
6.0,240285.7142857143,0.8879639506340027,1.6853932584269662
6.016666666666667,240285.7142857143,0.9164937138557434,0.5617977528089888
6.033333333333333,240285.7142857143,0.9452054500579834,0.5617977528089888
6.05,240285.7142857143,0.9740884304046631,0.5617977528089888
6.066666666666666,240285.7142857143,1.0031306743621826,0.0
6.083333333333333,240285.7142857143,1.0323219299316406,0.0
6.1,240285.7142857143,1.0616514682769775,0.0
6.116666666666666,240285.7142857143,1.0911099910736084,0.0
6.133333333333334,240285.7142857143,1.1206910610198975,0.0
6.15,240285.7142857143,1.1503870487213135,0.0
6.166666666666667,240285.7142857143,1.180192470550537,0.0
6.183333333333334,240285.7142857143,1.2100999355316162,0.0
6.2,240285.7142857143,1.2401022911071777,0.0
6.216666666666667,240285.7142857143,1.2701964378356934,0.0
6.233333333333333,240285.7142857143,1.3003747463226318,0.0
6.25,240285.7142857143,1.3306350708007812,0.0
6.266666666666667,240285.7142857143,1.360975742340088,0.0
6.283333333333333,240285.7142857143,1.3913938999176025,0.0
6.3,240285.7142857143,1.421883225440979,0.0
6.316666666666666,240285.7142857143,1.4524431228637695,0.0
6.333333333333333,240285.7142857143,1.4830715656280518,0.0
6.35,240285.7142857143,1.5137627124786377,0.0
6.366666666666666,240285.7142857143,1.544513463973999,0.0
6.383333333333334,240285.7142857143,1.575323462486267,0.0
6.4,240285.7142857143,1.6061886548995972,0.0
6.416666666666667,240285.7142857143,1.6371067762374878,0.0
6.433333333333334,240285.7142857143,1.6680768728256226,0.0
6.45,240285.7142857143,1.6990972757339478,0.0
6.466666666666667,240285.7142857143,1.7301664352416992,0.0
6.483333333333333,240285.7142857143,1.7612831592559814,0.0
6.5,240285.7142857143,1.7924435138702393,0.0
6.516666666666667,240285.7142857143,1.8236427307128906,0.0
6.533333333333333,240285.7142857143,1.8548846244812012,0.0
6.55,240285.7142857143,1.8861668109893799,0.0
6.566666666666666,240285.7142857143,1.917480230331421,0.0
6.583333333333333,240285.7142857143,1.9488229751586914,0.0
6.6,240285.7142857143,1.9801990985870361,0.0
6.616666666666666,240285.7142857143,2.011591911315918,0.0
6.633333333333334,240285.7142857143,2.0430188179016113,0.0
6.65,240285.7142857143,2.0744686126708984,0.0
6.666666666666667,240285.7142857143,2.105940103530884,0.0
6.683333333333334,240285.7142857143,2.137437105178833,0.0
6.7,240285.7142857143,2.1689341068267822,0.0
6.716666666666667,240285.7142857143,2.2004313468933105,0.0
6.733333333333333,240285.7142857143,2.2319283485412598,0.0
6.75,240285.7142857143,2.2634408473968506,0.0
6.766666666666667,240285.7142857143,2.2949378490448,0.0
6.783333333333333,240285.7142857143,2.3264431953430176,0.0
6.8,240285.7142857143,2.357947826385498,0.0
6.816666666666666,240285.7142857143,2.3894448280334473,0.0
6.833333333333333,240285.7142857143,2.4209282398223877,0.0
6.85,240285.7142857143,2.452389717102051,0.0
6.866666666666666,240285.7142857143,2.483834743499756,0.0
6.883333333333334,240285.7142857143,2.5152692794799805,0.0
6.9,240285.7142857143,2.5466647148132324,0.0
6.916666666666667,240285.7142857143,2.5780410766601562,0.0
6.933333333333334,240285.7142857143,2.609382152557373,0.0
6.95,240285.7142857143,2.6406941413879395,0.0
6.966666666666667,240285.7142857143,2.67197585105896,0.0
6.983333333333333,240285.7142857143,2.703214645385742,0.0
7.0,240285.7142857143,2.734401226043701,0.0
7.016666666666667,240285.7142857143,2.765563488006592,0.0
7.033333333333333,240285.7142857143,2.796680212020874,0.0
7.05,240285.7142857143,2.8277459144592285,0.0
7.066666666666666,240285.7142857143,2.8587584495544434,0.0
7.083333333333333,240285.7142857143,2.8897252082824707,0.0
7.1,240285.7142857143,2.920635938644409,0.0
7.116666666666666,240285.7142857143,2.951488971710205,0.0
7.133333333333334,240285.7142857143,2.982278347015381,0.0
7.15,240285.7142857143,3.0130114555358887,0.0
7.166666666666667,240285.7142857143,3.043684720993042,0.0
7.183333333333334,240285.7142857143,3.0742886066436768,0.0
7.2,240285.7142857143,3.1048269271850586,0.0
7.216666666666667,240285.7142857143,3.1352930068969727,0.0
7.233333333333333,240285.7142857143,3.165688991546631,0.0
7.25,240285.7142857143,3.1960177421569824,0.0
7.266666666666667,240285.7142857143,3.2262725830078125,0.0
7.283333333333333,240285.7142857143,3.256455183029175,0.0
7.3,240285.7142857143,3.2865631580352783,0.0
7.316666666666666,240285.7142857143,3.316592216491699,0.0
7.333333333333333,240285.7142857143,3.346540927886963,0.0
7.35,240285.7142857143,3.3764138221740723,0.0
7.366666666666666,240285.7142857143,3.4061999320983887,0.0
7.383333333333334,240285.7142857143,3.4359073638916016,0.0
7.4,240285.7142857143,3.465528726577759,0.0
7.416666666666667,240285.7142857143,3.4950673580169678,0.0
7.433333333333334,240285.7142857143,3.524526596069336,0.0
7.45,240285.7142857143,3.5538954734802246,0.0
7.466666666666667,240285.7142857143,3.5831799507141113,0.0
7.483333333333333,240285.7142857143,3.6123757362365723,0.0
7.5,240285.7142857143,3.6414833068847656,0.0
7.516666666666667,240285.7142857143,3.670492649078369,0.0
7.533333333333333,240285.7142857143,3.699408769607544,0.0
7.55,240285.7142857143,3.728236198425293,0.0
7.566666666666666,240285.7142857143,3.7569644451141357,0.0
7.583333333333333,240285.7142857143,3.78560733795166,0.0
7.6,240285.7142857143,3.814147472381592,0.0
7.616666666666666,240285.7142857143,3.8425891399383545,0.0
7.633333333333334,240285.7142857143,3.87093448638916,0.0
7.65,240285.7142857143,3.899179458618164,0.0
7.666666666666667,240285.7142857143,3.9273247718811035,0.0
7.683333333333334,240285.7142857143,3.9553732872009277,0.0
7.7,240285.7142857143,3.9831948280334473,0.0
7.716666666666667,240285.7142857143,4.010777473449707,0.0
7.733333333333333,240285.7142857143,4.0382585525512695,0.0
7.75,240285.7142857143,4.065652847290039,0.0
7.766666666666667,240285.7142857143,4.092950820922852,0.0
7.783333333333333,240285.7142857143,4.120133399963379,0.0
7.8,240285.7142857143,4.147229194641113,0.0
7.816666666666666,240285.7142857143,4.174224853515625,0.0
7.833333333333333,240285.7142857143,4.201111793518066,0.0
7.85,240285.7142857143,4.227900505065918,0.0
7.866666666666666,240285.7142857143,4.254579544067383,0.0
7.883333333333334,240285.7142857143,4.281159400939941,0.0
7.9,240285.7142857143,4.307634353637695,0.0
7.916666666666667,240285.7142857143,4.333992958068848,0.0
7.933333333333334,240285.7142857143,4.360257148742676,0.0
7.95,240285.7142857143,4.38641357421875,0.0
7.966666666666667,240285.7142857143,4.412450790405273,0.0
7.983333333333333,240285.7142857143,4.438387870788574,0.0
8.0,240285.7142857143,4.464215278625488,0.0
8.016666666666667,240285.7142857143,4.489933967590332,0.0
8.033333333333333,240285.7142857143,4.515540599822998,0.0
8.05,240285.7142857143,4.541038990020752,0.0
8.066666666666666,240285.7142857143,4.566423416137695,0.0
8.083333333333334,240285.7142857143,4.591700553894043,0.0
8.1,240285.7142857143,4.616853713989258,0.0
8.116666666666667,240285.7142857143,4.641891002655029,0.0
8.133333333333333,240285.7142857143,4.6668314933776855,0.0
8.15,240285.7142857143,4.691662788391113,0.0
8.166666666666666,240285.7142857143,4.716357231140137,0.0
8.183333333333334,240285.7142857143,4.74095344543457,0.0
8.2,240285.7142857143,4.765435218811035,0.0
8.216666666666667,240285.7142857143,4.789797782897949,0.0
8.233333333333333,240285.7142857143,4.814052581787109,0.0
8.25,240285.7142857143,4.838184833526611,0.0
8.266666666666667,240285.7142857143,4.862202167510986,0.0
8.283333333333333,240285.7142857143,4.886098861694336,0.0
8.3,240285.7142857143,4.909884452819824,0.0
8.316666666666666,240285.7142857143,4.933553695678711,0.0
8.333333333333334,240285.7142857143,4.957109451293945,0.0
8.35,240285.7142857143,4.9805498123168945,0.0
8.366666666666667,240285.7142857143,5.003861427307129,0.0
8.383333333333333,240285.7142857143,5.027062892913818,0.0
8.4,240285.7142857143,5.050148010253906,0.0
8.416666666666666,240285.7142857143,5.073120594024658,0.0
8.433333333333334,240285.7142857143,5.095959663391113,0.0
8.45,240285.7142857143,5.118694305419922,0.0
8.466666666666667,240285.7142857143,5.1413116455078125,0.0
8.483333333333333,240285.7142857143,5.163814544677734,0.0
8.5,240285.7142857143,5.186203956604004,0.0
8.516666666666667,240285.7142857143,5.208466529846191,0.0
8.533333333333333,240285.7142857143,5.23061466217041,0.0
8.55,240285.7142857143,5.252652168273926,0.0
8.566666666666666,240285.7142857143,5.274564266204834,0.0
8.583333333333334,240285.7142857143,5.296358108520508,0.0
8.6,240285.7142857143,5.318037986755371,0.0
8.616666666666667,240285.7142857143,5.339604377746582,0.0
8.633333333333333,240285.7142857143,5.361047744750977,0.0
8.65,240285.7142857143,5.382375717163086,0.0
8.666666666666666,240285.7142857143,5.40358829498291,0.0
8.683333333333334,240285.7142857143,5.424678802490234,0.0
8.7,240285.7142857143,5.445652961730957,0.0
8.716666666666667,240285.7142857143,5.4665021896362305,0.0
8.733333333333333,240285.7142857143,5.487255096435547,0.0
8.75,240285.7142857143,5.507879257202148,0.0
8.766666666666667,240285.7142857143,5.528388500213623,0.0
8.783333333333333,240285.7142857143,5.548766136169434,0.0
8.8,240285.7142857143,5.569063663482666,0.0
8.816666666666666,240285.7142857143,5.589229106903076,0.0
8.833333333333334,240285.7142857143,5.609278678894043,0.0
8.85,240285.7142857143,5.629218101501465,0.0
8.866666666666667,240285.7142857143,5.64903450012207,0.0
8.883333333333333,240285.7142857143,5.668739318847656,0.0
8.9,240285.7142857143,5.688319206237793,0.0
8.916666666666666,240285.7142857143,5.70780086517334,0.0
8.933333333333334,240285.7142857143,5.727171897888184,0.0
8.95,240285.7142857143,5.746410369873047,0.0
8.966666666666667,240285.7142857143,5.765539169311523,0.0
8.983333333333333,240285.7142857143,5.7845635414123535,0.0
9.0,240285.7142857143,5.803469657897949,0.0
9.016666666666667,240285.7142857143,5.822249412536621,0.0
9.033333333333333,240285.7142857143,5.840939044952393,0.0
9.05,240285.7142857143,5.859506607055664,0.0
9.066666666666666,240285.7142857143,5.877967834472656,0.0
9.083333333333334,240285.7142857143,5.896304130554199,0.0
9.1,240285.7142857143,5.914553642272949,0.0
9.116666666666667,240285.7142857143,5.93267822265625,0.0
9.133333333333333,240285.7142857143,5.950704574584961,0.0
9.15,240285.7142857143,5.968606948852539,0.0
9.166666666666666,240285.7142857143,5.986416816711426,0.0
9.183333333333334,240285.7142857143,6.004110336303711,0.0
9.2,240285.7142857143,6.021697044372559,0.0
9.216666666666667,240285.7142857143,6.03916072845459,0.0
9.233333333333333,240285.7142857143,6.056541442871094,0.0
9.25,240285.7142857143,6.073791980743408,0.0
9.266666666666667,240285.7142857143,6.090939521789551,0.0
9.283333333333333,240285.7142857143,6.1079816818237305,0.0
9.3,240285.7142857143,6.124906539916992,0.0
9.316666666666666,240285.7142857143,6.141739845275879,0.0
9.333333333333334,240285.7142857143,6.158470153808594,0.0
9.35,240285.7142857143,6.175096035003662,0.0
9.366666666666667,240285.7142857143,6.191605091094971,0.0
9.383333333333333,240285.7142857143,6.208018779754639,0.0
9.4,240285.7142857143,6.2243146896362305,0.0
9.416666666666666,240285.7142857143,6.2405290603637695,0.0
9.433333333333334,240285.7142857143,6.256640434265137,0.0
9.45,240285.7142857143,6.272641658782959,0.0
9.466666666666667,240285.7142857143,6.288541793823242,0.0
9.483333333333333,240285.7142857143,6.304350852966309,0.0
9.5,240285.7142857143,6.320051193237305,0.0
9.516666666666667,240285.7142857143,6.335643291473389,0.0
9.533333333333333,240285.7142857143,6.351156234741211,0.0
9.55,240285.7142857143,6.366562843322754,0.0
9.566666666666666,240285.7142857143,6.381866455078125,0.0
9.583333333333334,240285.7142857143,6.397077560424805,0.0
9.6,240285.7142857143,6.412196636199951,0.0
9.616666666666667,240285.7142857143,6.427187919616699,0.0
9.633333333333333,240285.7142857143,6.44212532043457,0.0
9.65,240285.7142857143,6.456960678100586,0.0
9.666666666666666,240285.7142857143,6.471693992614746,0.0
9.683333333333334,240285.7142857143,6.486330986022949,0.0
9.7,240285.7142857143,6.500883102416992,0.0
9.716666666666667,240285.7142857143,6.515333652496338,0.0
9.733333333333333,240285.7142857143,6.529684066772461,0.0
9.75,240285.7142857143,6.543968677520752,0.0
9.766666666666667,240285.7142857143,6.558138847351074,0.0
9.783333333333333,240285.7142857143,6.572226524353027,0.0
9.8,240285.7142857143,6.586224555969238,0.0
9.816666666666666,240285.7142857143,6.6001434326171875,0.0
9.833333333333334,240285.7142857143,6.613962650299072,0.0
9.85,240285.7142857143,6.627684116363525,0.0
9.866666666666667,240285.7142857143,6.641353130340576,0.0
9.883333333333333,240285.7142857143,6.6549177169799805,0.0
9.9,240285.7142857143,6.668400764465332,0.0
9.916666666666666,240285.7142857143,6.681789398193359,0.0
9.933333333333334,240285.7142857143,6.695110321044922,0.0
9.95,240285.7142857143,6.708337783813477,0.0
9.966666666666667,240285.7142857143,6.721458435058594,0.0
9.983333333333333,240285.7142857143,6.734546661376953,0.0
10.0,240285.7142857143,6.747533798217773,0.0
10.016666666666667,240285.7142857143,6.760433197021484,0.0
10.033333333333333,240285.7142857143,6.77324104309082,0.0
10.05,240285.7142857143,6.7859721183776855,0.0
10.066666666666666,240285.7142857143,6.798648357391357,0.0
10.083333333333334,240285.7142857143,6.811230659484863,0.0
0.0,433571.4285714286,9.954231262207031,0.0
0.016666666666666666,433571.4285714286,4.912322998046875,0.0
0.03333333333333333,433571.4285714286,0.5930684804916382,59.55056179775281
0.05,433571.4285714286,0.0,78.65168539325843
0.06666666666666667,433571.4285714286,0.0,83.70786516853933
0.08333333333333333,433571.4285714286,0.0,79.7752808988764
0.1,433571.4285714286,0.0,78.65168539325843
0.11666666666666667,433571.4285714286,0.0,79.7752808988764
0.13333333333333333,433571.4285714286,0.0,79.7752808988764
0.15,433571.4285714286,0.0,78.65168539325843
0.16666666666666666,433571.4285714286,0.0,79.7752808988764
0.18333333333333332,433571.4285714286,0.0,78.65168539325843
0.2,433571.4285714286,0.0,78.08988764044943
0.21666666666666667,433571.4285714286,0.0,76.96629213483146
0.23333333333333334,433571.4285714286,0.0,79.21348314606742
0.25,433571.4285714286,0.0,79.21348314606742
0.26666666666666666,433571.4285714286,0.0,78.08988764044943
0.2833333333333333,433571.4285714286,0.0,79.7752808988764
0.3,433571.4285714286,0.0,80.89887640449437
0.31666666666666665,433571.4285714286,0.0,80.89887640449437
0.3333333333333333,433571.4285714286,0.0,82.02247191011236
0.35,433571.4285714286,0.0,81.46067415730337
0.36666666666666664,433571.4285714286,0.0,81.46067415730337
0.38333333333333336,433571.4285714286,0.0,84.8314606741573
0.4,433571.4285714286,0.0,85.95505617977528
0.4166666666666667,433571.4285714286,0.0,87.64044943820225
0.43333333333333335,433571.4285714286,0.0,88.20224719101124
0.45,433571.4285714286,0.0,91.01123595505618
0.4666666666666667,433571.4285714286,0.0,93.25842696629213
0.48333333333333334,433571.4285714286,0.0,94.9438202247191
0.5,433571.4285714286,0.0,95.50561797752809
0.5166666666666667,433571.4285714286,0.0,97.19101123595506
0.5333333333333333,433571.4285714286,0.0,100.0
0.55,433571.4285714286,0.0,100.0
0.5666666666666667,433571.4285714286,0.0,100.0
0.5833333333333334,433571.4285714286,0.0,100.0
0.6,433571.4285714286,0.0,100.0
0.6166666666666667,433571.4285714286,0.0,100.0
0.6333333333333333,433571.4285714286,0.0,100.0
0.65,433571.4285714286,0.0,100.0
0.6666666666666666,433571.4285714286,0.0,100.0
0.6833333333333333,433571.4285714286,0.0,100.0
0.7,433571.4285714286,0.0,100.0
0.7166666666666667,433571.4285714286,0.0,100.0
0.7333333333333333,433571.4285714286,0.0,100.0
0.75,433571.4285714286,0.0,100.0
0.7666666666666667,433571.4285714286,0.0,100.0
0.7833333333333333,433571.4285714286,0.0,100.0
0.8,433571.4285714286,0.0,100.0
0.8166666666666667,433571.4285714286,0.0,100.0
0.8333333333333334,433571.4285714286,0.0,100.0
0.85,433571.4285714286,0.0,100.0
0.8666666666666667,433571.4285714286,0.0,100.0
0.8833333333333333,433571.4285714286,0.0,100.0
0.9,433571.4285714286,0.0,100.0
0.9166666666666666,433571.4285714286,0.0,100.0
0.9333333333333333,433571.4285714286,0.0,100.0
0.95,433571.4285714286,0.0,100.0
0.9666666666666667,433571.4285714286,0.0,100.0
0.9833333333333333,433571.4285714286,0.0,100.0
1.0,433571.4285714286,0.0,100.0
1.0166666666666666,433571.4285714286,0.0,100.0
1.0333333333333334,433571.4285714286,0.0,100.0
1.05,433571.4285714286,0.0,100.0
1.0666666666666667,433571.4285714286,0.0,100.0
1.0833333333333333,433571.4285714286,0.0,100.0
1.1,433571.4285714286,0.0,100.0
1.1166666666666667,433571.4285714286,0.0,100.0
1.1333333333333333,433571.4285714286,0.0,100.0
1.15,433571.4285714286,0.0,100.0
1.1666666666666667,433571.4285714286,0.0,100.0
1.1833333333333333,433571.4285714286,0.0,100.0
1.2,433571.4285714286,0.0,100.0
1.2166666666666666,433571.4285714286,0.0,100.0
1.2333333333333334,433571.4285714286,0.0,100.0
1.25,433571.4285714286,0.0,100.0
1.2666666666666666,433571.4285714286,0.0,100.0
1.2833333333333334,433571.4285714286,0.0,100.0
1.3,433571.4285714286,0.0,100.0
1.3166666666666667,433571.4285714286,0.0,100.0
1.3333333333333333,433571.4285714286,0.0,100.0
1.35,433571.4285714286,0.0,100.0
1.3666666666666667,433571.4285714286,0.0,100.0
1.3833333333333333,433571.4285714286,0.0,100.0
1.4,433571.4285714286,0.0,100.0
1.4166666666666667,433571.4285714286,0.0,100.0
1.4333333333333333,433571.4285714286,0.0,100.0
1.45,433571.4285714286,0.0,100.0
1.4666666666666666,433571.4285714286,0.0,100.0
1.4833333333333334,433571.4285714286,0.0,100.0
1.5,433571.4285714286,0.0,100.0
1.5166666666666666,433571.4285714286,0.0,100.0
1.5333333333333334,433571.4285714286,0.0,100.0
1.55,433571.4285714286,0.0,100.0
1.5666666666666667,433571.4285714286,0.0,100.0
1.5833333333333333,433571.4285714286,0.0,100.0
1.6,433571.4285714286,0.0,100.0
1.6166666666666667,433571.4285714286,0.0,100.0
1.6333333333333333,433571.4285714286,0.0,100.0
1.65,433571.4285714286,0.0,100.0
1.6666666666666667,433571.4285714286,0.0,100.0
1.6833333333333333,433571.4285714286,0.0,100.0
1.7,433571.4285714286,0.0,100.0
1.7166666666666666,433571.4285714286,0.0,100.0
1.7333333333333334,433571.4285714286,0.0,100.0
1.75,433571.4285714286,0.0,100.0
1.7666666666666666,433571.4285714286,0.0,100.0
1.7833333333333334,433571.4285714286,0.0,100.0
1.8,433571.4285714286,0.0,100.0
1.8166666666666667,433571.4285714286,0.0,100.0
1.8333333333333333,433571.4285714286,0.0,100.0
1.85,433571.4285714286,0.0,100.0
1.8666666666666667,433571.4285714286,0.0,100.0
1.8833333333333333,433571.4285714286,0.0,100.0
1.9,433571.4285714286,0.0,100.0
1.9166666666666667,433571.4285714286,0.0,100.0
1.9333333333333333,433571.4285714286,0.0,100.0
1.95,433571.4285714286,0.0,100.0
1.9666666666666666,433571.4285714286,0.0,100.0
1.9833333333333334,433571.4285714286,0.0,100.0
2.0,433571.4285714286,0.0,100.0
2.0166666666666666,433571.4285714286,0.0,100.0
2.033333333333333,433571.4285714286,0.0,100.0
2.05,433571.4285714286,0.0,100.0
2.066666666666667,433571.4285714286,0.0,100.0
2.0833333333333335,433571.4285714286,0.0,100.0
2.1,433571.4285714286,0.0,100.0
2.1166666666666667,433571.4285714286,0.0,100.0
2.1333333333333333,433571.4285714286,0.0,100.0
2.15,433571.4285714286,0.0,100.0
2.1666666666666665,433571.4285714286,0.0,100.0
2.183333333333333,433571.4285714286,0.0,100.0
2.2,433571.4285714286,0.0,100.0
2.216666666666667,433571.4285714286,0.0,100.0
2.2333333333333334,433571.4285714286,0.0,100.0
2.25,433571.4285714286,0.0,100.0
2.2666666666666666,433571.4285714286,0.0,100.0
2.283333333333333,433571.4285714286,0.0,100.0
2.3,433571.4285714286,0.0,100.0
2.316666666666667,433571.4285714286,0.0,100.0
2.3333333333333335,433571.4285714286,0.0,100.0
2.35,433571.4285714286,0.0,100.0
2.3666666666666667,433571.4285714286,0.0,100.0
2.3833333333333333,433571.4285714286,0.0,100.0
2.4,433571.4285714286,0.0,100.0
2.4166666666666665,433571.4285714286,0.0,100.0
2.433333333333333,433571.4285714286,0.0,100.0
2.45,433571.4285714286,0.0,100.0
2.466666666666667,433571.4285714286,0.0,100.0
2.4833333333333334,433571.4285714286,0.0,100.0
2.5,433571.4285714286,0.0,100.0
2.5166666666666666,433571.4285714286,0.0,100.0
2.533333333333333,433571.4285714286,0.0,100.0
2.55,433571.4285714286,0.0,100.0
2.566666666666667,433571.4285714286,0.0,100.0
2.5833333333333335,433571.4285714286,0.0,100.0
2.6,433571.4285714286,0.0,100.0
2.6166666666666667,433571.4285714286,0.0,100.0
2.6333333333333333,433571.4285714286,0.0,100.0
2.65,433571.4285714286,0.0,100.0
2.6666666666666665,433571.4285714286,0.0,100.0
2.683333333333333,433571.4285714286,0.0,100.0
2.7,433571.4285714286,0.0,100.0
2.716666666666667,433571.4285714286,0.0,100.0
2.7333333333333334,433571.4285714286,0.0,100.0
2.75,433571.4285714286,0.0,100.0
2.7666666666666666,433571.4285714286,0.0,100.0
2.783333333333333,433571.4285714286,0.0,100.0
2.8,433571.4285714286,0.0,100.0
2.816666666666667,433571.4285714286,0.0,100.0
2.8333333333333335,433571.4285714286,0.0,100.0
2.85,433571.4285714286,0.0,100.0
2.8666666666666667,433571.4285714286,0.0,100.0
2.8833333333333333,433571.4285714286,0.0,100.0
2.9,433571.4285714286,0.0,100.0
2.9166666666666665,433571.4285714286,0.0,100.0
2.933333333333333,433571.4285714286,0.0,100.0
2.95,433571.4285714286,0.0,100.0
2.966666666666667,433571.4285714286,0.0,100.0
2.9833333333333334,433571.4285714286,0.0,100.0
3.0,433571.4285714286,0.0,100.0
3.0166666666666666,433571.4285714286,0.0,100.0
3.033333333333333,433571.4285714286,0.0,100.0
3.05,433571.4285714286,0.0,100.0
3.066666666666667,433571.4285714286,0.0,100.0
3.0833333333333335,433571.4285714286,0.0,100.0
3.1,433571.4285714286,0.0,100.0
3.1166666666666667,433571.4285714286,0.0,100.0
3.1333333333333333,433571.4285714286,0.0,100.0
3.15,433571.4285714286,0.0,100.0
3.1666666666666665,433571.4285714286,0.0,100.0
3.183333333333333,433571.4285714286,0.0,100.0
3.2,433571.4285714286,0.0,100.0
3.216666666666667,433571.4285714286,0.0,100.0
3.2333333333333334,433571.4285714286,0.0,100.0
3.25,433571.4285714286,0.0,100.0
3.2666666666666666,433571.4285714286,0.0,100.0
3.283333333333333,433571.4285714286,0.0,100.0
3.3,433571.4285714286,0.0,100.0
3.316666666666667,433571.4285714286,0.0,100.0
3.3333333333333335,433571.4285714286,0.0,100.0
3.35,433571.4285714286,0.0,100.0
3.3666666666666667,433571.4285714286,0.0,100.0
3.3833333333333333,433571.4285714286,0.0,100.0
3.4,433571.4285714286,0.0,100.0
3.4166666666666665,433571.4285714286,0.0,100.0
3.433333333333333,433571.4285714286,0.0,100.0
3.45,433571.4285714286,0.0,100.0
3.466666666666667,433571.4285714286,0.0,100.0
3.4833333333333334,433571.4285714286,0.0,100.0
3.5,433571.4285714286,0.0,100.0
3.5166666666666666,433571.4285714286,0.0,100.0
3.533333333333333,433571.4285714286,0.0,100.0
3.55,433571.4285714286,0.0,100.0
3.566666666666667,433571.4285714286,0.0,100.0
3.5833333333333335,433571.4285714286,0.0,100.0
3.6,433571.4285714286,0.0,100.0
3.6166666666666667,433571.4285714286,0.0,100.0
3.6333333333333333,433571.4285714286,0.0,100.0
3.65,433571.4285714286,0.0,100.0
3.6666666666666665,433571.4285714286,0.0,100.0
3.683333333333333,433571.4285714286,0.0,100.0
3.7,433571.4285714286,0.0,100.0
3.716666666666667,433571.4285714286,0.0,100.0
3.7333333333333334,433571.4285714286,0.0,100.0
3.75,433571.4285714286,0.0,100.0
3.7666666666666666,433571.4285714286,0.0,100.0
3.783333333333333,433571.4285714286,0.0,100.0
3.8,433571.4285714286,0.0,100.0
3.816666666666667,433571.4285714286,0.0,100.0
3.8333333333333335,433571.4285714286,0.0,100.0
3.85,433571.4285714286,0.0,100.0
3.8666666666666667,433571.4285714286,0.0,100.0
3.8833333333333333,433571.4285714286,0.0,100.0
3.9,433571.4285714286,0.0,98.87640449438202
3.9166666666666665,433571.4285714286,0.0,97.75280898876404
3.933333333333333,433571.4285714286,0.0,97.75280898876404
3.95,433571.4285714286,0.0,97.75280898876404
3.966666666666667,433571.4285714286,0.0,97.75280898876404
3.9833333333333334,433571.4285714286,0.0,97.75280898876404
4.0,433571.4285714286,0.0,97.75280898876404
4.016666666666667,433571.4285714286,0.0,97.75280898876404
4.033333333333333,433571.4285714286,0.0,96.62921348314607
4.05,433571.4285714286,0.0,96.62921348314607
4.066666666666666,433571.4285714286,0.0,96.62921348314607
4.083333333333333,433571.4285714286,0.0,95.50561797752809
4.1,433571.4285714286,0.0,94.3820224719101
4.116666666666666,433571.4285714286,0.0,94.3820224719101
4.133333333333334,433571.4285714286,0.0,94.3820224719101
4.15,433571.4285714286,0.0,94.3820224719101
4.166666666666667,433571.4285714286,0.0,93.25842696629213
4.183333333333334,433571.4285714286,0.0,93.25842696629213
4.2,433571.4285714286,0.0,93.25842696629213
4.216666666666667,433571.4285714286,0.0,93.25842696629213
4.233333333333333,433571.4285714286,0.0,92.13483146067416
4.25,433571.4285714286,0.0,91.01123595505618
4.266666666666667,433571.4285714286,0.0,91.01123595505618
4.283333333333333,433571.4285714286,0.0,89.8876404494382
4.3,433571.4285714286,0.0,89.8876404494382
4.316666666666666,433571.4285714286,0.0,89.8876404494382
4.333333333333333,433571.4285714286,0.0,88.76404494382022
4.35,433571.4285714286,0.0,88.76404494382022
4.366666666666666,433571.4285714286,0.0,88.20224719101124
4.383333333333334,433571.4285714286,0.0,88.20224719101124
4.4,433571.4285714286,0.0,85.95505617977528
4.416666666666667,433571.4285714286,0.0,85.95505617977528
4.433333333333334,433571.4285714286,0.0,85.95505617977528
4.45,433571.4285714286,0.0,85.95505617977528
4.466666666666667,433571.4285714286,0.0,85.95505617977528
4.483333333333333,433571.4285714286,0.0,85.95505617977528
4.5,433571.4285714286,0.0,84.8314606741573
4.516666666666667,433571.4285714286,0.0,84.8314606741573
4.533333333333333,433571.4285714286,0.0,82.58426966292134
4.55,433571.4285714286,0.0,82.58426966292134
4.566666666666666,433571.4285714286,0.0,82.58426966292134
4.583333333333333,433571.4285714286,0.0,81.46067415730337
4.6,433571.4285714286,0.0,78.65168539325843
4.616666666666666,433571.4285714286,0.0,77.52808988764045
4.633333333333334,433571.4285714286,0.0,77.52808988764045
4.65,433571.4285714286,0.0,76.40449438202246
4.666666666666667,433571.4285714286,0.0,76.40449438202246
4.683333333333334,433571.4285714286,0.0,75.28089887640449
4.7,433571.4285714286,0.0,75.28089887640449
4.716666666666667,433571.4285714286,0.0,75.28089887640449
4.733333333333333,433571.4285714286,0.0,75.28089887640449
4.75,433571.4285714286,0.0,74.15730337078652
4.766666666666667,433571.4285714286,0.0,74.15730337078652
4.783333333333333,433571.4285714286,0.0,73.03370786516854
4.8,433571.4285714286,0.0,71.91011235955057
4.816666666666666,433571.4285714286,0.0,71.34831460674157
4.833333333333333,433571.4285714286,0.0,71.34831460674157
4.85,433571.4285714286,7.822713814675808e-05,71.34831460674157
4.866666666666666,433571.4285714286,1.443122800992569e-05,71.34831460674157
4.883333333333334,433571.4285714286,2.622729880386032e-06,70.2247191011236
4.9,433571.4285714286,7.515768811572343e-05,70.2247191011236
4.916666666666667,433571.4285714286,0.00023803679505363107,70.2247191011236
4.933333333333334,433571.4285714286,0.00047746754717081785,70.2247191011236
4.95,433571.4285714286,0.0007920874049887061,69.10112359550563
4.966666666666667,433571.4285714286,0.0011863706167787313,66.85393258426966
4.983333333333333,433571.4285714286,0.0016679121181368828,65.73033707865169
5.0,433571.4285714286,0.0022461479529738426,65.73033707865169
5.016666666666667,433571.4285714286,0.0029318537563085556,63.48314606741573
5.033333333333333,433571.4285714286,0.0037368759512901306,62.92134831460674
5.05,433571.4285714286,0.004673996940255165,62.92134831460674
5.066666666666666,433571.4285714286,0.005756895057857037,62.92134831460674
5.083333333333333,433571.4285714286,0.007000085897743702,62.92134831460674
5.1,433571.4285714286,0.008418906480073929,60.67415730337079
5.116666666666666,433571.4285714286,0.010029485449194908,60.67415730337079
5.133333333333334,433571.4285714286,0.011848775669932365,60.67415730337079
5.15,433571.4285714286,0.013894490897655487,60.67415730337079
5.166666666666667,433571.4285714286,0.016184978187084198,59.55056179775281
5.183333333333334,433571.4285714286,0.018739117309451103,59.55056179775281
5.2,433571.4285714286,0.021576419472694397,58.42696629213483
5.216666666666667,433571.4285714286,0.024716787040233612,56.74157303370787
5.233333333333333,433571.4285714286,0.028180591762065887,54.49438202247191
5.25,433571.4285714286,0.031988248229026794,53.37078651685393
5.266666666666667,433571.4285714286,0.036160387098789215,53.37078651685393
5.283333333333333,433571.4285714286,0.040717676281929016,53.37078651685393
5.3,433571.4285714286,0.0456806942820549,52.24719101123596
5.316666666666666,433571.4285714286,0.05106961727142334,52.24719101123596
5.333333333333333,433571.4285714286,0.05690400302410126,51.12359550561798
5.35,433571.4285714286,0.0632031112909317,50.0
5.366666666666666,433571.4285714286,0.06917700171470642,50.0
5.383333333333334,433571.4285714286,0.07313011586666107,48.87640449438202
5.4,433571.4285714286,0.07744090259075165,48.31460674157304
5.416666666666667,433571.4285714286,0.08212938904762268,48.31460674157304
5.433333333333334,433571.4285714286,0.08721552789211273,48.31460674157304
5.45,433571.4285714286,0.09271875768899918,48.31460674157304
5.466666666666667,433571.4285714286,0.09865821897983551,46.06741573033708
5.483333333333333,433571.4285714286,0.10505211353302002,46.06741573033708
5.5,433571.4285714286,0.11191817373037338,43.82022471910113
5.516666666666667,433571.4285714286,0.11927276104688644,42.69662921348314
5.533333333333333,433571.4285714286,0.12713117897510529,41.57303370786517
5.55,433571.4285714286,0.13550710678100586,40.44943820224719
5.566666666666666,433571.4285714286,0.14441344141960144,39.8876404494382
5.583333333333333,433571.4285714286,0.15386131405830383,39.8876404494382
5.6,433571.4285714286,0.16385993361473083,39.8876404494382
5.616666666666666,433571.4285714286,0.1744173765182495,39.8876404494382
5.633333333333334,433571.4285714286,0.18553975224494934,38.764044943820224
5.65,433571.4285714286,0.19723089039325714,38.764044943820224
5.666666666666667,433571.4285714286,0.20949289202690125,36.51685393258427
5.683333333333334,433571.4285714286,0.22232544422149658,35.39325842696629
5.7,433571.4285714286,0.2357272356748581,33.146067415730336
5.716666666666667,433571.4285714286,0.24969494342803955,32.02247191011236
5.733333333333333,433571.4285714286,0.2642233669757843,31.46067415730337
5.75,433571.4285714286,0.2793051600456238,30.337078651685395
5.766666666666667,433571.4285714286,0.2949320673942566,30.337078651685395
5.783333333333333,433571.4285714286,0.31109416484832764,30.337078651685395
5.8,433571.4285714286,0.32777974009513855,29.213483146067414
5.816666666666666,433571.4285714286,0.3449760675430298,29.213483146067414
5.833333333333333,433571.4285714286,0.36267009377479553,29.213483146067414
5.85,433571.4285714286,0.3808465600013733,29.213483146067414
5.866666666666666,433571.4285714286,0.39948928356170654,25.842696629213485
5.883333333333334,433571.4285714286,0.4185822904109955,23.03370786516854
5.9,433571.4285714286,0.438109427690506,20.786516853932586
5.916666666666667,433571.4285714286,0.4580532908439636,20.786516853932586
5.933333333333334,433571.4285714286,0.47839662432670593,20.786516853932586
5.95,433571.4285714286,0.4991222620010376,20.786516853932586
5.966666666666667,433571.4285714286,0.5202122926712036,19.662921348314608
5.983333333333333,433571.4285714286,0.5416498184204102,19.662921348314608
6.0,433571.4285714286,0.5634186267852783,17.415730337078653
6.016666666666667,433571.4285714286,0.5855001211166382,17.415730337078653
6.033333333333333,433571.4285714286,0.6078786849975586,17.415730337078653
6.05,433571.4285714286,0.630538821220398,13.48314606741573
6.066666666666666,433571.4285714286,0.6534645557403564,11.235955056179774
6.083333333333333,433571.4285714286,0.6766403913497925,11.235955056179774
6.1,433571.4285714286,0.7000536918640137,10.112359550561797
6.116666666666666,433571.4285714286,0.7236901521682739,8.98876404494382
6.133333333333334,433571.4285714286,0.7475365400314331,8.98876404494382
6.15,433571.4285714286,0.7715810537338257,7.865168539325842
6.166666666666667,433571.4285714286,0.7958095073699951,6.741573033707865
6.183333333333334,433571.4285714286,0.820212721824646,6.741573033707865
6.2,433571.4285714286,0.8447797298431396,3.932584269662921
6.216666666666667,433571.4285714286,0.8694994449615479,2.8089887640449436
6.233333333333333,433571.4285714286,0.8943629264831543,1.6853932584269662
6.25,433571.4285714286,0.9193620681762695,0.5617977528089888
6.266666666666667,433571.4285714286,0.9444887638092041,0.5617977528089888
6.283333333333333,433571.4285714286,0.9697359204292297,0.5617977528089888
6.3,433571.4285714286,0.9950955510139465,0.5617977528089888
6.316666666666666,433571.4285714286,1.0205626487731934,0.0
6.333333333333333,433571.4285714286,1.0461299419403076,0.0
6.35,433571.4285714286,1.0717909336090088,0.0
6.366666666666666,433571.4285714286,1.0975416898727417,0.0
6.383333333333334,433571.4285714286,1.1233744621276855,0.0
6.4,433571.4285714286,1.1492899656295776,0.0
6.416666666666667,433571.4285714286,1.1752792596817017,0.0
6.433333333333334,433571.4285714286,1.201340913772583,0.0
6.45,433571.4285714286,1.227470874786377,0.0
6.466666666666667,433571.4285714286,1.2536647319793701,0.0
6.483333333333333,433571.4285714286,1.279917597770691,0.0
6.5,433571.4285714286,1.3062299489974976,0.0
6.516666666666667,433571.4285714286,1.3325984477996826,0.0
6.533333333333333,433571.4285714286,1.3590188026428223,0.0
6.55,433571.4285714286,1.3854888677597046,0.0
6.566666666666666,433571.4285714286,1.4120069742202759,0.0
6.583333333333333,433571.4285714286,1.4385697841644287,0.0
6.6,433571.4285714286,1.4651758670806885,0.0
6.616666666666666,433571.4285714286,1.4918203353881836,0.0
6.633333333333334,433571.4285714286,1.5185061693191528,0.0
6.65,433571.4285714286,1.5452311038970947,0.0
6.666666666666667,433571.4285714286,1.5719845294952393,0.0
6.683333333333334,433571.4285714286,1.5987701416015625,0.0
6.7,433571.4285714286,1.6255886554718018,0.0
6.716666666666667,433571.4285714286,1.6524221897125244,0.0
6.733333333333333,433571.4285714286,1.6792826652526855,0.0
6.75,433571.4285714286,1.7061612606048584,0.0
6.766666666666667,433571.4285714286,1.733059048652649,0.0
6.783333333333333,433571.4285714286,1.7599737644195557,0.0
6.8,433571.4285714286,1.7868990898132324,0.0
6.816666666666666,433571.4285714286,1.8138395547866821,0.0
6.833333333333333,433571.4285714286,1.8407866954803467,0.0
6.85,433571.4285714286,1.8677451610565186,0.0
6.866666666666666,433571.4285714286,1.8947107791900635,0.0
6.883333333333334,433571.4285714286,1.9216859340667725,0.0
6.9,433571.4285714286,1.9486610889434814,0.0
6.916666666666667,433571.4285714286,1.9756362438201904,0.0
6.933333333333334,433571.4285714286,2.0026025772094727,0.0
6.95,433571.4285714286,2.0295636653900146,0.0
6.966666666666667,433571.4285714286,2.056511878967285,0.0
6.983333333333333,433571.4285714286,2.083437919616699,0.0
7.0,433571.4285714286,2.110361099243164,0.0
7.016666666666667,433571.4285714286,2.1372666358947754,0.0
7.033333333333333,433571.4285714286,2.164139747619629,0.0
7.05,433571.4285714286,2.1910009384155273,0.0
7.066666666666666,433571.4285714286,2.2178313732147217,0.0
7.083333333333333,433571.4285714286,2.2446482181549072,0.0
7.1,433571.4285714286,2.271425247192383,0.0
7.116666666666666,433571.4285714286,2.2981719970703125,0.0
7.133333333333334,433571.4285714286,2.324887275695801,0.0
7.15,433571.4285714286,2.351569175720215,0.0
7.166666666666667,433571.4285714286,2.3782155513763428,0.0
7.183333333333334,433571.4285714286,2.40482759475708,0.0
7.2,433571.4285714286,2.431384801864624,0.0
7.216666666666667,433571.4285714286,2.4579062461853027,0.0
7.233333333333333,433571.4285714286,2.4843802452087402,0.0
7.25,433571.4285714286,2.510807514190674,0.0
7.266666666666667,433571.4285714286,2.5371837615966797,0.0
7.283333333333333,433571.4285714286,2.5635085105895996,0.0
7.3,433571.4285714286,2.589784622192383,0.0
7.316666666666666,433571.4285714286,2.6159982681274414,0.0
7.333333333333333,433571.4285714286,2.642167568206787,0.0
7.35,433571.4285714286,2.668280601501465,0.0
7.366666666666666,433571.4285714286,2.6943349838256836,0.0
7.383333333333334,433571.4285714286,2.7203238010406494,0.0
7.4,433571.4285714286,2.746257781982422,0.0
7.416666666666667,433571.4285714286,2.772127151489258,0.0
7.433333333333334,433571.4285714286,2.797929286956787,0.0
7.45,433571.4285714286,2.8236775398254395,0.0
7.466666666666667,433571.4285714286,2.8493564128875732,0.0
7.483333333333333,433571.4285714286,2.8749637603759766,0.0
7.5,433571.4285714286,2.900512218475342,0.0
7.516666666666667,433571.4285714286,2.9259815216064453,0.0
7.533333333333333,433571.4285714286,2.95137357711792,0.0
7.55,433571.4285714286,2.9767017364501953,0.0
7.566666666666666,433571.4285714286,3.0019543170928955,0.0
7.583333333333333,433571.4285714286,3.0271406173706055,0.0
7.6,433571.4285714286,3.052248239517212,0.0
7.616666666666666,433571.4285714286,3.0769267082214355,0.0
7.633333333333334,433571.4285714286,3.1014316082000732,0.0
7.65,433571.4285714286,3.1258673667907715,0.0
7.666666666666667,433571.4285714286,3.15022611618042,0.0
7.683333333333334,433571.4285714286,3.174523115158081,0.0
7.7,433571.4285714286,3.1987464427948,0.0
7.716666666666667,433571.4285714286,3.2228946685791016,0.0
7.733333333333333,433571.4285714286,3.246974229812622,0.0
7.75,433571.4285714286,3.2709803581237793,0.0
7.766666666666667,433571.4285714286,3.2949109077453613,0.0
7.783333333333333,433571.4285714286,3.3187665939331055,0.0
7.8,433571.4285714286,3.342545986175537,0.0
7.816666666666666,433571.4285714286,3.366246223449707,0.0
7.833333333333333,433571.4285714286,3.3898677825927734,0.0
7.85,433571.4285714286,3.4134116172790527,0.0
7.866666666666666,433571.4285714286,3.4368739128112793,0.0
7.883333333333334,433571.4285714286,3.4602537155151367,0.0
7.9,433571.4285714286,3.483553409576416,0.0
7.916666666666667,433571.4285714286,3.506768226623535,0.0
7.933333333333334,433571.4285714286,3.529895782470703,0.0
7.95,433571.4285714286,3.552945375442505,0.0
7.966666666666667,433571.4285714286,3.5759074687957764,0.0
7.983333333333333,433571.4285714286,3.598787784576416,0.0
8.0,433571.4285714286,3.6215739250183105,0.0
8.016666666666667,433571.4285714286,3.644275188446045,0.0
8.033333333333333,433571.4285714286,3.666891098022461,0.0
8.05,433571.4285714286,3.689417600631714,0.0
8.066666666666666,433571.4285714286,3.711855411529541,0.0
8.083333333333334,433571.4285714286,3.7341995239257812,0.0
8.1,433571.4285714286,3.7564549446105957,0.0
8.116666666666667,433571.4285714286,3.7786214351654053,0.0
8.133333333333333,433571.4285714286,3.800694465637207,0.0
8.15,433571.4285714286,3.822676420211792,0.0
8.166666666666666,433571.4285714286,3.8445653915405273,0.0
8.183333333333334,433571.4285714286,3.866366147994995,0.0
8.2,433571.4285714286,3.8880720138549805,0.0
8.216666666666667,433571.4285714286,3.909684181213379,0.0
8.233333333333333,433571.4285714286,3.9311952590942383,0.0
8.25,433571.4285714286,3.9526147842407227,0.0
8.266666666666667,433571.4285714286,3.9739413261413574,0.0
8.283333333333333,433571.4285714286,3.9951679706573486,0.0
8.3,433571.4285714286,4.0163068771362305,0.0
8.316666666666666,433571.4285714286,4.037344932556152,0.0
8.333333333333334,433571.4285714286,4.058282852172852,0.0
8.35,433571.4285714286,4.079129219055176,0.0
8.366666666666667,433571.4285714286,4.0998640060424805,0.0
8.383333333333333,433571.4285714286,4.1205244064331055,0.0
8.4,433571.4285714286,4.141082763671875,0.0
8.416666666666666,433571.4285714286,4.16153621673584,0.0
8.433333333333334,433571.4285714286,4.181897163391113,0.0
8.45,433571.4285714286,4.20215368270874,0.0
8.466666666666667,433571.4285714286,4.222313404083252,0.0
8.483333333333333,433571.4285714286,4.242379665374756,0.0
8.5,433571.4285714286,4.262349605560303,0.0
8.516666666666667,433571.4285714286,4.2822160720825195,0.0
8.533333333333333,433571.4285714286,4.301969528198242,0.0
8.55,433571.4285714286,4.321636199951172,0.0
8.566666666666666,433571.4285714286,4.341209411621094,0.0
8.583333333333334,433571.4285714286,4.36068058013916,0.0
8.6,433571.4285714286,4.3800506591796875,0.0
8.616666666666667,433571.4285714286,4.399324417114258,0.0
8.633333333333333,433571.4285714286,4.418487548828125,0.0
8.65,433571.4285714286,4.437565803527832,0.0
8.666666666666666,433571.4285714286,4.456548690795898,0.0
8.683333333333334,433571.4285714286,4.475421905517578,0.0
8.7,433571.4285714286,4.494199275970459,0.0
8.716666666666667,433571.4285714286,4.512881278991699,0.0
8.733333333333333,433571.4285714286,4.531455039978027,0.0
8.75,433571.4285714286,4.5499372482299805,0.0
8.766666666666667,433571.4285714286,4.568325042724609,0.0
8.783333333333333,433571.4285714286,4.58660888671875,0.0
8.8,433571.4285714286,4.6047821044921875,0.0
8.816666666666666,433571.4285714286,4.622856140136719,0.0
8.833333333333334,433571.4285714286,4.640841484069824,0.0
8.85,433571.4285714286,4.658735275268555,0.0
8.866666666666667,433571.4285714286,4.676521301269531,0.0
8.883333333333333,433571.4285714286,4.694197654724121,0.0
8.9,433571.4285714286,4.711782455444336,0.0
8.916666666666666,433571.4285714286,4.729274749755859,0.0
8.933333333333334,433571.4285714286,4.746669769287109,0.0
8.95,433571.4285714286,4.76396369934082,0.0
8.966666666666667,433571.4285714286,4.781159400939941,0.0
8.983333333333333,433571.4285714286,4.798249244689941,0.0
9.0,433571.4285714286,4.815253257751465,0.0
9.016666666666667,433571.4285714286,4.832159996032715,0.0
9.033333333333333,433571.4285714286,4.848971366882324,0.0
9.05,433571.4285714286,4.865684986114502,0.0
9.066666666666666,433571.4285714286,4.882284164428711,0.0
9.083333333333334,433571.4285714286,4.898804664611816,0.0
9.1,433571.4285714286,4.915212154388428,0.0
9.116666666666667,433571.4285714286,4.931534767150879,0.0
9.133333333333333,433571.4285714286,4.947765350341797,0.0
9.15,433571.4285714286,4.963896751403809,0.0
9.166666666666666,433571.4285714286,4.979914665222168,0.0
9.183333333333334,433571.4285714286,4.995856285095215,0.0
9.2,433571.4285714286,5.011697769165039,0.0
9.216666666666667,433571.4285714286,5.02744197845459,0.0
9.233333333333333,433571.4285714286,5.043090343475342,0.0
9.25,433571.4285714286,5.058652877807617,0.0
9.266666666666667,433571.4285714286,5.074123382568359,0.0
9.283333333333333,433571.4285714286,5.089491844177246,0.0
9.3,433571.4285714286,5.104764938354492,0.0
9.316666666666666,433571.4285714286,5.1199541091918945,0.0
9.333333333333334,433571.4285714286,5.1350507736206055,0.0
9.35,433571.4285714286,5.150056838989258,0.0
9.366666666666667,433571.4285714286,5.164969444274902,0.0
9.383333333333333,433571.4285714286,5.179774284362793,0.0
9.4,433571.4285714286,5.1945085525512695,0.0
9.416666666666666,433571.4285714286,5.2091450691223145,0.0
9.433333333333334,433571.4285714286,5.223690986633301,0.0
9.45,433571.4285714286,5.238150119781494,0.0
9.466666666666667,433571.4285714286,5.252500057220459,0.0
9.483333333333333,433571.4285714286,5.266778945922852,0.0
9.5,433571.4285714286,5.280977249145508,0.0
9.516666666666667,433571.4285714286,5.295069694519043,0.0
9.533333333333333,433571.4285714286,5.309083938598633,0.0
9.55,433571.4285714286,5.323007106781006,0.0
9.566666666666666,433571.4285714286,5.336840629577637,0.0
9.583333333333334,433571.4285714286,5.35056209564209,0.0
9.6,433571.4285714286,5.364243507385254,0.0
9.616666666666667,433571.4285714286,5.3778076171875,0.0
9.633333333333333,433571.4285714286,5.391304016113281,0.0
9.65,433571.4285714286,5.4046950340271,0.0
9.666666666666666,433571.4285714286,5.418015480041504,0.0
9.683333333333334,433571.4285714286,5.431244850158691,0.0
9.7,433571.4285714286,5.44435453414917,0.0
9.716666666666667,433571.4285714286,5.457430362701416,0.0
9.733333333333333,433571.4285714286,5.470416069030762,0.0
9.75,433571.4285714286,5.483304977416992,0.0
9.766666666666667,433571.4285714286,5.496124267578125,0.0
9.783333333333333,433571.4285714286,5.508855819702148,0.0
9.8,433571.4285714286,5.521504878997803,0.0
9.816666666666666,433571.4285714286,5.534064292907715,0.0
9.833333333333334,433571.4285714286,5.546538352966309,0.0
9.85,433571.4285714286,5.558968544006348,0.0
9.866666666666667,433571.4285714286,5.571286201477051,0.0
9.883333333333333,433571.4285714286,5.5835490226745605,0.0
9.9,433571.4285714286,5.595714569091797,0.0
9.916666666666666,433571.4285714286,5.607804298400879,0.0
9.933333333333334,433571.4285714286,5.619832992553711,0.0
9.95,433571.4285714286,5.631742000579834,0.0
9.966666666666667,433571.4285714286,5.64359188079834,0.0
9.983333333333333,433571.4285714286,5.6553955078125,0.0
10.0,433571.4285714286,5.66709041595459,0.0
10.016666666666667,433571.4285714286,5.678731441497803,0.0
10.033333333333333,433571.4285714286,5.6903076171875,0.0
10.05,433571.4285714286,5.70179557800293,0.0
10.066666666666666,433571.4285714286,5.713212490081787,0.0
10.083333333333334,433571.4285714286,5.72456169128418,0.0
0.0,626857.1428571428,9.954231262207031,0.0
0.016666666666666666,626857.1428571428,4.912213325500488,0.0
0.03333333333333333,626857.1428571428,0.5928076505661011,59.55056179775281
0.05,626857.1428571428,0.0,78.65168539325843
0.06666666666666667,626857.1428571428,0.0,83.70786516853933
0.08333333333333333,626857.1428571428,0.0,79.7752808988764
0.1,626857.1428571428,0.0,78.65168539325843
0.11666666666666667,626857.1428571428,0.0,79.7752808988764
0.13333333333333333,626857.1428571428,0.0,79.7752808988764
0.15,626857.1428571428,0.0,78.65168539325843
0.16666666666666666,626857.1428571428,0.0,79.7752808988764
0.18333333333333332,626857.1428571428,0.0,78.65168539325843
0.2,626857.1428571428,0.0,78.08988764044943
0.21666666666666667,626857.1428571428,0.0,76.96629213483146
0.23333333333333334,626857.1428571428,0.0,79.21348314606742
0.25,626857.1428571428,0.0,79.21348314606742
0.26666666666666666,626857.1428571428,0.0,78.08988764044943
0.2833333333333333,626857.1428571428,0.0,79.7752808988764
0.3,626857.1428571428,0.0,80.89887640449437
0.31666666666666665,626857.1428571428,0.0,80.89887640449437
0.3333333333333333,626857.1428571428,0.0,82.02247191011236
0.35,626857.1428571428,0.0,81.46067415730337
0.36666666666666664,626857.1428571428,0.0,81.46067415730337
0.38333333333333336,626857.1428571428,0.0,84.8314606741573
0.4,626857.1428571428,0.0,85.95505617977528
0.4166666666666667,626857.1428571428,0.0,87.64044943820225
0.43333333333333335,626857.1428571428,0.0,88.20224719101124
0.45,626857.1428571428,0.0,91.01123595505618
0.4666666666666667,626857.1428571428,0.0,93.25842696629213
0.48333333333333334,626857.1428571428,0.0,94.9438202247191
0.5,626857.1428571428,0.0,95.50561797752809
0.5166666666666667,626857.1428571428,0.0,98.87640449438202
0.5333333333333333,626857.1428571428,0.0,100.0
0.55,626857.1428571428,0.0,100.0
0.5666666666666667,626857.1428571428,0.0,100.0
0.5833333333333334,626857.1428571428,0.0,100.0
0.6,626857.1428571428,0.0,100.0
0.6166666666666667,626857.1428571428,0.0,100.0
0.6333333333333333,626857.1428571428,0.0,100.0
0.65,626857.1428571428,0.0,100.0
0.6666666666666666,626857.1428571428,0.0,100.0
0.6833333333333333,626857.1428571428,0.0,100.0
0.7,626857.1428571428,0.0,100.0
0.7166666666666667,626857.1428571428,0.0,100.0
0.7333333333333333,626857.1428571428,0.0,100.0
0.75,626857.1428571428,0.0,100.0
0.7666666666666667,626857.1428571428,0.0,100.0
0.7833333333333333,626857.1428571428,0.0,100.0
0.8,626857.1428571428,0.0,100.0
0.8166666666666667,626857.1428571428,0.0,100.0
0.8333333333333334,626857.1428571428,0.0,100.0
0.85,626857.1428571428,0.0,100.0
0.8666666666666667,626857.1428571428,0.0,100.0
0.8833333333333333,626857.1428571428,0.0,100.0
0.9,626857.1428571428,0.0,100.0
0.9166666666666666,626857.1428571428,0.0,100.0
0.9333333333333333,626857.1428571428,0.0,100.0
0.95,626857.1428571428,0.0,100.0
0.9666666666666667,626857.1428571428,0.0,100.0
0.9833333333333333,626857.1428571428,0.0,100.0
1.0,626857.1428571428,0.0,100.0
1.0166666666666666,626857.1428571428,0.0,100.0
1.0333333333333334,626857.1428571428,0.0,100.0
1.05,626857.1428571428,0.0,100.0
1.0666666666666667,626857.1428571428,0.0,100.0
1.0833333333333333,626857.1428571428,0.0,100.0
1.1,626857.1428571428,0.0,100.0
1.1166666666666667,626857.1428571428,0.0,100.0
1.1333333333333333,626857.1428571428,0.0,100.0
1.15,626857.1428571428,0.0,100.0
1.1666666666666667,626857.1428571428,0.0,100.0
1.1833333333333333,626857.1428571428,0.0,100.0
1.2,626857.1428571428,0.0,100.0
1.2166666666666666,626857.1428571428,0.0,100.0
1.2333333333333334,626857.1428571428,0.0,100.0
1.25,626857.1428571428,0.0,100.0
1.2666666666666666,626857.1428571428,0.0,100.0
1.2833333333333334,626857.1428571428,0.0,100.0
1.3,626857.1428571428,0.0,100.0
1.3166666666666667,626857.1428571428,0.0,100.0
1.3333333333333333,626857.1428571428,0.0,100.0
1.35,626857.1428571428,0.0,100.0
1.3666666666666667,626857.1428571428,0.0,100.0
1.3833333333333333,626857.1428571428,0.0,100.0
1.4,626857.1428571428,0.0,100.0
1.4166666666666667,626857.1428571428,0.0,100.0
1.4333333333333333,626857.1428571428,0.0,100.0
1.45,626857.1428571428,0.0,100.0
1.4666666666666666,626857.1428571428,0.0,100.0
1.4833333333333334,626857.1428571428,0.0,100.0
1.5,626857.1428571428,0.0,100.0
1.5166666666666666,626857.1428571428,0.0,100.0
1.5333333333333334,626857.1428571428,0.0,100.0
1.55,626857.1428571428,0.0,100.0
1.5666666666666667,626857.1428571428,0.0,100.0
1.5833333333333333,626857.1428571428,0.0,100.0
1.6,626857.1428571428,0.0,100.0
1.6166666666666667,626857.1428571428,0.0,100.0
1.6333333333333333,626857.1428571428,0.0,100.0
1.65,626857.1428571428,0.0,100.0
1.6666666666666667,626857.1428571428,0.0,100.0
1.6833333333333333,626857.1428571428,0.0,100.0
1.7,626857.1428571428,0.0,100.0
1.7166666666666666,626857.1428571428,0.0,100.0
1.7333333333333334,626857.1428571428,0.0,100.0
1.75,626857.1428571428,0.0,100.0
1.7666666666666666,626857.1428571428,0.0,100.0
1.7833333333333334,626857.1428571428,0.0,100.0
1.8,626857.1428571428,0.0,100.0
1.8166666666666667,626857.1428571428,0.0,100.0
1.8333333333333333,626857.1428571428,0.0,100.0
1.85,626857.1428571428,0.0,100.0
1.8666666666666667,626857.1428571428,0.0,100.0
1.8833333333333333,626857.1428571428,0.0,100.0
1.9,626857.1428571428,0.0,100.0
1.9166666666666667,626857.1428571428,0.0,100.0
1.9333333333333333,626857.1428571428,0.0,100.0
1.95,626857.1428571428,0.0,100.0
1.9666666666666666,626857.1428571428,0.0,100.0
1.9833333333333334,626857.1428571428,0.0,100.0
2.0,626857.1428571428,0.0,100.0
2.0166666666666666,626857.1428571428,0.0,100.0
2.033333333333333,626857.1428571428,0.0,100.0
2.05,626857.1428571428,0.0,100.0
2.066666666666667,626857.1428571428,0.0,100.0
2.0833333333333335,626857.1428571428,0.0,100.0
2.1,626857.1428571428,0.0,100.0
2.1166666666666667,626857.1428571428,0.0,100.0
2.1333333333333333,626857.1428571428,0.0,100.0
2.15,626857.1428571428,0.0,100.0
2.1666666666666665,626857.1428571428,0.0,100.0
2.183333333333333,626857.1428571428,0.0,100.0
2.2,626857.1428571428,0.0,100.0
2.216666666666667,626857.1428571428,0.0,100.0
2.2333333333333334,626857.1428571428,0.0,100.0
2.25,626857.1428571428,0.0,100.0
2.2666666666666666,626857.1428571428,0.0,100.0
2.283333333333333,626857.1428571428,0.0,100.0
2.3,626857.1428571428,0.0,100.0
2.316666666666667,626857.1428571428,0.0,100.0
2.3333333333333335,626857.1428571428,0.0,100.0
2.35,626857.1428571428,0.0,100.0
2.3666666666666667,626857.1428571428,0.0,100.0
2.3833333333333333,626857.1428571428,0.0,100.0
2.4,626857.1428571428,0.0,100.0
2.4166666666666665,626857.1428571428,0.0,100.0
2.433333333333333,626857.1428571428,0.0,100.0
2.45,626857.1428571428,0.0,100.0
2.466666666666667,626857.1428571428,0.0,100.0
2.4833333333333334,626857.1428571428,0.0,100.0
2.5,626857.1428571428,0.0,100.0
2.5166666666666666,626857.1428571428,0.0,100.0
2.533333333333333,626857.1428571428,0.0,100.0
2.55,626857.1428571428,0.0,100.0
2.566666666666667,626857.1428571428,0.0,100.0
2.5833333333333335,626857.1428571428,0.0,100.0
2.6,626857.1428571428,0.0,100.0
2.6166666666666667,626857.1428571428,0.0,100.0
2.6333333333333333,626857.1428571428,0.0,100.0
2.65,626857.1428571428,0.0,100.0
2.6666666666666665,626857.1428571428,0.0,100.0
2.683333333333333,626857.1428571428,0.0,100.0
2.7,626857.1428571428,0.0,100.0
2.716666666666667,626857.1428571428,0.0,100.0
2.7333333333333334,626857.1428571428,0.0,100.0
2.75,626857.1428571428,0.0,100.0
2.7666666666666666,626857.1428571428,0.0,100.0
2.783333333333333,626857.1428571428,0.0,100.0
2.8,626857.1428571428,0.0,100.0
2.816666666666667,626857.1428571428,0.0,100.0
2.8333333333333335,626857.1428571428,0.0,100.0
2.85,626857.1428571428,0.0,100.0
2.8666666666666667,626857.1428571428,0.0,100.0
2.8833333333333333,626857.1428571428,0.0,100.0
2.9,626857.1428571428,0.0,100.0
2.9166666666666665,626857.1428571428,0.0,100.0
2.933333333333333,626857.1428571428,0.0,100.0
2.95,626857.1428571428,0.0,100.0
2.966666666666667,626857.1428571428,0.0,100.0
2.9833333333333334,626857.1428571428,0.0,100.0
3.0,626857.1428571428,0.0,100.0
3.0166666666666666,626857.1428571428,0.0,100.0
3.033333333333333,626857.1428571428,0.0,100.0
3.05,626857.1428571428,0.0,100.0
3.066666666666667,626857.1428571428,0.0,100.0
3.0833333333333335,626857.1428571428,0.0,100.0
3.1,626857.1428571428,0.0,100.0
3.1166666666666667,626857.1428571428,0.0,100.0
3.1333333333333333,626857.1428571428,0.0,100.0
3.15,626857.1428571428,0.0,100.0
3.1666666666666665,626857.1428571428,0.0,100.0
3.183333333333333,626857.1428571428,0.0,100.0
3.2,626857.1428571428,0.0,100.0
3.216666666666667,626857.1428571428,0.0,100.0
3.2333333333333334,626857.1428571428,0.0,100.0
3.25,626857.1428571428,0.0,100.0
3.2666666666666666,626857.1428571428,0.0,100.0
3.283333333333333,626857.1428571428,0.0,100.0
3.3,626857.1428571428,0.0,100.0
3.316666666666667,626857.1428571428,0.0,100.0
3.3333333333333335,626857.1428571428,0.0,100.0
3.35,626857.1428571428,0.0,100.0
3.3666666666666667,626857.1428571428,0.0,100.0
3.3833333333333333,626857.1428571428,0.0,100.0
3.4,626857.1428571428,0.0,100.0
3.4166666666666665,626857.1428571428,0.0,100.0
3.433333333333333,626857.1428571428,0.0,100.0
3.45,626857.1428571428,0.0,100.0
3.466666666666667,626857.1428571428,0.0,100.0
3.4833333333333334,626857.1428571428,0.0,100.0
3.5,626857.1428571428,0.0,100.0
3.5166666666666666,626857.1428571428,0.0,100.0
3.533333333333333,626857.1428571428,0.0,100.0
3.55,626857.1428571428,0.0,100.0
3.566666666666667,626857.1428571428,0.0,100.0
3.5833333333333335,626857.1428571428,0.0,100.0
3.6,626857.1428571428,0.0,100.0
3.6166666666666667,626857.1428571428,0.0,100.0
3.6333333333333333,626857.1428571428,0.0,100.0
3.65,626857.1428571428,0.0,100.0
3.6666666666666665,626857.1428571428,0.0,100.0
3.683333333333333,626857.1428571428,0.0,100.0
3.7,626857.1428571428,0.0,100.0
3.716666666666667,626857.1428571428,0.0,100.0
3.7333333333333334,626857.1428571428,0.0,100.0
3.75,626857.1428571428,0.0,100.0
3.7666666666666666,626857.1428571428,0.0,100.0
3.783333333333333,626857.1428571428,0.0,100.0
3.8,626857.1428571428,0.0,100.0
3.816666666666667,626857.1428571428,0.0,100.0
3.8333333333333335,626857.1428571428,0.0,100.0
3.85,626857.1428571428,0.0,100.0
3.8666666666666667,626857.1428571428,0.0,100.0
3.8833333333333333,626857.1428571428,0.0,100.0
3.9,626857.1428571428,0.0,100.0
3.9166666666666665,626857.1428571428,0.0,100.0
3.933333333333333,626857.1428571428,0.0,100.0
3.95,626857.1428571428,0.0,100.0
3.966666666666667,626857.1428571428,0.0,98.87640449438202
3.9833333333333334,626857.1428571428,0.0,97.75280898876404
4.0,626857.1428571428,0.0,97.75280898876404
4.016666666666667,626857.1428571428,0.0,97.75280898876404
4.033333333333333,626857.1428571428,0.0,97.75280898876404
4.05,626857.1428571428,0.0,97.75280898876404
4.066666666666666,626857.1428571428,0.0,97.75280898876404
4.083333333333333,626857.1428571428,0.0,97.75280898876404
4.1,626857.1428571428,0.0,96.62921348314607
4.116666666666666,626857.1428571428,0.0,96.62921348314607
4.133333333333334,626857.1428571428,0.0,96.62921348314607
4.15,626857.1428571428,0.0,95.50561797752809
4.166666666666667,626857.1428571428,0.0,94.3820224719101
4.183333333333334,626857.1428571428,0.0,94.3820224719101
4.2,626857.1428571428,0.0,94.3820224719101
4.216666666666667,626857.1428571428,0.0,94.3820224719101
4.233333333333333,626857.1428571428,0.0,94.3820224719101
4.25,626857.1428571428,0.0,93.25842696629213
4.266666666666667,626857.1428571428,0.0,93.25842696629213
4.283333333333333,626857.1428571428,0.0,93.25842696629213
4.3,626857.1428571428,0.0,92.13483146067416
4.316666666666666,626857.1428571428,0.0,92.13483146067416
4.333333333333333,626857.1428571428,0.0,91.01123595505618
4.35,626857.1428571428,0.0,91.01123595505618
4.366666666666666,626857.1428571428,0.0,89.8876404494382
4.383333333333334,626857.1428571428,0.0,89.8876404494382
4.4,626857.1428571428,0.0,88.76404494382022
4.416666666666667,626857.1428571428,0.0,88.76404494382022
4.433333333333334,626857.1428571428,0.0,88.76404494382022
4.45,626857.1428571428,0.0,88.20224719101124
4.466666666666667,626857.1428571428,0.0,88.20224719101124
4.483333333333333,626857.1428571428,0.0,85.95505617977528
4.5,626857.1428571428,0.0,85.95505617977528
4.516666666666667,626857.1428571428,0.0,85.95505617977528
4.533333333333333,626857.1428571428,0.0,85.95505617977528
4.55,626857.1428571428,0.0,85.95505617977528
4.566666666666666,626857.1428571428,0.0,85.95505617977528
4.583333333333333,626857.1428571428,0.0,84.8314606741573
4.6,626857.1428571428,0.0,84.8314606741573
4.616666666666666,626857.1428571428,0.0,83.70786516853933
4.633333333333334,626857.1428571428,0.0,82.58426966292134
4.65,626857.1428571428,0.0,82.58426966292134
4.666666666666667,626857.1428571428,0.0,81.46067415730337
4.683333333333334,626857.1428571428,0.0,81.46067415730337
4.7,626857.1428571428,0.0,78.65168539325843
4.716666666666667,626857.1428571428,0.0,78.65168539325843
4.733333333333333,626857.1428571428,0.0,77.52808988764045
4.75,626857.1428571428,0.0,76.40449438202246
4.766666666666667,626857.1428571428,0.0,76.40449438202246
4.783333333333333,626857.1428571428,0.0,76.40449438202246
4.8,626857.1428571428,0.0,75.28089887640449
4.816666666666666,626857.1428571428,0.0,75.28089887640449
4.833333333333333,626857.1428571428,0.0,75.28089887640449
4.85,626857.1428571428,0.0,74.15730337078652
4.866666666666666,626857.1428571428,0.0,74.15730337078652
4.883333333333334,626857.1428571428,0.0,74.15730337078652
4.9,626857.1428571428,0.0,71.91011235955057
4.916666666666667,626857.1428571428,0.0,71.91011235955057
4.933333333333334,626857.1428571428,0.0,71.34831460674157
4.95,626857.1428571428,1.1322814316372387e-05,71.34831460674157
4.966666666666667,626857.1428571428,1.4001509953232016e-05,71.34831460674157
4.983333333333333,626857.1428571428,8.44427404445014e-07,71.34831460674157
5.0,626857.1428571428,1.2960179446963593e-05,70.2247191011236
5.016666666666667,626857.1428571428,0.00011431953316787258,70.2247191011236
5.033333333333333,626857.1428571428,0.0002920524566434324,70.2247191011236
5.05,626857.1428571428,0.0005345315439626575,70.2247191011236
5.066666666666666,626857.1428571428,0.0008413202594965696,67.97752808988764
5.083333333333333,626857.1428571428,0.0012165120569989085,66.85393258426966
5.1,626857.1428571428,0.001666362164542079,66.85393258426966
5.116666666666666,626857.1428571428,0.0021983864717185497,65.73033707865169
5.133333333333334,626857.1428571428,0.0028210037853568792,64.60674157303372
5.15,626857.1428571428,0.0035433697048574686,62.92134831460674
5.166666666666667,626857.1428571428,0.004375225864350796,62.92134831460674
5.183333333333334,626857.1428571428,0.005326904356479645,62.92134831460674
5.2,626857.1428571428,0.006409306079149246,62.92134831460674
5.216666666666667,626857.1428571428,0.007633865345269442,62.92134831460674
5.233333333333333,626857.1428571428,0.009012596681714058,61.79775280898876
5.25,626857.1428571428,0.010557957924902439,60.67415730337079
5.266666666666667,626857.1428571428,0.012282904237508774,60.67415730337079
5.283333333333333,626857.1428571428,0.014200831763446331,59.55056179775281
5.3,626857.1428571428,0.01632549613714218,59.55056179775281
5.316666666666666,626857.1428571428,0.0186710637062788,59.55056179775281
5.333333333333333,626857.1428571428,0.02125190757215023,58.42696629213483
5.35,626857.1428571428,0.024082770571112633,57.865168539325836
5.366666666666666,626857.1428571428,0.027178525924682617,56.74157303370787
5.383333333333334,626857.1428571428,0.03055393137037754,56.74157303370787
5.4,626857.1428571428,0.0342240035533905,53.37078651685393
5.416666666666667,626857.1428571428,0.038203682750463486,53.37078651685393
5.433333333333334,626857.1428571428,0.042507801204919815,53.37078651685393
5.45,626857.1428571428,0.04715069383382797,52.24719101123596
5.466666666666667,626857.1428571428,0.05214651674032211,52.24719101123596
5.483333333333333,626857.1428571428,0.057508811354637146,52.24719101123596
5.5,626857.1428571428,0.063250832259655,50.0
5.516666666666667,626857.1428571428,0.06810502707958221,50.0
5.533333333333333,626857.1428571428,0.07163965702056885,48.87640449438202
5.55,626857.1428571428,0.07546128332614899,48.31460674157304
5.566666666666666,626857.1428571428,0.0795840471982956,48.31460674157304
5.583333333333333,626857.1428571428,0.0840216875076294,48.31460674157304
5.6,626857.1428571428,0.08878782391548157,48.31460674157304
5.616666666666666,626857.1428571428,0.09389568120241165,48.31460674157304
5.633333333333334,626857.1428571428,0.0993579775094986,47.19101123595505
5.65,626857.1428571428,0.10518675297498703,46.06741573033708
5.666666666666667,626857.1428571428,0.111393503844738,44.9438202247191
5.683333333333334,626857.1428571428,0.11798902601003647,44.9438202247191
5.7,626857.1428571428,0.12498313933610916,41.57303370786517
5.716666666666667,626857.1428571428,0.13238480687141418,40.44943820224719
5.733333333333333,626857.1428571428,0.14020222425460815,39.8876404494382
5.75,626857.1428571428,0.14844217896461487,39.8876404494382
5.766666666666667,626857.1428571428,0.15711049735546112,39.8876404494382
5.783333333333333,626857.1428571428,0.16621200740337372,39.8876404494382
5.8,626857.1428571428,0.1757505089044571,39.8876404494382
5.816666666666666,626857.1428571428,0.18572832643985748,39.8876404494382
5.833333333333333,626857.1428571428,0.1961471289396286,38.764044943820224
5.85,626857.1428571428,0.2070062756538391,38.764044943820224
5.866666666666666,626857.1428571428,0.2183046042919159,37.640449438202246
5.883333333333334,626857.1428571428,0.23003941774368286,35.39325842696629
5.9,626857.1428571428,0.2422078251838684,33.146067415730336
5.916666666666667,626857.1428571428,0.2548051178455353,31.46067415730337
5.933333333333334,626857.1428571428,0.2678254246711731,31.46067415730337
5.95,626857.1428571428,0.2812623977661133,31.46067415730337
5.966666666666667,626857.1428571428,0.29510873556137085,31.46067415730337
5.983333333333333,626857.1428571428,0.3093563914299011,30.337078651685395
6.0,626857.1428571428,0.32399556040763855,30.337078651685395
6.016666666666667,626857.1428571428,0.3390166163444519,30.337078651685395
6.033333333333333,626857.1428571428,0.35440874099731445,29.213483146067414
6.05,626857.1428571428,0.3701614737510681,29.213483146067414
6.066666666666666,626857.1428571428,0.38626378774642944,29.213483146067414
6.083333333333333,626857.1428571428,0.4027039110660553,26.96629213483146
6.1,626857.1428571428,0.4194694757461548,24.15730337078652
6.116666666666666,626857.1428571428,0.43654918670654297,23.03370786516854
6.133333333333334,626857.1428571428,0.4539301097393036,21.910112359550563
6.15,626857.1428571428,0.4716011583805084,20.786516853932586
6.166666666666667,626857.1428571428,0.4895498752593994,20.786516853932586
6.183333333333334,626857.1428571428,0.5077645778656006,20.786516853932586
6.2,626857.1428571428,0.5262333154678345,20.786516853932586
6.216666666666667,626857.1428571428,0.5449428558349609,19.662921348314608
6.233333333333333,626857.1428571428,0.5638821125030518,19.662921348314608
6.25,626857.1428571428,0.5830402970314026,18.53932584269663
6.266666666666667,626857.1428571428,0.6024060249328613,17.415730337078653
6.283333333333333,626857.1428571428,0.6219700574874878,13.48314606741573
6.3,626857.1428571428,0.6417206525802612,13.48314606741573
6.316666666666666,626857.1428571428,0.6616495847702026,12.359550561797752
6.333333333333333,626857.1428571428,0.6817464828491211,11.235955056179774
6.35,626857.1428571428,0.7020028829574585,11.235955056179774
6.366666666666666,626857.1428571428,0.7224104404449463,10.112359550561797
6.383333333333334,626857.1428571428,0.7429611682891846,8.98876404494382
6.4,626857.1428571428,0.7636463642120361,8.98876404494382
6.416666666666667,626857.1428571428,0.7844586372375488,8.98876404494382
6.433333333333334,626857.1428571428,0.8053904175758362,7.865168539325842
6.45,626857.1428571428,0.8264356851577759,6.741573033707865
6.466666666666667,626857.1428571428,0.8475872278213501,3.932584269662921
6.483333333333333,626857.1428571428,0.8688390254974365,2.8089887640449436
6.5,626857.1428571428,0.8901859521865845,2.8089887640449436
6.516666666666667,626857.1428571428,0.9116226434707642,1.6853932584269662
6.533333333333333,626857.1428571428,0.933144211769104,0.5617977528089888
6.55,626857.1428571428,0.9547455906867981,0.5617977528089888
6.566666666666666,626857.1428571428,0.9764219522476196,0.5617977528089888
6.583333333333333,626857.1428571428,0.9981681108474731,0.5617977528089888
6.6,626857.1428571428,1.019981861114502,0.0
6.616666666666666,626857.1428571428,1.0418593883514404,0.0
6.633333333333334,626857.1428571428,1.063795566558838,0.0
6.65,626857.1428571428,1.0857856273651123,0.0
6.666666666666667,626857.1428571428,1.1078300476074219,0.0
6.683333333333334,626857.1428571428,1.1299221515655518,0.0
6.7,626857.1428571428,1.1520638465881348,0.0
6.716666666666667,626857.1428571428,1.1742485761642456,0.0
6.733333333333333,626857.1428571428,1.196476936340332,0.0
6.75,626857.1428571428,1.2187414169311523,0.0
6.766666666666667,626857.1428571428,1.2410492897033691,0.0
6.783333333333333,626857.1428571428,1.26338791847229,0.0
6.8,626857.1428571428,1.2857575416564941,0.0
6.816666666666666,626857.1428571428,1.308154821395874,0.0
6.833333333333333,626857.1428571428,1.3305798768997192,0.0
6.85,626857.1428571428,1.3530305624008179,0.0
6.866666666666666,626857.1428571428,1.3755018711090088,0.0
6.883333333333334,626857.1428571428,1.3979988098144531,0.0
6.9,626857.1428571428,1.4205121994018555,0.0
6.916666666666667,626857.1428571428,1.443039059638977,0.0
6.933333333333334,626857.1428571428,1.4655802249908447,0.0
6.95,626857.1428571428,1.4881374835968018,0.0
6.966666666666667,626857.1428571428,1.5106947422027588,0.0
6.983333333333333,626857.1428571428,1.533259630203247,0.0
7.0,626857.1428571428,1.5558325052261353,0.0
7.016666666666667,626857.1428571428,1.5784066915512085,0.0
7.033333333333333,626857.1428571428,1.6009843349456787,0.0
7.05,626857.1428571428,1.6235575675964355,0.0
7.066666666666666,626857.1428571428,1.646130084991455,0.0
7.083333333333333,626857.1428571428,1.6687026023864746,0.0
7.1,626857.1428571428,1.6912639141082764,0.0
7.116666666666666,626857.1428571428,1.7138211727142334,0.0
7.133333333333334,626857.1428571428,1.7363691329956055,0.0
7.15,626857.1428571428,1.7589001655578613,0.0
7.166666666666667,626857.1428571428,1.7814204692840576,0.0
7.183333333333334,626857.1428571428,1.8039203882217407,0.0
7.2,626857.1428571428,1.8264071941375732,0.0
7.216666666666667,626857.1428571428,1.8488624095916748,0.0
7.233333333333333,626857.1428571428,1.8713133335113525,0.0
7.25,626857.1428571428,1.8937335014343262,0.0
7.266666666666667,626857.1428571428,1.9161241054534912,0.0
7.283333333333333,626857.1428571428,1.938490629196167,0.0
7.3,626857.1428571428,1.9608252048492432,0.0
7.316666666666666,626857.1428571428,1.9831249713897705,0.0
7.333333333333333,626857.1428571428,2.0053939819335938,0.0
7.35,626857.1428571428,2.0276365280151367,0.0
7.366666666666666,626857.1428571428,2.049830436706543,0.0
7.383333333333334,626857.1428571428,2.071993350982666,0.0
7.4,626857.1428571428,2.094120979309082,0.0
7.416666666666667,626857.1428571428,2.1162140369415283,0.0
7.433333333333334,626857.1428571428,2.1382622718811035,0.0
7.45,626857.1428571428,2.1602540016174316,0.0
7.466666666666667,626857.1428571428,2.18221378326416,0.0
7.483333333333333,626857.1428571428,2.204123020172119,0.0
7.5,626857.1428571428,2.2259843349456787,0.0
7.516666666666667,626857.1428571428,2.247802734375,0.0
7.533333333333333,626857.1428571428,2.26956844329834,0.0
7.55,626857.1428571428,2.2912840843200684,0.0
7.566666666666666,626857.1428571428,2.31295108795166,0.0
7.583333333333333,626857.1428571428,2.334561347961426,0.0
7.6,626857.1428571428,2.356113910675049,0.0
7.616666666666666,626857.1428571428,2.377614974975586,0.0
7.633333333333334,626857.1428571428,2.3990554809570312,0.0
7.65,626857.1428571428,2.420440673828125,0.0
7.666666666666667,626857.1428571428,2.441763401031494,0.0
7.683333333333334,626857.1428571428,2.4630329608917236,0.0
7.7,626857.1428571428,2.484236240386963,0.0
7.716666666666667,626857.1428571428,2.504918098449707,0.0
7.733333333333333,626857.1428571428,2.525437116622925,0.0
7.75,626857.1428571428,2.5459046363830566,0.0
7.766666666666667,626857.1428571428,2.566314220428467,0.0
7.783333333333333,626857.1428571428,2.5866732597351074,0.0
7.8,626857.1428571428,2.606978416442871,0.0
7.816666666666666,626857.1428571428,2.6272311210632324,0.0
7.833333333333333,626857.1428571428,2.647421360015869,0.0
7.85,626857.1428571428,2.667557716369629,0.0
7.866666666666666,626857.1428571428,2.687631845474243,0.0
7.883333333333334,626857.1428571428,2.7076430320739746,0.0
7.9,626857.1428571428,2.727598190307617,0.0
7.916666666666667,626857.1428571428,2.7474918365478516,0.0
7.933333333333334,626857.1428571428,2.7673234939575195,0.0
7.95,626857.1428571428,2.7870841026306152,0.0
7.966666666666667,626857.1428571428,2.8067970275878906,0.0
7.983333333333333,626857.1428571428,2.826439619064331,0.0
8.0,626857.1428571428,2.846015453338623,0.0
8.016666666666667,626857.1428571428,2.8655295372009277,0.0
8.033333333333333,626857.1428571428,2.8849711418151855,0.0
8.05,626857.1428571428,2.9043402671813965,0.0
8.066666666666666,626857.1428571428,2.9236507415771484,0.0
8.083333333333334,626857.1428571428,2.9428911209106445,0.0
8.1,626857.1428571428,2.962062358856201,0.0
8.116666666666667,626857.1428571428,2.981168270111084,0.0
8.133333333333333,626857.1428571428,3.0002005100250244,0.0
8.15,626857.1428571428,3.019160747528076,0.0
8.166666666666666,626857.1428571428,3.038051128387451,0.0
8.183333333333334,626857.1428571428,3.0568675994873047,0.0
8.2,626857.1428571428,3.075601100921631,0.0
8.216666666666667,626857.1428571428,3.094276189804077,0.0
8.233333333333333,626857.1428571428,3.112870216369629,0.0
8.25,626857.1428571428,3.131392002105713,0.0
8.266666666666667,626857.1428571428,3.1498374938964844,0.0
8.283333333333333,626857.1428571428,3.1682095527648926,0.0
8.3,626857.1428571428,3.186506509780884,0.0
8.316666666666666,626857.1428571428,3.2047247886657715,0.0
8.333333333333334,626857.1428571428,3.2228636741638184,0.0
8.35,626857.1428571428,3.2409350872039795,0.0
8.366666666666667,626857.1428571428,3.2589290142059326,0.0
8.383333333333333,626857.1428571428,3.2768397331237793,0.0
8.4,626857.1428571428,3.2946739196777344,0.0
8.416666666666666,626857.1428571428,3.3124327659606934,0.0
8.433333333333334,626857.1428571428,3.3301119804382324,0.0
8.45,626857.1428571428,3.3477096557617188,0.0
8.466666666666667,626857.1428571428,3.3652281761169434,0.0
8.483333333333333,626857.1428571428,3.382674217224121,0.0
8.5,626857.1428571428,3.400038957595825,0.0
8.516666666666667,626857.1428571428,3.4173202514648438,0.0
8.533333333333333,626857.1428571428,3.434520721435547,0.0
8.55,626857.1428571428,3.4516501426696777,0.0
8.566666666666666,626857.1428571428,3.4686942100524902,0.0
8.583333333333334,626857.1428571428,3.485658884048462,0.0
8.6,626857.1428571428,3.5025343894958496,0.0
8.616666666666667,626857.1428571428,3.5193405151367188,0.0
8.633333333333333,626857.1428571428,3.5360591411590576,0.0
8.65,626857.1428571428,3.5527000427246094,0.0
8.666666666666666,626857.1428571428,3.5692527294158936,0.0
8.683333333333334,626857.1428571428,3.5857291221618652,0.0
8.7,626857.1428571428,3.6021218299865723,0.0
8.716666666666667,626857.1428571428,3.6184310913085938,0.0
8.733333333333333,626857.1428571428,3.6346499919891357,0.0
8.75,626857.1428571428,3.650801658630371,0.0
8.766666666666667,626857.1428571428,3.6668620109558105,0.0
8.783333333333333,626857.1428571428,3.6828439235687256,0.0
8.8,626857.1428571428,3.6987404823303223,0.0
8.816666666666666,626857.1428571428,3.714560031890869,0.0
8.833333333333334,626857.1428571428,3.730295181274414,0.0
8.85,626857.1428571428,3.7459444999694824,0.0
8.866666666666667,626857.1428571428,3.76151967048645,0.0
8.883333333333333,626857.1428571428,3.777008056640625,0.0
8.9,626857.1428571428,3.7924160957336426,0.0
8.916666666666666,626857.1428571428,3.8077332973480225,0.0
8.933333333333334,626857.1428571428,3.822977304458618,0.0
8.95,626857.1428571428,3.838136672973633,0.0
8.966666666666667,626857.1428571428,3.853215456008911,0.0
8.983333333333333,626857.1428571428,3.868206024169922,0.0
9.0,626857.1428571428,3.883126735687256,0.0
9.016666666666667,626857.1428571428,3.897963523864746,0.0
9.033333333333333,626857.1428571428,3.912720203399658,0.0
9.05,626857.1428571428,3.9273886680603027,0.0
9.066666666666666,626857.1428571428,3.9419760704040527,0.0
9.083333333333334,626857.1428571428,3.956484317779541,0.0
9.1,626857.1428571428,3.9709103107452393,0.0
9.116666666666667,626857.1428571428,3.985250949859619,0.0
9.133333333333333,626857.1428571428,3.9995155334472656,0.0
9.15,626857.1428571428,4.01369571685791,0.0
9.166666666666666,626857.1428571428,4.027804374694824,0.0
9.183333333333334,626857.1428571428,4.0418291091918945,0.0
9.2,626857.1428571428,4.055771827697754,0.0
9.216666666666667,626857.1428571428,4.0696210861206055,0.0
9.233333333333333,626857.1428571428,4.083408355712891,0.0
9.25,626857.1428571428,4.097118377685547,0.0
9.266666666666667,626857.1428571428,4.110740661621094,0.0
9.283333333333333,626857.1428571428,4.12428092956543,0.0
9.3,626857.1428571428,4.1377410888671875,0.0
9.316666666666666,626857.1428571428,4.151110649108887,0.0
9.333333333333334,626857.1428571428,4.164416313171387,0.0
9.35,626857.1428571428,4.177635192871094,0.0
9.366666666666667,626857.1428571428,4.190767288208008,0.0
9.383333333333333,626857.1428571428,4.203839302062988,0.0
9.4,626857.1428571428,4.216825008392334,0.0
9.416666666666666,626857.1428571428,4.229739189147949,0.0
9.433333333333334,626857.1428571428,4.242549896240234,0.0
9.45,626857.1428571428,4.255309104919434,0.0
9.466666666666667,626857.1428571428,4.267988681793213,0.0
9.483333333333333,626857.1428571428,4.2805681228637695,0.0
9.5,626857.1428571428,4.293092727661133,0.0
9.516666666666667,626857.1428571428,4.305545806884766,0.0
9.533333333333333,626857.1428571428,4.317906856536865,0.0
9.55,626857.1428571428,4.330203056335449,0.0
9.566666666666666,626857.1428571428,4.342423915863037,0.0
9.583333333333334,626857.1428571428,4.354557037353516,0.0
9.6,626857.1428571428,4.366615295410156,0.0
9.616666666666667,626857.1428571428,4.3785905838012695,0.0
9.633333333333333,626857.1428571428,4.390507698059082,0.0
9.65,626857.1428571428,4.402349948883057,0.0
9.666666666666666,626857.1428571428,4.4141130447387695,0.0
9.683333333333334,626857.1428571428,4.42580509185791,0.0
9.7,626857.1428571428,4.437419891357422,0.0
9.716666666666667,626857.1428571428,4.448958396911621,0.0
9.733333333333333,626857.1428571428,4.4604339599609375,0.0
9.75,626857.1428571428,4.471828460693359,0.0
9.766666666666667,626857.1428571428,4.483159065246582,0.0
9.783333333333333,626857.1428571428,4.49440860748291,0.0
9.8,626857.1428571428,4.505602836608887,0.0
9.816666666666666,626857.1428571428,4.516711711883545,0.0
9.833333333333334,626857.1428571428,4.527754783630371,0.0
9.85,626857.1428571428,4.538734436035156,0.0
9.866666666666667,626857.1428571428,4.549633026123047,0.0
9.883333333333333,626857.1428571428,4.560443878173828,0.0
9.9,626857.1428571428,4.571203231811523,0.0
9.916666666666666,626857.1428571428,4.5819010734558105,0.0
9.933333333333334,626857.1428571428,4.592510223388672,0.0
9.95,626857.1428571428,4.603067398071289,0.0
9.966666666666667,626857.1428571428,4.613549709320068,0.0
9.983333333333333,626857.1428571428,4.623963356018066,0.0
10.0,626857.1428571428,4.634322166442871,0.0
10.016666666666667,626857.1428571428,4.6446099281311035,0.0
10.033333333333333,626857.1428571428,4.654829025268555,0.0
10.05,626857.1428571428,4.6649675369262695,0.0
10.066666666666666,626857.1428571428,4.675050735473633,0.0
10.083333333333334,626857.1428571428,4.685052394866943,0.0
0.0,820142.8571428572,9.954231262207031,0.0
0.016666666666666666,820142.8571428572,4.912111282348633,0.0
0.03333333333333333,820142.8571428572,0.5925517678260803,59.55056179775281
0.05,820142.8571428572,0.0,78.65168539325843
0.06666666666666667,820142.8571428572,0.0,83.70786516853933
0.08333333333333333,820142.8571428572,0.0,79.7752808988764
0.1,820142.8571428572,0.0,78.65168539325843
0.11666666666666667,820142.8571428572,0.0,79.7752808988764
0.13333333333333333,820142.8571428572,0.0,79.7752808988764
0.15,820142.8571428572,0.0,78.65168539325843
0.16666666666666666,820142.8571428572,0.0,79.7752808988764
0.18333333333333332,820142.8571428572,0.0,78.65168539325843
0.2,820142.8571428572,0.0,78.08988764044943
0.21666666666666667,820142.8571428572,0.0,76.96629213483146
0.23333333333333334,820142.8571428572,0.0,79.21348314606742
0.25,820142.8571428572,0.0,79.21348314606742
0.26666666666666666,820142.8571428572,0.0,78.08988764044943
0.2833333333333333,820142.8571428572,0.0,79.7752808988764
0.3,820142.8571428572,0.0,80.89887640449437
0.31666666666666665,820142.8571428572,0.0,80.89887640449437
0.3333333333333333,820142.8571428572,0.0,82.02247191011236
0.35,820142.8571428572,0.0,81.46067415730337
0.36666666666666664,820142.8571428572,0.0,81.46067415730337
0.38333333333333336,820142.8571428572,0.0,84.8314606741573
0.4,820142.8571428572,0.0,87.07865168539325
0.4166666666666667,820142.8571428572,0.0,87.64044943820225
0.43333333333333335,820142.8571428572,0.0,88.20224719101124
0.45,820142.8571428572,0.0,91.01123595505618
0.4666666666666667,820142.8571428572,0.0,94.3820224719101
0.48333333333333334,820142.8571428572,0.0,94.9438202247191
0.5,820142.8571428572,0.0,96.06741573033707
0.5166666666666667,820142.8571428572,0.0,98.87640449438202
0.5333333333333333,820142.8571428572,0.0,100.0
0.55,820142.8571428572,0.0,100.0
0.5666666666666667,820142.8571428572,0.0,100.0
0.5833333333333334,820142.8571428572,0.0,100.0
0.6,820142.8571428572,0.0,100.0
0.6166666666666667,820142.8571428572,0.0,100.0
0.6333333333333333,820142.8571428572,0.0,100.0
0.65,820142.8571428572,0.0,100.0
0.6666666666666666,820142.8571428572,0.0,100.0
0.6833333333333333,820142.8571428572,0.0,100.0
0.7,820142.8571428572,0.0,100.0
0.7166666666666667,820142.8571428572,0.0,100.0
0.7333333333333333,820142.8571428572,0.0,100.0
0.75,820142.8571428572,0.0,100.0
0.7666666666666667,820142.8571428572,0.0,100.0
0.7833333333333333,820142.8571428572,0.0,100.0
0.8,820142.8571428572,0.0,100.0
0.8166666666666667,820142.8571428572,0.0,100.0
0.8333333333333334,820142.8571428572,0.0,100.0
0.85,820142.8571428572,0.0,100.0
0.8666666666666667,820142.8571428572,0.0,100.0
0.8833333333333333,820142.8571428572,0.0,100.0
0.9,820142.8571428572,0.0,100.0
0.9166666666666666,820142.8571428572,0.0,100.0
0.9333333333333333,820142.8571428572,0.0,100.0
0.95,820142.8571428572,0.0,100.0
0.9666666666666667,820142.8571428572,0.0,100.0
0.9833333333333333,820142.8571428572,0.0,100.0
1.0,820142.8571428572,0.0,100.0
1.0166666666666666,820142.8571428572,0.0,100.0
1.0333333333333334,820142.8571428572,0.0,100.0
1.05,820142.8571428572,0.0,100.0
1.0666666666666667,820142.8571428572,0.0,100.0
1.0833333333333333,820142.8571428572,0.0,100.0
1.1,820142.8571428572,0.0,100.0
1.1166666666666667,820142.8571428572,0.0,100.0
1.1333333333333333,820142.8571428572,0.0,100.0
1.15,820142.8571428572,0.0,100.0
1.1666666666666667,820142.8571428572,0.0,100.0
1.1833333333333333,820142.8571428572,0.0,100.0
1.2,820142.8571428572,0.0,100.0
1.2166666666666666,820142.8571428572,0.0,100.0
1.2333333333333334,820142.8571428572,0.0,100.0
1.25,820142.8571428572,0.0,100.0
1.2666666666666666,820142.8571428572,0.0,100.0
1.2833333333333334,820142.8571428572,0.0,100.0
1.3,820142.8571428572,0.0,100.0
1.3166666666666667,820142.8571428572,0.0,100.0
1.3333333333333333,820142.8571428572,0.0,100.0
1.35,820142.8571428572,0.0,100.0
1.3666666666666667,820142.8571428572,0.0,100.0
1.3833333333333333,820142.8571428572,0.0,100.0
1.4,820142.8571428572,0.0,100.0
1.4166666666666667,820142.8571428572,0.0,100.0
1.4333333333333333,820142.8571428572,0.0,100.0
1.45,820142.8571428572,0.0,100.0
1.4666666666666666,820142.8571428572,0.0,100.0
1.4833333333333334,820142.8571428572,0.0,100.0
1.5,820142.8571428572,0.0,100.0
1.5166666666666666,820142.8571428572,0.0,100.0
1.5333333333333334,820142.8571428572,0.0,100.0
1.55,820142.8571428572,0.0,100.0
1.5666666666666667,820142.8571428572,0.0,100.0
1.5833333333333333,820142.8571428572,0.0,100.0
1.6,820142.8571428572,0.0,100.0
1.6166666666666667,820142.8571428572,0.0,100.0
1.6333333333333333,820142.8571428572,0.0,100.0
1.65,820142.8571428572,0.0,100.0
1.6666666666666667,820142.8571428572,0.0,100.0
1.6833333333333333,820142.8571428572,0.0,100.0
1.7,820142.8571428572,0.0,100.0
1.7166666666666666,820142.8571428572,0.0,100.0
1.7333333333333334,820142.8571428572,0.0,100.0
1.75,820142.8571428572,0.0,100.0
1.7666666666666666,820142.8571428572,0.0,100.0
1.7833333333333334,820142.8571428572,0.0,100.0
1.8,820142.8571428572,0.0,100.0
1.8166666666666667,820142.8571428572,0.0,100.0
1.8333333333333333,820142.8571428572,0.0,100.0
1.85,820142.8571428572,0.0,100.0
1.8666666666666667,820142.8571428572,0.0,100.0
1.8833333333333333,820142.8571428572,0.0,100.0
1.9,820142.8571428572,0.0,100.0
1.9166666666666667,820142.8571428572,0.0,100.0
1.9333333333333333,820142.8571428572,0.0,100.0
1.95,820142.8571428572,0.0,100.0
1.9666666666666666,820142.8571428572,0.0,100.0
1.9833333333333334,820142.8571428572,0.0,100.0
2.0,820142.8571428572,0.0,100.0
2.0166666666666666,820142.8571428572,0.0,100.0
2.033333333333333,820142.8571428572,0.0,100.0
2.05,820142.8571428572,0.0,100.0
2.066666666666667,820142.8571428572,0.0,100.0
2.0833333333333335,820142.8571428572,0.0,100.0
2.1,820142.8571428572,0.0,100.0
2.1166666666666667,820142.8571428572,0.0,100.0
2.1333333333333333,820142.8571428572,0.0,100.0
2.15,820142.8571428572,0.0,100.0
2.1666666666666665,820142.8571428572,0.0,100.0
2.183333333333333,820142.8571428572,0.0,100.0
2.2,820142.8571428572,0.0,100.0
2.216666666666667,820142.8571428572,0.0,100.0
2.2333333333333334,820142.8571428572,0.0,100.0
2.25,820142.8571428572,0.0,100.0
2.2666666666666666,820142.8571428572,0.0,100.0
2.283333333333333,820142.8571428572,0.0,100.0
2.3,820142.8571428572,0.0,100.0
2.316666666666667,820142.8571428572,0.0,100.0
2.3333333333333335,820142.8571428572,0.0,100.0
2.35,820142.8571428572,0.0,100.0
2.3666666666666667,820142.8571428572,0.0,100.0
2.3833333333333333,820142.8571428572,0.0,100.0
2.4,820142.8571428572,0.0,100.0
2.4166666666666665,820142.8571428572,0.0,100.0
2.433333333333333,820142.8571428572,0.0,100.0
2.45,820142.8571428572,0.0,100.0
2.466666666666667,820142.8571428572,0.0,100.0
2.4833333333333334,820142.8571428572,0.0,100.0
2.5,820142.8571428572,0.0,100.0
2.5166666666666666,820142.8571428572,0.0,100.0
2.533333333333333,820142.8571428572,0.0,100.0
2.55,820142.8571428572,0.0,100.0
2.566666666666667,820142.8571428572,0.0,100.0
2.5833333333333335,820142.8571428572,0.0,100.0
2.6,820142.8571428572,0.0,100.0
2.6166666666666667,820142.8571428572,0.0,100.0
2.6333333333333333,820142.8571428572,0.0,100.0
2.65,820142.8571428572,0.0,100.0
2.6666666666666665,820142.8571428572,0.0,100.0
2.683333333333333,820142.8571428572,0.0,100.0
2.7,820142.8571428572,0.0,100.0
2.716666666666667,820142.8571428572,0.0,100.0
2.7333333333333334,820142.8571428572,0.0,100.0
2.75,820142.8571428572,0.0,100.0
2.7666666666666666,820142.8571428572,0.0,100.0
2.783333333333333,820142.8571428572,0.0,100.0
2.8,820142.8571428572,0.0,100.0
2.816666666666667,820142.8571428572,0.0,100.0
2.8333333333333335,820142.8571428572,0.0,100.0
2.85,820142.8571428572,0.0,100.0
2.8666666666666667,820142.8571428572,0.0,100.0
2.8833333333333333,820142.8571428572,0.0,100.0
2.9,820142.8571428572,0.0,100.0
2.9166666666666665,820142.8571428572,0.0,100.0
2.933333333333333,820142.8571428572,0.0,100.0
2.95,820142.8571428572,0.0,100.0
2.966666666666667,820142.8571428572,0.0,100.0
2.9833333333333334,820142.8571428572,0.0,100.0
3.0,820142.8571428572,0.0,100.0
3.0166666666666666,820142.8571428572,0.0,100.0
3.033333333333333,820142.8571428572,0.0,100.0
3.05,820142.8571428572,0.0,100.0
3.066666666666667,820142.8571428572,0.0,100.0
3.0833333333333335,820142.8571428572,0.0,100.0
3.1,820142.8571428572,0.0,100.0
3.1166666666666667,820142.8571428572,0.0,100.0
3.1333333333333333,820142.8571428572,0.0,100.0
3.15,820142.8571428572,0.0,100.0
3.1666666666666665,820142.8571428572,0.0,100.0
3.183333333333333,820142.8571428572,0.0,100.0
3.2,820142.8571428572,0.0,100.0
3.216666666666667,820142.8571428572,0.0,100.0
3.2333333333333334,820142.8571428572,0.0,100.0
3.25,820142.8571428572,0.0,100.0
3.2666666666666666,820142.8571428572,0.0,100.0
3.283333333333333,820142.8571428572,0.0,100.0
3.3,820142.8571428572,0.0,100.0
3.316666666666667,820142.8571428572,0.0,100.0
3.3333333333333335,820142.8571428572,0.0,100.0
3.35,820142.8571428572,0.0,100.0
3.3666666666666667,820142.8571428572,0.0,100.0
3.3833333333333333,820142.8571428572,0.0,100.0
3.4,820142.8571428572,0.0,100.0
3.4166666666666665,820142.8571428572,0.0,100.0
3.433333333333333,820142.8571428572,0.0,100.0
3.45,820142.8571428572,0.0,100.0
3.466666666666667,820142.8571428572,0.0,100.0
3.4833333333333334,820142.8571428572,0.0,100.0
3.5,820142.8571428572,0.0,100.0
3.5166666666666666,820142.8571428572,0.0,100.0
3.533333333333333,820142.8571428572,0.0,100.0
3.55,820142.8571428572,0.0,100.0
3.566666666666667,820142.8571428572,0.0,100.0
3.5833333333333335,820142.8571428572,0.0,100.0
3.6,820142.8571428572,0.0,100.0
3.6166666666666667,820142.8571428572,0.0,100.0
3.6333333333333333,820142.8571428572,0.0,100.0
3.65,820142.8571428572,0.0,100.0
3.6666666666666665,820142.8571428572,0.0,100.0
3.683333333333333,820142.8571428572,0.0,100.0
3.7,820142.8571428572,0.0,100.0
3.716666666666667,820142.8571428572,0.0,100.0
3.7333333333333334,820142.8571428572,0.0,100.0
3.75,820142.8571428572,0.0,100.0
3.7666666666666666,820142.8571428572,0.0,100.0
3.783333333333333,820142.8571428572,0.0,100.0
3.8,820142.8571428572,0.0,100.0
3.816666666666667,820142.8571428572,0.0,100.0
3.8333333333333335,820142.8571428572,0.0,100.0
3.85,820142.8571428572,0.0,100.0
3.8666666666666667,820142.8571428572,0.0,100.0
3.8833333333333333,820142.8571428572,0.0,100.0
3.9,820142.8571428572,0.0,100.0
3.9166666666666665,820142.8571428572,0.0,100.0
3.933333333333333,820142.8571428572,0.0,100.0
3.95,820142.8571428572,0.0,100.0
3.966666666666667,820142.8571428572,0.0,100.0
3.9833333333333334,820142.8571428572,0.0,100.0
4.0,820142.8571428572,0.0,100.0
4.016666666666667,820142.8571428572,0.0,100.0
4.033333333333333,820142.8571428572,0.0,98.87640449438202
4.05,820142.8571428572,0.0,97.75280898876404
4.066666666666666,820142.8571428572,0.0,97.75280898876404
4.083333333333333,820142.8571428572,0.0,97.75280898876404
4.1,820142.8571428572,0.0,97.75280898876404
4.116666666666666,820142.8571428572,0.0,97.75280898876404
4.133333333333334,820142.8571428572,0.0,97.75280898876404
4.15,820142.8571428572,0.0,97.75280898876404
4.166666666666667,820142.8571428572,0.0,97.75280898876404
4.183333333333334,820142.8571428572,0.0,96.62921348314607
4.2,820142.8571428572,0.0,96.62921348314607
4.216666666666667,820142.8571428572,0.0,95.50561797752809
4.233333333333333,820142.8571428572,0.0,94.3820224719101
4.25,820142.8571428572,0.0,94.3820224719101
4.266666666666667,820142.8571428572,0.0,94.3820224719101
4.283333333333333,820142.8571428572,0.0,94.3820224719101
4.3,820142.8571428572,0.0,94.3820224719101
4.316666666666666,820142.8571428572,0.0,94.3820224719101
4.333333333333333,820142.8571428572,0.0,93.25842696629213
4.35,820142.8571428572,0.0,93.25842696629213
4.366666666666666,820142.8571428572,0.0,92.13483146067416
4.383333333333334,820142.8571428572,0.0,92.13483146067416
4.4,820142.8571428572,0.0,92.13483146067416
4.416666666666667,820142.8571428572,0.0,91.01123595505618
4.433333333333334,820142.8571428572,0.0,91.01123595505618
4.45,820142.8571428572,0.0,89.8876404494382
4.466666666666667,820142.8571428572,0.0,89.8876404494382
4.483333333333333,820142.8571428572,0.0,88.76404494382022
4.5,820142.8571428572,0.0,88.76404494382022
4.516666666666667,820142.8571428572,0.0,88.76404494382022
4.533333333333333,820142.8571428572,0.0,88.20224719101124
4.55,820142.8571428572,0.0,88.20224719101124
4.566666666666666,820142.8571428572,0.0,87.07865168539325
4.583333333333333,820142.8571428572,0.0,85.95505617977528
4.6,820142.8571428572,0.0,85.95505617977528
4.616666666666666,820142.8571428572,0.0,85.95505617977528
4.633333333333334,820142.8571428572,0.0,85.95505617977528
4.65,820142.8571428572,0.0,85.95505617977528
4.666666666666667,820142.8571428572,0.0,85.95505617977528
4.683333333333334,820142.8571428572,0.0,84.8314606741573
4.7,820142.8571428572,0.0,84.8314606741573
4.716666666666667,820142.8571428572,0.0,83.70786516853933
4.733333333333333,820142.8571428572,0.0,83.70786516853933
4.75,820142.8571428572,0.0,82.58426966292134
4.766666666666667,820142.8571428572,0.0,81.46067415730337
4.783333333333333,820142.8571428572,0.0,80.89887640449437
4.8,820142.8571428572,0.0,80.89887640449437
4.816666666666666,820142.8571428572,0.0,79.7752808988764
4.833333333333333,820142.8571428572,0.0,77.52808988764045
4.85,820142.8571428572,0.0,76.40449438202246
4.866666666666666,820142.8571428572,0.0,76.40449438202246
4.883333333333334,820142.8571428572,0.0,76.40449438202246
4.9,820142.8571428572,0.0,76.40449438202246
4.916666666666667,820142.8571428572,0.0,75.28089887640449
4.933333333333334,820142.8571428572,0.0,75.28089887640449
4.95,820142.8571428572,0.0,74.15730337078652
4.966666666666667,820142.8571428572,0.0,74.15730337078652
4.983333333333333,820142.8571428572,0.0,74.15730337078652
5.0,820142.8571428572,0.0,74.15730337078652
5.016666666666667,820142.8571428572,0.0,71.91011235955057
5.033333333333333,820142.8571428572,0.0,71.34831460674157
5.05,820142.8571428572,0.0,71.34831460674157
5.066666666666666,820142.8571428572,3.1738702091388404e-05,71.34831460674157
5.083333333333333,820142.8571428572,1.0508765058148128e-07,71.34831460674157
5.1,820142.8571428572,5.693751177204831e-07,71.34831460674157
5.116666666666666,820142.8571428572,3.907272002834361e-06,70.2247191011236
5.133333333333334,820142.8571428572,8.184657781384885e-05,70.2247191011236
5.15,820142.8571428572,0.00023425067774951458,70.2247191011236
5.166666666666667,820142.8571428572,0.00044307560892775655,70.2247191011236
5.183333333333334,820142.8571428572,0.0007052437867969275,70.2247191011236
5.2,820142.8571428572,0.001022907206788659,69.10112359550563
5.216666666666667,820142.8571428572,0.001400355831719935,67.97752808988764
5.233333333333333,820142.8571428572,0.0018429879564791918,66.85393258426966
5.25,820142.8571428572,0.0023568698670715094,65.73033707865169
5.266666666666667,820142.8571428572,0.0029485952109098434,64.04494382022472
5.283333333333333,820142.8571428572,0.0036251312121748924,64.04494382022472
5.3,820142.8571428572,0.004393863026052713,62.92134831460674
5.316666666666666,820142.8571428572,0.005262549966573715,62.92134831460674
5.333333333333333,820142.8571428572,0.006239268928766251,62.92134831460674
5.35,820142.8571428572,0.0073324693366885185,62.92134831460674
5.366666666666666,820142.8571428572,0.008550885133445263,61.79775280898876
5.383333333333334,820142.8571428572,0.00990355759859085,61.79775280898876
5.4,820142.8571428572,0.011399814859032631,61.79775280898876
5.416666666666667,820142.8571428572,0.01304928120225668,60.67415730337079
5.433333333333334,820142.8571428572,0.01486184448003769,59.55056179775281
5.45,820142.8571428572,0.016847454011440277,59.55056179775281
5.466666666666667,820142.8571428572,0.019016288220882416,59.55056179775281
5.483333333333333,820142.8571428572,0.02137860283255577,58.42696629213483
5.5,820142.8571428572,0.023944824934005737,57.865168539325836
5.516666666666667,820142.8571428572,0.0267254039645195,57.865168539325836
5.533333333333333,820142.8571428572,0.02973070554435253,57.865168539325836
5.55,820142.8571428572,0.032971158623695374,56.74157303370787
5.566666666666666,820142.8571428572,0.036457013338804245,55.61797752808989
5.583333333333333,820142.8571428572,0.0401984304189682,53.37078651685393
5.6,820142.8571428572,0.044205330312252045,53.37078651685393
5.616666666666666,820142.8571428572,0.04848743975162506,52.24719101123596
5.633333333333334,820142.8571428572,0.05305387079715729,52.24719101123596
5.65,820142.8571428572,0.05791366845369339,52.24719101123596
5.666666666666667,820142.8571428572,0.06307515501976013,51.12359550561798
5.683333333333334,820142.8571428572,0.06692962348461151,51.12359550561798
5.7,820142.8571428572,0.07004474848508835,48.87640449438202
5.716666666666667,820142.8571428572,0.0733838751912117,48.31460674157304
5.733333333333333,820142.8571428572,0.07695624232292175,48.31460674157304
5.75,820142.8571428572,0.08077102154493332,48.31460674157304
5.766666666666667,820142.8571428572,0.08483721315860748,48.31460674157304
5.783333333333333,820142.8571428572,0.08916358649730682,48.31460674157304
5.8,820142.8571428572,0.09375835955142975,48.31460674157304
5.816666666666666,820142.8571428572,0.0986296683549881,48.31460674157304
5.833333333333333,820142.8571428572,0.1037847101688385,47.19101123595505
5.85,820142.8571428572,0.10923069715499878,46.06741573033708
5.866666666666666,820142.8571428572,0.11497415602207184,44.9438202247191
5.883333333333334,820142.8571428572,0.1210210919380188,44.9438202247191
5.9,820142.8571428572,0.12737703323364258,43.82022471910113
5.916666666666667,820142.8571428572,0.1340467482805252,40.44943820224719
5.933333333333334,820142.8571428572,0.1410340964794159,39.8876404494382
5.95,820142.8571428572,0.1483427882194519,39.8876404494382
5.966666666666667,820142.8571428572,0.1559755802154541,39.8876404494382
5.983333333333333,820142.8571428572,0.1639343500137329,39.8876404494382
6.0,820142.8571428572,0.17222055792808533,39.8876404494382
6.016666666666667,820142.8571428572,0.1808350384235382,39.8876404494382
6.033333333333333,820142.8571428572,0.18977785110473633,39.8876404494382
6.05,820142.8571428572,0.19904786348342896,39.8876404494382
6.066666666666666,820142.8571428572,0.2086431086063385,39.8876404494382
6.083333333333333,820142.8571428572,0.2185615599155426,38.764044943820224
6.1,820142.8571428572,0.22880041599273682,36.51685393258427
6.116666666666666,820142.8571428572,0.23935633897781372,35.39325842696629
6.133333333333334,820142.8571428572,0.2502247989177704,31.46067415730337
6.15,820142.8571428572,0.26140132546424866,31.46067415730337
6.166666666666667,820142.8571428572,0.272880494594574,31.46067415730337
6.183333333333334,820142.8571428572,0.2846575975418091,31.46067415730337
6.2,820142.8571428572,0.29672637581825256,31.46067415730337
6.216666666666667,820142.8571428572,0.3090800344944,31.46067415730337
6.233333333333333,820142.8571428572,0.3217111825942993,30.337078651685395
6.25,820142.8571428572,0.3346130847930908,30.337078651685395
6.266666666666667,820142.8571428572,0.3477780818939209,30.337078651685395
6.283333333333333,820142.8571428572,0.3611984848976135,30.337078651685395
6.3,820142.8571428572,0.3748658299446106,29.213483146067414
6.316666666666666,820142.8571428572,0.3887732923030853,29.213483146067414
6.333333333333333,820142.8571428572,0.4029119908809662,29.213483146067414
6.35,820142.8571428572,0.4172735810279846,25.280898876404496
6.366666666666666,820142.8571428572,0.4318503141403198,24.15730337078652
6.383333333333334,820142.8571428572,0.4466341435909271,24.15730337078652
6.4,820142.8571428572,0.461616575717926,23.03370786516854
6.416666666666667,820142.8571428572,0.47679001092910767,21.910112359550563
6.433333333333334,820142.8571428572,0.49214670062065125,21.910112359550563
6.45,820142.8571428572,0.5076785087585449,20.786516853932586
6.466666666666667,820142.8571428572,0.5233783721923828,20.786516853932586
6.483333333333333,820142.8571428572,0.5392382144927979,20.786516853932586
6.5,820142.8571428572,0.5552513599395752,20.786516853932586
6.516666666666667,820142.8571428572,0.5714108943939209,19.662921348314608
6.533333333333333,820142.8571428572,0.5877089500427246,19.662921348314608
6.55,820142.8571428572,0.604139506816864,19.662921348314608
6.566666666666666,820142.8571428572,0.6206963062286377,14.606741573033707
6.583333333333333,820142.8571428572,0.6373735666275024,13.48314606741573
6.6,820142.8571428572,0.6541628837585449,13.48314606741573
6.616666666666666,820142.8571428572,0.6710612177848816,12.359550561797752
6.633333333333334,820142.8571428572,0.6880623698234558,12.359550561797752
6.65,820142.8571428572,0.7051600813865662,11.235955056179774
6.666666666666667,820142.8571428572,0.7223504185676575,11.235955056179774
6.683333333333334,820142.8571428572,0.7396281957626343,10.112359550561797
6.7,820142.8571428572,0.7569893598556519,10.112359550561797
6.716666666666667,820142.8571428572,0.7744280099868774,8.98876404494382
6.733333333333333,820142.8571428572,0.7919391393661499,8.98876404494382
6.75,820142.8571428572,0.80951988697052,7.865168539325842
6.766666666666667,820142.8571428572,0.8271669149398804,7.865168539325842
6.783333333333333,820142.8571428572,0.8448746204376221,3.932584269662921
6.8,820142.8571428572,0.862640380859375,3.932584269662921
6.816666666666666,820142.8571428572,0.8804603815078735,2.8089887640449436
6.833333333333333,820142.8571428572,0.8983306884765625,2.8089887640449436
6.85,820142.8571428572,0.9162498116493225,1.6853932584269662
6.866666666666666,820142.8571428572,0.9342149496078491,1.6853932584269662
6.883333333333334,820142.8571428572,0.9522227644920349,0.5617977528089888
6.9,820142.8571428572,0.9702666997909546,0.5617977528089888
6.916666666666667,820142.8571428572,0.9883484840393066,0.5617977528089888
6.933333333333334,820142.8571428572,1.0064668655395508,0.0
6.95,820142.8571428572,1.0246165990829468,0.0
6.966666666666667,820142.8571428572,1.042792797088623,0.0
6.983333333333333,820142.8571428572,1.060997724533081,0.0
7.0,820142.8571428572,1.0792231559753418,0.0
7.016666666666667,820142.8571428572,1.0974748134613037,0.0
7.033333333333333,820142.8571428572,1.1157461404800415,0.0
7.05,820142.8571428572,1.1340391635894775,0.0
7.066666666666666,820142.8571428572,1.1523469686508179,0.0
7.083333333333333,820142.8571428572,1.1706671714782715,0.0
7.1,820142.8571428572,1.1889965534210205,0.0
7.116666666666666,820142.8571428572,1.2073438167572021,0.0
7.133333333333334,820142.8571428572,1.2256966829299927,0.0
7.15,820142.8571428572,1.2440522909164429,0.0
7.166666666666667,820142.8571428572,1.2624199390411377,0.0
7.183333333333334,820142.8571428572,1.2807831764221191,0.0
7.2,820142.8571428572,1.299152135848999,0.0
7.216666666666667,820142.8571428572,1.317521572113037,0.0
7.233333333333333,820142.8571428572,1.3358824253082275,0.0
7.25,820142.8571428572,1.3542450666427612,0.0
7.266666666666667,820142.8571428572,1.3725959062576294,0.0
7.283333333333333,820142.8571428572,1.390944004058838,0.0
7.3,820142.8571428572,1.4092878103256226,0.0
7.316666666666666,820142.8571428572,1.427614688873291,0.0
7.333333333333333,820142.8571428572,1.4459331035614014,0.0
7.35,820142.8571428572,1.464233160018921,0.0
7.366666666666666,820142.8571428572,1.48252534866333,0.0
7.383333333333334,820142.8571428572,1.500793695449829,0.0
7.4,820142.8571428572,1.5190472602844238,0.0
7.416666666666667,820142.8571428572,1.5372843742370605,0.0
7.433333333333334,820142.8571428572,1.5554972887039185,0.0
7.45,820142.8571428572,1.5736868381500244,0.0
7.466666666666667,820142.8571428572,1.5918517112731934,0.0
7.483333333333333,820142.8571428572,1.609989881515503,0.0
7.5,820142.8571428572,1.6281037330627441,0.0
7.516666666666667,820142.8571428572,1.646190881729126,0.0
7.533333333333333,820142.8571428572,1.664245843887329,0.0
7.55,820142.8571428572,1.6822675466537476,0.0
7.566666666666666,820142.8571428572,1.7002606391906738,0.0
7.583333333333333,820142.8571428572,1.718217372894287,0.0
7.6,820142.8571428572,1.7361423969268799,0.0
7.616666666666666,820142.8571428572,1.754030704498291,0.0
7.633333333333334,820142.8571428572,1.7718803882598877,0.0
7.65,820142.8571428572,1.7896947860717773,0.0
7.666666666666667,820142.8571428572,1.8074724674224854,0.0
7.683333333333334,820142.8571428572,1.8252110481262207,0.0
7.7,820142.8571428572,1.8429052829742432,0.0
7.716666666666667,820142.8571428572,1.860559105873108,0.0
7.733333333333333,820142.8571428572,1.8781713247299194,0.0
7.75,820142.8571428572,1.8957407474517822,0.0
7.766666666666667,820142.8571428572,1.9132664203643799,0.0
7.783333333333333,820142.8571428572,1.93074369430542,0.0
7.8,820142.8571428572,1.9481765031814575,0.0
7.816666666666666,820142.8571428572,1.9655615091323853,0.0
7.833333333333333,820142.8571428572,1.9828959703445435,0.0
7.85,820142.8571428572,2.000182628631592,0.0
7.866666666666666,820142.8571428572,2.0174155235290527,0.0
7.883333333333334,820142.8571428572,2.034601926803589,0.0
7.9,820142.8571428572,2.051736354827881,0.0
7.916666666666667,820142.8571428572,2.0686817169189453,0.0
7.933333333333334,820142.8571428572,2.085103750228882,0.0
7.95,820142.8571428572,2.101482391357422,0.0
7.966666666666667,820142.8571428572,2.1178102493286133,0.0
7.983333333333333,820142.8571428572,2.1340994834899902,0.0
8.0,820142.8571428572,2.150339126586914,0.0
8.016666666666667,820142.8571428572,2.1665377616882324,0.0
8.033333333333333,820142.8571428572,2.1826868057250977,0.0
8.05,820142.8571428572,2.198791980743408,0.0
8.066666666666666,820142.8571428572,2.2148454189300537,0.0
8.083333333333334,820142.8571428572,2.2308506965637207,0.0
8.1,820142.8571428572,2.2468056678771973,0.0
8.116666666666667,820142.8571428572,2.262709140777588,0.0
8.133333333333333,820142.8571428572,2.278562068939209,0.0
8.15,820142.8571428572,2.2943613529205322,0.0
8.166666666666666,820142.8571428572,2.310107707977295,0.0
8.183333333333334,820142.8571428572,2.3258047103881836,0.0
8.2,820142.8571428572,2.341449022293091,0.0
8.216666666666667,820142.8571428572,2.3570396900177,0.0
8.233333333333333,820142.8571428572,2.372572422027588,0.0
8.25,820142.8571428572,2.3880505561828613,0.0
8.266666666666667,820142.8571428572,2.403470516204834,0.0
8.283333333333333,820142.8571428572,2.418839454650879,0.0
8.3,820142.8571428572,2.434152364730835,0.0
8.316666666666666,820142.8571428572,2.4494056701660156,0.0
8.333333333333334,820142.8571428572,2.4646072387695312,0.0
8.35,820142.8571428572,2.479748249053955,0.0
8.366666666666667,820142.8571428572,2.4948313236236572,0.0
8.383333333333333,820142.8571428572,2.5098519325256348,0.0
8.4,820142.8571428572,2.524815320968628,0.0
8.416666666666666,820142.8571428572,2.5397205352783203,0.0
8.433333333333334,820142.8571428572,2.554570198059082,0.0
8.45,820142.8571428572,2.5693511962890625,0.0
8.466666666666667,820142.8571428572,2.5840752124786377,0.0
8.483333333333333,820142.8571428572,2.5987374782562256,0.0
8.5,820142.8571428572,2.61334228515625,0.0
8.516666666666667,820142.8571428572,2.6278815269470215,0.0
8.533333333333333,820142.8571428572,2.642361640930176,0.0
8.55,820142.8571428572,2.656777858734131,0.0
8.566666666666666,820142.8571428572,2.671135425567627,0.0
8.583333333333334,820142.8571428572,2.6854324340820312,0.0
8.6,820142.8571428572,2.699657917022705,0.0
8.616666666666667,820142.8571428572,2.713815212249756,0.0
8.633333333333333,820142.8571428572,2.7279224395751953,0.0
8.65,820142.8571428572,2.7419581413269043,0.0
8.666666666666666,820142.8571428572,2.7559361457824707,0.0
8.683333333333334,820142.8571428572,2.7698516845703125,0.0
8.7,820142.8571428572,2.783698081970215,0.0
8.716666666666667,820142.8571428572,2.7974791526794434,0.0
8.733333333333333,820142.8571428572,2.81119441986084,0.0
8.75,820142.8571428572,2.8248443603515625,0.0
8.766666666666667,820142.8571428572,2.8384313583374023,0.0
8.783333333333333,820142.8571428572,2.8519530296325684,0.0
8.8,820142.8571428572,2.8654098510742188,0.0
8.816666666666666,820142.8571428572,2.8788042068481445,0.0
8.833333333333334,820142.8571428572,2.892127513885498,0.0
8.85,820142.8571428572,2.9053919315338135,0.0
8.866666666666667,820142.8571428572,2.918586015701294,0.0
8.883333333333333,820142.8571428572,2.931710720062256,0.0
8.9,820142.8571428572,2.944774627685547,0.0
8.916666666666666,820142.8571428572,2.9577715396881104,0.0
8.933333333333334,820142.8571428572,2.970698833465576,0.0
8.95,820142.8571428572,2.9835710525512695,0.0
8.966666666666667,820142.8571428572,2.99637508392334,0.0
8.983333333333333,820142.8571428572,3.00911283493042,0.0
9.0,820142.8571428572,3.021784543991089,0.0
9.016666666666667,820142.8571428572,3.0343875885009766,0.0
9.033333333333333,820142.8571428572,3.046922206878662,0.0
9.05,820142.8571428572,3.059391498565674,0.0
9.066666666666666,820142.8571428572,3.0717992782592773,0.0
9.083333333333334,820142.8571428572,3.084135055541992,0.0
9.1,820142.8571428572,3.0964057445526123,0.0
9.116666666666667,820142.8571428572,3.1086130142211914,0.0
9.133333333333333,820142.8571428572,3.1207544803619385,0.0
9.15,820142.8571428572,3.1328282356262207,0.0
9.166666666666666,820142.8571428572,3.144833564758301,0.0
9.183333333333334,820142.8571428572,3.1567721366882324,0.0
9.2,820142.8571428572,3.1686415672302246,0.0
9.216666666666667,820142.8571428572,3.1804566383361816,0.0
9.233333333333333,820142.8571428572,3.1922008991241455,0.0
9.25,820142.8571428572,3.2038798332214355,0.0
9.266666666666667,820142.8571428572,3.215498208999634,0.0
9.283333333333333,820142.8571428572,3.227044105529785,0.0
9.3,820142.8571428572,3.2385268211364746,0.0
9.316666666666666,820142.8571428572,3.2499454021453857,0.0
9.333333333333334,820142.8571428572,3.2612991333007812,0.0
9.35,820142.8571428572,3.272585391998291,0.0
9.366666666666667,820142.8571428572,3.283806085586548,0.0
9.383333333333333,820142.8571428572,3.2949633598327637,0.0
9.4,820142.8571428572,3.3060545921325684,0.0
9.416666666666666,820142.8571428572,3.317084789276123,0.0
9.433333333333334,820142.8571428572,3.328047752380371,0.0
9.45,820142.8571428572,3.3389458656311035,0.0
9.466666666666667,820142.8571428572,3.3497748374938965,0.0
9.483333333333333,820142.8571428572,3.3605494499206543,0.0
9.5,820142.8571428572,3.3712596893310547,0.0
9.516666666666667,820142.8571428572,3.381895065307617,0.0
9.533333333333333,820142.8571428572,3.392481803894043,0.0
9.55,820142.8571428572,3.402996778488159,0.0
9.566666666666666,820142.8571428572,3.4134531021118164,0.0
9.583333333333334,820142.8571428572,3.4238460063934326,0.0
9.6,820142.8571428572,3.4341695308685303,0.0
9.616666666666667,820142.8571428572,3.44443678855896,0.0
9.633333333333333,820142.8571428572,3.454636812210083,0.0
9.65,820142.8571428572,3.4647769927978516,0.0
9.666666666666666,820142.8571428572,3.474855422973633,0.0
9.683333333333334,820142.8571428572,3.484858989715576,0.0
9.7,820142.8571428572,3.4948222637176514,0.0
9.716666666666667,820142.8571428572,3.504713535308838,0.0
9.733333333333333,820142.8571428572,3.5145444869995117,0.0
9.75,820142.8571428572,3.5243186950683594,0.0
9.766666666666667,820142.8571428572,3.5340163707733154,0.0
9.783333333333333,820142.8571428572,3.543663501739502,0.0
9.8,820142.8571428572,3.5532522201538086,0.0
9.816666666666666,820142.8571428572,3.5627799034118652,0.0
9.833333333333334,820142.8571428572,3.572246789932251,0.0
9.85,820142.8571428572,3.5816473960876465,0.0
9.866666666666667,820142.8571428572,3.5909993648529053,0.0
9.883333333333333,820142.8571428572,3.600285053253174,0.0
9.9,820142.8571428572,3.6095073223114014,0.0
9.916666666666666,820142.8571428572,3.61867618560791,0.0
9.933333333333334,820142.8571428572,3.6277894973754883,0.0
9.95,820142.8571428572,3.636838912963867,0.0
9.966666666666667,820142.8571428572,3.645832061767578,0.0
9.983333333333333,820142.8571428572,3.6547632217407227,0.0
10.0,820142.8571428572,3.6636409759521484,0.0
10.016666666666667,820142.8571428572,3.6724634170532227,0.0
10.033333333333333,820142.8571428572,3.681210994720459,0.0
10.05,820142.8571428572,3.6899147033691406,0.0
10.066666666666666,820142.8571428572,3.698556661605835,0.0
10.083333333333334,820142.8571428572,3.707141399383545,0.0
0.0,1013428.5714285715,9.954231262207031,0.0
0.016666666666666666,1013428.5714285715,4.91200065612793,0.0
0.03333333333333333,1013428.5714285715,0.592289924621582,59.55056179775281
0.05,1013428.5714285715,0.0,78.65168539325843
0.06666666666666667,1013428.5714285715,0.0,83.70786516853933
0.08333333333333333,1013428.5714285715,0.0,79.7752808988764
0.1,1013428.5714285715,0.0,78.65168539325843
0.11666666666666667,1013428.5714285715,0.0,79.7752808988764
0.13333333333333333,1013428.5714285715,0.0,79.7752808988764
0.15,1013428.5714285715,0.0,78.65168539325843
0.16666666666666666,1013428.5714285715,0.0,79.7752808988764
0.18333333333333332,1013428.5714285715,0.0,78.65168539325843
0.2,1013428.5714285715,0.0,78.08988764044943
0.21666666666666667,1013428.5714285715,0.0,76.96629213483146
0.23333333333333334,1013428.5714285715,0.0,79.21348314606742
0.25,1013428.5714285715,0.0,79.21348314606742
0.26666666666666666,1013428.5714285715,0.0,78.08988764044943
0.2833333333333333,1013428.5714285715,0.0,79.7752808988764
0.3,1013428.5714285715,0.0,80.89887640449437
0.31666666666666665,1013428.5714285715,0.0,80.89887640449437
0.3333333333333333,1013428.5714285715,0.0,82.02247191011236
0.35,1013428.5714285715,0.0,81.46067415730337
0.36666666666666664,1013428.5714285715,0.0,81.46067415730337
0.38333333333333336,1013428.5714285715,0.0,84.8314606741573
0.4,1013428.5714285715,0.0,87.07865168539325
0.4166666666666667,1013428.5714285715,0.0,87.64044943820225
0.43333333333333335,1013428.5714285715,0.0,88.20224719101124
0.45,1013428.5714285715,0.0,91.01123595505618
0.4666666666666667,1013428.5714285715,0.0,94.3820224719101
0.48333333333333334,1013428.5714285715,0.0,94.9438202247191
0.5,1013428.5714285715,0.0,96.62921348314607
0.5166666666666667,1013428.5714285715,0.0,98.87640449438202
0.5333333333333333,1013428.5714285715,0.0,100.0
0.55,1013428.5714285715,0.0,100.0
0.5666666666666667,1013428.5714285715,0.0,100.0
0.5833333333333334,1013428.5714285715,0.0,100.0
0.6,1013428.5714285715,0.0,100.0
0.6166666666666667,1013428.5714285715,0.0,100.0
0.6333333333333333,1013428.5714285715,0.0,100.0
0.65,1013428.5714285715,0.0,100.0
0.6666666666666666,1013428.5714285715,0.0,100.0
0.6833333333333333,1013428.5714285715,0.0,100.0
0.7,1013428.5714285715,0.0,100.0
0.7166666666666667,1013428.5714285715,0.0,100.0
0.7333333333333333,1013428.5714285715,0.0,100.0
0.75,1013428.5714285715,0.0,100.0
0.7666666666666667,1013428.5714285715,0.0,100.0
0.7833333333333333,1013428.5714285715,0.0,100.0
0.8,1013428.5714285715,0.0,100.0
0.8166666666666667,1013428.5714285715,0.0,100.0
0.8333333333333334,1013428.5714285715,0.0,100.0
0.85,1013428.5714285715,0.0,100.0
0.8666666666666667,1013428.5714285715,0.0,100.0
0.8833333333333333,1013428.5714285715,0.0,100.0
0.9,1013428.5714285715,0.0,100.0
0.9166666666666666,1013428.5714285715,0.0,100.0
0.9333333333333333,1013428.5714285715,0.0,100.0
0.95,1013428.5714285715,0.0,100.0
0.9666666666666667,1013428.5714285715,0.0,100.0
0.9833333333333333,1013428.5714285715,0.0,100.0
1.0,1013428.5714285715,0.0,100.0
1.0166666666666666,1013428.5714285715,0.0,100.0
1.0333333333333334,1013428.5714285715,0.0,100.0
1.05,1013428.5714285715,0.0,100.0
1.0666666666666667,1013428.5714285715,0.0,100.0
1.0833333333333333,1013428.5714285715,0.0,100.0
1.1,1013428.5714285715,0.0,100.0
1.1166666666666667,1013428.5714285715,0.0,100.0
1.1333333333333333,1013428.5714285715,0.0,100.0
1.15,1013428.5714285715,0.0,100.0
1.1666666666666667,1013428.5714285715,0.0,100.0
1.1833333333333333,1013428.5714285715,0.0,100.0
1.2,1013428.5714285715,0.0,100.0
1.2166666666666666,1013428.5714285715,0.0,100.0
1.2333333333333334,1013428.5714285715,0.0,100.0
1.25,1013428.5714285715,0.0,100.0
1.2666666666666666,1013428.5714285715,0.0,100.0
1.2833333333333334,1013428.5714285715,0.0,100.0
1.3,1013428.5714285715,0.0,100.0
1.3166666666666667,1013428.5714285715,0.0,100.0
1.3333333333333333,1013428.5714285715,0.0,100.0
1.35,1013428.5714285715,0.0,100.0
1.3666666666666667,1013428.5714285715,0.0,100.0
1.3833333333333333,1013428.5714285715,0.0,100.0
1.4,1013428.5714285715,0.0,100.0
1.4166666666666667,1013428.5714285715,0.0,100.0
1.4333333333333333,1013428.5714285715,0.0,100.0
1.45,1013428.5714285715,0.0,100.0
1.4666666666666666,1013428.5714285715,0.0,100.0
1.4833333333333334,1013428.5714285715,0.0,100.0
1.5,1013428.5714285715,0.0,100.0
1.5166666666666666,1013428.5714285715,0.0,100.0
1.5333333333333334,1013428.5714285715,0.0,100.0
1.55,1013428.5714285715,0.0,100.0
1.5666666666666667,1013428.5714285715,0.0,100.0
1.5833333333333333,1013428.5714285715,0.0,100.0
1.6,1013428.5714285715,0.0,100.0
1.6166666666666667,1013428.5714285715,0.0,100.0
1.6333333333333333,1013428.5714285715,0.0,100.0
1.65,1013428.5714285715,0.0,100.0
1.6666666666666667,1013428.5714285715,0.0,100.0
1.6833333333333333,1013428.5714285715,0.0,100.0
1.7,1013428.5714285715,0.0,100.0
1.7166666666666666,1013428.5714285715,0.0,100.0
1.7333333333333334,1013428.5714285715,0.0,100.0
1.75,1013428.5714285715,0.0,100.0
1.7666666666666666,1013428.5714285715,0.0,100.0
1.7833333333333334,1013428.5714285715,0.0,100.0
1.8,1013428.5714285715,0.0,100.0
1.8166666666666667,1013428.5714285715,0.0,100.0
1.8333333333333333,1013428.5714285715,0.0,100.0
1.85,1013428.5714285715,0.0,100.0
1.8666666666666667,1013428.5714285715,0.0,100.0
1.8833333333333333,1013428.5714285715,0.0,100.0
1.9,1013428.5714285715,0.0,100.0
1.9166666666666667,1013428.5714285715,0.0,100.0
1.9333333333333333,1013428.5714285715,0.0,100.0
1.95,1013428.5714285715,0.0,100.0
1.9666666666666666,1013428.5714285715,0.0,100.0
1.9833333333333334,1013428.5714285715,0.0,100.0
2.0,1013428.5714285715,0.0,100.0
2.0166666666666666,1013428.5714285715,0.0,100.0
2.033333333333333,1013428.5714285715,0.0,100.0
2.05,1013428.5714285715,0.0,100.0
2.066666666666667,1013428.5714285715,0.0,100.0
2.0833333333333335,1013428.5714285715,0.0,100.0
2.1,1013428.5714285715,0.0,100.0
2.1166666666666667,1013428.5714285715,0.0,100.0
2.1333333333333333,1013428.5714285715,0.0,100.0
2.15,1013428.5714285715,0.0,100.0
2.1666666666666665,1013428.5714285715,0.0,100.0
2.183333333333333,1013428.5714285715,0.0,100.0
2.2,1013428.5714285715,0.0,100.0
2.216666666666667,1013428.5714285715,0.0,100.0
2.2333333333333334,1013428.5714285715,0.0,100.0
2.25,1013428.5714285715,0.0,100.0
2.2666666666666666,1013428.5714285715,0.0,100.0
2.283333333333333,1013428.5714285715,0.0,100.0
2.3,1013428.5714285715,0.0,100.0
2.316666666666667,1013428.5714285715,0.0,100.0
2.3333333333333335,1013428.5714285715,0.0,100.0
2.35,1013428.5714285715,0.0,100.0
2.3666666666666667,1013428.5714285715,0.0,100.0
2.3833333333333333,1013428.5714285715,0.0,100.0
2.4,1013428.5714285715,0.0,100.0
2.4166666666666665,1013428.5714285715,0.0,100.0
2.433333333333333,1013428.5714285715,0.0,100.0
2.45,1013428.5714285715,0.0,100.0
2.466666666666667,1013428.5714285715,0.0,100.0
2.4833333333333334,1013428.5714285715,0.0,100.0
2.5,1013428.5714285715,0.0,100.0
2.5166666666666666,1013428.5714285715,0.0,100.0
2.533333333333333,1013428.5714285715,0.0,100.0
2.55,1013428.5714285715,0.0,100.0
2.566666666666667,1013428.5714285715,0.0,100.0
2.5833333333333335,1013428.5714285715,0.0,100.0
2.6,1013428.5714285715,0.0,100.0
2.6166666666666667,1013428.5714285715,0.0,100.0
2.6333333333333333,1013428.5714285715,0.0,100.0
2.65,1013428.5714285715,0.0,100.0
2.6666666666666665,1013428.5714285715,0.0,100.0
2.683333333333333,1013428.5714285715,0.0,100.0
2.7,1013428.5714285715,0.0,100.0
2.716666666666667,1013428.5714285715,0.0,100.0
2.7333333333333334,1013428.5714285715,0.0,100.0
2.75,1013428.5714285715,0.0,100.0
2.7666666666666666,1013428.5714285715,0.0,100.0
2.783333333333333,1013428.5714285715,0.0,100.0
2.8,1013428.5714285715,0.0,100.0
2.816666666666667,1013428.5714285715,0.0,100.0
2.8333333333333335,1013428.5714285715,0.0,100.0
2.85,1013428.5714285715,0.0,100.0
2.8666666666666667,1013428.5714285715,0.0,100.0
2.8833333333333333,1013428.5714285715,0.0,100.0
2.9,1013428.5714285715,0.0,100.0
2.9166666666666665,1013428.5714285715,0.0,100.0
2.933333333333333,1013428.5714285715,0.0,100.0
2.95,1013428.5714285715,0.0,100.0
2.966666666666667,1013428.5714285715,0.0,100.0
2.9833333333333334,1013428.5714285715,0.0,100.0
3.0,1013428.5714285715,0.0,100.0
3.0166666666666666,1013428.5714285715,0.0,100.0
3.033333333333333,1013428.5714285715,0.0,100.0
3.05,1013428.5714285715,0.0,100.0
3.066666666666667,1013428.5714285715,0.0,100.0
3.0833333333333335,1013428.5714285715,0.0,100.0
3.1,1013428.5714285715,0.0,100.0
3.1166666666666667,1013428.5714285715,0.0,100.0
3.1333333333333333,1013428.5714285715,0.0,100.0
3.15,1013428.5714285715,0.0,100.0
3.1666666666666665,1013428.5714285715,0.0,100.0
3.183333333333333,1013428.5714285715,0.0,100.0
3.2,1013428.5714285715,0.0,100.0
3.216666666666667,1013428.5714285715,0.0,100.0
3.2333333333333334,1013428.5714285715,0.0,100.0
3.25,1013428.5714285715,0.0,100.0
3.2666666666666666,1013428.5714285715,0.0,100.0
3.283333333333333,1013428.5714285715,0.0,100.0
3.3,1013428.5714285715,0.0,100.0
3.316666666666667,1013428.5714285715,0.0,100.0
3.3333333333333335,1013428.5714285715,0.0,100.0
3.35,1013428.5714285715,0.0,100.0
3.3666666666666667,1013428.5714285715,0.0,100.0
3.3833333333333333,1013428.5714285715,0.0,100.0
3.4,1013428.5714285715,0.0,100.0
3.4166666666666665,1013428.5714285715,0.0,100.0
3.433333333333333,1013428.5714285715,0.0,100.0
3.45,1013428.5714285715,0.0,100.0
3.466666666666667,1013428.5714285715,0.0,100.0
3.4833333333333334,1013428.5714285715,0.0,100.0
3.5,1013428.5714285715,0.0,100.0
3.5166666666666666,1013428.5714285715,0.0,100.0
3.533333333333333,1013428.5714285715,0.0,100.0
3.55,1013428.5714285715,0.0,100.0
3.566666666666667,1013428.5714285715,0.0,100.0
3.5833333333333335,1013428.5714285715,0.0,100.0
3.6,1013428.5714285715,0.0,100.0
3.6166666666666667,1013428.5714285715,0.0,100.0
3.6333333333333333,1013428.5714285715,0.0,100.0
3.65,1013428.5714285715,0.0,100.0
3.6666666666666665,1013428.5714285715,0.0,100.0
3.683333333333333,1013428.5714285715,0.0,100.0
3.7,1013428.5714285715,0.0,100.0
3.716666666666667,1013428.5714285715,0.0,100.0
3.7333333333333334,1013428.5714285715,0.0,100.0
3.75,1013428.5714285715,0.0,100.0
3.7666666666666666,1013428.5714285715,0.0,100.0
3.783333333333333,1013428.5714285715,0.0,100.0
3.8,1013428.5714285715,0.0,100.0
3.816666666666667,1013428.5714285715,0.0,100.0
3.8333333333333335,1013428.5714285715,0.0,100.0
3.85,1013428.5714285715,0.0,100.0
3.8666666666666667,1013428.5714285715,0.0,100.0
3.8833333333333333,1013428.5714285715,0.0,100.0
3.9,1013428.5714285715,0.0,100.0
3.9166666666666665,1013428.5714285715,0.0,100.0
3.933333333333333,1013428.5714285715,0.0,100.0
3.95,1013428.5714285715,0.0,100.0
3.966666666666667,1013428.5714285715,0.0,100.0
3.9833333333333334,1013428.5714285715,0.0,100.0
4.0,1013428.5714285715,0.0,100.0
4.016666666666667,1013428.5714285715,0.0,100.0
4.033333333333333,1013428.5714285715,0.0,100.0
4.05,1013428.5714285715,0.0,100.0
4.066666666666666,1013428.5714285715,0.0,100.0
4.083333333333333,1013428.5714285715,0.0,100.0
4.1,1013428.5714285715,0.0,98.87640449438202
4.116666666666666,1013428.5714285715,0.0,97.75280898876404
4.133333333333334,1013428.5714285715,0.0,97.75280898876404
4.15,1013428.5714285715,0.0,97.75280898876404
4.166666666666667,1013428.5714285715,0.0,97.75280898876404
4.183333333333334,1013428.5714285715,0.0,97.75280898876404
4.2,1013428.5714285715,0.0,97.75280898876404
4.216666666666667,1013428.5714285715,0.0,97.75280898876404
4.233333333333333,1013428.5714285715,0.0,97.75280898876404
4.25,1013428.5714285715,0.0,97.75280898876404
4.266666666666667,1013428.5714285715,0.0,96.62921348314607
4.283333333333333,1013428.5714285715,0.0,96.62921348314607
4.3,1013428.5714285715,0.0,94.3820224719101
4.316666666666666,1013428.5714285715,0.0,94.3820224719101
4.333333333333333,1013428.5714285715,0.0,94.3820224719101
4.35,1013428.5714285715,0.0,94.3820224719101
4.366666666666666,1013428.5714285715,0.0,94.3820224719101
4.383333333333334,1013428.5714285715,0.0,94.3820224719101
4.4,1013428.5714285715,0.0,94.3820224719101
4.416666666666667,1013428.5714285715,0.0,93.25842696629213
4.433333333333334,1013428.5714285715,0.0,93.25842696629213
4.45,1013428.5714285715,0.0,92.13483146067416
4.466666666666667,1013428.5714285715,0.0,92.13483146067416
4.483333333333333,1013428.5714285715,0.0,92.13483146067416
4.5,1013428.5714285715,0.0,91.01123595505618
4.516666666666667,1013428.5714285715,0.0,91.01123595505618
4.533333333333333,1013428.5714285715,0.0,89.8876404494382
4.55,1013428.5714285715,0.0,89.8876404494382
4.566666666666666,1013428.5714285715,0.0,88.76404494382022
4.583333333333333,1013428.5714285715,0.0,88.76404494382022
4.6,1013428.5714285715,0.0,88.76404494382022
4.616666666666666,1013428.5714285715,0.0,88.20224719101124
4.633333333333334,1013428.5714285715,0.0,88.20224719101124
4.65,1013428.5714285715,0.0,87.07865168539325
4.666666666666667,1013428.5714285715,0.0,87.07865168539325
4.683333333333334,1013428.5714285715,0.0,85.95505617977528
4.7,1013428.5714285715,0.0,85.95505617977528
4.716666666666667,1013428.5714285715,0.0,85.95505617977528
4.733333333333333,1013428.5714285715,0.0,85.95505617977528
4.75,1013428.5714285715,0.0,85.95505617977528
4.766666666666667,1013428.5714285715,0.0,85.95505617977528
4.783333333333333,1013428.5714285715,0.0,84.8314606741573
4.8,1013428.5714285715,0.0,84.8314606741573
4.816666666666666,1013428.5714285715,0.0,84.8314606741573
4.833333333333333,1013428.5714285715,0.0,83.70786516853933
4.85,1013428.5714285715,0.0,83.70786516853933
4.866666666666666,1013428.5714285715,0.0,82.58426966292134
4.883333333333334,1013428.5714285715,0.0,80.89887640449437
4.9,1013428.5714285715,0.0,80.89887640449437
4.916666666666667,1013428.5714285715,0.0,80.89887640449437
4.933333333333334,1013428.5714285715,0.0,79.7752808988764
4.95,1013428.5714285715,0.0,78.65168539325843
4.966666666666667,1013428.5714285715,0.0,76.40449438202246
4.983333333333333,1013428.5714285715,0.0,76.40449438202246
5.0,1013428.5714285715,0.0,76.40449438202246
5.016666666666667,1013428.5714285715,0.0,76.40449438202246
5.033333333333333,1013428.5714285715,0.0,75.28089887640449
5.05,1013428.5714285715,0.0,75.28089887640449
5.066666666666666,1013428.5714285715,0.0,74.15730337078652
5.083333333333333,1013428.5714285715,0.0,74.15730337078652
5.1,1013428.5714285715,0.0,74.15730337078652
5.116666666666666,1013428.5714285715,0.0,74.15730337078652
5.133333333333334,1013428.5714285715,0.0,73.03370786516854
5.15,1013428.5714285715,0.0,71.34831460674157
5.166666666666667,1013428.5714285715,0.0,71.34831460674157
5.183333333333334,1013428.5714285715,5.8657569468323345e-08,71.34831460674157
5.2,1013428.5714285715,0.0,71.34831460674157
5.216666666666667,1013428.5714285715,0.0,71.34831460674157
5.233333333333333,1013428.5714285715,6.991406849010673e-07,71.34831460674157
5.25,1013428.5714285715,9.405373020854313e-06,70.2247191011236
5.266666666666667,1013428.5714285715,9.61878540692851e-05,70.2247191011236
5.283333333333333,1013428.5714285715,0.00024432860664092004,70.2247191011236
5.3,1013428.5714285715,0.00043890721281059086,70.2247191011236
5.316666666666666,1013428.5714285715,0.0006773257628083229,70.2247191011236
5.333333333333333,1013428.5714285715,0.0009611044661141932,69.10112359550563
5.35,1013428.5714285715,0.0012934042606502771,69.10112359550563
5.366666666666666,1013428.5714285715,0.0016781474696472287,67.97752808988764
5.383333333333334,1013428.5714285715,0.002119746059179306,66.85393258426966
5.4,1013428.5714285715,0.0026228977367281914,65.73033707865169
5.416666666666667,1013428.5714285715,0.0031925842631608248,65.1685393258427
5.433333333333334,1013428.5714285715,0.0038340147584676743,64.04494382022472
5.45,1013428.5714285715,0.0045526097528636456,62.92134831460674
5.466666666666667,1013428.5714285715,0.005354004912078381,62.92134831460674
5.483333333333333,1013428.5714285715,0.006244016345590353,62.92134831460674
5.5,1013428.5714285715,0.00722865853458643,62.92134831460674
5.516666666666667,1013428.5714285715,0.0083141028881073,62.92134831460674
5.533333333333333,1013428.5714285715,0.009506712667644024,61.79775280898876
5.55,1013428.5714285715,0.010812985710799694,61.79775280898876
5.566666666666666,1013428.5714285715,0.012239629402756691,61.79775280898876
5.583333333333333,1013428.5714285715,0.013793385587632656,61.79775280898876
5.6,1013428.5714285715,0.01548107247799635,60.67415730337079
5.616666666666666,1013428.5714285715,0.01730961725115776,59.55056179775281
5.633333333333334,1013428.5714285715,0.01928594335913658,59.55056179775281
5.65,1013428.5714285715,0.021417036652565002,58.42696629213483
5.666666666666667,1013428.5714285715,0.023709841072559357,57.865168539325836
5.683333333333334,1013428.5714285715,0.026171419769525528,57.865168539325836
5.7,1013428.5714285715,0.028808563947677612,57.865168539325836
5.716666666666667,1013428.5714285715,0.03162818029522896,57.865168539325836
5.733333333333333,1013428.5714285715,0.0346369668841362,56.74157303370787
5.75,1013428.5714285715,0.037841491401195526,55.61797752808989
5.766666666666667,1013428.5714285715,0.041248295456171036,55.61797752808989
5.783333333333333,1013428.5714285715,0.04486347362399101,54.49438202247191
5.8,1013428.5714285715,0.04869301617145538,52.24719101123596
5.816666666666666,1013428.5714285715,0.05274266004562378,52.24719101123596
5.833333333333333,1013428.5714285715,0.05701785162091255,52.24719101123596
5.85,1013428.5714285715,0.06152357533574104,51.12359550561798
5.866666666666666,1013428.5714285715,0.0650109127163887,51.12359550561798
5.883333333333334,1013428.5714285715,0.06766853481531143,50.0
5.9,1013428.5714285715,0.07049360126256943,49.43820224719101
5.916666666666667,1013428.5714285715,0.07349202036857605,49.43820224719101
5.933333333333334,1013428.5714285715,0.0766691043972969,48.31460674157304
5.95,1013428.5714285715,0.08003060519695282,48.31460674157304
5.966666666666667,1013428.5714285715,0.0835820883512497,48.31460674157304
5.983333333333333,1013428.5714285715,0.08732850849628448,48.31460674157304
6.0,1013428.5714285715,0.09127475321292877,48.31460674157304
6.016666666666667,1013428.5714285715,0.09542551636695862,48.31460674157304
6.033333333333333,1013428.5714285715,0.09978505969047546,48.31460674157304
6.05,1013428.5714285715,0.1043575257062912,48.31460674157304
6.066666666666666,1013428.5714285715,0.10914663970470428,47.19101123595505
6.083333333333333,1013428.5714285715,0.11415565758943558,44.9438202247191
6.1,1013428.5714285715,0.11938758194446564,44.9438202247191
6.116666666666666,1013428.5714285715,0.12484514713287354,43.82022471910113
6.133333333333334,1013428.5714285715,0.13053053617477417,42.69662921348314
6.15,1013428.5714285715,0.1364457607269287,42.13483146067416
6.166666666666667,1013428.5714285715,0.14259250462055206,41.01123595505618
6.183333333333334,1013428.5714285715,0.14897170662879944,39.8876404494382
6.2,1013428.5714285715,0.15558414161205292,39.8876404494382
6.216666666666667,1013428.5714285715,0.16243034601211548,39.8876404494382
6.233333333333333,1013428.5714285715,0.1695098727941513,39.8876404494382
6.25,1013428.5714285715,0.17682258784770966,39.8876404494382
6.266666666666667,1013428.5714285715,0.18436747789382935,39.8876404494382
6.283333333333333,1013428.5714285715,0.19214320182800293,39.8876404494382
6.3,1013428.5714285715,0.20014753937721252,39.8876404494382
6.316666666666666,1013428.5714285715,0.20837876200675964,39.8876404494382
6.333333333333333,1013428.5714285715,0.21683448553085327,39.8876404494382
6.35,1013428.5714285715,0.22551190853118896,39.8876404494382
6.366666666666666,1013428.5714285715,0.2344079613685608,36.51685393258427
6.383333333333334,1013428.5714285715,0.24351942539215088,35.39325842696629
6.4,1013428.5714285715,0.2528427243232727,33.70786516853933
6.416666666666667,1013428.5714285715,0.2623739242553711,32.58426966292135
6.433333333333334,1013428.5714285715,0.2721096873283386,31.46067415730337
6.45,1013428.5714285715,0.2820449769496918,31.46067415730337
6.466666666666667,1013428.5714285715,0.29217594861984253,31.46067415730337
6.483333333333333,1013428.5714285715,0.3024979829788208,31.46067415730337
6.5,1013428.5714285715,0.31300556659698486,31.46067415730337
6.516666666666667,1013428.5714285715,0.32369399070739746,31.46067415730337
6.533333333333333,1013428.5714285715,0.3345585763454437,31.46067415730337
6.55,1013428.5714285715,0.3455941379070282,30.337078651685395
6.566666666666666,1013428.5714285715,0.3567957580089569,30.337078651685395
6.583333333333333,1013428.5714285715,0.3681583106517792,30.337078651685395
6.6,1013428.5714285715,0.3796761929988861,30.337078651685395
6.616666666666666,1013428.5714285715,0.3913441002368927,29.213483146067414
6.633333333333334,1013428.5714285715,0.40315696597099304,29.213483146067414
6.65,1013428.5714285715,0.4151093363761902,25.280898876404496
6.666666666666667,1013428.5714285715,0.42719602584838867,25.280898876404496
6.683333333333334,1013428.5714285715,0.4394131898880005,24.15730337078652
6.7,1013428.5714285715,0.4517551362514496,24.15730337078652
6.716666666666667,1013428.5714285715,0.4642171263694763,24.15730337078652
6.733333333333333,1013428.5714285715,0.47679486870765686,23.03370786516854
6.75,1013428.5714285715,0.4894827604293823,21.910112359550563
6.766666666666667,1013428.5714285715,0.5022776126861572,21.910112359550563
6.783333333333333,1013428.5714285715,0.5151726007461548,21.910112359550563
6.8,1013428.5714285715,0.5281631946563721,20.786516853932586
6.816666666666666,1013428.5714285715,0.5412468314170837,20.786516853932586
6.833333333333333,1013428.5714285715,0.5544196367263794,20.786516853932586
6.85,1013428.5714285715,0.5676756501197815,20.786516853932586
6.866666666666666,1013428.5714285715,0.5810108184814453,20.786516853932586
6.883333333333334,1013428.5714285715,0.59442138671875,19.662921348314608
6.9,1013428.5714285715,0.6079050302505493,19.662921348314608
6.916666666666667,1013428.5714285715,0.6214580535888672,16.853932584269664
6.933333333333334,1013428.5714285715,0.6350753903388977,15.730337078651685
6.95,1013428.5714285715,0.6487545967102051,13.48314606741573
6.966666666666667,1013428.5714285715,0.6624917984008789,13.48314606741573
6.983333333333333,1013428.5714285715,0.676283597946167,12.359550561797752
7.0,1013428.5714285715,0.6901277303695679,12.359550561797752
7.016666666666667,1013428.5714285715,0.7040202617645264,12.359550561797752
7.033333333333333,1013428.5714285715,0.7179588675498962,12.359550561797752
7.05,1013428.5714285715,0.7319414019584656,11.235955056179774
7.066666666666666,1013428.5714285715,0.7459651231765747,10.112359550561797
7.083333333333333,1013428.5714285715,0.7600284814834595,10.112359550561797
7.1,1013428.5714285715,0.7741272449493408,10.112359550561797
7.116666666666666,1013428.5714285715,0.7882578372955322,8.98876404494382
7.133333333333334,1013428.5714285715,0.8024187684059143,8.98876404494382
7.15,1013428.5714285715,0.8166078925132751,8.98876404494382
7.166666666666667,1013428.5714285715,0.8308234214782715,7.303370786516854
7.183333333333334,1013428.5714285715,0.845063328742981,5.056179775280898
7.2,1013428.5714285715,0.8593257665634155,5.056179775280898
7.216666666666667,1013428.5714285715,0.8736088275909424,2.8089887640449436
7.233333333333333,1013428.5714285715,0.8879076242446899,2.8089887640449436
7.25,1013428.5714285715,0.9022210836410522,2.8089887640449436
7.266666666666667,1013428.5714285715,0.9165507555007935,2.8089887640449436
7.283333333333333,1013428.5714285715,0.930893063545227,1.6853932584269662
7.3,1013428.5714285715,0.9452409744262695,1.6853932584269662
7.316666666666666,1013428.5714285715,0.9596015214920044,0.5617977528089888
7.333333333333333,1013428.5714285715,0.9739665389060974,0.5617977528089888
7.35,1013428.5714285715,0.9883371591567993,0.5617977528089888
7.366666666666666,1013428.5714285715,1.0027117729187012,0.0
7.383333333333334,1013428.5714285715,1.0170884132385254,0.0
7.4,1013428.5714285715,1.031468152999878,0.0
7.416666666666667,1013428.5714285715,1.0458437204360962,0.0
7.433333333333334,1013428.5714285715,1.0602185726165771,0.0
7.45,1013428.5714285715,1.074589729309082,0.0
7.466666666666667,1013428.5714285715,1.088960886001587,0.0
7.483333333333333,1013428.5714285715,1.103320598602295,0.0
7.5,1013428.5714285715,1.117669939994812,0.0
7.516666666666667,1013428.5714285715,1.1320149898529053,0.0
7.533333333333333,1013428.5714285715,1.1463508605957031,0.0
7.55,1013428.5714285715,1.160672664642334,0.0
7.566666666666666,1013428.5714285715,1.1749825477600098,0.0
7.583333333333333,1013428.5714285715,1.189279317855835,0.0
7.6,1013428.5714285715,1.2035596370697021,0.0
7.616666666666666,1013428.5714285715,1.2178230285644531,0.0
7.633333333333334,1013428.5714285715,1.2320661544799805,0.0
7.65,1013428.5714285715,1.2462902069091797,0.0
7.666666666666667,1013428.5714285715,1.260493278503418,0.0
7.683333333333334,1013428.5714285715,1.2746775150299072,0.0
7.7,1013428.5714285715,1.2888355255126953,0.0
7.716666666666667,1013428.5714285715,1.3029711246490479,0.0
7.733333333333333,1013428.5714285715,1.3170807361602783,0.0
7.75,1013428.5714285715,1.3311659097671509,0.0
7.766666666666667,1013428.5714285715,1.3452258110046387,0.0
7.783333333333333,1013428.5714285715,1.3592581748962402,0.0
7.8,1013428.5714285715,1.3732633590698242,0.0
7.816666666666666,1013428.5714285715,1.3872394561767578,0.0
7.833333333333333,1013428.5714285715,1.4011809825897217,0.0
7.85,1013428.5714285715,1.4150993824005127,0.0
7.866666666666666,1013428.5714285715,1.428983211517334,0.0
7.883333333333334,1013428.5714285715,1.4428356885910034,0.0
7.9,1013428.5714285715,1.4566539525985718,0.0
7.916666666666667,1013428.5714285715,1.4704387187957764,0.0
7.933333333333334,1013428.5714285715,1.4841883182525635,0.0
7.95,1013428.5714285715,1.4979019165039062,0.0
7.966666666666667,1013428.5714285715,1.511579990386963,0.0
7.983333333333333,1013428.5714285715,1.5252206325531006,0.0
8.0,1013428.5714285715,1.5388236045837402,0.0
8.016666666666667,1013428.5714285715,1.5523862838745117,0.0
8.033333333333333,1013428.5714285715,1.5659120082855225,0.0
8.05,1013428.5714285715,1.579397439956665,0.0
8.066666666666666,1013428.5714285715,1.5928409099578857,0.0
8.083333333333334,1013428.5714285715,1.6062440872192383,0.0
8.1,1013428.5714285715,1.6196064949035645,0.0
8.116666666666667,1013428.5714285715,1.6329262256622314,0.0
8.133333333333333,1013428.5714285715,1.646201491355896,0.0
8.15,1013428.5714285715,1.6594364643096924,0.0
8.166666666666666,1013428.5714285715,1.6726281642913818,0.0
8.183333333333334,1013428.5714285715,1.6857757568359375,0.0
8.2,1013428.5714285715,1.6988794803619385,0.0
8.216666666666667,1013428.5714285715,1.7119368314743042,0.0
8.233333333333333,1013428.5714285715,1.7249501943588257,0.0
8.25,1013428.5714285715,1.7373573780059814,0.0
8.266666666666667,1013428.5714285715,1.7496986389160156,0.0
8.283333333333333,1013428.5714285715,1.7620009183883667,0.0
8.3,1013428.5714285715,1.7742633819580078,0.0
8.316666666666666,1013428.5714285715,1.786486268043518,0.0
8.333333333333334,1013428.5714285715,1.7986657619476318,0.0
8.35,1013428.5714285715,1.81080961227417,0.0
8.366666666666667,1013428.5714285715,1.8229107856750488,0.0
8.383333333333333,1013428.5714285715,1.8349711894989014,0.0
8.4,1013428.5714285715,1.846987247467041,0.0
8.416666666666666,1013428.5714285715,1.8589606285095215,0.0
8.433333333333334,1013428.5714285715,1.8708934783935547,0.0
8.45,1013428.5714285715,1.882781744003296,0.0
8.466666666666667,1013428.5714285715,1.8946231603622437,0.0
8.483333333333333,1013428.5714285715,1.9064233303070068,0.0
8.5,1013428.5714285715,1.9181796312332153,0.0
8.516666666666667,1013428.5714285715,1.9298888444900513,0.0
8.533333333333333,1013428.5714285715,1.9415538311004639,0.0
8.55,1013428.5714285715,1.9531762599945068,0.0
8.566666666666666,1013428.5714285715,1.9647510051727295,0.0
8.583333333333334,1013428.5714285715,1.9762797355651855,0.0
8.6,1013428.5714285715,1.9877612590789795,0.0
8.616666666666667,1013428.5714285715,1.9991958141326904,0.0
8.633333333333333,1013428.5714285715,2.0105843544006348,0.0
8.65,1013428.5714285715,2.0219264030456543,0.0
8.666666666666666,1013428.5714285715,2.0332155227661133,0.0
8.683333333333334,1013428.5714285715,2.0444610118865967,0.0
8.7,1013428.5714285715,2.0556588172912598,0.0
8.716666666666667,1013428.5714285715,2.0668106079101562,0.0
8.733333333333333,1013428.5714285715,2.0779075622558594,0.0
8.75,1013428.5714285715,2.088961124420166,0.0
8.766666666666667,1013428.5714285715,2.0999627113342285,0.0
8.783333333333333,1013428.5714285715,2.1109232902526855,0.0
8.8,1013428.5714285715,2.1218276023864746,0.0
8.816666666666666,1013428.5714285715,2.1326828002929688,0.0
8.833333333333334,1013428.5714285715,2.1434857845306396,0.0
8.85,1013428.5714285715,2.154240846633911,0.0
8.866666666666667,1013428.5714285715,2.1649467945098877,0.0
8.883333333333333,1013428.5714285715,2.1756043434143066,0.0
8.9,1013428.5714285715,2.1862130165100098,0.0
8.916666666666666,1013428.5714285715,2.1967692375183105,0.0
8.933333333333334,1013428.5714285715,2.2072715759277344,0.0
8.95,1013428.5714285715,2.217729091644287,0.0
8.966666666666667,1013428.5714285715,2.228127956390381,0.0
8.983333333333333,1013428.5714285715,2.23848295211792,0.0
9.0,1013428.5714285715,2.248781204223633,0.0
9.016666666666667,1013428.5714285715,2.2590341567993164,0.0
9.033333333333333,1013428.5714285715,2.269230842590332,0.0
9.05,1013428.5714285715,2.27938175201416,0.0
9.066666666666666,1013428.5714285715,2.2894816398620605,0.0
9.083333333333334,1013428.5714285715,2.2995309829711914,0.0
9.1,1013428.5714285715,2.3095293045043945,0.0
9.116666666666667,1013428.5714285715,2.3194732666015625,0.0
9.133333333333333,1013428.5714285715,2.3293724060058594,0.0
9.15,1013428.5714285715,2.3392176628112793,0.0
9.166666666666666,1013428.5714285715,2.3490114212036133,0.0
9.183333333333334,1013428.5714285715,2.3587427139282227,0.0
9.2,1013428.5714285715,2.3684334754943848,0.0
9.216666666666667,1013428.5714285715,2.3780674934387207,0.0
9.233333333333333,1013428.5714285715,2.3876543045043945,0.0
9.25,1013428.5714285715,2.3971853256225586,0.0
9.266666666666667,1013428.5714285715,2.4066691398620605,0.0
9.283333333333333,1013428.5714285715,2.416102409362793,0.0
9.3,1013428.5714285715,2.4254846572875977,0.0
9.316666666666666,1013428.5714285715,2.434812545776367,0.0
9.333333333333334,1013428.5714285715,2.444082260131836,0.0
9.35,1013428.5714285715,2.453307628631592,0.0
9.366666666666667,1013428.5714285715,2.4624786376953125,0.0
9.383333333333333,1013428.5714285715,2.471604347229004,0.0
9.4,1013428.5714285715,2.480672836303711,0.0
9.416666666666666,1013428.5714285715,2.489696502685547,0.0
9.433333333333334,1013428.5714285715,2.4986681938171387,0.0
9.45,1013428.5714285715,2.507587432861328,0.0
9.466666666666667,1013428.5714285715,2.5164613723754883,0.0
9.483333333333333,1013428.5714285715,2.5252833366394043,0.0
9.5,1013428.5714285715,2.534050703048706,0.0
9.516666666666667,1013428.5714285715,2.54276704788208,0.0
9.533333333333333,1013428.5714285715,2.5514402389526367,0.0
9.55,1013428.5714285715,2.5600523948669434,0.0
9.566666666666666,1013428.5714285715,2.5686206817626953,0.0
9.583333333333334,1013428.5714285715,2.5771331787109375,0.0
9.6,1013428.5714285715,2.585599899291992,0.0
9.616666666666667,1013428.5714285715,2.594012975692749,0.0
9.633333333333333,1013428.5714285715,2.6023788452148438,0.0
9.65,1013428.5714285715,2.6106958389282227,0.0
9.666666666666666,1013428.5714285715,2.618960380554199,0.0
9.683333333333334,1013428.5714285715,2.6271724700927734,0.0
9.7,1013428.5714285715,2.6353394985198975,0.0
9.716666666666667,1013428.5714285715,2.64345121383667,0.0
9.733333333333333,1013428.5714285715,2.65151309967041,0.0
9.75,1013428.5714285715,2.6595263481140137,0.0
9.766666666666667,1013428.5714285715,2.667494297027588,0.0
9.783333333333333,1013428.5714285715,2.675412654876709,0.0
9.8,1013428.5714285715,2.6832871437072754,0.0
9.816666666666666,1013428.5714285715,2.6911122798919678,0.0
9.833333333333334,1013428.5714285715,2.698887348175049,0.0
9.85,1013428.5714285715,2.7066092491149902,0.0
9.866666666666667,1013428.5714285715,2.7142891883850098,0.0
9.883333333333333,1013428.5714285715,2.7219204902648926,0.0
9.9,1013428.5714285715,2.7295022010803223,0.0
9.916666666666666,1013428.5714285715,2.737037181854248,0.0
9.933333333333334,1013428.5714285715,2.7445244789123535,0.0
9.95,1013428.5714285715,2.751965284347534,0.0
9.966666666666667,1013428.5714285715,2.7593612670898438,0.0
9.983333333333333,1013428.5714285715,2.7667040824890137,0.0
10.0,1013428.5714285715,2.7739920616149902,0.0
10.016666666666667,1013428.5714285715,2.781247138977051,0.0
10.033333333333333,1013428.5714285715,2.7884464263916016,0.0
10.05,1013428.5714285715,2.7956080436706543,0.0
10.066666666666666,1013428.5714285715,2.8027143478393555,0.0
10.083333333333334,1013428.5714285715,2.8097825050354004,0.0
0.0,1206714.2857142857,9.954231262207031,0.0
0.016666666666666666,1206714.2857142857,4.911890029907227,0.0
0.03333333333333333,1206714.2857142857,0.5920289754867554,59.55056179775281
0.05,1206714.2857142857,0.0,78.65168539325843
0.06666666666666667,1206714.2857142857,0.0,83.70786516853933
0.08333333333333333,1206714.2857142857,0.0,79.7752808988764
0.1,1206714.2857142857,0.0,78.65168539325843
0.11666666666666667,1206714.2857142857,0.0,79.7752808988764
0.13333333333333333,1206714.2857142857,0.0,79.7752808988764
0.15,1206714.2857142857,0.0,78.65168539325843
0.16666666666666666,1206714.2857142857,0.0,79.7752808988764
0.18333333333333332,1206714.2857142857,0.0,78.65168539325843
0.2,1206714.2857142857,0.0,78.08988764044943
0.21666666666666667,1206714.2857142857,0.0,76.96629213483146
0.23333333333333334,1206714.2857142857,0.0,79.21348314606742
0.25,1206714.2857142857,0.0,79.21348314606742
0.26666666666666666,1206714.2857142857,0.0,78.08988764044943
0.2833333333333333,1206714.2857142857,0.0,79.7752808988764
0.3,1206714.2857142857,0.0,80.89887640449437
0.31666666666666665,1206714.2857142857,0.0,80.89887640449437
0.3333333333333333,1206714.2857142857,0.0,82.02247191011236
0.35,1206714.2857142857,0.0,81.46067415730337
0.36666666666666664,1206714.2857142857,0.0,81.46067415730337
0.38333333333333336,1206714.2857142857,0.0,84.8314606741573
0.4,1206714.2857142857,0.0,87.07865168539325
0.4166666666666667,1206714.2857142857,0.0,87.64044943820225
0.43333333333333335,1206714.2857142857,0.0,88.20224719101124
0.45,1206714.2857142857,0.0,91.01123595505618
0.4666666666666667,1206714.2857142857,0.0,94.3820224719101
0.48333333333333334,1206714.2857142857,0.0,94.9438202247191
0.5,1206714.2857142857,0.0,96.62921348314607
0.5166666666666667,1206714.2857142857,0.0,98.87640449438202
0.5333333333333333,1206714.2857142857,0.0,100.0
0.55,1206714.2857142857,0.0,100.0
0.5666666666666667,1206714.2857142857,0.0,100.0
0.5833333333333334,1206714.2857142857,0.0,100.0
0.6,1206714.2857142857,0.0,100.0
0.6166666666666667,1206714.2857142857,0.0,100.0
0.6333333333333333,1206714.2857142857,0.0,100.0
0.65,1206714.2857142857,0.0,100.0
0.6666666666666666,1206714.2857142857,0.0,100.0
0.6833333333333333,1206714.2857142857,0.0,100.0
0.7,1206714.2857142857,0.0,100.0
0.7166666666666667,1206714.2857142857,0.0,100.0
0.7333333333333333,1206714.2857142857,0.0,100.0
0.75,1206714.2857142857,0.0,100.0
0.7666666666666667,1206714.2857142857,0.0,100.0
0.7833333333333333,1206714.2857142857,0.0,100.0
0.8,1206714.2857142857,0.0,100.0
0.8166666666666667,1206714.2857142857,0.0,100.0
0.8333333333333334,1206714.2857142857,0.0,100.0
0.85,1206714.2857142857,0.0,100.0
0.8666666666666667,1206714.2857142857,0.0,100.0
0.8833333333333333,1206714.2857142857,0.0,100.0
0.9,1206714.2857142857,0.0,100.0
0.9166666666666666,1206714.2857142857,0.0,100.0
0.9333333333333333,1206714.2857142857,0.0,100.0
0.95,1206714.2857142857,0.0,100.0
0.9666666666666667,1206714.2857142857,0.0,100.0
0.9833333333333333,1206714.2857142857,0.0,100.0
1.0,1206714.2857142857,0.0,100.0
1.0166666666666666,1206714.2857142857,0.0,100.0
1.0333333333333334,1206714.2857142857,0.0,100.0
1.05,1206714.2857142857,0.0,100.0
1.0666666666666667,1206714.2857142857,0.0,100.0
1.0833333333333333,1206714.2857142857,0.0,100.0
1.1,1206714.2857142857,0.0,100.0
1.1166666666666667,1206714.2857142857,0.0,100.0
1.1333333333333333,1206714.2857142857,0.0,100.0
1.15,1206714.2857142857,0.0,100.0
1.1666666666666667,1206714.2857142857,0.0,100.0
1.1833333333333333,1206714.2857142857,0.0,100.0
1.2,1206714.2857142857,0.0,100.0
1.2166666666666666,1206714.2857142857,0.0,100.0
1.2333333333333334,1206714.2857142857,0.0,100.0
1.25,1206714.2857142857,0.0,100.0
1.2666666666666666,1206714.2857142857,0.0,100.0
1.2833333333333334,1206714.2857142857,0.0,100.0
1.3,1206714.2857142857,0.0,100.0
1.3166666666666667,1206714.2857142857,0.0,100.0
1.3333333333333333,1206714.2857142857,0.0,100.0
1.35,1206714.2857142857,0.0,100.0
1.3666666666666667,1206714.2857142857,0.0,100.0
1.3833333333333333,1206714.2857142857,0.0,100.0
1.4,1206714.2857142857,0.0,100.0
1.4166666666666667,1206714.2857142857,0.0,100.0
1.4333333333333333,1206714.2857142857,0.0,100.0
1.45,1206714.2857142857,0.0,100.0
1.4666666666666666,1206714.2857142857,0.0,100.0
1.4833333333333334,1206714.2857142857,0.0,100.0
1.5,1206714.2857142857,0.0,100.0
1.5166666666666666,1206714.2857142857,0.0,100.0
1.5333333333333334,1206714.2857142857,0.0,100.0
1.55,1206714.2857142857,0.0,100.0
1.5666666666666667,1206714.2857142857,0.0,100.0
1.5833333333333333,1206714.2857142857,0.0,100.0
1.6,1206714.2857142857,0.0,100.0
1.6166666666666667,1206714.2857142857,0.0,100.0
1.6333333333333333,1206714.2857142857,0.0,100.0
1.65,1206714.2857142857,0.0,100.0
1.6666666666666667,1206714.2857142857,0.0,100.0
1.6833333333333333,1206714.2857142857,0.0,100.0
1.7,1206714.2857142857,0.0,100.0
1.7166666666666666,1206714.2857142857,0.0,100.0
1.7333333333333334,1206714.2857142857,0.0,100.0
1.75,1206714.2857142857,0.0,100.0
1.7666666666666666,1206714.2857142857,0.0,100.0
1.7833333333333334,1206714.2857142857,0.0,100.0
1.8,1206714.2857142857,0.0,100.0
1.8166666666666667,1206714.2857142857,0.0,100.0
1.8333333333333333,1206714.2857142857,0.0,100.0
1.85,1206714.2857142857,0.0,100.0
1.8666666666666667,1206714.2857142857,0.0,100.0
1.8833333333333333,1206714.2857142857,0.0,100.0
1.9,1206714.2857142857,0.0,100.0
1.9166666666666667,1206714.2857142857,0.0,100.0
1.9333333333333333,1206714.2857142857,0.0,100.0
1.95,1206714.2857142857,0.0,100.0
1.9666666666666666,1206714.2857142857,0.0,100.0
1.9833333333333334,1206714.2857142857,0.0,100.0
2.0,1206714.2857142857,0.0,100.0
2.0166666666666666,1206714.2857142857,0.0,100.0
2.033333333333333,1206714.2857142857,0.0,100.0
2.05,1206714.2857142857,0.0,100.0
2.066666666666667,1206714.2857142857,0.0,100.0
2.0833333333333335,1206714.2857142857,0.0,100.0
2.1,1206714.2857142857,0.0,100.0
2.1166666666666667,1206714.2857142857,0.0,100.0
2.1333333333333333,1206714.2857142857,0.0,100.0
2.15,1206714.2857142857,0.0,100.0
2.1666666666666665,1206714.2857142857,0.0,100.0
2.183333333333333,1206714.2857142857,0.0,100.0
2.2,1206714.2857142857,0.0,100.0
2.216666666666667,1206714.2857142857,0.0,100.0
2.2333333333333334,1206714.2857142857,0.0,100.0
2.25,1206714.2857142857,0.0,100.0
2.2666666666666666,1206714.2857142857,0.0,100.0
2.283333333333333,1206714.2857142857,0.0,100.0
2.3,1206714.2857142857,0.0,100.0
2.316666666666667,1206714.2857142857,0.0,100.0
2.3333333333333335,1206714.2857142857,0.0,100.0
2.35,1206714.2857142857,0.0,100.0
2.3666666666666667,1206714.2857142857,0.0,100.0
2.3833333333333333,1206714.2857142857,0.0,100.0
2.4,1206714.2857142857,0.0,100.0
2.4166666666666665,1206714.2857142857,0.0,100.0
2.433333333333333,1206714.2857142857,0.0,100.0
2.45,1206714.2857142857,0.0,100.0
2.466666666666667,1206714.2857142857,0.0,100.0
2.4833333333333334,1206714.2857142857,0.0,100.0
2.5,1206714.2857142857,0.0,100.0
2.5166666666666666,1206714.2857142857,0.0,100.0
2.533333333333333,1206714.2857142857,0.0,100.0
2.55,1206714.2857142857,0.0,100.0
2.566666666666667,1206714.2857142857,0.0,100.0
2.5833333333333335,1206714.2857142857,0.0,100.0
2.6,1206714.2857142857,0.0,100.0
2.6166666666666667,1206714.2857142857,0.0,100.0
2.6333333333333333,1206714.2857142857,0.0,100.0
2.65,1206714.2857142857,0.0,100.0
2.6666666666666665,1206714.2857142857,0.0,100.0
2.683333333333333,1206714.2857142857,0.0,100.0
2.7,1206714.2857142857,0.0,100.0
2.716666666666667,1206714.2857142857,0.0,100.0
2.7333333333333334,1206714.2857142857,0.0,100.0
2.75,1206714.2857142857,0.0,100.0
2.7666666666666666,1206714.2857142857,0.0,100.0
2.783333333333333,1206714.2857142857,0.0,100.0
2.8,1206714.2857142857,0.0,100.0
2.816666666666667,1206714.2857142857,0.0,100.0
2.8333333333333335,1206714.2857142857,0.0,100.0
2.85,1206714.2857142857,0.0,100.0
2.8666666666666667,1206714.2857142857,0.0,100.0
2.8833333333333333,1206714.2857142857,0.0,100.0
2.9,1206714.2857142857,0.0,100.0
2.9166666666666665,1206714.2857142857,0.0,100.0
2.933333333333333,1206714.2857142857,0.0,100.0
2.95,1206714.2857142857,0.0,100.0
2.966666666666667,1206714.2857142857,0.0,100.0
2.9833333333333334,1206714.2857142857,0.0,100.0
3.0,1206714.2857142857,0.0,100.0
3.0166666666666666,1206714.2857142857,0.0,100.0
3.033333333333333,1206714.2857142857,0.0,100.0
3.05,1206714.2857142857,0.0,100.0
3.066666666666667,1206714.2857142857,0.0,100.0
3.0833333333333335,1206714.2857142857,0.0,100.0
3.1,1206714.2857142857,0.0,100.0
3.1166666666666667,1206714.2857142857,0.0,100.0
3.1333333333333333,1206714.2857142857,0.0,100.0
3.15,1206714.2857142857,0.0,100.0
3.1666666666666665,1206714.2857142857,0.0,100.0
3.183333333333333,1206714.2857142857,0.0,100.0
3.2,1206714.2857142857,0.0,100.0
3.216666666666667,1206714.2857142857,0.0,100.0
3.2333333333333334,1206714.2857142857,0.0,100.0
3.25,1206714.2857142857,0.0,100.0
3.2666666666666666,1206714.2857142857,0.0,100.0
3.283333333333333,1206714.2857142857,0.0,100.0
3.3,1206714.2857142857,0.0,100.0
3.316666666666667,1206714.2857142857,0.0,100.0
3.3333333333333335,1206714.2857142857,0.0,100.0
3.35,1206714.2857142857,0.0,100.0
3.3666666666666667,1206714.2857142857,0.0,100.0
3.3833333333333333,1206714.2857142857,0.0,100.0
3.4,1206714.2857142857,0.0,100.0
3.4166666666666665,1206714.2857142857,0.0,100.0
3.433333333333333,1206714.2857142857,0.0,100.0
3.45,1206714.2857142857,0.0,100.0
3.466666666666667,1206714.2857142857,0.0,100.0
3.4833333333333334,1206714.2857142857,0.0,100.0
3.5,1206714.2857142857,0.0,100.0
3.5166666666666666,1206714.2857142857,0.0,100.0
3.533333333333333,1206714.2857142857,0.0,100.0
3.55,1206714.2857142857,0.0,100.0
3.566666666666667,1206714.2857142857,0.0,100.0
3.5833333333333335,1206714.2857142857,0.0,100.0
3.6,1206714.2857142857,0.0,100.0
3.6166666666666667,1206714.2857142857,0.0,100.0
3.6333333333333333,1206714.2857142857,0.0,100.0
3.65,1206714.2857142857,0.0,100.0
3.6666666666666665,1206714.2857142857,0.0,100.0
3.683333333333333,1206714.2857142857,0.0,100.0
3.7,1206714.2857142857,0.0,100.0
3.716666666666667,1206714.2857142857,0.0,100.0
3.7333333333333334,1206714.2857142857,0.0,100.0
3.75,1206714.2857142857,0.0,100.0
3.7666666666666666,1206714.2857142857,0.0,100.0
3.783333333333333,1206714.2857142857,0.0,100.0
3.8,1206714.2857142857,0.0,100.0
3.816666666666667,1206714.2857142857,0.0,100.0
3.8333333333333335,1206714.2857142857,0.0,100.0
3.85,1206714.2857142857,0.0,100.0
3.8666666666666667,1206714.2857142857,0.0,100.0
3.8833333333333333,1206714.2857142857,0.0,100.0
3.9,1206714.2857142857,0.0,100.0
3.9166666666666665,1206714.2857142857,0.0,100.0
3.933333333333333,1206714.2857142857,0.0,100.0
3.95,1206714.2857142857,0.0,100.0
3.966666666666667,1206714.2857142857,0.0,100.0
3.9833333333333334,1206714.2857142857,0.0,100.0
4.0,1206714.2857142857,0.0,100.0
4.016666666666667,1206714.2857142857,0.0,100.0
4.033333333333333,1206714.2857142857,0.0,100.0
4.05,1206714.2857142857,0.0,100.0
4.066666666666666,1206714.2857142857,0.0,100.0
4.083333333333333,1206714.2857142857,0.0,100.0
4.1,1206714.2857142857,0.0,100.0
4.116666666666666,1206714.2857142857,0.0,100.0
4.133333333333334,1206714.2857142857,0.0,100.0
4.15,1206714.2857142857,0.0,100.0
4.166666666666667,1206714.2857142857,0.0,98.87640449438202
4.183333333333334,1206714.2857142857,0.0,97.75280898876404
4.2,1206714.2857142857,0.0,97.75280898876404
4.216666666666667,1206714.2857142857,0.0,97.75280898876404
4.233333333333333,1206714.2857142857,0.0,97.75280898876404
4.25,1206714.2857142857,0.0,97.75280898876404
4.266666666666667,1206714.2857142857,0.0,97.75280898876404
4.283333333333333,1206714.2857142857,0.0,97.75280898876404
4.3,1206714.2857142857,0.0,97.75280898876404
4.316666666666666,1206714.2857142857,0.0,97.75280898876404
4.333333333333333,1206714.2857142857,0.0,97.75280898876404
4.35,1206714.2857142857,0.0,96.62921348314607
4.366666666666666,1206714.2857142857,0.0,96.62921348314607
4.383333333333334,1206714.2857142857,0.0,94.3820224719101
4.4,1206714.2857142857,0.0,94.3820224719101
4.416666666666667,1206714.2857142857,0.0,94.3820224719101
4.433333333333334,1206714.2857142857,0.0,94.3820224719101
4.45,1206714.2857142857,0.0,94.3820224719101
4.466666666666667,1206714.2857142857,0.0,94.3820224719101
4.483333333333333,1206714.2857142857,0.0,94.3820224719101
4.5,1206714.2857142857,0.0,94.3820224719101
4.516666666666667,1206714.2857142857,0.0,93.25842696629213
4.533333333333333,1206714.2857142857,0.0,92.13483146067416
4.55,1206714.2857142857,0.0,92.13483146067416
4.566666666666666,1206714.2857142857,0.0,92.13483146067416
4.583333333333333,1206714.2857142857,0.0,91.01123595505618
4.6,1206714.2857142857,0.0,91.01123595505618
4.616666666666666,1206714.2857142857,0.0,91.01123595505618
4.633333333333334,1206714.2857142857,0.0,89.8876404494382
4.65,1206714.2857142857,0.0,88.76404494382022
4.666666666666667,1206714.2857142857,0.0,88.76404494382022
4.683333333333334,1206714.2857142857,0.0,88.76404494382022
4.7,1206714.2857142857,0.0,88.20224719101124
4.716666666666667,1206714.2857142857,0.0,88.20224719101124
4.733333333333333,1206714.2857142857,0.0,88.20224719101124
4.75,1206714.2857142857,0.0,87.07865168539325
4.766666666666667,1206714.2857142857,0.0,87.07865168539325
4.783333333333333,1206714.2857142857,0.0,85.95505617977528
4.8,1206714.2857142857,0.0,85.95505617977528
4.816666666666666,1206714.2857142857,0.0,85.95505617977528
4.833333333333333,1206714.2857142857,0.0,85.95505617977528
4.85,1206714.2857142857,0.0,85.95505617977528
4.866666666666666,1206714.2857142857,0.0,85.95505617977528
4.883333333333334,1206714.2857142857,0.0,84.8314606741573
4.9,1206714.2857142857,0.0,84.8314606741573
4.916666666666667,1206714.2857142857,0.0,84.8314606741573
4.933333333333334,1206714.2857142857,0.0,84.8314606741573
4.95,1206714.2857142857,0.0,83.70786516853933
4.966666666666667,1206714.2857142857,0.0,82.58426966292134
4.983333333333333,1206714.2857142857,0.0,82.58426966292134
5.0,1206714.2857142857,0.0,82.02247191011236
5.016666666666667,1206714.2857142857,0.0,80.89887640449437
5.033333333333333,1206714.2857142857,0.0,80.89887640449437
5.05,1206714.2857142857,0.0,80.89887640449437
5.066666666666666,1206714.2857142857,0.0,79.7752808988764
5.083333333333333,1206714.2857142857,0.0,78.65168539325843
5.1,1206714.2857142857,0.0,76.40449438202246
5.116666666666666,1206714.2857142857,0.0,76.40449438202246
5.133333333333334,1206714.2857142857,0.0,76.40449438202246
5.15,1206714.2857142857,0.0,76.40449438202246
5.166666666666667,1206714.2857142857,0.0,75.28089887640449
5.183333333333334,1206714.2857142857,0.0,75.28089887640449
5.2,1206714.2857142857,0.0,74.15730337078652
5.216666666666667,1206714.2857142857,0.0,74.15730337078652
5.233333333333333,1206714.2857142857,0.0,74.15730337078652
5.25,1206714.2857142857,0.0,74.15730337078652
5.266666666666667,1206714.2857142857,0.0,73.03370786516854
5.283333333333333,1206714.2857142857,0.0,71.34831460674157
5.3,1206714.2857142857,0.0,71.34831460674157
5.316666666666666,1206714.2857142857,0.0,71.34831460674157
5.333333333333333,1206714.2857142857,0.0,71.34831460674157
5.35,1206714.2857142857,0.0,71.34831460674157
5.366666666666666,1206714.2857142857,2.0759158303462755e-07,71.34831460674157
5.383333333333334,1206714.2857142857,1.1398838068998884e-06,71.34831460674157
5.4,1206714.2857142857,3.328555976622738e-05,70.2247191011236
5.416666666666667,1206714.2857142857,0.00013826682697981596,70.2247191011236
5.433333333333334,1206714.2857142857,0.00028793327510356903,70.2247191011236
5.45,1206714.2857142857,0.00047398064634762704,70.2247191011236
5.466666666666667,1206714.2857142857,0.0006953338743187487,70.2247191011236
5.483333333333333,1206714.2857142857,0.0009534063865430653,69.10112359550563
5.5,1206714.2857142857,0.001250546658411622,69.10112359550563
5.516666666666667,1206714.2857142857,0.0015895896358415484,69.10112359550563
5.533333333333333,1206714.2857142857,0.001973643433302641,69.10112359550563
5.55,1206714.2857142857,0.00240601459518075,66.85393258426966
5.566666666666666,1206714.2857142857,0.0028901495970785618,65.1685393258427
5.583333333333333,1206714.2857142857,0.003429616801440716,65.1685393258427
5.6,1206714.2857142857,0.00402810238301754,65.1685393258427
5.616666666666666,1206714.2857142857,0.004689413122832775,64.04494382022472
5.633333333333334,1206714.2857142857,0.005417455919086933,62.92134831460674
5.65,1206714.2857142857,0.006216210313141346,62.92134831460674
5.666666666666667,1206714.2857142857,0.007089778780937195,62.92134831460674
5.683333333333334,1206714.2857142857,0.0080423504114151,62.92134831460674
5.7,1206714.2857142857,0.009078159928321838,61.79775280898876
5.716666666666667,1206714.2857142857,0.010201534256339073,61.79775280898876
5.733333333333333,1206714.2857142857,0.011416847817599773,61.79775280898876
5.75,1206714.2857142857,0.012728498317301273,61.79775280898876
5.766666666666667,1206714.2857142857,0.014140930026769638,61.79775280898876
5.783333333333333,1206714.2857142857,0.015658574178814888,60.67415730337079
5.8,1206714.2857142857,0.017285887151956558,60.67415730337079
5.816666666666666,1206714.2857142857,0.019027315080165863,60.67415730337079
5.833333333333333,1206714.2857142857,0.020887259393930435,58.42696629213483
5.85,1206714.2857142857,0.022870108485221863,57.865168539325836
5.866666666666666,1206714.2857142857,0.024980146437883377,57.865168539325836
5.883333333333334,1206714.2857142857,0.027221640571951866,57.865168539325836
5.9,1206714.2857142857,0.02959892526268959,57.865168539325836
5.916666666666667,1206714.2857142857,0.0321158841252327,57.865168539325836
5.933333333333334,1206714.2857142857,0.034776631742715836,57.865168539325836
5.95,1206714.2857142857,0.037585094571113586,56.74157303370787
5.966666666666667,1206714.2857142857,0.04054498299956322,55.61797752808989
5.983333333333333,1206714.2857142857,0.043659813702106476,55.61797752808989
6.0,1206714.2857142857,0.04693302512168884,55.61797752808989
6.016666666666667,1206714.2857142857,0.05036764219403267,53.37078651685393
6.033333333333333,1206714.2857142857,0.05396675691008568,53.37078651685393
6.05,1206714.2857142857,0.057733193039894104,53.37078651685393
6.066666666666666,1206714.2857142857,0.06166963279247284,52.24719101123596
6.083333333333333,1206714.2857142857,0.06407052278518677,51.12359550561798
6.1,1206714.2857142857,0.06634809821844101,51.12359550561798
6.116666666666666,1206714.2857142857,0.06874708086252213,49.43820224719101
6.133333333333334,1206714.2857142857,0.071270652115345,49.43820224719101
6.15,1206714.2857142857,0.07392223179340363,49.43820224719101
6.166666666666667,1206714.2857142857,0.07670479267835617,49.43820224719101
6.183333333333334,1206714.2857142857,0.07962111383676529,48.31460674157304
6.2,1206714.2857142857,0.08267417550086975,48.31460674157304
6.216666666666667,1206714.2857142857,0.08586667478084564,48.31460674157304
6.233333333333333,1206714.2857142857,0.08920092135667801,48.31460674157304
6.25,1206714.2857142857,0.09267927706241608,48.31460674157304
6.266666666666667,1206714.2857142857,0.09630420804023743,48.31460674157304
6.283333333333333,1206714.2857142857,0.10007723420858383,48.31460674157304
6.3,1206714.2857142857,0.10400018841028214,48.31460674157304
6.316666666666666,1206714.2857142857,0.1080746278166771,48.31460674157304
6.333333333333333,1206714.2857142857,0.1123020127415657,47.19101123595505
6.35,1206714.2857142857,0.11668343842029572,46.06741573033708
6.366666666666666,1206714.2857142857,0.12121978402137756,44.9438202247191
6.383333333333334,1206714.2857142857,0.1259119212627411,43.82022471910113
6.4,1206714.2857142857,0.13076038658618927,42.69662921348314
6.416666666666667,1206714.2857142857,0.13576549291610718,42.13483146067416
6.433333333333334,1206714.2857142857,0.1409274935722351,42.13483146067416
6.45,1206714.2857142857,0.1462463140487671,42.13483146067416
6.466666666666667,1206714.2857142857,0.15172144770622253,42.13483146067416
6.483333333333333,1206714.2857142857,0.1573525071144104,41.01123595505618
6.5,1206714.2857142857,0.16313904523849487,39.8876404494382
6.516666666666667,1206714.2857142857,0.16907998919487,39.8876404494382
6.533333333333333,1206714.2857142857,0.17517386376857758,39.8876404494382
6.55,1206714.2857142857,0.1814197599887848,39.8876404494382
6.566666666666666,1206714.2857142857,0.18781614303588867,39.8876404494382
6.583333333333333,1206714.2857142857,0.19436149299144745,39.8876404494382
6.6,1206714.2857142857,0.2010537087917328,39.8876404494382
6.616666666666666,1206714.2857142857,0.20789086818695068,39.8876404494382
6.633333333333334,1206714.2857142857,0.21487094461917877,39.8876404494382
6.65,1206714.2857142857,0.22199192643165588,39.8876404494382
6.666666666666667,1206714.2857142857,0.22925156354904175,39.8876404494382
6.683333333333334,1206714.2857142857,0.2366468459367752,38.764044943820224
6.7,1206714.2857142857,0.24417561292648315,35.39325842696629
6.716666666666667,1206714.2857142857,0.25183528661727905,33.70786516853933
6.733333333333333,1206714.2857142857,0.25962334871292114,33.70786516853933
6.75,1206714.2857142857,0.2675371468067169,33.70786516853933
6.766666666666667,1206714.2857142857,0.2755734622478485,32.58426966292135
6.783333333333333,1206714.2857142857,0.2837294936180115,32.58426966292135
6.8,1206714.2857142857,0.2920023202896118,32.58426966292135
6.816666666666666,1206714.2857142857,0.300388365983963,31.46067415730337
6.833333333333333,1206714.2857142857,0.3088846206665039,31.46067415730337
6.85,1206714.2857142857,0.31748777627944946,31.46067415730337
6.866666666666666,1206714.2857142857,0.3261951804161072,31.46067415730337
6.883333333333334,1206714.2857142857,0.3350033760070801,31.46067415730337
6.9,1206714.2857142857,0.3439091444015503,31.46067415730337
6.916666666666667,1206714.2857142857,0.3529098927974701,31.46067415730337
6.933333333333334,1206714.2857142857,0.36200180649757385,30.337078651685395
6.95,1206714.2857142857,0.3711822032928467,30.337078651685395
6.966666666666667,1206714.2857142857,0.3804490566253662,30.337078651685395
6.983333333333333,1206714.2857142857,0.38979804515838623,30.337078651685395
7.0,1206714.2857142857,0.39922624826431274,30.337078651685395
7.016666666666667,1206714.2857142857,0.40873080492019653,27.52808988764045
7.033333333333333,1206714.2857142857,0.4183087944984436,25.280898876404496
7.05,1206714.2857142857,0.42795759439468384,25.280898876404496
7.066666666666666,1206714.2857142857,0.43767422437667847,25.280898876404496
7.083333333333333,1206714.2857142857,0.4474555552005768,24.15730337078652
7.1,1206714.2857142857,0.4572986662387848,24.15730337078652
7.116666666666666,1206714.2857142857,0.46720170974731445,24.15730337078652
7.133333333333334,1206714.2857142857,0.47716131806373596,24.15730337078652
7.15,1206714.2857142857,0.487174391746521,24.15730337078652
7.166666666666667,1206714.2857142857,0.49723875522613525,23.03370786516854
7.183333333333334,1206714.2857142857,0.5073530673980713,21.910112359550563
7.2,1206714.2857142857,0.5175127983093262,21.910112359550563
7.216666666666667,1206714.2857142857,0.5277172327041626,21.910112359550563
7.233333333333333,1206714.2857142857,0.5379631519317627,21.910112359550563
7.25,1206714.2857142857,0.5482486486434937,20.786516853932586
7.266666666666667,1206714.2857142857,0.5585709810256958,20.786516853932586
7.283333333333333,1206714.2857142857,0.5689295530319214,20.786516853932586
7.3,1206714.2857142857,0.5793212652206421,20.786516853932586
7.316666666666666,1206714.2857142857,0.5897431373596191,20.786516853932586
7.333333333333333,1206714.2857142857,0.6001948118209839,20.786516853932586
7.35,1206714.2857142857,0.6106738448143005,19.101123595505616
7.366666666666666,1206714.2857142857,0.6211780905723572,16.853932584269664
7.383333333333334,1206714.2857142857,0.631705641746521,16.853932584269664
7.4,1206714.2857142857,0.6422544121742249,15.730337078651685
7.416666666666667,1206714.2857142857,0.6528223752975464,15.730337078651685
7.433333333333334,1206714.2857142857,0.6634069085121155,14.606741573033707
7.45,1206714.2857142857,0.6740080714225769,13.48314606741573
7.466666666666667,1206714.2857142857,0.6846243739128113,13.48314606741573
7.483333333333333,1206714.2857142857,0.6952536106109619,12.359550561797752
7.5,1206714.2857142857,0.7058942317962646,12.359550561797752
7.516666666666667,1206714.2857142857,0.7165457010269165,12.359550561797752
7.533333333333333,1206714.2857142857,0.727203369140625,12.359550561797752
7.55,1206714.2857142857,0.7378692626953125,12.359550561797752
7.566666666666666,1206714.2857142857,0.748540461063385,11.235955056179774
7.583333333333333,1206714.2857142857,0.7592184543609619,11.235955056179774
7.6,1206714.2857142857,0.7698974609375,10.112359550561797
7.616666666666666,1206714.2857142857,0.7805774211883545,10.112359550561797
7.633333333333334,1206714.2857142857,0.7912576198577881,10.112359550561797
7.65,1206714.2857142857,0.8019360303878784,10.112359550561797
7.666666666666667,1206714.2857142857,0.8126111030578613,8.98876404494382
7.683333333333334,1206714.2857142857,0.8232826590538025,8.98876404494382
7.7,1206714.2857142857,0.8339505791664124,7.303370786516854
7.716666666666667,1206714.2857142857,0.8446129560470581,7.303370786516854
7.733333333333333,1206714.2857142857,0.855268120765686,5.056179775280898
7.75,1206714.2857142857,0.8659155964851379,5.056179775280898
7.766666666666667,1206714.2857142857,0.8765560388565063,5.056179775280898
7.783333333333333,1206714.2857142857,0.8871859312057495,2.8089887640449436
7.8,1206714.2857142857,0.8978041410446167,2.8089887640449436
7.816666666666666,1206714.2857142857,0.908409833908081,2.8089887640449436
7.833333333333333,1206714.2857142857,0.9190050363540649,2.8089887640449436
7.85,1206714.2857142857,0.9295859336853027,1.6853932584269662
7.866666666666666,1206714.2857142857,0.9401516914367676,1.6853932584269662
7.883333333333334,1206714.2857142857,0.9507026672363281,1.6853932584269662
7.9,1206714.2857142857,0.9612380862236023,1.6853932584269662
7.916666666666667,1206714.2857142857,0.9717584848403931,0.5617977528089888
7.933333333333334,1206714.2857142857,0.9822608828544617,0.5617977528089888
7.95,1206714.2857142857,0.9927428960800171,0.5617977528089888
7.966666666666667,1206714.2857142857,1.0032050609588623,0.0
7.983333333333333,1206714.2857142857,1.0136489868164062,0.0
8.0,1206714.2857142857,1.024068832397461,0.0
8.016666666666667,1206714.2857142857,1.0344678163528442,0.0
8.033333333333333,1206714.2857142857,1.0448424816131592,0.0
8.05,1206714.2857142857,1.0551953315734863,0.0
8.066666666666666,1206714.2857142857,1.0655226707458496,0.0
8.083333333333334,1206714.2857142857,1.0758273601531982,0.0
8.1,1206714.2857142857,1.0861079692840576,0.0
8.116666666666667,1206714.2857142857,1.096362829208374,0.0
8.133333333333333,1206714.2857142857,1.106592059135437,0.0
8.15,1206714.2857142857,1.1167898178100586,0.0
8.166666666666666,1206714.2857142857,1.1269609928131104,0.0
8.183333333333334,1206714.2857142857,1.1371046304702759,0.0
8.2,1206714.2857142857,1.1472193002700806,0.0
8.216666666666667,1206714.2857142857,1.1573050022125244,0.0
8.233333333333333,1206714.2857142857,1.1673580408096313,0.0
8.25,1206714.2857142857,1.1773786544799805,0.0
8.266666666666667,1206714.2857142857,1.1873714923858643,0.0
8.283333333333333,1206714.2857142857,1.1973354816436768,0.0
8.3,1206714.2857142857,1.2072656154632568,0.0
8.316666666666666,1206714.2857142857,1.2171639204025269,0.0
8.333333333333334,1206714.2857142857,1.2270317077636719,0.0
8.35,1206714.2857142857,1.236868143081665,0.0
8.366666666666667,1206714.2857142857,1.2466726303100586,0.0
8.383333333333333,1206714.2857142857,1.256441354751587,0.0
8.4,1206714.2857142857,1.266174077987671,0.0
8.416666666666666,1206714.2857142857,1.2758760452270508,0.0
8.433333333333334,1206714.2857142857,1.2855408191680908,0.0
8.45,1206714.2857142857,1.2951724529266357,0.0
8.466666666666667,1206714.2857142857,1.3047658205032349,0.0
8.483333333333333,1206714.2857142857,1.3143250942230225,0.0
8.5,1206714.2857142857,1.3238471746444702,0.0
8.516666666666667,1206714.2857142857,1.3333303928375244,0.0
8.533333333333333,1206714.2857142857,1.3427784442901611,0.0
8.55,1206714.2857142857,1.3521865606307983,0.0
8.566666666666666,1206714.2857142857,1.3615570068359375,0.0
8.583333333333334,1206714.2857142857,1.370890498161316,0.0
8.6,1206714.2857142857,1.3801841735839844,0.0
8.616666666666667,1206714.2857142857,1.3894426822662354,0.0
8.633333333333333,1206714.2857142857,1.398659586906433,0.0
8.65,1206714.2857142857,1.4078418016433716,0.0
8.666666666666666,1206714.2857142857,1.416982650756836,0.0
8.683333333333334,1206714.2857142857,1.4260832071304321,0.0
8.7,1206714.2857142857,1.435142993927002,0.0
8.716666666666667,1206714.2857142857,1.4440034627914429,0.0
8.733333333333333,1206714.2857142857,1.4524898529052734,0.0
8.75,1206714.2857142857,1.460945963859558,0.0
8.766666666666667,1206714.2857142857,1.469365119934082,0.0
8.783333333333333,1206714.2857142857,1.4777507781982422,0.0
8.8,1206714.2857142857,1.4861019849777222,0.0
8.816666666666666,1206714.2857142857,1.4944162368774414,0.0
8.833333333333334,1206714.2857142857,1.5026929378509521,0.0
8.85,1206714.2857142857,1.5109397172927856,0.0
8.866666666666667,1206714.2857142857,1.5191481113433838,0.0
8.883333333333333,1206714.2857142857,1.5273208618164062,0.0
8.9,1206714.2857142857,1.535454511642456,0.0
8.916666666666666,1206714.2857142857,1.5435550212860107,0.0
8.933333333333334,1206714.2857142857,1.5516202449798584,0.0
8.95,1206714.2857142857,1.5596473217010498,0.0
8.966666666666667,1206714.2857142857,1.5676379203796387,0.0
8.983333333333333,1206714.2857142857,1.5755897760391235,0.0
9.0,1206714.2857142857,1.5835058689117432,0.0
9.016666666666667,1206714.2857142857,1.591386318206787,0.0
9.033333333333333,1206714.2857142857,1.5992279052734375,0.0
9.05,1206714.2857142857,1.6070303916931152,0.0
9.066666666666666,1206714.2857142857,1.614797592163086,0.0
9.083333333333334,1206714.2857142857,1.6225279569625854,0.0
9.1,1206714.2857142857,1.6302196979522705,0.0
9.116666666666667,1206714.2857142857,1.6378719806671143,0.0
9.133333333333333,1206714.2857142857,1.6454885005950928,0.0
9.15,1206714.2857142857,1.6530654430389404,0.0
9.166666666666666,1206714.2857142857,1.660607099533081,0.0
9.183333333333334,1206714.2857142857,1.6681077480316162,0.0
9.2,1206714.2857142857,1.6755719184875488,0.0
9.216666666666667,1206714.2857142857,1.6829960346221924,0.0
9.233333333333333,1206714.2857142857,1.6903830766677856,0.0
9.25,1206714.2857142857,1.697731375694275,0.0
9.266666666666667,1206714.2857142857,1.7050422430038452,0.0
9.283333333333333,1206714.2857142857,1.7123150825500488,0.0
9.3,1206714.2857142857,1.7195509672164917,0.0
9.316666666666666,1206714.2857142857,1.7267463207244873,0.0
9.333333333333334,1206714.2857142857,1.7339072227478027,0.0
9.35,1206714.2857142857,1.7410247325897217,0.0
9.366666666666667,1206714.2857142857,1.748105525970459,0.0
9.383333333333333,1206714.2857142857,1.7551460266113281,0.0
9.4,1206714.2857142857,1.7621510028839111,0.0
9.416666666666666,1206714.2857142857,1.769120216369629,0.0
9.433333333333334,1206714.2857142857,1.7760484218597412,0.0
9.45,1206714.2857142857,1.7829394340515137,0.0
9.466666666666667,1206714.2857142857,1.789794683456421,0.0
9.483333333333333,1206714.2857142857,1.7966089248657227,0.0
9.5,1206714.2857142857,1.8033828735351562,0.0
9.516666666666667,1206714.2857142857,1.8101210594177246,0.0
9.533333333333333,1206714.2857142857,1.8168199062347412,0.0
9.55,1206714.2857142857,1.8234776258468628,0.0
9.566666666666666,1206714.2857142857,1.8300971984863281,0.0
9.583333333333334,1206714.2857142857,1.8366823196411133,0.0
9.6,1206714.2857142857,1.843228816986084,0.0
9.616666666666667,1206714.2857142857,1.8497381210327148,0.0
9.633333333333333,1206714.2857142857,1.8562078475952148,0.0
9.65,1206714.2857142857,1.8626420497894287,0.0
9.666666666666666,1206714.2857142857,1.8690345287322998,0.0
9.683333333333334,1206714.2857142857,1.875389575958252,0.0
9.7,1206714.2857142857,1.8817059993743896,0.0
9.716666666666667,1206714.2857142857,1.887985110282898,0.0
9.733333333333333,1206714.2857142857,1.8942252397537231,0.0
9.75,1206714.2857142857,1.9004302024841309,0.0
9.766666666666667,1206714.2857142857,1.906601071357727,0.0
9.783333333333333,1206714.2857142857,1.912733554840088,0.0
9.8,1206714.2857142857,1.9188251495361328,0.0
9.816666666666666,1206714.2857142857,1.9248814582824707,0.0
9.833333333333334,1206714.2857142857,1.930898666381836,0.0
9.85,1206714.2857142857,1.9368809461593628,0.0
9.866666666666667,1206714.2857142857,1.942824125289917,0.0
9.883333333333333,1206714.2857142857,1.9487354755401611,0.0
9.9,1206714.2857142857,1.9546079635620117,0.0
9.916666666666666,1206714.2857142857,1.9604449272155762,0.0
9.933333333333334,1206714.2857142857,1.9662480354309082,0.0
9.95,1206714.2857142857,1.9720107316970825,0.0
9.966666666666667,1206714.2857142857,1.9777369499206543,0.0
9.983333333333333,1206714.2857142857,1.98342764377594,0.0
10.0,1206714.2857142857,1.9890811443328857,0.0
10.016666666666667,1206714.2857142857,1.9946987628936768,0.0
10.033333333333333,1206714.2857142857,2.0002832412719727,0.0
10.05,1206714.2857142857,2.005831718444824,0.0
10.066666666666666,1206714.2857142857,2.011341094970703,0.0
10.083333333333334,1206714.2857142857,2.0168099403381348,0.0
0.0,1400000.0,9.954231262207031,0.0
0.016666666666666666,1400000.0,4.911783218383789,0.0
0.03333333333333333,1400000.0,0.5917693376541138,59.55056179775281
0.05,1400000.0,0.0,78.65168539325843
0.06666666666666667,1400000.0,0.0,83.70786516853933
0.08333333333333333,1400000.0,0.0,79.7752808988764
0.1,1400000.0,0.0,78.65168539325843
0.11666666666666667,1400000.0,0.0,79.7752808988764
0.13333333333333333,1400000.0,0.0,79.7752808988764
0.15,1400000.0,0.0,78.65168539325843
0.16666666666666666,1400000.0,0.0,79.7752808988764
0.18333333333333332,1400000.0,0.0,78.65168539325843
0.2,1400000.0,0.0,78.08988764044943
0.21666666666666667,1400000.0,0.0,76.96629213483146
0.23333333333333334,1400000.0,0.0,79.21348314606742
0.25,1400000.0,0.0,79.21348314606742
0.26666666666666666,1400000.0,0.0,78.08988764044943
0.2833333333333333,1400000.0,0.0,79.7752808988764
0.3,1400000.0,0.0,80.89887640449437
0.31666666666666665,1400000.0,0.0,80.89887640449437
0.3333333333333333,1400000.0,0.0,82.02247191011236
0.35,1400000.0,0.0,81.46067415730337
0.36666666666666664,1400000.0,0.0,81.46067415730337
0.38333333333333336,1400000.0,0.0,84.8314606741573
0.4,1400000.0,0.0,87.07865168539325
0.4166666666666667,1400000.0,0.0,87.64044943820225
0.43333333333333335,1400000.0,0.0,88.20224719101124
0.45,1400000.0,0.0,91.01123595505618
0.4666666666666667,1400000.0,0.0,94.3820224719101
0.48333333333333334,1400000.0,0.0,94.9438202247191
0.5,1400000.0,0.0,96.62921348314607
0.5166666666666667,1400000.0,0.0,98.87640449438202
0.5333333333333333,1400000.0,0.0,100.0
0.55,1400000.0,0.0,100.0
0.5666666666666667,1400000.0,0.0,100.0
0.5833333333333334,1400000.0,0.0,100.0
0.6,1400000.0,0.0,100.0
0.6166666666666667,1400000.0,0.0,100.0
0.6333333333333333,1400000.0,0.0,100.0
0.65,1400000.0,0.0,100.0
0.6666666666666666,1400000.0,0.0,100.0
0.6833333333333333,1400000.0,0.0,100.0
0.7,1400000.0,0.0,100.0
0.7166666666666667,1400000.0,0.0,100.0
0.7333333333333333,1400000.0,0.0,100.0
0.75,1400000.0,0.0,100.0
0.7666666666666667,1400000.0,0.0,100.0
0.7833333333333333,1400000.0,0.0,100.0
0.8,1400000.0,0.0,100.0
0.8166666666666667,1400000.0,0.0,100.0
0.8333333333333334,1400000.0,0.0,100.0
0.85,1400000.0,0.0,100.0
0.8666666666666667,1400000.0,0.0,100.0
0.8833333333333333,1400000.0,0.0,100.0
0.9,1400000.0,0.0,100.0
0.9166666666666666,1400000.0,0.0,100.0
0.9333333333333333,1400000.0,0.0,100.0
0.95,1400000.0,0.0,100.0
0.9666666666666667,1400000.0,0.0,100.0
0.9833333333333333,1400000.0,0.0,100.0
1.0,1400000.0,0.0,100.0
1.0166666666666666,1400000.0,0.0,100.0
1.0333333333333334,1400000.0,0.0,100.0
1.05,1400000.0,0.0,100.0
1.0666666666666667,1400000.0,0.0,100.0
1.0833333333333333,1400000.0,0.0,100.0
1.1,1400000.0,0.0,100.0
1.1166666666666667,1400000.0,0.0,100.0
1.1333333333333333,1400000.0,0.0,100.0
1.15,1400000.0,0.0,100.0
1.1666666666666667,1400000.0,0.0,100.0
1.1833333333333333,1400000.0,0.0,100.0
1.2,1400000.0,0.0,100.0
1.2166666666666666,1400000.0,0.0,100.0
1.2333333333333334,1400000.0,0.0,100.0
1.25,1400000.0,0.0,100.0
1.2666666666666666,1400000.0,0.0,100.0
1.2833333333333334,1400000.0,0.0,100.0
1.3,1400000.0,0.0,100.0
1.3166666666666667,1400000.0,0.0,100.0
1.3333333333333333,1400000.0,0.0,100.0
1.35,1400000.0,0.0,100.0
1.3666666666666667,1400000.0,0.0,100.0
1.3833333333333333,1400000.0,0.0,100.0
1.4,1400000.0,0.0,100.0
1.4166666666666667,1400000.0,0.0,100.0
1.4333333333333333,1400000.0,0.0,100.0
1.45,1400000.0,0.0,100.0
1.4666666666666666,1400000.0,0.0,100.0
1.4833333333333334,1400000.0,0.0,100.0
1.5,1400000.0,0.0,100.0
1.5166666666666666,1400000.0,0.0,100.0
1.5333333333333334,1400000.0,0.0,100.0
1.55,1400000.0,0.0,100.0
1.5666666666666667,1400000.0,0.0,100.0
1.5833333333333333,1400000.0,0.0,100.0
1.6,1400000.0,0.0,100.0
1.6166666666666667,1400000.0,0.0,100.0
1.6333333333333333,1400000.0,0.0,100.0
1.65,1400000.0,0.0,100.0
1.6666666666666667,1400000.0,0.0,100.0
1.6833333333333333,1400000.0,0.0,100.0
1.7,1400000.0,0.0,100.0
1.7166666666666666,1400000.0,0.0,100.0
1.7333333333333334,1400000.0,0.0,100.0
1.75,1400000.0,0.0,100.0
1.7666666666666666,1400000.0,0.0,100.0
1.7833333333333334,1400000.0,0.0,100.0
1.8,1400000.0,0.0,100.0
1.8166666666666667,1400000.0,0.0,100.0
1.8333333333333333,1400000.0,0.0,100.0
1.85,1400000.0,0.0,100.0
1.8666666666666667,1400000.0,0.0,100.0
1.8833333333333333,1400000.0,0.0,100.0
1.9,1400000.0,0.0,100.0
1.9166666666666667,1400000.0,0.0,100.0
1.9333333333333333,1400000.0,0.0,100.0
1.95,1400000.0,0.0,100.0
1.9666666666666666,1400000.0,0.0,100.0
1.9833333333333334,1400000.0,0.0,100.0
2.0,1400000.0,0.0,100.0
2.0166666666666666,1400000.0,0.0,100.0
2.033333333333333,1400000.0,0.0,100.0
2.05,1400000.0,0.0,100.0
2.066666666666667,1400000.0,0.0,100.0
2.0833333333333335,1400000.0,0.0,100.0
2.1,1400000.0,0.0,100.0
2.1166666666666667,1400000.0,0.0,100.0
2.1333333333333333,1400000.0,0.0,100.0
2.15,1400000.0,0.0,100.0
2.1666666666666665,1400000.0,0.0,100.0
2.183333333333333,1400000.0,0.0,100.0
2.2,1400000.0,0.0,100.0
2.216666666666667,1400000.0,0.0,100.0
2.2333333333333334,1400000.0,0.0,100.0
2.25,1400000.0,0.0,100.0
2.2666666666666666,1400000.0,0.0,100.0
2.283333333333333,1400000.0,0.0,100.0
2.3,1400000.0,0.0,100.0
2.316666666666667,1400000.0,0.0,100.0
2.3333333333333335,1400000.0,0.0,100.0
2.35,1400000.0,0.0,100.0
2.3666666666666667,1400000.0,0.0,100.0
2.3833333333333333,1400000.0,0.0,100.0
2.4,1400000.0,0.0,100.0
2.4166666666666665,1400000.0,0.0,100.0
2.433333333333333,1400000.0,0.0,100.0
2.45,1400000.0,0.0,100.0
2.466666666666667,1400000.0,0.0,100.0
2.4833333333333334,1400000.0,0.0,100.0
2.5,1400000.0,0.0,100.0
2.5166666666666666,1400000.0,0.0,100.0
2.533333333333333,1400000.0,0.0,100.0
2.55,1400000.0,0.0,100.0
2.566666666666667,1400000.0,0.0,100.0
2.5833333333333335,1400000.0,0.0,100.0
2.6,1400000.0,0.0,100.0
2.6166666666666667,1400000.0,0.0,100.0
2.6333333333333333,1400000.0,0.0,100.0
2.65,1400000.0,0.0,100.0
2.6666666666666665,1400000.0,0.0,100.0
2.683333333333333,1400000.0,0.0,100.0
2.7,1400000.0,0.0,100.0
2.716666666666667,1400000.0,0.0,100.0
2.7333333333333334,1400000.0,0.0,100.0
2.75,1400000.0,0.0,100.0
2.7666666666666666,1400000.0,0.0,100.0
2.783333333333333,1400000.0,0.0,100.0
2.8,1400000.0,0.0,100.0
2.816666666666667,1400000.0,0.0,100.0
2.8333333333333335,1400000.0,0.0,100.0
2.85,1400000.0,0.0,100.0
2.8666666666666667,1400000.0,0.0,100.0
2.8833333333333333,1400000.0,0.0,100.0
2.9,1400000.0,0.0,100.0
2.9166666666666665,1400000.0,0.0,100.0
2.933333333333333,1400000.0,0.0,100.0
2.95,1400000.0,0.0,100.0
2.966666666666667,1400000.0,0.0,100.0
2.9833333333333334,1400000.0,0.0,100.0
3.0,1400000.0,0.0,100.0
3.0166666666666666,1400000.0,0.0,100.0
3.033333333333333,1400000.0,0.0,100.0
3.05,1400000.0,0.0,100.0
3.066666666666667,1400000.0,0.0,100.0
3.0833333333333335,1400000.0,0.0,100.0
3.1,1400000.0,0.0,100.0
3.1166666666666667,1400000.0,0.0,100.0
3.1333333333333333,1400000.0,0.0,100.0
3.15,1400000.0,0.0,100.0
3.1666666666666665,1400000.0,0.0,100.0
3.183333333333333,1400000.0,0.0,100.0
3.2,1400000.0,0.0,100.0
3.216666666666667,1400000.0,0.0,100.0
3.2333333333333334,1400000.0,0.0,100.0
3.25,1400000.0,0.0,100.0
3.2666666666666666,1400000.0,0.0,100.0
3.283333333333333,1400000.0,0.0,100.0
3.3,1400000.0,0.0,100.0
3.316666666666667,1400000.0,0.0,100.0
3.3333333333333335,1400000.0,0.0,100.0
3.35,1400000.0,0.0,100.0
3.3666666666666667,1400000.0,0.0,100.0
3.3833333333333333,1400000.0,0.0,100.0
3.4,1400000.0,0.0,100.0
3.4166666666666665,1400000.0,0.0,100.0
3.433333333333333,1400000.0,0.0,100.0
3.45,1400000.0,0.0,100.0
3.466666666666667,1400000.0,0.0,100.0
3.4833333333333334,1400000.0,0.0,100.0
3.5,1400000.0,0.0,100.0
3.5166666666666666,1400000.0,0.0,100.0
3.533333333333333,1400000.0,0.0,100.0
3.55,1400000.0,0.0,100.0
3.566666666666667,1400000.0,0.0,100.0
3.5833333333333335,1400000.0,0.0,100.0
3.6,1400000.0,0.0,100.0
3.6166666666666667,1400000.0,0.0,100.0
3.6333333333333333,1400000.0,0.0,100.0
3.65,1400000.0,0.0,100.0
3.6666666666666665,1400000.0,0.0,100.0
3.683333333333333,1400000.0,0.0,100.0
3.7,1400000.0,0.0,100.0
3.716666666666667,1400000.0,0.0,100.0
3.7333333333333334,1400000.0,0.0,100.0
3.75,1400000.0,0.0,100.0
3.7666666666666666,1400000.0,0.0,100.0
3.783333333333333,1400000.0,0.0,100.0
3.8,1400000.0,0.0,100.0
3.816666666666667,1400000.0,0.0,100.0
3.8333333333333335,1400000.0,0.0,100.0
3.85,1400000.0,0.0,100.0
3.8666666666666667,1400000.0,0.0,100.0
3.8833333333333333,1400000.0,0.0,100.0
3.9,1400000.0,0.0,100.0
3.9166666666666665,1400000.0,0.0,100.0
3.933333333333333,1400000.0,0.0,100.0
3.95,1400000.0,0.0,100.0
3.966666666666667,1400000.0,0.0,100.0
3.9833333333333334,1400000.0,0.0,100.0
4.0,1400000.0,0.0,100.0
4.016666666666667,1400000.0,0.0,100.0
4.033333333333333,1400000.0,0.0,100.0
4.05,1400000.0,0.0,100.0
4.066666666666666,1400000.0,0.0,100.0
4.083333333333333,1400000.0,0.0,100.0
4.1,1400000.0,0.0,100.0
4.116666666666666,1400000.0,0.0,100.0
4.133333333333334,1400000.0,0.0,100.0
4.15,1400000.0,0.0,100.0
4.166666666666667,1400000.0,0.0,100.0
4.183333333333334,1400000.0,0.0,100.0
4.2,1400000.0,0.0,100.0
4.216666666666667,1400000.0,0.0,100.0
4.233333333333333,1400000.0,0.0,100.0
4.25,1400000.0,0.0,98.87640449438202
4.266666666666667,1400000.0,0.0,97.75280898876404
4.283333333333333,1400000.0,0.0,97.75280898876404
4.3,1400000.0,0.0,97.75280898876404
4.316666666666666,1400000.0,0.0,97.75280898876404
4.333333333333333,1400000.0,0.0,97.75280898876404
4.35,1400000.0,0.0,97.75280898876404
4.366666666666666,1400000.0,0.0,97.75280898876404
4.383333333333334,1400000.0,0.0,97.75280898876404
4.4,1400000.0,0.0,97.75280898876404
4.416666666666667,1400000.0,0.0,97.75280898876404
4.433333333333334,1400000.0,0.0,97.75280898876404
4.45,1400000.0,0.0,96.62921348314607
4.466666666666667,1400000.0,0.0,94.3820224719101
4.483333333333333,1400000.0,0.0,94.3820224719101
4.5,1400000.0,0.0,94.3820224719101
4.516666666666667,1400000.0,0.0,94.3820224719101
4.533333333333333,1400000.0,0.0,94.3820224719101
4.55,1400000.0,0.0,94.3820224719101
4.566666666666666,1400000.0,0.0,94.3820224719101
4.583333333333333,1400000.0,0.0,94.3820224719101
4.6,1400000.0,0.0,94.3820224719101
4.616666666666666,1400000.0,0.0,93.25842696629213
4.633333333333334,1400000.0,0.0,92.13483146067416
4.65,1400000.0,0.0,92.13483146067416
4.666666666666667,1400000.0,0.0,92.13483146067416
4.683333333333334,1400000.0,0.0,91.01123595505618
4.7,1400000.0,0.0,91.01123595505618
4.716666666666667,1400000.0,0.0,91.01123595505618
4.733333333333333,1400000.0,0.0,91.01123595505618
4.75,1400000.0,0.0,88.76404494382022
4.766666666666667,1400000.0,0.0,88.76404494382022
4.783333333333333,1400000.0,0.0,88.76404494382022
4.8,1400000.0,0.0,88.20224719101124
4.816666666666666,1400000.0,0.0,88.20224719101124
4.833333333333333,1400000.0,0.0,88.20224719101124
4.85,1400000.0,0.0,88.20224719101124
4.866666666666666,1400000.0,0.0,87.07865168539325
4.883333333333334,1400000.0,0.0,87.07865168539325
4.9,1400000.0,0.0,85.95505617977528
4.916666666666667,1400000.0,0.0,85.95505617977528
4.933333333333334,1400000.0,0.0,85.95505617977528
4.95,1400000.0,0.0,85.95505617977528
4.966666666666667,1400000.0,0.0,85.95505617977528
4.983333333333333,1400000.0,0.0,85.95505617977528
5.0,1400000.0,0.0,84.8314606741573
5.016666666666667,1400000.0,0.0,84.8314606741573
5.033333333333333,1400000.0,0.0,84.8314606741573
5.05,1400000.0,0.0,84.8314606741573
5.066666666666666,1400000.0,0.0,83.70786516853933
5.083333333333333,1400000.0,0.0,82.58426966292134
5.1,1400000.0,0.0,82.58426966292134
5.116666666666666,1400000.0,0.0,82.02247191011236
5.133333333333334,1400000.0,0.0,82.02247191011236
5.15,1400000.0,0.0,82.02247191011236
5.166666666666667,1400000.0,0.0,80.89887640449437
5.183333333333334,1400000.0,0.0,80.89887640449437
5.2,1400000.0,0.0,80.89887640449437
5.216666666666667,1400000.0,0.0,78.65168539325843
5.233333333333333,1400000.0,0.0,77.52808988764045
5.25,1400000.0,0.0,76.40449438202246
5.266666666666667,1400000.0,0.0,76.40449438202246
5.283333333333333,1400000.0,0.0,76.40449438202246
5.3,1400000.0,0.0,76.40449438202246
5.316666666666666,1400000.0,0.0,75.28089887640449
5.333333333333333,1400000.0,0.0,74.15730337078652
5.35,1400000.0,0.0,74.15730337078652
5.366666666666666,1400000.0,0.0,74.15730337078652
5.383333333333334,1400000.0,0.0,74.15730337078652
5.4,1400000.0,0.0,73.03370786516854
5.416666666666667,1400000.0,0.0,73.03370786516854
5.433333333333334,1400000.0,0.0,72.47191011235955
5.45,1400000.0,0.0,71.34831460674157
5.466666666666667,1400000.0,0.0,71.34831460674157
5.483333333333333,1400000.0,0.0,71.34831460674157
5.5,1400000.0,0.0,71.34831460674157
5.516666666666667,1400000.0,0.0,71.34831460674157
5.533333333333333,1400000.0,6.499235496448819e-07,71.34831460674157
5.55,1400000.0,5.144896931597032e-06,71.34831460674157
5.566666666666666,1400000.0,7.093802560120821e-05,70.2247191011236
5.583333333333333,1400000.0,0.00018499200814403594,70.2247191011236
5.6,1400000.0,0.00033094664104282856,70.2247191011236
5.616666666666666,1400000.0,0.0005048441234976053,70.2247191011236
5.633333333333334,1400000.0,0.0007065553800202906,70.2247191011236
5.65,1400000.0,0.0009372334461659193,70.2247191011236
5.666666666666667,1400000.0,0.0011985821183770895,69.10112359550563
5.683333333333334,1400000.0,0.0014925447758287191,69.10112359550563
5.7,1400000.0,0.0018212306313216686,69.10112359550563
5.716666666666667,1400000.0,0.002186824567615986,67.97752808988764
5.733333333333333,1400000.0,0.002591606229543686,67.41573033707866
5.75,1400000.0,0.003037878079339862,65.1685393258427
5.766666666666667,1400000.0,0.003528021741658449,65.1685393258427
5.783333333333333,1400000.0,0.004064476583153009,65.1685393258427
5.8,1400000.0,0.004649740178138018,65.1685393258427
5.816666666666666,1400000.0,0.005286345258355141,64.04494382022472
5.833333333333333,1400000.0,0.005976881831884384,64.04494382022472
5.85,1400000.0,0.0067239124327898026,62.92134831460674
5.866666666666666,1400000.0,0.007530085742473602,62.92134831460674
5.883333333333334,1400000.0,0.00839805044233799,62.92134831460674
5.9,1400000.0,0.00933048315346241,62.92134831460674
5.916666666666667,1400000.0,0.010330059565603733,61.79775280898876
5.933333333333334,1400000.0,0.011399505659937859,61.79775280898876
5.95,1400000.0,0.01254152413457632,61.79775280898876
5.966666666666667,1400000.0,0.01375876646488905,61.79775280898876
5.983333333333333,1400000.0,0.015053857117891312,60.67415730337079
6.0,1400000.0,0.016429483890533447,60.67415730337079
6.016666666666667,1400000.0,0.01788819581270218,60.67415730337079
6.033333333333333,1400000.0,0.01943253166973591,59.55056179775281
6.05,1400000.0,0.021065033972263336,58.98876404494382
6.066666666666666,1400000.0,0.02278820611536503,58.98876404494382
6.083333333333333,1400000.0,0.024604544043540955,58.98876404494382
6.1,1400000.0,0.026516322046518326,57.865168539325836
6.116666666666666,1400000.0,0.02852575294673443,57.865168539325836
6.133333333333334,1400000.0,0.030635233968496323,57.865168539325836
6.15,1400000.0,0.032846879214048386,57.865168539325836
6.166666666666667,1400000.0,0.03516257554292679,57.865168539325836
6.183333333333334,1400000.0,0.037584371864795685,57.865168539325836
6.2,1400000.0,0.040114179253578186,57.865168539325836
6.216666666666667,1400000.0,0.042753659188747406,56.74157303370787
6.233333333333333,1400000.0,0.045504432171583176,55.61797752808989
6.25,1400000.0,0.048368021845817566,55.61797752808989
6.266666666666667,1400000.0,0.05134576931595802,55.61797752808989
6.283333333333333,1400000.0,0.05443885177373886,54.49438202247191
6.3,1400000.0,0.05764841288328171,53.37078651685393
6.316666666666666,1400000.0,0.06088812276721001,53.37078651685393
6.333333333333333,1400000.0,0.06269147992134094,52.24719101123596
6.35,1400000.0,0.06457572430372238,52.24719101123596
6.366666666666666,1400000.0,0.06654249876737595,50.0
6.383333333333334,1400000.0,0.06859342753887177,49.43820224719101
6.4,1400000.0,0.07073012739419937,49.43820224719101
6.416666666666667,1400000.0,0.07295414060354233,49.43820224719101
6.433333333333334,1400000.0,0.07526661455631256,49.43820224719101
6.45,1400000.0,0.07766888290643692,49.43820224719101
6.466666666666667,1400000.0,0.0801621526479721,49.43820224719101
6.483333333333333,1400000.0,0.08274763822555542,49.43820224719101
6.5,1400000.0,0.08542624115943909,49.43820224719101
6.516666666666667,1400000.0,0.08819893002510071,48.31460674157304
6.533333333333333,1400000.0,0.09106618911027908,48.31460674157304
6.55,1400000.0,0.0940290093421936,48.31460674157304
6.566666666666666,1400000.0,0.09708788990974426,48.31460674157304
6.583333333333333,1400000.0,0.10024355351924896,48.31460674157304
6.6,1400000.0,0.10349614918231964,48.31460674157304
6.616666666666666,1400000.0,0.10684625804424286,48.31460674157304
6.633333333333334,1400000.0,0.1102939024567604,48.31460674157304
6.65,1400000.0,0.11383917927742004,47.19101123595505
6.666666666666667,1400000.0,0.11748217791318893,46.06741573033708
6.683333333333334,1400000.0,0.12122269719839096,46.06741573033708
6.7,1400000.0,0.1250605583190918,43.82022471910113
6.716666666666667,1400000.0,0.12899556756019592,42.69662921348314
6.733333333333333,1400000.0,0.13302740454673767,42.13483146067416
6.75,1400000.0,0.1371556967496872,42.13483146067416
6.766666666666667,1400000.0,0.14137977361679077,42.13483146067416
6.783333333333333,1400000.0,0.14569874107837677,42.13483146067416
6.8,1400000.0,0.15011221170425415,42.13483146067416
6.816666666666666,1400000.0,0.15461945533752441,42.13483146067416
6.833333333333333,1400000.0,0.1592194139957428,42.13483146067416
6.85,1400000.0,0.16391119360923767,42.13483146067416
6.866666666666666,1400000.0,0.16869397461414337,41.01123595505618
6.883333333333334,1400000.0,0.17356611788272858,41.01123595505618
6.9,1400000.0,0.17852644622325897,39.8876404494382
6.916666666666667,1400000.0,0.18357372283935547,39.8876404494382
6.933333333333334,1400000.0,0.18870654702186584,39.8876404494382
6.95,1400000.0,0.1939237117767334,39.8876404494382
6.966666666666667,1400000.0,0.19922348856925964,39.8876404494382
6.983333333333333,1400000.0,0.20460456609725952,39.8876404494382
7.0,1400000.0,0.21006540954113007,39.8876404494382
7.016666666666667,1400000.0,0.21560481190681458,39.8876404494382
7.033333333333333,1400000.0,0.2212207317352295,39.8876404494382
7.05,1400000.0,0.22691181302070618,39.8876404494382
7.066666666666666,1400000.0,0.23267674446105957,39.8876404494382
7.083333333333333,1400000.0,0.23851323127746582,38.764044943820224
7.1,1400000.0,0.24442028999328613,35.95505617977528
7.116666666666666,1400000.0,0.25039583444595337,34.831460674157306
7.133333333333334,1400000.0,0.25643807649612427,34.831460674157306
7.15,1400000.0,0.26254531741142273,34.831460674157306
7.166666666666667,1400000.0,0.26871564984321594,33.70786516853933
7.183333333333334,1400000.0,0.2749481797218323,33.70786516853933
7.2,1400000.0,0.2812405824661255,33.70786516853933
7.216666666666667,1400000.0,0.2875904440879822,32.58426966292135
7.233333333333333,1400000.0,0.29399675130844116,32.58426966292135
7.25,1400000.0,0.3004571199417114,32.58426966292135
7.266666666666667,1400000.0,0.30696991086006165,32.58426966292135
7.283333333333333,1400000.0,0.31353339552879333,32.58426966292135
7.3,1400000.0,0.32014554738998413,31.46067415730337
7.316666666666666,1400000.0,0.326805055141449,31.46067415730337
7.333333333333333,1400000.0,0.33351001143455505,31.46067415730337
7.35,1400000.0,0.3402590751647949,31.46067415730337
7.366666666666666,1400000.0,0.34705013036727905,31.46067415730337
7.383333333333334,1400000.0,0.35388168692588806,31.46067415730337
7.4,1400000.0,0.3607517182826996,31.46067415730337
7.416666666666667,1400000.0,0.3676588535308838,31.46067415730337
7.433333333333334,1400000.0,0.37460124492645264,30.337078651685395
7.45,1400000.0,0.38157856464385986,30.337078651685395
7.466666666666667,1400000.0,0.3885880410671234,30.337078651685395
7.483333333333333,1400000.0,0.3956277668476105,30.337078651685395
7.5,1400000.0,0.4026966094970703,30.337078651685395
7.516666666666667,1400000.0,0.4097936749458313,28.651685393258425
7.533333333333333,1400000.0,0.41691625118255615,27.52808988764045
7.55,1400000.0,0.42406365275382996,26.40449438202247
7.566666666666666,1400000.0,0.43123552203178406,26.40449438202247
7.583333333333333,1400000.0,0.4384293556213379,26.40449438202247
7.6,1400000.0,0.4456435441970825,25.280898876404496
7.616666666666666,1400000.0,0.4528769254684448,25.280898876404496
7.633333333333334,1400000.0,0.4601280689239502,24.15730337078652
7.65,1400000.0,0.4673955738544464,24.15730337078652
7.666666666666667,1400000.0,0.4746776223182678,24.15730337078652
7.683333333333334,1400000.0,0.4819735288619995,24.15730337078652
7.7,1400000.0,0.4892823100090027,24.15730337078652
7.716666666666667,1400000.0,0.4966023564338684,24.15730337078652
7.733333333333333,1400000.0,0.5039327144622803,24.15730337078652
7.75,1400000.0,0.5112725496292114,24.15730337078652
7.766666666666667,1400000.0,0.5186201333999634,24.15730337078652
7.783333333333333,1400000.0,0.5259741544723511,21.910112359550563
7.8,1400000.0,0.5333347320556641,21.910112359550563
7.816666666666666,1400000.0,0.5407007336616516,21.910112359550563
7.833333333333333,1400000.0,0.5480692386627197,21.910112359550563
7.85,1400000.0,0.5554412603378296,21.910112359550563
7.866666666666666,1400000.0,0.5628156065940857,21.910112359550563
7.883333333333334,1400000.0,0.5701898336410522,21.910112359550563
7.9,1400000.0,0.5775639414787292,20.786516853932586
7.916666666666667,1400000.0,0.5849366784095764,20.786516853932586
7.933333333333334,1400000.0,0.5923072099685669,20.786516853932586
7.95,1400000.0,0.5996758937835693,20.786516853932586
7.966666666666667,1400000.0,0.6070430874824524,20.786516853932586
7.983333333333333,1400000.0,0.6144051551818848,19.101123595505616
8.0,1400000.0,0.6217609643936157,17.97752808988764
8.016666666666667,1400000.0,0.6291112899780273,16.853932584269664
8.033333333333333,1400000.0,0.6364541053771973,16.853932584269664
8.05,1400000.0,0.6437892913818359,16.853932584269664
8.066666666666666,1400000.0,0.6511175632476807,15.730337078651685
8.083333333333334,1400000.0,0.6584357023239136,15.730337078651685
8.1,1400000.0,0.6657437086105347,15.730337078651685
8.116666666666667,1400000.0,0.673041820526123,15.730337078651685
8.133333333333333,1400000.0,0.6803284287452698,15.730337078651685
8.15,1400000.0,0.6876035928726196,15.730337078651685
8.166666666666666,1400000.0,0.6948657631874084,14.606741573033707
8.183333333333334,1400000.0,0.7021142840385437,12.359550561797752
8.2,1400000.0,0.709349513053894,12.359550561797752
8.216666666666667,1400000.0,0.7165716290473938,12.359550561797752
8.233333333333333,1400000.0,0.7237777709960938,12.359550561797752
8.25,1400000.0,0.7309696674346924,12.359550561797752
8.266666666666667,1400000.0,0.7381445169448853,12.359550561797752
8.283333333333333,1400000.0,0.7453042268753052,12.359550561797752
8.3,1400000.0,0.7524474859237671,12.359550561797752
8.316666666666666,1400000.0,0.7595735788345337,12.359550561797752
8.333333333333334,1400000.0,0.7666811943054199,12.359550561797752
8.35,1400000.0,0.773770809173584,11.235955056179774
8.366666666666667,1400000.0,0.7808419466018677,10.112359550561797
8.383333333333333,1400000.0,0.7878934144973755,10.112359550561797
8.4,1400000.0,0.7949246764183044,10.112359550561797
8.416666666666666,1400000.0,0.80193692445755,10.112359550561797
8.433333333333334,1400000.0,0.8089276552200317,10.112359550561797
8.45,1400000.0,0.815898060798645,10.112359550561797
8.466666666666667,1400000.0,0.8228459358215332,10.112359550561797
8.483333333333333,1400000.0,0.8297723531723022,9.550561797752808
8.5,1400000.0,0.8366765379905701,8.426966292134832
8.516666666666667,1400000.0,0.8435574769973755,7.303370786516854
8.533333333333333,1400000.0,0.8504147529602051,6.179775280898876
8.55,1400000.0,0.857249915599823,6.179775280898876
8.566666666666666,1400000.0,0.8640618920326233,6.179775280898876
8.583333333333334,1400000.0,0.8708505630493164,6.179775280898876
8.6,1400000.0,0.8776130676269531,5.056179775280898
8.616666666666667,1400000.0,0.8843505382537842,5.056179775280898
8.633333333333333,1400000.0,0.8910626173019409,3.932584269662921
8.65,1400000.0,0.8977512121200562,3.932584269662921
8.666666666666666,1400000.0,0.9044132232666016,3.932584269662921
8.683333333333334,1400000.0,0.9110512733459473,2.8089887640449436
8.7,1400000.0,0.9176629185676575,2.8089887640449436
8.716666666666667,1400000.0,0.9242479801177979,2.8089887640449436
8.733333333333333,1400000.0,0.9308067560195923,2.8089887640449436
8.75,1400000.0,0.9373395442962646,2.8089887640449436
8.766666666666667,1400000.0,0.9438449144363403,1.6853932584269662
8.783333333333333,1400000.0,0.9503226280212402,1.6853932584269662
8.8,1400000.0,0.956774115562439,1.6853932584269662
8.816666666666666,1400000.0,0.9631975889205933,1.6853932584269662
8.833333333333334,1400000.0,0.9695931673049927,1.6853932584269662
8.85,1400000.0,0.9759605526924133,1.6853932584269662
8.866666666666667,1400000.0,0.9823001623153687,1.6853932584269662
8.883333333333333,1400000.0,0.9886112213134766,0.5617977528089888
8.9,1400000.0,0.9948948621749878,0.5617977528089888
8.916666666666666,1400000.0,1.00114905834198,0.0
8.933333333333334,1400000.0,1.0073752403259277,0.0
8.95,1400000.0,1.0135738849639893,0.0
8.966666666666667,1400000.0,1.019742727279663,0.0
8.983333333333333,1400000.0,1.0258840322494507,0.0
9.0,1400000.0,1.0319931507110596,0.0
9.016666666666667,1400000.0,1.038072109222412,0.0
9.033333333333333,1400000.0,1.0441240072250366,0.0
9.05,1400000.0,1.0501437187194824,0.0
9.066666666666666,1400000.0,1.0561332702636719,0.0
9.083333333333334,1400000.0,1.0620956420898438,0.0
9.1,1400000.0,1.0680280923843384,0.0
9.116666666666667,1400000.0,1.073929786682129,0.0
9.133333333333333,1400000.0,1.0798020362854004,0.0
9.15,1400000.0,1.0856444835662842,0.0
9.166666666666666,1400000.0,1.0914547443389893,0.0
9.183333333333334,1400000.0,1.0972365140914917,0.0
9.2,1400000.0,1.10298752784729,0.0
9.216666666666667,1400000.0,1.1087082624435425,0.0
9.233333333333333,1400000.0,1.1143995523452759,0.0
9.25,1400000.0,1.1200587749481201,0.0
9.266666666666667,1400000.0,1.125686526298523,0.0
9.283333333333333,1400000.0,1.1312849521636963,0.0
9.3,1400000.0,1.1368540525436401,0.0
9.316666666666666,1400000.0,1.1423925161361694,0.0
9.333333333333334,1400000.0,1.1478997468948364,0.0
9.35,1400000.0,1.153375506401062,0.0
9.366666666666667,1400000.0,1.158822774887085,0.0
9.383333333333333,1400000.0,1.164240837097168,0.0
9.4,1400000.0,1.169628620147705,0.0
9.416666666666666,1400000.0,1.1749863624572754,0.0
9.433333333333334,1400000.0,1.1803123950958252,0.0
9.45,1400000.0,1.1856069564819336,0.0
9.466666666666667,1400000.0,1.1908693313598633,0.0
9.483333333333333,1400000.0,1.1961055994033813,0.0
9.5,1400000.0,1.2010681629180908,0.0
9.516666666666667,1400000.0,1.2058987617492676,0.0
9.533333333333333,1400000.0,1.2107058763504028,0.0
9.55,1400000.0,1.2154850959777832,0.0
9.566666666666666,1400000.0,1.2202343940734863,0.0
9.583333333333334,1400000.0,1.224959373474121,0.0
9.6,1400000.0,1.2296555042266846,0.0
9.616666666666667,1400000.0,1.2343246936798096,0.0
9.633333333333333,1400000.0,1.238964557647705,0.0
9.65,1400000.0,1.2435767650604248,0.0
9.666666666666666,1400000.0,1.2481658458709717,0.0
9.683333333333334,1400000.0,1.2527265548706055,0.0
9.7,1400000.0,1.2572579383850098,0.0
9.716666666666667,1400000.0,1.261765480041504,0.0
9.733333333333333,1400000.0,1.2662436962127686,0.0
9.75,1400000.0,1.2706966400146484,0.0
9.766666666666667,1400000.0,1.2751219272613525,0.0
9.783333333333333,1400000.0,1.2795202732086182,0.0
9.8,1400000.0,1.2838943004608154,0.0
9.816666666666666,1400000.0,1.28823983669281,0.0
9.833333333333334,1400000.0,1.2925570011138916,0.0
9.85,1400000.0,1.2968485355377197,0.0
9.866666666666667,1400000.0,1.3011131286621094,0.0
9.883333333333333,1400000.0,1.3053524494171143,0.0
9.9,1400000.0,1.309563398361206,0.0
9.916666666666666,1400000.0,1.3137487173080444,0.0
9.933333333333334,1400000.0,1.3179078102111816,0.0
9.95,1400000.0,1.3220422267913818,0.0
9.966666666666667,1400000.0,1.3261510133743286,0.0
9.983333333333333,1400000.0,1.3302319049835205,0.0
10.0,1400000.0,1.3342870473861694,0.0
10.016666666666667,1400000.0,1.3383175134658813,0.0
10.033333333333333,1400000.0,1.342320203781128,0.0
10.05,1400000.0,1.3462941646575928,0.0
10.066666666666666,1400000.0,1.350244164466858,0.0
10.083333333333334,1400000.0,1.354169487953186,0.0
