Time_min,Initial_POC,Min_Core_O2,Anoxic_Volume_Pct
0.0,47000.0,9.992568016052246,0.0
0.016666666666666666,47000.0,8.715666770935059,0.0
0.03333333333333333,47000.0,7.432826042175293,0.0
0.05,47000.0,6.159185886383057,0.0
0.06666666666666667,47000.0,4.925597190856934,0.0
0.08333333333333333,47000.0,3.712942123413086,0.0
0.1,47000.0,2.522913694381714,0.0
0.11666666666666667,47000.0,1.4574716091156006,0.0
0.13333333333333333,47000.0,0.5639488101005554,40.047393364928915
0.15,47000.0,0.07541338354349136,47.39336492890995
0.16666666666666666,47000.0,0.0,47.867298578199055
0.18333333333333332,47000.0,0.0,47.39336492890995
0.2,47000.0,0.0,45.97156398104265
0.21666666666666667,47000.0,0.0,45.7345971563981
0.23333333333333334,47000.0,0.0,47.6303317535545
0.25,47000.0,0.0,47.1563981042654
0.26666666666666666,47000.0,0.0,48.81516587677725
0.2833333333333333,47000.0,0.0,48.81516587677725
0.3,47000.0,0.0,50.71090047393365
0.31666666666666665,47000.0,0.0,51.8957345971564
0.3333333333333333,47000.0,0.0,52.843601895734594
0.35,47000.0,0.0,54.502369668246445
0.36666666666666664,47000.0,0.0,56.39810426540285
0.38333333333333336,47000.0,0.0,57.10900473933649
0.4,47000.0,0.0,59.47867298578199
0.4166666666666667,47000.0,0.0,59.95260663507109
0.43333333333333335,47000.0,0.0,62.55924170616114
0.45,47000.0,0.0,63.507109004739334
0.4666666666666667,47000.0,0.0,64.69194312796208
0.48333333333333334,47000.0,0.0,68.00947867298578
0.5,47000.0,0.0,68.00947867298578
0.5166666666666667,47000.0,0.0,70.37914691943128
0.5333333333333333,47000.0,0.0,72.74881516587678
0.55,47000.0,0.0,74.88151658767772
0.5666666666666667,47000.0,0.0,76.54028436018957
0.5833333333333334,47000.0,0.0,77.72511848341233
0.6,47000.0,0.0,80.33175355450237
0.6166666666666667,47000.0,0.0,81.75355450236967
0.6333333333333333,47000.0,0.0,83.41232227488152
0.65,47000.0,0.0,85.07109004739335
0.6666666666666666,47000.0,0.0,87.91469194312796
0.6833333333333333,47000.0,0.0,89.57345971563981
0.7,47000.0,0.0,91.23222748815166
0.7166666666666667,47000.0,0.0,93.8388625592417
0.7333333333333333,47000.0,0.0,95.49763033175356
0.75,47000.0,0.0,97.1563981042654
0.7666666666666667,47000.0,0.0,98.81516587677726
0.7833333333333333,47000.0,0.0,99.76303317535546
0.8,47000.0,0.0,100.0
0.8166666666666667,47000.0,0.0,100.0
0.8333333333333334,47000.0,0.0,100.0
0.85,47000.0,0.0,100.0
0.8666666666666667,47000.0,0.0,100.0
0.8833333333333333,47000.0,0.0,99.0521327014218
0.9,47000.0,0.0,99.0521327014218
0.9166666666666666,47000.0,0.0,98.5781990521327
0.9333333333333333,47000.0,0.0,98.5781990521327
0.95,47000.0,0.0,98.5781990521327
0.9666666666666667,47000.0,0.0,98.5781990521327
0.9833333333333333,47000.0,0.0,98.10426540284361
1.0,47000.0,0.0,97.1563981042654
1.0166666666666666,47000.0,0.0,97.1563981042654
1.0333333333333334,47000.0,0.0,97.1563981042654
1.05,47000.0,0.0,96.6824644549763
1.0666666666666667,47000.0,0.0,96.6824644549763
1.0833333333333333,47000.0,0.0,96.6824644549763
1.1,47000.0,0.0,96.6824644549763
1.1166666666666667,47000.0,0.0,96.6824644549763
1.1333333333333333,47000.0,0.0,95.73459715639811
1.15,47000.0,0.0,95.260663507109
1.1666666666666667,47000.0,0.0,95.260663507109
1.1833333333333333,47000.0,0.0,94.7867298578199
1.2,47000.0,0.0,94.7867298578199
1.2166666666666666,47000.0,0.0,94.3127962085308
1.2333333333333334,47000.0,0.0,94.3127962085308
1.25,47000.0,0.0,94.3127962085308
1.2666666666666666,47000.0,0.0,94.3127962085308
1.2833333333333334,47000.0,0.0,94.3127962085308
1.3,47000.0,0.0,94.3127962085308
1.3166666666666667,47000.0,0.0,93.8388625592417
1.3333333333333333,47000.0,0.0,93.36492890995261
1.35,47000.0,0.0,92.89099526066352
1.3666666666666667,47000.0,0.0,92.89099526066352
1.3833333333333333,47000.0,0.0,92.41706161137441
1.4,47000.0,0.0,92.41706161137441
1.4166666666666667,47000.0,0.0,90.99526066350711
1.4333333333333333,47000.0,0.0,90.99526066350711
1.45,47000.0,0.0,90.99526066350711
1.4666666666666666,47000.0,0.0,90.52132701421802
1.4833333333333334,47000.0,0.0,90.04739336492891
1.5,47000.0,0.0,89.57345971563981
1.5166666666666666,47000.0,0.0,89.57345971563981
1.5333333333333334,47000.0,0.0,88.62559241706161
1.55,47000.0,0.0,88.15165876777252
1.5666666666666667,47000.0,0.0,87.67772511848341
1.5833333333333333,47000.0,0.0,87.20379146919431
1.6,47000.0,0.0,86.7298578199052
1.6166666666666667,47000.0,0.0,85.78199052132702
1.6333333333333333,47000.0,0.0,85.78199052132702
1.65,47000.0,0.0,84.12322274881517
1.6666666666666667,47000.0,0.0,83.64928909952607
1.6833333333333333,47000.0,0.0,83.64928909952607
1.7,47000.0,0.0,83.17535545023696
1.7166666666666666,47000.0,0.0,82.22748815165876
1.7333333333333334,47000.0,0.0,81.75355450236967
1.75,47000.0,0.0,81.27962085308057
1.7666666666666666,47000.0,0.0,80.33175355450237
1.7833333333333334,47000.0,0.0,80.09478672985783
1.8,47000.0,0.0,79.14691943127961
1.8166666666666667,47000.0,0.0,78.19905213270142
1.8333333333333333,47000.0,0.0,77.25118483412322
1.85,47000.0,0.0,76.30331753554502
1.8666666666666667,47000.0,0.0,75.82938388625593
1.8833333333333333,47000.0,0.0,74.88151658767772
1.9,47000.0,0.0,73.93364928909952
1.9166666666666667,47000.0,0.0,73.22274881516587
1.9333333333333333,47000.0,0.0,72.74881516587678
1.95,47000.0,0.0,71.80094786729858
1.9666666666666666,47000.0,0.0,71.32701421800948
1.9833333333333334,47000.0,0.0,70.85308056872039
2.0,47000.0,0.0,70.85308056872039
2.0166666666666666,47000.0,1.7352720533381216e-05,69.43127962085308
2.033333333333333,47000.0,7.208167517092079e-05,69.19431279620854
2.05,47000.0,8.404324762523174e-05,67.77251184834124
2.066666666666667,47000.0,0.00010663644934538752,66.35071090047393
2.0833333333333335,47000.0,0.0001440526539226994,65.87677725118483
2.1,47000.0,0.00020077092631254345,64.92890995260665
2.1166666666666667,47000.0,0.0002828576834872365,64.45497630331754
2.1333333333333333,47000.0,0.0003980224719271064,62.32227488151659
2.15,47000.0,0.0005558279226534069,61.84834123222749
2.1666666666666665,47000.0,0.0007679637055844069,61.37440758293838
2.183333333333333,47000.0,0.0010485323145985603,61.37440758293838
2.2,47000.0,0.00141436536796391,59.95260663507109
2.216666666666667,47000.0,0.0018853386864066124,59.0047393364929
2.2333333333333334,47000.0,0.002484726719558239,57.345971563981045
2.25,47000.0,0.003239475889131427,56.39810426540285
2.2666666666666666,47000.0,0.003818962723016739,55.92417061611374
2.283333333333333,47000.0,0.004324210807681084,55.45023696682464
2.3,47000.0,0.004959112033247948,54.502369668246445
2.316666666666667,47000.0,0.005750201642513275,53.55450236966824
2.3333333333333335,47000.0,0.0067277406342327595,53.317535545023695
2.35,47000.0,0.007925976999104023,51.8957345971564
2.3666666666666667,47000.0,0.009383274242281914,50.947867298578196
2.3833333333333333,47000.0,0.011142143979668617,50.0
2.4,47000.0,0.013249322772026062,49.052132701421804
2.4166666666666665,47000.0,0.015755753964185715,47.867298578199055
2.433333333333333,47000.0,0.018716247752308846,46.91943127962085
2.45,47000.0,0.022189274430274963,45.97156398104265
2.466666666666667,47000.0,0.026236603036522865,45.023696682464454
2.4833333333333334,47000.0,0.03092270903289318,44.54976303317535
2.5,47000.0,0.03631403297185898,42.65402843601896
2.5166666666666666,47000.0,0.04247850924730301,41.943127962085306
2.533333333333333,47000.0,0.04948439449071884,40.99526066350711
2.55,47000.0,0.057399433106184006,40.047393364928915
2.566666666666667,47000.0,0.06628985702991486,38.62559241706161
2.5833333333333335,47000.0,0.07621906697750092,38.62559241706161
2.6,47000.0,0.08599761128425598,37.44075829383886
2.6166666666666667,47000.0,0.0942319855093956,35.54502369668246
2.6333333333333333,47000.0,0.10343899577856064,33.649289099526065
2.65,47000.0,0.11368164420127869,33.175355450236964
2.6666666666666665,47000.0,0.12501990795135498,32.22748815165877
2.683333333333333,47000.0,0.1375090330839157,31.516587677725116
2.7,47000.0,0.15119846165180206,29.620853080568722
2.716666666666667,47000.0,0.1661319136619568,29.14691943127962
2.7333333333333334,47000.0,0.1823451966047287,27.72511848341232
2.75,47000.0,0.1998666375875473,25.829383886255926
2.7666666666666666,47000.0,0.21871638298034668,24.644549763033176
2.783333333333333,47000.0,0.23890599608421326,23.696682464454977
2.8,47000.0,0.2604387402534485,23.22274881516588
2.816666666666667,47000.0,0.2833094894886017,21.32701421800948
2.8333333333333335,47000.0,0.30750519037246704,19.194312796208532
2.85,47000.0,0.3330061435699463,18.72037914691943
2.8666666666666667,47000.0,0.3597843050956726,17.298578199052134
2.8833333333333333,47000.0,0.38780710101127625,15.876777251184834
2.9,47000.0,0.41703593730926514,15.402843601895736
2.9166666666666665,47000.0,0.4474277198314667,14.218009478672986
2.933333333333333,47000.0,0.4789351522922516,12.322274881516588
2.95,47000.0,0.5115083456039429,11.374407582938389
2.966666666666667,47000.0,0.5450954437255859,9.95260663507109
2.9833333333333334,47000.0,0.5796427130699158,8.293838862559241
3.0,47000.0,0.6150951385498047,8.293838862559241
3.0166666666666666,47000.0,0.651397705078125,7.345971563981042
3.033333333333333,47000.0,0.6884956359863281,4.976303317535545
3.05,47000.0,0.7263332605361938,4.028436018957346
3.066666666666667,47000.0,0.764859139919281,3.7914691943127963
3.0833333333333335,47000.0,0.8040177822113037,3.7914691943127963
3.1,47000.0,0.8437607288360596,1.8957345971563981
3.1166666666666667,47000.0,0.884039044380188,0.23696682464454977
3.1333333333333333,47000.0,0.9248088002204895,0.23696682464454977
3.15,47000.0,0.9660235643386841,0.23696682464454977
3.1666666666666665,47000.0,1.0076428651809692,0.0
3.183333333333333,47000.0,1.0496268272399902,0.0
3.2,47000.0,1.0919368267059326,0.0
3.216666666666667,47000.0,1.1345412731170654,0.0
3.2333333333333334,47000.0,1.1774067878723145,0.0
3.25,47000.0,1.2205039262771606,0.0
3.2666666666666666,47000.0,1.2638081312179565,0.0
3.283333333333333,47000.0,1.3072916269302368,0.0
3.3,47000.0,1.350928544998169,0.0
3.316666666666667,47000.0,1.3947031497955322,0.0
3.3333333333333335,47000.0,1.4385936260223389,0.0
3.35,47000.0,1.48258638381958,0.0
3.3666666666666667,47000.0,1.526665210723877,0.0
3.3833333333333333,47000.0,1.5708187818527222,0.0
3.4,47000.0,1.6150323152542114,0.0
3.4166666666666665,47000.0,1.6592987775802612,0.0
3.433333333333333,47000.0,1.7036126852035522,0.0
3.45,47000.0,1.7479546070098877,0.0
3.466666666666667,47000.0,1.7923309803009033,0.0
3.4833333333333334,47000.0,1.8367451429367065,0.0
3.5,47000.0,1.8811800479888916,0.0
3.5166666666666666,47000.0,1.9256439208984375,0.0
3.533333333333333,47000.0,1.970120906829834,0.0
3.55,47000.0,2.014615535736084,0.0
3.566666666666667,47000.0,2.0591354370117188,0.0
3.5833333333333335,47000.0,2.10368013381958,0.0
3.6,47000.0,2.148237705230713,0.0
3.6166666666666667,47000.0,2.1927900314331055,0.0
3.6333333333333333,47000.0,2.237353801727295,0.0
3.65,47000.0,2.2819318771362305,0.0
3.6666666666666665,47000.0,2.3265326023101807,0.0
3.683333333333333,47000.0,2.3711323738098145,0.0
3.7,47000.0,2.415748119354248,0.0
3.716666666666667,47000.0,2.460390567779541,0.0
3.7333333333333334,47000.0,2.505034923553467,0.0
3.75,47000.0,2.5496792793273926,0.0
3.7666666666666666,47000.0,2.594325542449951,0.0
3.783333333333333,47000.0,2.6389822959899902,0.0
3.8,47000.0,2.683627128601074,0.0
3.816666666666667,47000.0,2.728273868560791,0.0
3.8333333333333335,47000.0,2.7729263305664062,0.0
3.85,47000.0,2.8175551891326904,0.0
3.8666666666666667,47000.0,2.862173557281494,0.0
3.8833333333333333,47000.0,2.9067649841308594,0.0
3.9,47000.0,2.951328754425049,0.0
3.9166666666666665,47000.0,2.99587345123291,0.0
3.933333333333333,47000.0,3.040374279022217,0.0
3.95,47000.0,3.08485746383667,0.0
3.966666666666667,47000.0,3.129293441772461,0.0
3.9833333333333334,47000.0,3.1736695766448975,0.0
4.0,47000.0,3.217982053756714,0.0
4.016666666666667,47000.0,3.2622227668762207,0.0
4.033333333333333,47000.0,3.306410074234009,0.0
4.05,47000.0,3.3505101203918457,0.0
4.066666666666666,47000.0,3.3945236206054688,0.0
4.083333333333333,47000.0,3.4384565353393555,0.0
4.1,47000.0,3.4823007583618164,0.0
4.116666666666666,47000.0,3.526042938232422,0.0
4.133333333333334,47000.0,3.569694995880127,0.0
4.15,47000.0,3.6132283210754395,0.0
4.166666666666667,47000.0,3.656653881072998,0.0
4.183333333333334,47000.0,3.699960231781006,0.0
4.2,47000.0,3.7431445121765137,0.0
4.216666666666667,47000.0,3.7862086296081543,0.0
4.233333333333333,47000.0,3.829155445098877,0.0
4.25,47000.0,3.871964931488037,0.0
4.266666666666667,47000.0,3.9146413803100586,0.0
4.283333333333333,47000.0,3.9571847915649414,0.0
4.3,47000.0,3.999577760696411,0.0
4.316666666666666,47000.0,4.041839599609375,0.0
4.333333333333333,47000.0,4.083962440490723,0.0
4.35,47000.0,4.1259355545043945,0.0
4.366666666666666,47000.0,4.167757034301758,0.0
4.383333333333334,47000.0,4.209427833557129,0.0
4.4,47000.0,4.250944137573242,0.0
4.416666666666667,47000.0,4.292290687561035,0.0
4.433333333333334,47000.0,4.333484172821045,0.0
4.45,47000.0,4.3745222091674805,0.0
4.466666666666667,47000.0,4.415377616882324,0.0
4.483333333333333,47000.0,4.456087112426758,0.0
4.5,47000.0,4.496625900268555,0.0
4.516666666666667,47000.0,4.536991119384766,0.0
4.533333333333333,47000.0,4.577195167541504,0.0
4.55,47000.0,4.617213249206543,0.0
4.566666666666666,47000.0,4.657068252563477,0.0
4.583333333333333,47000.0,4.69673490524292,0.0
4.6,47000.0,4.736250400543213,0.0
4.616666666666666,47000.0,4.775582313537598,0.0
4.633333333333334,47000.0,4.814728736877441,0.0
4.65,47000.0,4.853708267211914,0.0
4.666666666666667,47000.0,4.892495155334473,0.0
4.683333333333334,47000.0,4.931114196777344,0.0
4.7,47000.0,4.969555854797363,0.0
4.716666666666667,47000.0,5.007794380187988,0.0
4.733333333333333,47000.0,5.045846462249756,0.0
4.75,47000.0,5.083719253540039,0.0
4.766666666666667,47000.0,5.121411323547363,0.0
4.783333333333333,47000.0,5.158909797668457,0.0
4.8,47000.0,5.196218490600586,0.0
4.816666666666666,47000.0,5.23335075378418,0.0
4.833333333333333,47000.0,5.27027702331543,0.0
4.85,47000.0,5.307007789611816,0.0
4.866666666666666,47000.0,5.343547821044922,0.0
4.883333333333334,47000.0,5.379903316497803,0.0
4.9,47000.0,5.41607666015625,0.0
4.916666666666667,47000.0,5.452042579650879,0.0
4.933333333333334,47000.0,5.487805366516113,0.0
4.95,47000.0,5.523383140563965,0.0
4.966666666666667,47000.0,5.558753967285156,0.0
4.983333333333333,47000.0,5.593945026397705,0.0
5.0,47000.0,5.628920555114746,0.0
5.016666666666667,47000.0,5.663698196411133,0.0
5.033333333333333,47000.0,5.6982879638671875,0.0
5.05,47000.0,5.7326860427856445,0.0
5.066666666666666,47000.0,5.766877174377441,0.0
5.083333333333333,47000.0,5.800865173339844,0.0
5.1,47000.0,5.834663391113281,0.0
5.116666666666666,47000.0,5.868247032165527,0.0
5.133333333333334,47000.0,5.901651859283447,0.0
5.15,47000.0,5.934833526611328,0.0
5.166666666666667,47000.0,5.9678144454956055,0.0
5.183333333333334,47000.0,6.0006184577941895,0.0
5.2,47000.0,6.0331926345825195,0.0
5.216666666666667,47000.0,6.065563201904297,0.0
5.233333333333333,47000.0,6.097733497619629,0.0
5.25,47000.0,6.129677772521973,0.0
5.266666666666667,47000.0,6.161424160003662,0.0
5.283333333333333,47000.0,6.192957401275635,0.0
5.3,47000.0,6.224309921264648,0.0
5.316666666666666,47000.0,6.255456924438477,0.0
5.333333333333333,47000.0,6.286394119262695,0.0
5.35,47000.0,6.317127227783203,0.0
5.366666666666666,47000.0,6.347650527954102,0.0
5.383333333333334,47000.0,6.377984046936035,0.0
5.4,47000.0,6.408132076263428,0.0
5.416666666666667,47000.0,6.438058853149414,0.0
5.433333333333334,47000.0,6.467794418334961,0.0
5.45,47000.0,6.497317314147949,0.0
5.466666666666667,47000.0,6.5266523361206055,0.0
5.483333333333333,47000.0,6.555789470672607,0.0
5.5,47000.0,6.5847320556640625,0.0
5.516666666666667,47000.0,6.613467693328857,0.0
5.533333333333333,47000.0,6.641994476318359,0.0
5.55,47000.0,6.670340061187744,0.0
5.566666666666666,47000.0,6.69849157333374,0.0
5.583333333333333,47000.0,6.726443290710449,0.0
5.6,47000.0,6.754219055175781,0.0
5.616666666666666,47000.0,6.7817606925964355,0.0
5.633333333333334,47000.0,6.80912971496582,0.0
5.65,47000.0,6.836307048797607,0.0
5.666666666666667,47000.0,6.863308906555176,0.0
5.683333333333334,47000.0,6.890103340148926,0.0
5.7,47000.0,6.916701316833496,0.0
5.716666666666667,47000.0,6.94310998916626,0.0
5.733333333333333,47000.0,6.969337463378906,0.0
5.75,47000.0,6.995358943939209,0.0
5.766666666666667,47000.0,7.021209716796875,0.0
5.783333333333333,47000.0,7.046855926513672,0.0
5.8,47000.0,7.072315216064453,0.0
5.816666666666666,47000.0,7.0975871086120605,0.0
5.833333333333333,47000.0,7.122706413269043,0.0
5.85,47000.0,7.147617340087891,0.0
5.866666666666666,47000.0,7.172334671020508,0.0
5.883333333333334,47000.0,7.196869850158691,0.0
5.9,47000.0,7.221236705780029,0.0
5.916666666666667,47000.0,7.245413780212402,0.0
5.933333333333334,47000.0,7.26938533782959,0.0
5.95,47000.0,7.293189525604248,0.0
5.966666666666667,47000.0,7.316819190979004,0.0
5.983333333333333,47000.0,7.340280532836914,0.0
6.0,47000.0,7.363539695739746,0.0
6.016666666666667,47000.0,7.386651515960693,0.0
6.033333333333333,47000.0,7.409560203552246,0.0
6.05,47000.0,7.432292938232422,0.0
6.066666666666666,47000.0,7.45485258102417,0.0
6.083333333333333,47000.0,7.477219104766846,0.0
6.1,47000.0,7.499429702758789,0.0
6.116666666666666,47000.0,7.52144718170166,0.0
6.133333333333334,47000.0,7.5433030128479,0.0
6.15,47000.0,7.564975738525391,0.0
6.166666666666667,47000.0,7.5864949226379395,0.0
6.183333333333334,47000.0,7.6078081130981445,0.0
6.2,47000.0,7.62899923324585,0.0
6.216666666666667,47000.0,7.649978160858154,0.0
6.233333333333333,47000.0,7.670798301696777,0.0
6.25,47000.0,7.691442012786865,0.0
6.266666666666667,47000.0,7.711936950683594,0.0
6.283333333333333,47000.0,7.732250690460205,0.0
6.3,47000.0,7.7524261474609375,0.0
6.316666666666666,47000.0,7.772421836853027,0.0
6.333333333333333,47000.0,7.792263984680176,0.0
6.35,47000.0,7.811929702758789,0.0
6.366666666666666,47000.0,7.831419944763184,0.0
6.383333333333334,47000.0,7.850753307342529,0.0
6.4,47000.0,7.86989688873291,0.0
6.416666666666667,47000.0,7.888885974884033,0.0
6.433333333333334,47000.0,7.907748222351074,0.0
6.45,47000.0,7.926430702209473,0.0
6.466666666666667,47000.0,7.944991111755371,0.0
6.483333333333333,47000.0,7.963376045227051,0.0
6.5,47000.0,7.981653690338135,0.0
6.516666666666667,47000.0,7.999764442443848,0.0
6.533333333333333,47000.0,8.017717361450195,0.0
6.55,47000.0,8.035497665405273,0.0
6.566666666666666,47000.0,8.053194046020508,0.0
6.583333333333333,47000.0,8.07068157196045,0.0
6.6,47000.0,8.088088035583496,0.0
6.616666666666666,47000.0,8.105327606201172,0.0
6.633333333333334,47000.0,8.122419357299805,0.0
6.65,47000.0,8.13943099975586,0.0
6.666666666666667,47000.0,8.156259536743164,0.0
6.683333333333334,47000.0,8.172945022583008,0.0
6.7,47000.0,8.189502716064453,0.0
6.716666666666667,47000.0,8.205907821655273,0.0
6.733333333333333,47000.0,8.22214126586914,0.0
6.75,47000.0,8.238235473632812,0.0
6.766666666666667,47000.0,8.254209518432617,0.0
6.783333333333333,47000.0,8.270084381103516,0.0
6.8,47000.0,8.285798072814941,0.0
6.816666666666666,47000.0,8.30135726928711,0.0
6.833333333333333,47000.0,8.316829681396484,0.0
6.85,47000.0,8.332136154174805,0.0
6.866666666666666,47000.0,8.347286224365234,0.0
6.883333333333334,47000.0,8.362295150756836,0.0
6.9,47000.0,8.377174377441406,0.0
6.916666666666667,47000.0,8.391980171203613,0.0
6.933333333333334,47000.0,8.406635284423828,0.0
6.95,47000.0,8.421142578125,0.0
6.966666666666667,47000.0,8.435563087463379,0.0
6.983333333333333,47000.0,8.449878692626953,0.0
7.0,47000.0,8.464046478271484,0.0
7.016666666666667,47000.0,8.47805404663086,0.0
7.033333333333333,47000.0,8.491914749145508,0.0
7.05,47000.0,8.505648612976074,0.0
7.066666666666666,47000.0,8.519259452819824,0.0
7.083333333333333,47000.0,8.532796859741211,0.0
7.1,47000.0,8.546195983886719,0.0
7.116666666666666,47000.0,8.559490203857422,0.0
7.133333333333334,47000.0,8.57270622253418,0.0
7.15,47000.0,8.58580493927002,0.0
7.166666666666667,47000.0,8.598709106445312,0.0
7.183333333333334,47000.0,8.611597061157227,0.0
7.2,47000.0,8.62425422668457,0.0
7.216666666666667,47000.0,8.636825561523438,0.0
7.233333333333333,47000.0,8.649297714233398,0.0
7.25,47000.0,8.661651611328125,0.0
7.266666666666667,47000.0,8.673900604248047,0.0
7.283333333333333,47000.0,8.68603515625,0.0
7.3,47000.0,8.698097229003906,0.0
7.316666666666666,47000.0,8.71002197265625,0.0
7.333333333333333,47000.0,8.721787452697754,0.0
7.35,47000.0,8.733542442321777,0.0
7.366666666666666,47000.0,8.745149612426758,0.0
7.383333333333334,47000.0,8.756617546081543,0.0
7.4,47000.0,8.767950057983398,0.0
7.416666666666667,47000.0,8.779232025146484,0.0
7.433333333333334,47000.0,8.790412902832031,0.0
7.45,47000.0,8.801469802856445,0.0
7.466666666666667,47000.0,8.812429428100586,0.0
7.483333333333333,47000.0,8.82330322265625,0.0
7.5,47000.0,8.834078788757324,0.0
7.516666666666667,47000.0,8.844804763793945,0.0
7.533333333333333,47000.0,8.855422019958496,0.0
7.55,47000.0,8.865854263305664,0.0
7.566666666666666,47000.0,8.87620735168457,0.0
7.583333333333333,47000.0,8.88652229309082,0.0
7.6,47000.0,8.896738052368164,0.0
7.616666666666666,47000.0,8.906820297241211,0.0
7.633333333333334,47000.0,8.916812896728516,0.0
7.65,47000.0,8.926788330078125,0.0
7.666666666666667,47000.0,8.936643600463867,0.0
7.683333333333334,47000.0,8.946414947509766,0.0
7.7,47000.0,8.956085205078125,0.0
7.716666666666667,47000.0,8.96570873260498,0.0
7.733333333333333,47000.0,8.975203514099121,0.0
7.75,47000.0,8.984588623046875,0.0
7.766666666666667,47000.0,8.993880271911621,0.0
7.783333333333333,47000.0,9.003069877624512,0.0
7.8,47000.0,9.01221752166748,0.0
7.816666666666666,47000.0,9.021308898925781,0.0
7.833333333333333,47000.0,9.03033447265625,0.0
7.85,47000.0,9.03920841217041,0.0
7.866666666666666,47000.0,9.048017501831055,0.0
7.883333333333334,47000.0,9.056720733642578,0.0
7.9,47000.0,9.065403938293457,0.0
7.916666666666667,47000.0,9.073974609375,0.0
7.933333333333334,47000.0,9.082484245300293,0.0
7.95,47000.0,9.090896606445312,0.0
7.966666666666667,47000.0,9.099260330200195,0.0
7.983333333333333,47000.0,9.107460021972656,0.0
8.0,47000.0,9.115568161010742,0.0
8.016666666666667,47000.0,9.123668670654297,0.0
8.033333333333333,47000.0,9.131729125976562,0.0
8.05,47000.0,9.139763832092285,0.0
8.066666666666666,47000.0,9.14759635925293,0.0
8.083333333333334,47000.0,9.155379295349121,0.0
8.1,47000.0,9.163172721862793,0.0
8.116666666666667,47000.0,9.170907974243164,0.0
8.133333333333333,47000.0,9.178579330444336,0.0
8.15,47000.0,9.186065673828125,0.0
8.166666666666666,47000.0,9.19355297088623,0.0
8.183333333333334,47000.0,9.200971603393555,0.0
8.2,47000.0,9.208329200744629,0.0
8.216666666666667,47000.0,9.215509414672852,0.0
8.233333333333333,47000.0,9.222618103027344,0.0
8.25,47000.0,9.22970962524414,0.0
8.266666666666667,47000.0,9.236717224121094,0.0
8.283333333333333,47000.0,9.243683815002441,0.0
8.3,47000.0,9.250640869140625,0.0
8.316666666666666,47000.0,9.257522583007812,0.0
8.333333333333334,47000.0,9.264291763305664,0.0
8.35,47000.0,9.270980834960938,0.0
8.366666666666667,47000.0,9.27759838104248,0.0
8.383333333333333,47000.0,9.284201622009277,0.0
8.4,47000.0,9.290698051452637,0.0
8.416666666666666,47000.0,9.297151565551758,0.0
8.433333333333334,47000.0,9.303598403930664,0.0
8.45,47000.0,9.309966087341309,0.0
8.466666666666667,47000.0,9.31625747680664,0.0
8.483333333333333,47000.0,9.322541236877441,0.0
8.5,47000.0,9.3287353515625,0.0
8.516666666666667,47000.0,9.334884643554688,0.0
8.533333333333333,47000.0,9.340934753417969,0.0
8.55,47000.0,9.346878051757812,0.0
8.566666666666666,47000.0,9.352788925170898,0.0
8.583333333333334,47000.0,9.358636856079102,0.0
8.6,47000.0,9.36448860168457,0.0
8.616666666666667,47000.0,9.370309829711914,0.0
8.633333333333333,47000.0,9.37611198425293,0.0
8.65,47000.0,9.381734848022461,0.0
8.666666666666666,47000.0,9.387304306030273,0.0
8.683333333333334,47000.0,9.392799377441406,0.0
8.7,47000.0,9.398279190063477,0.0
8.716666666666667,47000.0,9.403730392456055,0.0
8.733333333333333,47000.0,9.40906810760498,0.0
8.75,47000.0,9.414421081542969,0.0
8.766666666666667,47000.0,9.419755935668945,0.0
8.783333333333333,47000.0,9.425003051757812,0.0
8.8,47000.0,9.430200576782227,0.0
8.816666666666666,47000.0,9.435358047485352,0.0
8.833333333333334,47000.0,9.440515518188477,0.0
8.85,47000.0,9.445573806762695,0.0
8.866666666666667,47000.0,9.450498580932617,0.0
8.883333333333333,47000.0,9.455406188964844,0.0
8.9,47000.0,9.460278511047363,0.0
8.916666666666666,47000.0,9.46515941619873,0.0
8.933333333333334,47000.0,9.46999454498291,0.0
8.95,47000.0,9.474778175354004,0.0
8.966666666666667,47000.0,9.479475021362305,0.0
8.983333333333333,47000.0,9.484100341796875,0.0
9.0,47000.0,9.488656997680664,0.0
9.016666666666667,47000.0,9.49320125579834,0.0
9.033333333333333,47000.0,9.497718811035156,0.0
9.05,47000.0,9.502225875854492,0.0
9.066666666666666,47000.0,9.506600379943848,0.0
9.083333333333334,47000.0,9.51095199584961,0.0
9.1,47000.0,9.515303611755371,0.0
9.116666666666667,47000.0,9.519652366638184,0.0
9.133333333333333,47000.0,9.52396011352539,0.0
9.15,47000.0,9.528234481811523,0.0
9.166666666666666,47000.0,9.532479286193848,0.0
9.183333333333334,47000.0,9.53670883178711,0.0
9.2,47000.0,9.540899276733398,0.0
9.216666666666667,47000.0,9.544951438903809,0.0
9.233333333333333,47000.0,9.548995018005371,0.0
9.25,47000.0,9.553000450134277,0.0
9.266666666666667,47000.0,9.556925773620605,0.0
9.283333333333333,47000.0,9.560851097106934,0.0
9.3,47000.0,9.564719200134277,0.0
9.316666666666666,47000.0,9.56850528717041,0.0
9.333333333333334,47000.0,9.572212219238281,0.0
9.35,47000.0,9.575919151306152,0.0
9.366666666666667,47000.0,9.579626083374023,0.0
9.383333333333333,47000.0,9.583263397216797,0.0
9.4,47000.0,9.586875915527344,0.0
9.416666666666666,47000.0,9.590482711791992,0.0
9.433333333333334,47000.0,9.59406852722168,0.0
9.45,47000.0,9.597639083862305,0.0
9.466666666666667,47000.0,9.601205825805664,0.0
9.483333333333333,47000.0,9.604751586914062,0.0
9.5,47000.0,9.608282089233398,0.0
9.516666666666667,47000.0,9.611689567565918,0.0
9.533333333333333,47000.0,9.615072250366211,0.0
9.55,47000.0,9.618388175964355,0.0
9.566666666666666,47000.0,9.621665954589844,0.0
9.583333333333334,47000.0,9.624927520751953,0.0
9.6,47000.0,9.628177642822266,0.0
9.616666666666667,47000.0,9.631425857543945,0.0
9.633333333333333,47000.0,9.634675979614258,0.0
9.65,47000.0,9.637916564941406,0.0
9.666666666666666,47000.0,9.64113998413086,0.0
9.683333333333334,47000.0,9.64428997039795,0.0
9.7,47000.0,9.647289276123047,0.0
9.716666666666667,47000.0,9.650232315063477,0.0
9.733333333333333,47000.0,9.653175354003906,0.0
9.75,47000.0,9.656082153320312,0.0
9.766666666666667,47000.0,9.65898323059082,0.0
9.783333333333333,47000.0,9.661837577819824,0.0
9.8,47000.0,9.66461181640625,0.0
9.816666666666666,47000.0,9.667366981506348,0.0
9.833333333333334,47000.0,9.670092582702637,0.0
9.85,47000.0,9.672809600830078,0.0
9.866666666666667,47000.0,9.675517082214355,0.0
9.883333333333333,47000.0,9.67822551727295,0.0
9.9,47000.0,9.680913925170898,0.0
9.916666666666666,47000.0,9.68359661102295,0.0
9.933333333333334,47000.0,9.686267852783203,0.0
9.95,47000.0,9.688928604125977,0.0
9.966666666666667,47000.0,9.691569328308105,0.0
9.983333333333333,47000.0,9.694164276123047,0.0
10.0,47000.0,9.696734428405762,0.0
10.016666666666667,47000.0,9.699142456054688,0.0
0.0,147750.0,9.992568016052246,0.0
0.016666666666666666,147750.0,8.715648651123047,0.0
0.03333333333333333,147750.0,7.432774543762207,0.0
0.05,147750.0,6.159061431884766,0.0
0.06666666666666667,147750.0,4.92537784576416,0.0
0.08333333333333333,147750.0,3.7126026153564453,0.0
0.1,147750.0,2.5224523544311523,0.0
0.11666666666666667,147750.0,1.4569149017333984,0.0
0.13333333333333333,147750.0,0.563413679599762,40.047393364928915
0.15,147750.0,0.07521720230579376,47.39336492890995
0.16666666666666666,147750.0,0.0,47.867298578199055
0.18333333333333332,147750.0,0.0,47.39336492890995
0.2,147750.0,0.0,45.97156398104265
0.21666666666666667,147750.0,0.0,45.7345971563981
0.23333333333333334,147750.0,0.0,47.6303317535545
0.25,147750.0,0.0,47.1563981042654
0.26666666666666666,147750.0,0.0,48.81516587677725
0.2833333333333333,147750.0,0.0,48.81516587677725
0.3,147750.0,0.0,50.71090047393365
0.31666666666666665,147750.0,0.0,51.8957345971564
0.3333333333333333,147750.0,0.0,52.843601895734594
0.35,147750.0,0.0,54.502369668246445
0.36666666666666664,147750.0,0.0,56.39810426540285
0.38333333333333336,147750.0,0.0,57.10900473933649
0.4,147750.0,0.0,59.47867298578199
0.4166666666666667,147750.0,0.0,59.95260663507109
0.43333333333333335,147750.0,0.0,62.55924170616114
0.45,147750.0,0.0,63.507109004739334
0.4666666666666667,147750.0,0.0,64.69194312796208
0.48333333333333334,147750.0,0.0,68.00947867298578
0.5,147750.0,0.0,68.00947867298578
0.5166666666666667,147750.0,0.0,70.37914691943128
0.5333333333333333,147750.0,0.0,72.74881516587678
0.55,147750.0,0.0,74.88151658767772
0.5666666666666667,147750.0,0.0,76.54028436018957
0.5833333333333334,147750.0,0.0,77.72511848341233
0.6,147750.0,0.0,80.33175355450237
0.6166666666666667,147750.0,0.0,81.75355450236967
0.6333333333333333,147750.0,0.0,83.41232227488152
0.65,147750.0,0.0,85.07109004739335
0.6666666666666666,147750.0,0.0,87.91469194312796
0.6833333333333333,147750.0,0.0,89.57345971563981
0.7,147750.0,0.0,91.23222748815166
0.7166666666666667,147750.0,0.0,94.3127962085308
0.7333333333333333,147750.0,0.0,95.49763033175356
0.75,147750.0,0.0,97.1563981042654
0.7666666666666667,147750.0,0.0,98.81516587677726
0.7833333333333333,147750.0,0.0,99.76303317535546
0.8,147750.0,0.0,100.0
0.8166666666666667,147750.0,0.0,100.0
0.8333333333333334,147750.0,0.0,100.0
0.85,147750.0,0.0,100.0
0.8666666666666667,147750.0,0.0,100.0
0.8833333333333333,147750.0,0.0,99.0521327014218
0.9,147750.0,0.0,99.0521327014218
0.9166666666666666,147750.0,0.0,98.5781990521327
0.9333333333333333,147750.0,0.0,98.5781990521327
0.95,147750.0,0.0,98.5781990521327
0.9666666666666667,147750.0,0.0,98.5781990521327
0.9833333333333333,147750.0,0.0,98.10426540284361
1.0,147750.0,0.0,97.6303317535545
1.0166666666666666,147750.0,0.0,97.1563981042654
1.0333333333333334,147750.0,0.0,97.1563981042654
1.05,147750.0,0.0,96.6824644549763
1.0666666666666667,147750.0,0.0,96.6824644549763
1.0833333333333333,147750.0,0.0,96.6824644549763
1.1,147750.0,0.0,96.6824644549763
1.1166666666666667,147750.0,0.0,96.6824644549763
1.1333333333333333,147750.0,0.0,96.2085308056872
1.15,147750.0,0.0,95.73459715639811
1.1666666666666667,147750.0,0.0,95.260663507109
1.1833333333333333,147750.0,0.0,95.260663507109
1.2,147750.0,0.0,94.7867298578199
1.2166666666666666,147750.0,0.0,94.3127962085308
1.2333333333333334,147750.0,0.0,94.3127962085308
1.25,147750.0,0.0,94.3127962085308
1.2666666666666666,147750.0,0.0,94.3127962085308
1.2833333333333334,147750.0,0.0,94.3127962085308
1.3,147750.0,0.0,94.3127962085308
1.3166666666666667,147750.0,0.0,94.3127962085308
1.3333333333333333,147750.0,0.0,93.36492890995261
1.35,147750.0,0.0,92.89099526066352
1.3666666666666667,147750.0,0.0,92.89099526066352
1.3833333333333333,147750.0,0.0,92.41706161137441
1.4,147750.0,0.0,92.41706161137441
1.4166666666666667,147750.0,0.0,91.4691943127962
1.4333333333333333,147750.0,0.0,90.99526066350711
1.45,147750.0,0.0,90.99526066350711
1.4666666666666666,147750.0,0.0,90.52132701421802
1.4833333333333334,147750.0,0.0,90.52132701421802
1.5,147750.0,0.0,89.57345971563981
1.5166666666666666,147750.0,0.0,89.57345971563981
1.5333333333333334,147750.0,0.0,89.0995260663507
1.55,147750.0,0.0,88.15165876777252
1.5666666666666667,147750.0,0.0,88.15165876777252
1.5833333333333333,147750.0,0.0,87.20379146919431
1.6,147750.0,0.0,87.20379146919431
1.6166666666666667,147750.0,0.0,85.78199052132702
1.6333333333333333,147750.0,0.0,85.78199052132702
1.65,147750.0,0.0,84.59715639810426
1.6666666666666667,147750.0,0.0,83.64928909952607
1.6833333333333333,147750.0,0.0,83.64928909952607
1.7,147750.0,0.0,83.17535545023696
1.7166666666666666,147750.0,0.0,82.70142180094787
1.7333333333333334,147750.0,0.0,81.75355450236967
1.75,147750.0,0.0,81.27962085308057
1.7666666666666666,147750.0,0.0,80.80568720379146
1.7833333333333334,147750.0,0.0,80.33175355450237
1.8,147750.0,0.0,79.62085308056872
1.8166666666666667,147750.0,0.0,78.19905213270142
1.8333333333333333,147750.0,0.0,77.72511848341233
1.85,147750.0,0.0,76.77725118483413
1.8666666666666667,147750.0,0.0,75.82938388625593
1.8833333333333333,147750.0,0.0,74.88151658767772
1.9,147750.0,0.0,73.93364928909952
1.9166666666666667,147750.0,0.0,73.22274881516587
1.9333333333333333,147750.0,0.0,72.74881516587678
1.95,147750.0,0.0,72.27488151658767
1.9666666666666666,147750.0,0.0,71.80094786729858
1.9833333333333334,147750.0,0.0,70.85308056872039
2.0,147750.0,0.0,70.85308056872039
2.0166666666666666,147750.0,3.140666194667574e-06,69.43127962085308
2.033333333333333,147750.0,4.39985997218173e-05,69.19431279620854
2.05,147750.0,7.498018385376781e-05,68.24644549763033
2.066666666666667,147750.0,9.221555956173688e-05,67.29857819905213
2.0833333333333335,147750.0,0.00012320245150476694,66.35071090047393
2.1,147750.0,0.00017165057943202555,64.92890995260665
2.1166666666666667,147750.0,0.0002429630549158901,64.45497630331754
2.1333333333333333,147750.0,0.0003441393782850355,63.507109004739334
2.15,147750.0,0.00048391419113613665,61.84834123222749
2.1666666666666665,147750.0,0.0006729976157657802,61.37440758293838
2.183333333333333,147750.0,0.0009243350941687822,61.37440758293838
2.2,147750.0,0.0012534067500382662,59.95260663507109
2.216666666666667,147750.0,0.0016785254701972008,59.95260663507109
2.2333333333333334,147750.0,0.0022211531177163124,58.53080568720379
2.25,147750.0,0.0029061855748295784,56.872037914691944
2.2666666666666666,147750.0,0.00362969096750021,56.39810426540285
2.283333333333333,147750.0,0.0040852390229702,55.92417061611374
2.3,147750.0,0.004658701829612255,54.976303317535546
2.316666666666667,147750.0,0.00537444744259119,54.02843601895735
2.3333333333333335,147750.0,0.006260329391807318,53.317535545023695
2.35,147750.0,0.007347912061959505,53.317535545023695
2.3666666666666667,147750.0,0.008672617375850677,51.8957345971564
2.3833333333333333,147750.0,0.010273775085806847,50.4739336492891
2.4,147750.0,0.012194765731692314,49.5260663507109
2.4166666666666665,147750.0,0.014482976868748665,48.5781990521327
2.433333333333333,147750.0,0.017189567908644676,47.39336492890995
2.45,147750.0,0.020369306206703186,46.44549763033176
2.466666666666667,147750.0,0.02408030815422535,45.497630331753555
2.4833333333333334,147750.0,0.02838347665965557,45.023696682464454
2.5,147750.0,0.033341921865940094,44.54976303317535
2.5166666666666666,147750.0,0.039020687341690063,41.943127962085306
2.533333333333333,147750.0,0.04548542946577072,41.46919431279621
2.55,147750.0,0.05280182510614395,40.52132701421801
2.566666666666667,147750.0,0.06103464961051941,40.047393364928915
2.5833333333333335,147750.0,0.07024682313203812,38.62559241706161
2.6,147750.0,0.08049847185611725,38.15165876777251
2.6166666666666667,147750.0,0.08904463052749634,37.44075829383886
2.6333333333333333,147750.0,0.09754849225282669,35.54502369668246
2.65,147750.0,0.10702637583017349,33.649289099526065
2.6666666666666665,147750.0,0.1175384446978569,32.70142180094787
2.683333333333333,147750.0,0.1291416436433792,31.753554502369667
2.7,147750.0,0.14188772439956665,31.04265402843602
2.716666666666667,147750.0,0.15582290291786194,29.620853080568722
2.7333333333333334,147750.0,0.17098742723464966,29.14691943127962
2.75,147750.0,0.187414288520813,27.251184834123222
2.7666666666666666,147750.0,0.20512913167476654,24.644549763033176
2.783333333333333,147750.0,0.2241492122411728,24.644549763033176
2.8,147750.0,0.24448400735855103,23.696682464454977
2.816666666666667,147750.0,0.26613521575927734,23.22274881516588
2.8333333333333335,147750.0,0.28909629583358765,21.32701421800948
2.85,147750.0,0.31335264444351196,19.194312796208532
2.8666666666666667,147750.0,0.3388831913471222,18.246445497630333
2.8833333333333333,147750.0,0.36566072702407837,17.298578199052134
2.9,147750.0,0.39365139603614807,15.876777251184834
2.9166666666666665,147750.0,0.42281654477119446,15.402843601895736
2.933333333333333,147750.0,0.4531131386756897,14.218009478672986
2.95,147750.0,0.484494686126709,11.848341232227488
2.966666666666667,147750.0,0.5169111490249634,10.90047393364929
2.9833333333333334,147750.0,0.5503126978874207,9.004739336492891
3.0,147750.0,0.5846461057662964,8.293838862559241
3.0166666666666666,147750.0,0.6198567748069763,8.293838862559241
3.033333333333333,147750.0,0.6558920741081238,7.345971563981042
3.05,147750.0,0.6926969885826111,4.976303317535545
3.066666666666667,147750.0,0.7302179336547852,3.7914691943127963
3.0833333333333335,147750.0,0.7684028148651123,3.7914691943127963
3.1,147750.0,0.8071999549865723,3.7914691943127963
3.1166666666666667,147750.0,0.8465594053268433,1.8957345971563981
3.1333333333333333,147750.0,0.8864350914955139,0.23696682464454977
3.15,147750.0,0.926781177520752,0.23696682464454977
3.1666666666666665,147750.0,0.9675552845001221,0.23696682464454977
3.183333333333333,147750.0,1.0087171792984009,0.0
3.2,147750.0,1.0502266883850098,0.0
3.216666666666667,147750.0,1.0920500755310059,0.0
3.2333333333333334,147750.0,1.134152889251709,0.0
3.25,147750.0,1.1765053272247314,0.0
3.2666666666666666,147750.0,1.2190760374069214,0.0
3.283333333333333,147750.0,1.2618391513824463,0.0
3.3,147750.0,1.304774284362793,0.0
3.316666666666667,147750.0,1.3478556871414185,0.0
3.3333333333333335,147750.0,1.39106285572052,0.0
3.35,147750.0,1.4343791007995605,0.0
3.3666666666666667,147750.0,1.4777911901474,0.0
3.3833333333333333,147750.0,1.5212855339050293,0.0
3.4,147750.0,1.5648479461669922,0.0
3.4166666666666665,147750.0,1.6084704399108887,0.0
3.433333333333333,147750.0,1.6521403789520264,0.0
3.45,147750.0,1.6958532333374023,0.0
3.466666666666667,147750.0,1.7396082878112793,0.0
3.4833333333333334,147750.0,1.783381462097168,0.0
3.5,147750.0,1.827185034751892,0.0
3.5166666666666666,147750.0,1.8710157871246338,0.0
3.533333333333333,147750.0,1.914870262145996,0.0
3.55,147750.0,1.9587461948394775,0.0
3.566666666666667,147750.0,2.0026402473449707,0.0
3.5833333333333335,147750.0,2.0465593338012695,0.0
3.6,147750.0,2.0904712677001953,0.0
3.6166666666666667,147750.0,2.1344070434570312,0.0
3.6333333333333333,147750.0,2.178358316421509,0.0
3.65,147750.0,2.2223329544067383,0.0
3.6666666666666665,147750.0,2.266301155090332,0.0
3.683333333333333,147750.0,2.310286045074463,0.0
3.7,147750.0,2.3542826175689697,0.0
3.716666666666667,147750.0,2.398282289505005,0.0
3.7333333333333334,147750.0,2.44230055809021,0.0
3.75,147750.0,2.4863104820251465,0.0
3.7666666666666666,147750.0,2.5303478240966797,0.0
3.783333333333333,147750.0,2.5743813514709473,0.0
3.8,147750.0,2.6184213161468506,0.0
3.816666666666667,147750.0,2.662458896636963,0.0
3.8333333333333335,147750.0,2.70647931098938,0.0
3.85,147750.0,2.750505208969116,0.0
3.8666666666666667,147750.0,2.7945048809051514,0.0
3.8833333333333333,147750.0,2.8385043144226074,0.0
3.9,147750.0,2.8824892044067383,0.0
3.9166666666666665,147750.0,2.9264416694641113,0.0
3.933333333333333,147750.0,2.970369815826416,0.0
3.95,147750.0,3.0142605304718018,0.0
3.966666666666667,147750.0,3.058101177215576,0.0
3.9833333333333334,147750.0,3.1018903255462646,0.0
4.0,147750.0,3.145634651184082,0.0
4.016666666666667,147750.0,3.189312219619751,0.0
4.033333333333333,147750.0,3.2329204082489014,0.0
4.05,147750.0,3.2764487266540527,0.0
4.066666666666666,147750.0,3.3199243545532227,0.0
4.083333333333333,147750.0,3.363316059112549,0.0
4.1,147750.0,3.40661358833313,0.0
4.116666666666666,147750.0,3.4498255252838135,0.0
4.133333333333334,147750.0,3.4929378032684326,0.0
4.15,147750.0,3.5359530448913574,0.0
4.166666666666667,147750.0,3.5788636207580566,0.0
4.183333333333334,147750.0,3.6216540336608887,0.0
4.2,147750.0,3.6643338203430176,0.0
4.216666666666667,147750.0,3.706888198852539,0.0
4.233333333333333,147750.0,3.749328136444092,0.0
4.25,147750.0,3.7916464805603027,0.0
4.266666666666667,147750.0,3.8338284492492676,0.0
4.283333333333333,147750.0,3.875870704650879,0.0
4.3,147750.0,3.9177780151367188,0.0
4.316666666666666,147750.0,3.959552526473999,0.0
4.333333333333333,147750.0,4.001173973083496,0.0
4.35,147750.0,4.042647361755371,0.0
4.366666666666666,147750.0,4.083993911743164,0.0
4.383333333333334,147750.0,4.12516975402832,0.0
4.4,147750.0,4.166208267211914,0.0
4.416666666666667,147750.0,4.207089424133301,0.0
4.433333333333334,147750.0,4.247805595397949,0.0
4.45,147750.0,4.288372993469238,0.0
4.466666666666667,147750.0,4.328778266906738,0.0
4.483333333333333,147750.0,4.369034767150879,0.0
4.5,147750.0,4.409123420715332,0.0
4.516666666666667,147750.0,4.449034690856934,0.0
4.533333333333333,147750.0,4.488795757293701,0.0
4.55,147750.0,4.528383255004883,0.0
4.566666666666666,147750.0,4.56779670715332,0.0
4.583333333333333,147750.0,4.607029914855957,0.0
4.6,147750.0,4.646110534667969,0.0
4.616666666666666,147750.0,4.685011863708496,0.0
4.633333333333334,147750.0,4.723741054534912,0.0
4.65,147750.0,4.762290000915527,0.0
4.666666666666667,147750.0,4.800657749176025,0.0
4.683333333333334,147750.0,4.83884334564209,0.0
4.7,147750.0,4.876859664916992,0.0
4.716666666666667,147750.0,4.914693355560303,0.0
4.733333333333333,147750.0,4.952354431152344,0.0
4.75,147750.0,4.989824295043945,0.0
4.766666666666667,147750.0,5.027091979980469,0.0
4.783333333333333,147750.0,5.064193248748779,0.0
4.8,147750.0,5.101116180419922,0.0
4.816666666666666,147750.0,5.137835502624512,0.0
4.833333333333333,147750.0,5.174378395080566,0.0
4.85,147750.0,5.210735321044922,0.0
4.866666666666666,147750.0,5.246914863586426,0.0
4.883333333333334,147750.0,5.282868385314941,0.0
4.9,147750.0,5.3186540603637695,0.0
4.916666666666667,147750.0,5.3542280197143555,0.0
4.933333333333334,147750.0,5.389631748199463,0.0
4.95,147750.0,5.424840927124023,0.0
4.966666666666667,147750.0,5.459878921508789,0.0
4.983333333333333,147750.0,5.494704723358154,0.0
5.0,147750.0,5.5293378829956055,0.0
5.016666666666667,147750.0,5.563776969909668,0.0
5.033333333333333,147750.0,5.598010063171387,0.0
5.05,147750.0,5.6320624351501465,0.0
5.066666666666666,147750.0,5.665916442871094,0.0
5.083333333333333,147750.0,5.699563980102539,0.0
5.1,147750.0,5.733024597167969,0.0
5.116666666666666,147750.0,5.766291618347168,0.0
5.133333333333334,147750.0,5.79935359954834,0.0
5.15,147750.0,5.832204818725586,0.0
5.166666666666667,147750.0,5.864858627319336,0.0
5.183333333333334,147750.0,5.897324562072754,0.0
5.2,147750.0,5.929579257965088,0.0
5.216666666666667,147750.0,5.961641311645508,0.0
5.233333333333333,147750.0,5.993518352508545,0.0
5.25,147750.0,6.025189399719238,0.0
5.266666666666667,147750.0,6.056640148162842,0.0
5.283333333333333,147750.0,6.0879058837890625,0.0
5.3,147750.0,6.1189374923706055,0.0
5.316666666666666,147750.0,6.1497955322265625,0.0
5.333333333333333,147750.0,6.180445671081543,0.0
5.35,147750.0,6.210880279541016,0.0
5.366666666666666,147750.0,6.241142749786377,0.0
5.383333333333334,147750.0,6.271169662475586,0.0
5.4,147750.0,6.301026344299316,0.0
5.416666666666667,147750.0,6.330681324005127,0.0
5.433333333333334,147750.0,6.360116004943848,0.0
5.45,147750.0,6.389392375946045,0.0
5.466666666666667,147750.0,6.41844367980957,0.0
5.483333333333333,147750.0,6.447301864624023,0.0
5.5,147750.0,6.475975513458252,0.0
5.516666666666667,147750.0,6.504434585571289,0.0
5.533333333333333,147750.0,6.532721042633057,0.0
5.55,147750.0,6.560802459716797,0.0
5.566666666666666,147750.0,6.588683605194092,0.0
5.583333333333333,147750.0,6.616394996643066,0.0
5.6,147750.0,6.643888473510742,0.0
5.616666666666666,147750.0,6.671202182769775,0.0
5.633333333333334,147750.0,6.698317527770996,0.0
5.65,147750.0,6.725244522094727,0.0
5.666666666666667,147750.0,6.752002716064453,0.0
5.683333333333334,147750.0,6.778541564941406,0.0
5.7,147750.0,6.804914951324463,0.0
5.716666666666667,147750.0,6.831071853637695,0.0
5.733333333333333,147750.0,6.857054710388184,0.0
5.75,147750.0,6.882853031158447,0.0
5.766666666666667,147750.0,6.908464431762695,0.0
5.783333333333333,147750.0,6.933887481689453,0.0
5.8,147750.0,6.959105491638184,0.0
5.816666666666666,147750.0,6.984183311462402,0.0
5.833333333333333,147750.0,7.009066581726074,0.0
5.85,147750.0,7.033764839172363,0.0
5.866666666666666,147750.0,7.058277606964111,0.0
5.883333333333334,147750.0,7.08259391784668,0.0
5.9,147750.0,7.106741428375244,0.0
5.916666666666667,147750.0,7.130690574645996,0.0
5.933333333333334,147750.0,7.154483795166016,0.0
5.95,147750.0,7.17808723449707,0.0
5.966666666666667,147750.0,7.201520919799805,0.0
5.983333333333333,147750.0,7.224757194519043,0.0
6.0,147750.0,7.247838020324707,0.0
6.016666666666667,147750.0,7.27073335647583,0.0
6.033333333333333,147750.0,7.293444633483887,0.0
6.05,147750.0,7.315992832183838,0.0
6.066666666666666,147750.0,7.338342189788818,0.0
6.083333333333333,147750.0,7.360551834106445,0.0
6.1,147750.0,7.382555961608887,0.0
6.116666666666666,147750.0,7.404406547546387,0.0
6.133333333333334,147750.0,7.426069259643555,0.0
6.15,147750.0,7.44758415222168,0.0
6.166666666666667,147750.0,7.468897819519043,0.0
6.183333333333334,147750.0,7.490077018737793,0.0
6.2,147750.0,7.511044025421143,0.0
6.216666666666667,147750.0,7.531865119934082,0.0
6.233333333333333,147750.0,7.552502155303955,0.0
6.25,147750.0,7.572999477386475,0.0
6.266666666666667,147750.0,7.59330940246582,0.0
6.283333333333333,147750.0,7.613496780395508,0.0
6.3,147750.0,7.633511543273926,0.0
6.316666666666666,147750.0,7.653364181518555,0.0
6.333333333333333,147750.0,7.673044204711914,0.0
6.35,147750.0,7.692568778991699,0.0
6.366666666666666,147750.0,7.7119035720825195,0.0
6.383333333333334,147750.0,7.731085777282715,0.0
6.4,147750.0,7.7500834465026855,0.0
6.416666666666667,147750.0,7.768943786621094,0.0
6.433333333333334,147750.0,7.787633895874023,0.0
6.45,147750.0,7.806199550628662,0.0
6.466666666666667,147750.0,7.824588775634766,0.0
6.483333333333333,147750.0,7.842846870422363,0.0
6.5,147750.0,7.860966682434082,0.0
6.516666666666667,147750.0,7.878886699676514,0.0
6.533333333333333,147750.0,7.8967084884643555,0.0
6.55,147750.0,7.914366722106934,0.0
6.566666666666666,147750.0,7.931853294372559,0.0
6.583333333333333,147750.0,7.949254035949707,0.0
6.6,147750.0,7.966472148895264,0.0
6.616666666666666,147750.0,7.9835662841796875,0.0
6.633333333333334,147750.0,8.000499725341797,0.0
6.65,147750.0,8.017353057861328,0.0
6.666666666666667,147750.0,8.034034729003906,0.0
6.683333333333334,147750.0,8.050521850585938,0.0
6.7,147750.0,8.066935539245605,0.0
6.716666666666667,147750.0,8.08319091796875,0.0
6.733333333333333,147750.0,8.099323272705078,0.0
6.75,147750.0,8.1152982711792,0.0
6.766666666666667,147750.0,8.131135940551758,0.0
6.783333333333333,147750.0,8.146889686584473,0.0
6.8,147750.0,8.162490844726562,0.0
6.816666666666666,147750.0,8.177952766418457,0.0
6.833333333333333,147750.0,8.193306922912598,0.0
6.85,147750.0,8.20846939086914,0.0
6.866666666666666,147750.0,8.223549842834473,0.0
6.883333333333334,147750.0,8.238441467285156,0.0
6.9,147750.0,8.253206253051758,0.0
6.916666666666667,147750.0,8.26787281036377,0.0
6.933333333333334,147750.0,8.282426834106445,0.0
6.95,147750.0,8.296807289123535,0.0
6.966666666666667,147750.0,8.311037063598633,0.0
6.983333333333333,147750.0,8.325220108032227,0.0
7.0,147750.0,8.339279174804688,0.0
7.016666666666667,147750.0,8.353147506713867,0.0
7.033333333333333,147750.0,8.36694622039795,0.0
7.05,147750.0,8.380605697631836,0.0
7.066666666666666,147750.0,8.394144058227539,0.0
7.083333333333333,147750.0,8.407586097717285,0.0
7.1,147750.0,8.420875549316406,0.0
7.116666666666666,147750.0,8.434075355529785,0.0
7.133333333333334,147750.0,8.447131156921387,0.0
7.15,147750.0,8.46015739440918,0.0
7.166666666666667,147750.0,8.47303581237793,0.0
7.183333333333334,147750.0,8.48574447631836,0.0
7.2,147750.0,8.498315811157227,0.0
7.216666666666667,147750.0,8.510844230651855,0.0
7.233333333333333,147750.0,8.523208618164062,0.0
7.25,147750.0,8.535452842712402,0.0
7.266666666666667,147750.0,8.547540664672852,0.0
7.283333333333333,147750.0,8.559585571289062,0.0
7.3,147750.0,8.571548461914062,0.0
7.316666666666666,147750.0,8.58339786529541,0.0
7.333333333333333,147750.0,8.59509563446045,0.0
7.35,147750.0,8.606722831726074,0.0
7.366666666666666,147750.0,8.618327140808105,0.0
7.383333333333334,147750.0,8.629753112792969,0.0
7.4,147750.0,8.641035079956055,0.0
7.416666666666667,147750.0,8.652238845825195,0.0
7.433333333333334,147750.0,8.663270950317383,0.0
7.45,147750.0,8.674230575561523,0.0
7.466666666666667,147750.0,8.685151100158691,0.0
7.483333333333333,147750.0,8.695951461791992,0.0
7.5,147750.0,8.706609725952148,0.0
7.516666666666667,147750.0,8.717235565185547,0.0
7.533333333333333,147750.0,8.72770881652832,0.0
7.55,147750.0,8.738113403320312,0.0
7.566666666666666,147750.0,8.748456954956055,0.0
7.583333333333333,147750.0,8.758707046508789,0.0
7.6,147750.0,8.768858909606934,0.0
7.616666666666666,147750.0,8.778867721557617,0.0
7.633333333333334,147750.0,8.788850784301758,0.0
7.65,147750.0,8.79868221282959,0.0
7.666666666666667,147750.0,8.808412551879883,0.0
7.683333333333334,147750.0,8.818082809448242,0.0
7.7,147750.0,8.827640533447266,0.0
7.716666666666667,147750.0,8.837117195129395,0.0
7.733333333333333,147750.0,8.846548080444336,0.0
7.75,147750.0,8.85589599609375,0.0
7.766666666666667,147750.0,8.865144729614258,0.0
7.783333333333333,147750.0,8.874246597290039,0.0
7.8,147750.0,8.883325576782227,0.0
7.816666666666666,147750.0,8.892351150512695,0.0
7.833333333333333,147750.0,8.90135383605957,0.0
7.85,147750.0,8.910160064697266,0.0
7.866666666666666,147750.0,8.918917655944824,0.0
7.883333333333334,147750.0,8.927620887756348,0.0
7.9,147750.0,8.936232566833496,0.0
7.916666666666667,147750.0,8.944696426391602,0.0
7.933333333333334,147750.0,8.95307731628418,0.0
7.95,147750.0,8.961458206176758,0.0
7.966666666666667,147750.0,8.969764709472656,0.0
7.983333333333333,147750.0,8.977991104125977,0.0
8.0,147750.0,8.98611831665039,0.0
8.016666666666667,147750.0,8.994176864624023,0.0
8.033333333333333,147750.0,9.002113342285156,0.0
8.05,147750.0,9.010009765625,0.0
8.066666666666666,147750.0,9.017807006835938,0.0
8.083333333333334,147750.0,9.0255765914917,0.0
8.1,147750.0,9.033272743225098,0.0
8.116666666666667,147750.0,9.040858268737793,0.0
8.133333333333333,147750.0,9.048423767089844,0.0
8.15,147750.0,9.055868148803711,0.0
8.166666666666666,147750.0,9.063282012939453,0.0
8.183333333333334,147750.0,9.070578575134277,0.0
8.2,147750.0,9.077834129333496,0.0
8.216666666666667,147750.0,9.085084915161133,0.0
8.233333333333333,147750.0,9.092218399047852,0.0
8.25,147750.0,9.0993013381958,0.0
8.266666666666667,147750.0,9.106243133544922,0.0
8.283333333333333,147750.0,9.113068580627441,0.0
8.3,147750.0,9.119880676269531,0.0
8.316666666666666,147750.0,9.126651763916016,0.0
8.333333333333334,147750.0,9.133420944213867,0.0
8.35,147750.0,9.140098571777344,0.0
8.366666666666667,147750.0,9.146722793579102,0.0
8.383333333333333,147750.0,9.153287887573242,0.0
8.4,147750.0,9.159772872924805,0.0
8.416666666666666,147750.0,9.166219711303711,0.0
8.433333333333334,147750.0,9.172517776489258,0.0
8.45,147750.0,9.17873477935791,0.0
8.466666666666667,147750.0,9.184913635253906,0.0
8.483333333333333,147750.0,9.191080093383789,0.0
8.5,147750.0,9.19720458984375,0.0
8.516666666666667,147750.0,9.203280448913574,0.0
8.533333333333333,147750.0,9.209219932556152,0.0
8.55,147750.0,9.2151460647583,0.0
8.566666666666666,147750.0,9.220995903015137,0.0
8.583333333333334,147750.0,9.226846694946289,0.0
8.6,147750.0,9.232666015625,0.0
8.616666666666667,147750.0,9.238465309143066,0.0
8.633333333333333,147750.0,9.244156837463379,0.0
8.65,147750.0,9.24978256225586,0.0
8.666666666666666,147750.0,9.25534725189209,0.0
8.683333333333334,147750.0,9.260858535766602,0.0
8.7,147750.0,9.266338348388672,0.0
8.716666666666667,147750.0,9.271706581115723,0.0
8.733333333333333,147750.0,9.277059555053711,0.0
8.75,147750.0,9.282378196716309,0.0
8.766666666666667,147750.0,9.287636756896973,0.0
8.783333333333333,147750.0,9.292840957641602,0.0
8.8,147750.0,9.298009872436523,0.0
8.816666666666666,147750.0,9.303094863891602,0.0
8.833333333333334,147750.0,9.308123588562012,0.0
8.85,147750.0,9.31312370300293,0.0
8.866666666666667,147750.0,9.318097114562988,0.0
8.883333333333333,147750.0,9.323003768920898,0.0
8.9,147750.0,9.327877044677734,0.0
8.916666666666666,147750.0,9.332738876342773,0.0
8.933333333333334,147750.0,9.33753776550293,0.0
8.95,147750.0,9.342211723327637,0.0
8.966666666666667,147750.0,9.346792221069336,0.0
8.983333333333333,147750.0,9.351343154907227,0.0
9.0,147750.0,9.355883598327637,0.0
9.016666666666667,147750.0,9.360441207885742,0.0
9.033333333333333,147750.0,9.364965438842773,0.0
9.05,147750.0,9.369478225708008,0.0
9.066666666666666,147750.0,9.37387466430664,0.0
9.083333333333334,147750.0,9.378225326538086,0.0
9.1,147750.0,9.382536888122559,0.0
9.116666666666667,147750.0,9.386762619018555,0.0
9.133333333333333,147750.0,9.390953063964844,0.0
9.15,147750.0,9.395044326782227,0.0
9.166666666666666,147750.0,9.39909839630127,0.0
9.183333333333334,147750.0,9.403153419494629,0.0
9.2,147750.0,9.407196044921875,0.0
9.216666666666667,147750.0,9.41123104095459,0.0
9.233333333333333,147750.0,9.415226936340332,0.0
9.25,147750.0,9.419214248657227,0.0
9.266666666666667,147750.0,9.423171043395996,0.0
9.283333333333333,147750.0,9.427123069763184,0.0
9.3,147750.0,9.43104076385498,0.0
9.316666666666666,147750.0,9.434917449951172,0.0
9.333333333333334,147750.0,9.438785552978516,0.0
9.35,147750.0,9.442585945129395,0.0
9.366666666666667,147750.0,9.446239471435547,0.0
9.383333333333333,147750.0,9.449850082397461,0.0
9.4,147750.0,9.453449249267578,0.0
9.416666666666666,147750.0,9.45705509185791,0.0
9.433333333333334,147750.0,9.46063232421875,0.0
9.45,147750.0,9.464212417602539,0.0
9.466666666666667,147750.0,9.467777252197266,0.0
9.483333333333333,147750.0,9.471323013305664,0.0
9.5,147750.0,9.474843978881836,0.0
9.516666666666667,147750.0,9.478199005126953,0.0
9.533333333333333,147750.0,9.481470108032227,0.0
9.55,147750.0,9.484708786010742,0.0
9.566666666666666,147750.0,9.487932205200195,0.0
9.583333333333334,147750.0,9.491155624389648,0.0
9.6,147750.0,9.494321823120117,0.0
9.616666666666667,147750.0,9.49742317199707,0.0
9.633333333333333,147750.0,9.50049877166748,0.0
9.65,147750.0,9.503562927246094,0.0
9.666666666666666,147750.0,9.506601333618164,0.0
9.683333333333334,147750.0,9.509618759155273,0.0
9.7,147750.0,9.512616157531738,0.0
9.716666666666667,147750.0,9.515589714050293,0.0
9.733333333333333,147750.0,9.518568992614746,0.0
9.75,147750.0,9.521528244018555,0.0
9.766666666666667,147750.0,9.524473190307617,0.0
9.783333333333333,147750.0,9.527408599853516,0.0
9.8,147750.0,9.530296325683594,0.0
9.816666666666666,147750.0,9.533059120178223,0.0
9.833333333333334,147750.0,9.535813331604004,0.0
9.85,147750.0,9.538520812988281,0.0
9.866666666666667,147750.0,9.541196823120117,0.0
9.883333333333333,147750.0,9.543864250183105,0.0
9.9,147750.0,9.546530723571777,0.0
9.916666666666666,147750.0,9.549192428588867,0.0
9.933333333333334,147750.0,9.551851272583008,0.0
9.95,147750.0,9.554506301879883,0.0
9.966666666666667,147750.0,9.557135581970215,0.0
9.983333333333333,147750.0,9.559732437133789,0.0
10.0,147750.0,9.562272071838379,0.0
10.016666666666667,147750.0,9.564717292785645,0.0
0.0,248500.0,9.992568016052246,0.0
0.016666666666666666,248500.0,8.715633392333984,0.0
0.03333333333333333,248500.0,7.432704448699951,0.0
0.05,248500.0,6.158929347991943,0.0
0.06666666666666667,248500.0,4.925148010253906,0.0
0.08333333333333333,248500.0,3.712258815765381,0.0
0.1,248500.0,2.521989107131958,0.0
0.11666666666666667,248500.0,1.4563565254211426,0.0
0.13333333333333333,248500.0,0.5628781318664551,40.047393364928915
0.15,248500.0,0.07502106577157974,47.39336492890995
0.16666666666666666,248500.0,0.0,47.867298578199055
0.18333333333333332,248500.0,0.0,47.39336492890995
0.2,248500.0,0.0,45.97156398104265
0.21666666666666667,248500.0,0.0,45.7345971563981
0.23333333333333334,248500.0,0.0,47.6303317535545
0.25,248500.0,0.0,47.1563981042654
0.26666666666666666,248500.0,0.0,48.81516587677725
0.2833333333333333,248500.0,0.0,48.81516587677725
0.3,248500.0,0.0,50.71090047393365
0.31666666666666665,248500.0,0.0,51.8957345971564
0.3333333333333333,248500.0,0.0,52.843601895734594
0.35,248500.0,0.0,54.502369668246445
0.36666666666666664,248500.0,0.0,56.39810426540285
0.38333333333333336,248500.0,0.0,57.10900473933649
0.4,248500.0,0.0,59.47867298578199
0.4166666666666667,248500.0,0.0,59.95260663507109
0.43333333333333335,248500.0,0.0,62.55924170616114
0.45,248500.0,0.0,63.507109004739334
0.4666666666666667,248500.0,0.0,64.69194312796208
0.48333333333333334,248500.0,0.0,68.00947867298578
0.5,248500.0,0.0,68.00947867298578
0.5166666666666667,248500.0,0.0,70.37914691943128
0.5333333333333333,248500.0,0.0,72.74881516587678
0.55,248500.0,0.0,74.88151658767772
0.5666666666666667,248500.0,0.0,76.54028436018957
0.5833333333333334,248500.0,0.0,77.72511848341233
0.6,248500.0,0.0,80.33175355450237
0.6166666666666667,248500.0,0.0,81.75355450236967
0.6333333333333333,248500.0,0.0,83.41232227488152
0.65,248500.0,0.0,85.54502369668246
0.6666666666666666,248500.0,0.0,87.91469194312796
0.6833333333333333,248500.0,0.0,89.57345971563981
0.7,248500.0,0.0,91.23222748815166
0.7166666666666667,248500.0,0.0,94.3127962085308
0.7333333333333333,248500.0,0.0,95.49763033175356
0.75,248500.0,0.0,97.1563981042654
0.7666666666666667,248500.0,0.0,98.81516587677726
0.7833333333333333,248500.0,0.0,99.76303317535546
0.8,248500.0,0.0,100.0
0.8166666666666667,248500.0,0.0,100.0
0.8333333333333334,248500.0,0.0,100.0
0.85,248500.0,0.0,100.0
0.8666666666666667,248500.0,0.0,100.0
0.8833333333333333,248500.0,0.0,99.0521327014218
0.9,248500.0,0.0,99.0521327014218
0.9166666666666666,248500.0,0.0,98.5781990521327
0.9333333333333333,248500.0,0.0,98.5781990521327
0.95,248500.0,0.0,98.5781990521327
0.9666666666666667,248500.0,0.0,98.5781990521327
0.9833333333333333,248500.0,0.0,98.10426540284361
1.0,248500.0,0.0,98.10426540284361
1.0166666666666666,248500.0,0.0,97.1563981042654
1.0333333333333334,248500.0,0.0,97.1563981042654
1.05,248500.0,0.0,96.6824644549763
1.0666666666666667,248500.0,0.0,96.6824644549763
1.0833333333333333,248500.0,0.0,96.6824644549763
1.1,248500.0,0.0,96.6824644549763
1.1166666666666667,248500.0,0.0,96.6824644549763
1.1333333333333333,248500.0,0.0,96.2085308056872
1.15,248500.0,0.0,95.73459715639811
1.1666666666666667,248500.0,0.0,95.260663507109
1.1833333333333333,248500.0,0.0,95.260663507109
1.2,248500.0,0.0,94.7867298578199
1.2166666666666666,248500.0,0.0,94.3127962085308
1.2333333333333334,248500.0,0.0,94.3127962085308
1.25,248500.0,0.0,94.3127962085308
1.2666666666666666,248500.0,0.0,94.3127962085308
1.2833333333333334,248500.0,0.0,94.3127962085308
1.3,248500.0,0.0,94.3127962085308
1.3166666666666667,248500.0,0.0,94.3127962085308
1.3333333333333333,248500.0,0.0,93.8388625592417
1.35,248500.0,0.0,92.89099526066352
1.3666666666666667,248500.0,0.0,92.89099526066352
1.3833333333333333,248500.0,0.0,92.41706161137441
1.4,248500.0,0.0,92.41706161137441
1.4166666666666667,248500.0,0.0,91.9431279620853
1.4333333333333333,248500.0,0.0,90.99526066350711
1.45,248500.0,0.0,90.99526066350711
1.4666666666666666,248500.0,0.0,90.99526066350711
1.4833333333333334,248500.0,0.0,90.52132701421802
1.5,248500.0,0.0,90.04739336492891
1.5166666666666666,248500.0,0.0,89.57345971563981
1.5333333333333334,248500.0,0.0,89.57345971563981
1.55,248500.0,0.0,88.15165876777252
1.5666666666666667,248500.0,0.0,88.15165876777252
1.5833333333333333,248500.0,0.0,87.20379146919431
1.6,248500.0,0.0,87.20379146919431
1.6166666666666667,248500.0,0.0,86.25592417061611
1.6333333333333333,248500.0,0.0,85.78199052132702
1.65,248500.0,0.0,85.07109004739335
1.6666666666666667,248500.0,0.0,84.12322274881517
1.6833333333333333,248500.0,0.0,83.64928909952607
1.7,248500.0,0.0,83.64928909952607
1.7166666666666666,248500.0,0.0,82.70142180094787
1.7333333333333334,248500.0,0.0,82.22748815165876
1.75,248500.0,0.0,81.75355450236967
1.7666666666666666,248500.0,0.0,80.80568720379146
1.7833333333333334,248500.0,0.0,80.33175355450237
1.8,248500.0,0.0,79.62085308056872
1.8166666666666667,248500.0,0.0,78.19905213270142
1.8333333333333333,248500.0,0.0,78.19905213270142
1.85,248500.0,0.0,77.25118483412322
1.8666666666666667,248500.0,0.0,75.82938388625593
1.8833333333333333,248500.0,0.0,74.88151658767772
1.9,248500.0,0.0,74.40758293838863
1.9166666666666667,248500.0,0.0,73.45971563981043
1.9333333333333333,248500.0,0.0,72.74881516587678
1.95,248500.0,0.0,72.27488151658767
1.9666666666666666,248500.0,0.0,71.80094786729858
1.9833333333333334,248500.0,0.0,71.32701421800948
2.0,248500.0,0.0,70.85308056872039
2.0166666666666666,248500.0,0.0,70.37914691943128
2.033333333333333,248500.0,2.0973779101041146e-05,69.19431279620854
2.05,248500.0,6.828763434896246e-05,68.72037914691943
2.066666666666667,248500.0,8.013306796783581e-05,67.77251184834124
2.0833333333333335,248500.0,0.0001051447179634124,66.35071090047393
2.1,248500.0,0.0001460741477785632,65.40284360189574
2.1166666666666667,248500.0,0.00020763561769854277,64.92890995260665
2.1333333333333333,248500.0,0.00029614457162097096,63.98104265402843
2.15,248500.0,0.00041955782216973603,62.32227488151659
2.1666666666666665,248500.0,0.0005876746727153659,61.84834123222749
2.183333333333333,248500.0,0.0008123696316033602,61.37440758293838
2.2,248500.0,0.001107865129597485,60.90047393364929
2.216666666666667,248500.0,0.001491002389229834,59.95260663507109
2.2333333333333334,248500.0,0.001981552690267563,58.53080568720379
2.25,248500.0,0.0026025045663118362,57.81990521327014
2.2666666666666666,248500.0,0.003380281152203679,56.39810426540285
2.283333333333333,248500.0,0.003868293948471546,55.92417061611374
2.3,248500.0,0.004385736770927906,55.45023696682464
2.316666666666667,248500.0,0.005032685585319996,54.502369668246445
2.3333333333333335,248500.0,0.005834749899804592,53.55450236966824
2.35,248500.0,0.0068209851160645485,53.317535545023695
2.3666666666666667,248500.0,0.008024055510759354,52.3696682464455
2.3833333333333333,248500.0,0.009480333887040615,51.421800947867304
2.4,248500.0,0.011229987256228924,50.0
2.4166666666666665,248500.0,0.013317033648490906,49.052132701421804
2.433333333333333,248500.0,0.015789173543453217,47.867298578199055
2.45,248500.0,0.018697589635849,46.91943127962085
2.466666666666667,248500.0,0.022096754983067513,45.97156398104265
2.4833333333333334,248500.0,0.02604416385293007,45.497630331753555
2.5,248500.0,0.030599625781178474,44.54976303317535
2.5166666666666666,248500.0,0.0358249694108963,43.127962085308056
2.533333333333333,248500.0,0.04178312048316002,41.943127962085306
2.55,248500.0,0.04853761941194534,40.99526066350711
2.566666666666667,248500.0,0.05615171045064926,40.047393364928915
2.5833333333333335,248500.0,0.06468737870454788,39.57345971563981
2.6,248500.0,0.07420434802770615,38.62559241706161
2.6166666666666667,248500.0,0.084241583943367,37.44075829383886
2.6333333333333333,248500.0,0.09208574891090393,37.44075829383886
2.65,248500.0,0.10084377229213715,34.12322274881517
2.6666666666666665,248500.0,0.11057554930448532,33.649289099526065
2.683333333333333,248500.0,0.12133870273828506,32.22748815165877
2.7,248500.0,0.1331864595413208,31.516587677725116
2.716666666666667,248500.0,0.1461678296327591,31.04265402843602
2.7333333333333334,248500.0,0.16032592952251434,29.620853080568722
2.75,248500.0,0.1756984293460846,28.672985781990523
2.7666666666666666,248500.0,0.19231531023979187,26.77725118483412
2.783333333333333,248500.0,0.2101992964744568,24.644549763033176
2.8,248500.0,0.2293652892112732,23.696682464454977
2.816666666666667,248500.0,0.2498212456703186,23.696682464454977
2.8333333333333335,248500.0,0.27156680822372437,22.748815165876778
2.85,248500.0,0.29459404945373535,21.32701421800948
2.8666666666666667,248500.0,0.3188870847225189,19.194312796208532
2.8833333333333333,248500.0,0.34442487359046936,18.246445497630333
2.9,248500.0,0.37117892503738403,17.298578199052134
2.9166666666666665,248500.0,0.3991162180900574,15.876777251184834
2.933333333333333,248500.0,0.4281979203224182,14.928909952606634
2.95,248500.0,0.45838117599487305,14.218009478672986
2.966666666666667,248500.0,0.4896201491355896,11.848341232227488
2.9833333333333334,248500.0,0.5218661427497864,10.90047393364929
3.0,248500.0,0.5550687909126282,9.004739336492891
3.0166666666666666,248500.0,0.5891758799552917,8.293838862559241
3.033333333333333,248500.0,0.6241328716278076,8.293838862559241
3.05,248500.0,0.6598877310752869,6.872037914691943
3.066666666666667,248500.0,0.6963875889778137,4.976303317535545
3.0833333333333335,248500.0,0.7335786819458008,3.7914691943127963
3.1,248500.0,0.7714110612869263,3.7914691943127963
3.1166666666666667,248500.0,0.8098335862159729,3.7914691943127963
3.1333333333333333,248500.0,0.8487988710403442,1.8957345971563981
3.15,248500.0,0.8882600665092468,0.23696682464454977
3.1666666666666665,248500.0,0.9281740188598633,0.23696682464454977
3.183333333333333,248500.0,0.9684979915618896,0.23696682464454977
3.2,248500.0,1.0091915130615234,0.0
3.216666666666667,248500.0,1.0502171516418457,0.0
3.2333333333333334,248500.0,1.0915403366088867,0.0
3.25,248500.0,1.1331322193145752,0.0
3.2666666666666666,248500.0,1.1749606132507324,0.0
3.283333333333333,248500.0,1.216996192932129,0.0
3.3,248500.0,1.2592154741287231,0.0
3.316666666666667,248500.0,1.3015964031219482,0.0
3.3333333333333335,248500.0,1.344111680984497,0.0
3.35,248500.0,1.3867484331130981,0.0
3.3666666666666667,248500.0,1.4294929504394531,0.0
3.3833333333333333,248500.0,1.4723236560821533,0.0
3.4,248500.0,1.51522696018219,0.0
3.4166666666666665,248500.0,1.5581986904144287,0.0
3.433333333333333,248500.0,1.6012256145477295,0.0
3.45,248500.0,1.6442991495132446,0.0
3.466666666666667,248500.0,1.6874114274978638,0.0
3.4833333333333334,248500.0,1.7305574417114258,0.0
3.5,248500.0,1.7737340927124023,0.0
3.5166666666666666,248500.0,1.816931128501892,0.0
3.533333333333333,248500.0,1.8601534366607666,0.0
3.55,248500.0,1.9034061431884766,0.0
3.566666666666667,248500.0,1.9466805458068848,0.0
3.5833333333333335,248500.0,1.989956259727478,0.0
3.6,248500.0,2.0332558155059814,0.0
3.6166666666666667,248500.0,2.076564073562622,0.0
3.6333333333333333,248500.0,2.119878053665161,0.0
3.65,248500.0,2.1632204055786133,0.0
3.6666666666666665,248500.0,2.206575393676758,0.0
3.683333333333333,248500.0,2.249934196472168,0.0
3.7,248500.0,2.2933146953582764,0.0
3.716666666666667,248500.0,2.336709976196289,0.0
3.7333333333333334,248500.0,2.3801136016845703,0.0
3.75,248500.0,2.423539161682129,0.0
3.7666666666666666,248500.0,2.466949224472046,0.0
3.783333333333333,248500.0,2.510375499725342,0.0
3.8,248500.0,2.553793430328369,0.0
3.816666666666667,248500.0,2.5972115993499756,0.0
3.8333333333333335,248500.0,2.6406261920928955,0.0
3.85,248500.0,2.684023380279541,0.0
3.8666666666666667,248500.0,2.72741436958313,0.0
3.8833333333333333,248500.0,2.7708077430725098,0.0
3.9,248500.0,2.814185857772827,0.0
3.9166666666666665,248500.0,2.8575439453125,0.0
3.933333333333333,248500.0,2.900871992111206,0.0
3.95,248500.0,2.9441707134246826,0.0
3.966666666666667,248500.0,2.987438917160034,0.0
3.9833333333333334,248500.0,3.030648708343506,0.0
4.0,248500.0,3.0738234519958496,0.0
4.016666666666667,248500.0,3.116931438446045,0.0
4.033333333333333,248500.0,3.1599833965301514,0.0
4.05,248500.0,3.2029738426208496,0.0
4.066666666666666,248500.0,3.245872974395752,0.0
4.083333333333333,248500.0,3.2887065410614014,0.0
4.1,248500.0,3.3314685821533203,0.0
4.116666666666666,248500.0,3.374133586883545,0.0
4.133333333333334,248500.0,3.416696071624756,0.0
4.15,248500.0,3.4591827392578125,0.0
4.166666666666667,248500.0,3.5015580654144287,0.0
4.183333333333334,248500.0,3.5438244342803955,0.0
4.2,248500.0,3.5859813690185547,0.0
4.216666666666667,248500.0,3.6280288696289062,0.0
4.233333333333333,248500.0,3.6699578762054443,0.0
4.25,248500.0,3.7117652893066406,0.0
4.266666666666667,248500.0,3.7534499168395996,0.0
4.283333333333333,248500.0,3.7950024604797363,0.0
4.3,248500.0,3.836411476135254,0.0
4.316666666666666,248500.0,3.877692222595215,0.0
4.333333333333333,248500.0,3.9188270568847656,0.0
4.35,248500.0,3.959822654724121,0.0
4.366666666666666,248500.0,4.000683784484863,0.0
4.383333333333334,248500.0,4.041384696960449,0.0
4.4,248500.0,4.081961631774902,0.0
4.416666666666667,248500.0,4.122378349304199,0.0
4.433333333333334,248500.0,4.162614822387695,0.0
4.45,248500.0,4.20272970199585,0.0
4.466666666666667,248500.0,4.242671489715576,0.0
4.483333333333333,248500.0,4.282468795776367,0.0
4.5,248500.0,4.322113037109375,0.0
4.516666666666667,248500.0,4.361565589904785,0.0
4.533333333333333,248500.0,4.400877475738525,0.0
4.55,248500.0,4.4400224685668945,0.0
4.566666666666666,248500.0,4.478987216949463,0.0
4.583333333333333,248500.0,4.517789363861084,0.0
4.6,248500.0,4.556432723999023,0.0
4.616666666666666,248500.0,4.594890594482422,0.0
4.633333333333334,248500.0,4.633185386657715,0.0
4.65,248500.0,4.671314239501953,0.0
4.666666666666667,248500.0,4.709255218505859,0.0
4.683333333333334,248500.0,4.747025012969971,0.0
4.7,248500.0,4.784613609313965,0.0
4.716666666666667,248500.0,4.8220295906066895,0.0
4.733333333333333,248500.0,4.859275817871094,0.0
4.75,248500.0,4.8963398933410645,0.0
4.766666666666667,248500.0,4.933221817016602,0.0
4.783333333333333,248500.0,4.969930648803711,0.0
4.8,248500.0,5.006439208984375,0.0
4.816666666666666,248500.0,5.042762756347656,0.0
4.833333333333333,248500.0,5.078925609588623,0.0
4.85,248500.0,5.114891052246094,0.0
4.866666666666666,248500.0,5.150674343109131,0.0
4.883333333333334,248500.0,5.186273574829102,0.0
4.9,248500.0,5.221685409545898,0.0
4.916666666666667,248500.0,5.2569122314453125,0.0
4.933333333333334,248500.0,5.291932106018066,0.0
4.95,248500.0,5.326792240142822,0.0
4.966666666666667,248500.0,5.361445426940918,0.0
4.983333333333333,248500.0,5.395908355712891,0.0
5.0,248500.0,5.43017578125,0.0
5.016666666666667,248500.0,5.464271545410156,0.0
5.033333333333333,248500.0,5.498160362243652,0.0
5.05,248500.0,5.531855583190918,0.0
5.066666666666666,248500.0,5.565353870391846,0.0
5.083333333333333,248500.0,5.598663330078125,0.0
5.1,248500.0,5.6317853927612305,0.0
5.116666666666666,248500.0,5.664702415466309,0.0
5.133333333333334,248500.0,5.697425842285156,0.0
5.15,248500.0,5.729964733123779,0.0
5.166666666666667,248500.0,5.762300491333008,0.0
5.183333333333334,248500.0,5.794445037841797,0.0
5.2,248500.0,5.82638692855835,0.0
5.216666666666667,248500.0,5.858149528503418,0.0
5.233333333333333,248500.0,5.889691352844238,0.0
5.25,248500.0,5.921045303344727,0.0
5.266666666666667,248500.0,5.952198505401611,0.0
5.283333333333333,248500.0,5.983156681060791,0.0
5.3,248500.0,6.0139312744140625,0.0
5.316666666666666,248500.0,6.044483184814453,0.0
5.333333333333333,248500.0,6.074860572814941,0.0
5.35,248500.0,6.105010986328125,0.0
5.366666666666666,248500.0,6.134960174560547,0.0
5.383333333333334,248500.0,6.164725303649902,0.0
5.4,248500.0,6.194275856018066,0.0
5.416666666666667,248500.0,6.2236480712890625,0.0
5.433333333333334,248500.0,6.252819061279297,0.0
5.45,248500.0,6.281804084777832,0.0
5.466666666666667,248500.0,6.310582160949707,0.0
5.483333333333333,248500.0,6.3391828536987305,0.0
5.5,248500.0,6.367585182189941,0.0
5.516666666666667,248500.0,6.3957953453063965,0.0
5.533333333333333,248500.0,6.423792362213135,0.0
5.55,248500.0,6.451613426208496,0.0
5.566666666666666,248500.0,6.479254722595215,0.0
5.583333333333333,248500.0,6.506690979003906,0.0
5.6,248500.0,6.533946990966797,0.0
5.616666666666666,248500.0,6.561002731323242,0.0
5.633333333333334,248500.0,6.587872505187988,0.0
5.65,248500.0,6.614566326141357,0.0
5.666666666666667,248500.0,6.64106559753418,0.0
5.683333333333334,248500.0,6.667388916015625,0.0
5.7,248500.0,6.693489074707031,0.0
5.716666666666667,248500.0,6.719416618347168,0.0
5.733333333333333,248500.0,6.745179176330566,0.0
5.75,248500.0,6.7707319259643555,0.0
5.766666666666667,248500.0,6.796116352081299,0.0
5.783333333333333,248500.0,6.821290969848633,0.0
5.8,248500.0,6.846324443817139,0.0
5.816666666666666,248500.0,6.871158599853516,0.0
5.833333333333333,248500.0,6.89581298828125,0.0
5.85,248500.0,6.920286178588867,0.0
5.866666666666666,248500.0,6.944553852081299,0.0
5.883333333333334,248500.0,6.9686737060546875,0.0
5.9,248500.0,6.99259090423584,0.0
5.916666666666667,248500.0,7.016356945037842,0.0
5.933333333333334,248500.0,7.039928436279297,0.0
5.95,248500.0,7.063331127166748,0.0
5.966666666666667,248500.0,7.086546897888184,0.0
5.983333333333333,248500.0,7.109591484069824,0.0
6.0,248500.0,7.1324615478515625,0.0
6.016666666666667,248500.0,7.155146598815918,0.0
6.033333333333333,248500.0,7.177673816680908,0.0
6.05,248500.0,7.1999945640563965,0.0
6.066666666666666,248500.0,7.2221832275390625,0.0
6.083333333333333,248500.0,7.244162559509277,0.0
6.1,248500.0,7.265999794006348,0.0
6.116666666666666,248500.0,7.2876482009887695,0.0
6.133333333333334,248500.0,7.309144973754883,0.0
6.15,248500.0,7.330450057983398,0.0
6.166666666666667,248500.0,7.351625919342041,0.0
6.183333333333334,248500.0,7.3726043701171875,0.0
6.2,248500.0,7.393411636352539,0.0
6.216666666666667,248500.0,7.41403865814209,0.0
6.233333333333333,248500.0,7.434524059295654,0.0
6.25,248500.0,7.454831600189209,0.0
6.266666666666667,248500.0,7.475008964538574,0.0
6.283333333333333,248500.0,7.495022773742676,0.0
6.3,248500.0,7.514864921569824,0.0
6.316666666666666,248500.0,7.534538269042969,0.0
6.333333333333333,248500.0,7.554064750671387,0.0
6.35,248500.0,7.573404312133789,0.0
6.366666666666666,248500.0,7.592599391937256,0.0
6.383333333333334,248500.0,7.611621379852295,0.0
6.4,248500.0,7.630478858947754,0.0
6.416666666666667,248500.0,7.649211883544922,0.0
6.433333333333334,248500.0,7.667774200439453,0.0
6.45,248500.0,7.686168193817139,0.0
6.466666666666667,248500.0,7.7044525146484375,0.0
6.483333333333333,248500.0,7.72258186340332,0.0
6.5,248500.0,7.740525245666504,0.0
6.516666666666667,248500.0,7.758347034454346,0.0
6.533333333333333,248500.0,7.7760009765625,0.0
6.55,248500.0,7.79349422454834,0.0
6.566666666666666,248500.0,7.810896873474121,0.0
6.583333333333333,248500.0,7.82811164855957,0.0
6.6,248500.0,7.845205307006836,0.0
6.616666666666666,248500.0,7.862135410308838,0.0
6.633333333333334,248500.0,7.878938674926758,0.0
6.65,248500.0,7.895598888397217,0.0
6.666666666666667,248500.0,7.9121174812316895,0.0
6.683333333333334,248500.0,7.928524017333984,0.0
6.7,248500.0,7.94476842880249,0.0
6.716666666666667,248500.0,7.960885047912598,0.0
6.733333333333333,248500.0,7.976868152618408,0.0
6.75,248500.0,7.992740631103516,0.0
6.766666666666667,248500.0,8.008461952209473,0.0
6.783333333333333,248500.0,8.02402400970459,0.0
6.8,248500.0,8.039496421813965,0.0
6.816666666666666,248500.0,8.054851531982422,0.0
6.833333333333333,248500.0,8.070001602172852,0.0
6.85,248500.0,8.085034370422363,0.0
6.866666666666666,248500.0,8.099979400634766,0.0
6.883333333333334,248500.0,8.114751815795898,0.0
6.9,248500.0,8.129404067993164,0.0
6.916666666666667,248500.0,8.143917083740234,0.0
6.933333333333334,248500.0,8.158415794372559,0.0
6.95,248500.0,8.172723770141602,0.0
6.966666666666667,248500.0,8.186906814575195,0.0
6.983333333333333,248500.0,8.200942039489746,0.0
7.0,248500.0,8.21484375,0.0
7.016666666666667,248500.0,8.228636741638184,0.0
7.033333333333333,248500.0,8.24233627319336,0.0
7.05,248500.0,8.255870819091797,0.0
7.066666666666666,248500.0,8.26925277709961,0.0
7.083333333333333,248500.0,8.282597541809082,0.0
7.1,248500.0,8.295831680297852,0.0
7.116666666666666,248500.0,8.308905601501465,0.0
7.133333333333334,248500.0,8.321853637695312,0.0
7.15,248500.0,8.334747314453125,0.0
7.166666666666667,248500.0,8.34753131866455,0.0
7.183333333333334,248500.0,8.360160827636719,0.0
7.2,248500.0,8.372627258300781,0.0
7.216666666666667,248500.0,8.384998321533203,0.0
7.233333333333333,248500.0,8.397256851196289,0.0
7.25,248500.0,8.409480094909668,0.0
7.266666666666667,248500.0,8.421541213989258,0.0
7.283333333333333,248500.0,8.433488845825195,0.0
7.3,248500.0,8.445313453674316,0.0
7.316666666666666,248500.0,8.45706558227539,0.0
7.333333333333333,248500.0,8.46870231628418,0.0
7.35,248500.0,8.480291366577148,0.0
7.366666666666666,248500.0,8.49167251586914,0.0
7.383333333333334,248500.0,8.502954483032227,0.0
7.4,248500.0,8.514192581176758,0.0
7.416666666666667,248500.0,8.525311470031738,0.0
7.433333333333334,248500.0,8.536293029785156,0.0
7.45,248500.0,8.547174453735352,0.0
7.466666666666667,248500.0,8.557954788208008,0.0
7.483333333333333,248500.0,8.56867790222168,0.0
7.5,248500.0,8.579326629638672,0.0
7.516666666666667,248500.0,8.589832305908203,0.0
7.533333333333333,248500.0,8.600275993347168,0.0
7.55,248500.0,8.610607147216797,0.0
7.566666666666666,248500.0,8.620827674865723,0.0
7.583333333333333,248500.0,8.630931854248047,0.0
7.6,248500.0,8.640926361083984,0.0
7.616666666666666,248500.0,8.650918960571289,0.0
7.633333333333334,248500.0,8.660822868347168,0.0
7.65,248500.0,8.670587539672852,0.0
7.666666666666667,248500.0,8.680257797241211,0.0
7.683333333333334,248500.0,8.689927101135254,0.0
7.7,248500.0,8.699446678161621,0.0
7.716666666666667,248500.0,8.7088623046875,0.0
7.733333333333333,248500.0,8.718210220336914,0.0
7.75,248500.0,8.7274751663208,0.0
7.766666666666667,248500.0,8.736613273620605,0.0
7.783333333333333,248500.0,8.745712280273438,0.0
7.8,248500.0,8.754749298095703,0.0
7.816666666666666,248500.0,8.763711929321289,0.0
7.833333333333333,248500.0,8.772578239440918,0.0
7.85,248500.0,8.781309127807617,0.0
7.866666666666666,248500.0,8.79001235961914,0.0
7.883333333333334,248500.0,8.798589706420898,0.0
7.9,248500.0,8.80713176727295,0.0
7.916666666666667,248500.0,8.815570831298828,0.0
7.933333333333334,248500.0,8.823951721191406,0.0
7.95,248500.0,8.832221984863281,0.0
7.966666666666667,248500.0,8.84042739868164,0.0
7.983333333333333,248500.0,8.848533630371094,0.0
8.0,248500.0,8.856607437133789,0.0
8.016666666666667,248500.0,8.864617347717285,0.0
8.033333333333333,248500.0,8.87248706817627,0.0
8.05,248500.0,8.88027572631836,0.0
8.066666666666666,248500.0,8.888065338134766,0.0
8.083333333333334,248500.0,8.895837783813477,0.0
8.1,248500.0,8.903572082519531,0.0
8.116666666666667,248500.0,8.911114692687988,0.0
8.133333333333333,248500.0,8.918603897094727,0.0
8.15,248500.0,8.926033020019531,0.0
8.166666666666666,248500.0,8.933389663696289,0.0
8.183333333333334,248500.0,8.940574645996094,0.0
8.2,248500.0,8.94769287109375,0.0
8.216666666666667,248500.0,8.954784393310547,0.0
8.233333333333333,248500.0,8.961875915527344,0.0
8.25,248500.0,8.96886157989502,0.0
8.266666666666667,248500.0,8.975797653198242,0.0
8.283333333333333,248500.0,8.982675552368164,0.0
8.3,248500.0,8.989468574523926,0.0
8.316666666666666,248500.0,8.996220588684082,0.0
8.333333333333334,248500.0,9.00285816192627,0.0
8.35,248500.0,9.009475708007812,0.0
8.366666666666667,248500.0,9.015981674194336,0.0
8.383333333333333,248500.0,9.022478103637695,0.0
8.4,248500.0,9.028924942016602,0.0
8.416666666666666,248500.0,9.035279273986816,0.0
8.433333333333334,248500.0,9.04156494140625,0.0
8.45,248500.0,9.047785758972168,0.0
8.466666666666667,248500.0,9.053943634033203,0.0
8.483333333333333,248500.0,9.06010913848877,0.0
8.5,248500.0,9.066253662109375,0.0
8.516666666666667,248500.0,9.0723237991333,0.0
8.533333333333333,248500.0,9.078276634216309,0.0
8.55,248500.0,9.084147453308105,0.0
8.566666666666666,248500.0,9.089995384216309,0.0
8.583333333333334,248500.0,9.09583568572998,0.0
8.6,248500.0,9.10163688659668,0.0
8.616666666666667,248500.0,9.107405662536621,0.0
8.633333333333333,248500.0,9.11301040649414,0.0
8.65,248500.0,9.118509292602539,0.0
8.666666666666666,248500.0,9.12398624420166,0.0
8.683333333333334,248500.0,9.129364967346191,0.0
8.7,248500.0,9.134706497192383,0.0
8.716666666666667,248500.0,9.140044212341309,0.0
8.733333333333333,248500.0,9.145386695861816,0.0
8.75,248500.0,9.150705337524414,0.0
8.766666666666667,248500.0,9.155976295471191,0.0
8.783333333333333,248500.0,9.161170959472656,0.0
8.8,248500.0,9.166328430175781,0.0
8.816666666666666,248500.0,9.171297073364258,0.0
8.833333333333334,248500.0,9.1762056350708,0.0
8.85,248500.0,9.181117057800293,0.0
8.866666666666667,248500.0,9.186004638671875,0.0
8.883333333333333,248500.0,9.190874099731445,0.0
8.9,248500.0,9.195757865905762,0.0
8.916666666666666,248500.0,9.200618743896484,0.0
8.933333333333334,248500.0,9.205453872680664,0.0
8.95,248500.0,9.210052490234375,0.0
8.966666666666667,248500.0,9.214618682861328,0.0
8.983333333333333,248500.0,9.219135284423828,0.0
9.0,248500.0,9.223621368408203,0.0
9.016666666666667,248500.0,9.227992057800293,0.0
9.033333333333333,248500.0,9.2323579788208,0.0
9.05,248500.0,9.236719131469727,0.0
9.066666666666666,248500.0,9.241072654724121,0.0
9.083333333333334,248500.0,9.245424270629883,0.0
9.1,248500.0,9.249775886535645,0.0
9.116666666666667,248500.0,9.254083633422852,0.0
9.133333333333333,248500.0,9.258333206176758,0.0
9.15,248500.0,9.26253890991211,0.0
9.166666666666666,248500.0,9.266729354858398,0.0
9.183333333333334,248500.0,9.270788192749023,0.0
9.2,248500.0,9.274820327758789,0.0
9.216666666666667,248500.0,9.278849601745605,0.0
9.233333333333333,248500.0,9.282878875732422,0.0
9.25,248500.0,9.286882400512695,0.0
9.266666666666667,248500.0,9.290849685668945,0.0
9.283333333333333,248500.0,9.294776916503906,0.0
9.3,248500.0,9.298646926879883,0.0
9.316666666666666,248500.0,9.302449226379395,0.0
9.333333333333334,248500.0,9.306160926818848,0.0
9.35,248500.0,9.309823036193848,0.0
9.366666666666667,248500.0,9.31342887878418,0.0
9.383333333333333,248500.0,9.317008972167969,0.0
9.4,248500.0,9.320573806762695,0.0
9.416666666666666,248500.0,9.324119567871094,0.0
9.433333333333334,248500.0,9.327659606933594,0.0
9.45,248500.0,9.331101417541504,0.0
9.466666666666667,248500.0,9.334526062011719,0.0
9.483333333333333,248500.0,9.337939262390137,0.0
9.5,248500.0,9.341324806213379,0.0
9.516666666666667,248500.0,9.344671249389648,0.0
9.533333333333333,248500.0,9.347951889038086,0.0
9.55,248500.0,9.351210594177246,0.0
9.566666666666666,248500.0,9.35446834564209,0.0
9.583333333333334,248500.0,9.357726097106934,0.0
9.6,248500.0,9.360950469970703,0.0
9.616666666666667,248500.0,9.364166259765625,0.0
9.633333333333333,248500.0,9.367273330688477,0.0
9.65,248500.0,9.370349884033203,0.0
9.666666666666666,248500.0,9.373417854309082,0.0
9.683333333333334,248500.0,9.37647533416748,0.0
9.7,248500.0,9.37951374053955,0.0
9.716666666666667,248500.0,9.382527351379395,0.0
9.733333333333333,248500.0,9.385480880737305,0.0
9.75,248500.0,9.388381958007812,0.0
9.766666666666667,248500.0,9.391213417053223,0.0
9.783333333333333,248500.0,9.393954277038574,0.0
9.8,248500.0,9.396657943725586,0.0
9.816666666666666,248500.0,9.399331092834473,0.0
9.833333333333334,248500.0,9.401996612548828,0.0
9.85,248500.0,9.404672622680664,0.0
9.866666666666667,248500.0,9.407340049743652,0.0
9.883333333333333,248500.0,9.410008430480957,0.0
9.9,248500.0,9.41267204284668,0.0
9.916666666666666,248500.0,9.415327072143555,0.0
9.933333333333334,248500.0,9.417978286743164,0.0
9.95,248500.0,9.420604705810547,0.0
9.966666666666667,248500.0,9.423196792602539,0.0
9.983333333333333,248500.0,9.425775527954102,0.0
10.0,248500.0,9.428264617919922,0.0
10.016666666666667,248500.0,9.430682182312012,0.0
0.0,349250.0,9.992568016052246,0.0
0.016666666666666666,349250.0,8.715620040893555,0.0
0.03333333333333333,349250.0,7.43264102935791,0.0
0.05,349250.0,6.158796787261963,0.0
0.06666666666666667,349250.0,4.924928665161133,0.0
0.08333333333333333,349250.0,3.7119178771972656,0.0
0.1,349250.0,2.521526336669922,0.0
0.11666666666666667,349250.0,1.4557963609695435,0.0
0.13333333333333333,349250.0,0.5623428821563721,40.047393364928915
0.15,349250.0,0.07482492923736572,47.39336492890995
0.16666666666666666,349250.0,0.0,47.867298578199055
0.18333333333333332,349250.0,0.0,47.39336492890995
0.2,349250.0,0.0,45.97156398104265
0.21666666666666667,349250.0,0.0,45.7345971563981
0.23333333333333334,349250.0,0.0,47.6303317535545
0.25,349250.0,0.0,47.1563981042654
0.26666666666666666,349250.0,0.0,48.81516587677725
0.2833333333333333,349250.0,0.0,48.81516587677725
0.3,349250.0,0.0,51.18483412322274
0.31666666666666665,349250.0,0.0,51.8957345971564
0.3333333333333333,349250.0,0.0,52.843601895734594
0.35,349250.0,0.0,54.502369668246445
0.36666666666666664,349250.0,0.0,56.39810426540285
0.38333333333333336,349250.0,0.0,57.10900473933649
0.4,349250.0,0.0,59.47867298578199
0.4166666666666667,349250.0,0.0,59.95260663507109
0.43333333333333335,349250.0,0.0,62.55924170616114
0.45,349250.0,0.0,63.507109004739334
0.4666666666666667,349250.0,0.0,64.69194312796208
0.48333333333333334,349250.0,0.0,68.48341232227489
0.5,349250.0,0.0,68.00947867298578
0.5166666666666667,349250.0,0.0,70.37914691943128
0.5333333333333333,349250.0,0.0,72.98578199052133
0.55,349250.0,0.0,74.88151658767772
0.5666666666666667,349250.0,0.0,76.54028436018957
0.5833333333333334,349250.0,0.0,77.72511848341233
0.6,349250.0,0.0,80.80568720379146
0.6166666666666667,349250.0,0.0,81.75355450236967
0.6333333333333333,349250.0,0.0,83.41232227488152
0.65,349250.0,0.0,85.54502369668246
0.6666666666666666,349250.0,0.0,87.91469194312796
0.6833333333333333,349250.0,0.0,89.57345971563981
0.7,349250.0,0.0,91.70616113744076
0.7166666666666667,349250.0,0.0,94.3127962085308
0.7333333333333333,349250.0,0.0,95.49763033175356
0.75,349250.0,0.0,97.1563981042654
0.7666666666666667,349250.0,0.0,99.0521327014218
0.7833333333333333,349250.0,0.0,99.76303317535546
0.8,349250.0,0.0,100.0
0.8166666666666667,349250.0,0.0,100.0
0.8333333333333334,349250.0,0.0,100.0
0.85,349250.0,0.0,100.0
0.8666666666666667,349250.0,0.0,100.0
0.8833333333333333,349250.0,0.0,99.0521327014218
0.9,349250.0,0.0,99.0521327014218
0.9166666666666666,349250.0,0.0,98.5781990521327
0.9333333333333333,349250.0,0.0,98.5781990521327
0.95,349250.0,0.0,98.5781990521327
0.9666666666666667,349250.0,0.0,98.5781990521327
0.9833333333333333,349250.0,0.0,98.10426540284361
1.0,349250.0,0.0,98.10426540284361
1.0166666666666666,349250.0,0.0,97.1563981042654
1.0333333333333334,349250.0,0.0,97.1563981042654
1.05,349250.0,0.0,97.1563981042654
1.0666666666666667,349250.0,0.0,96.6824644549763
1.0833333333333333,349250.0,0.0,96.6824644549763
1.1,349250.0,0.0,96.6824644549763
1.1166666666666667,349250.0,0.0,96.6824644549763
1.1333333333333333,349250.0,0.0,96.6824644549763
1.15,349250.0,0.0,95.73459715639811
1.1666666666666667,349250.0,0.0,95.260663507109
1.1833333333333333,349250.0,0.0,95.260663507109
1.2,349250.0,0.0,95.260663507109
1.2166666666666666,349250.0,0.0,94.7867298578199
1.2333333333333334,349250.0,0.0,94.3127962085308
1.25,349250.0,0.0,94.3127962085308
1.2666666666666666,349250.0,0.0,94.3127962085308
1.2833333333333334,349250.0,0.0,94.3127962085308
1.3,349250.0,0.0,94.3127962085308
1.3166666666666667,349250.0,0.0,94.3127962085308
1.3333333333333333,349250.0,0.0,93.8388625592417
1.35,349250.0,0.0,93.36492890995261
1.3666666666666667,349250.0,0.0,92.89099526066352
1.3833333333333333,349250.0,0.0,92.89099526066352
1.4,349250.0,0.0,92.41706161137441
1.4166666666666667,349250.0,0.0,92.41706161137441
1.4333333333333333,349250.0,0.0,90.99526066350711
1.45,349250.0,0.0,90.99526066350711
1.4666666666666666,349250.0,0.0,90.99526066350711
1.4833333333333334,349250.0,0.0,90.52132701421802
1.5,349250.0,0.0,90.04739336492891
1.5166666666666666,349250.0,0.0,89.57345971563981
1.5333333333333334,349250.0,0.0,89.57345971563981
1.55,349250.0,0.0,88.15165876777252
1.5666666666666667,349250.0,0.0,88.15165876777252
1.5833333333333333,349250.0,0.0,87.20379146919431
1.6,349250.0,0.0,87.20379146919431
1.6166666666666667,349250.0,0.0,86.25592417061611
1.6333333333333333,349250.0,0.0,85.78199052132702
1.65,349250.0,0.0,85.54502369668246
1.6666666666666667,349250.0,0.0,84.12322274881517
1.6833333333333333,349250.0,0.0,83.64928909952607
1.7,349250.0,0.0,83.64928909952607
1.7166666666666666,349250.0,0.0,83.17535545023696
1.7333333333333334,349250.0,0.0,82.22748815165876
1.75,349250.0,0.0,81.75355450236967
1.7666666666666666,349250.0,0.0,81.27962085308057
1.7833333333333334,349250.0,0.0,80.33175355450237
1.8,349250.0,0.0,80.09478672985783
1.8166666666666667,349250.0,0.0,78.67298578199052
1.8333333333333333,349250.0,0.0,78.19905213270142
1.85,349250.0,0.0,77.25118483412322
1.8666666666666667,349250.0,0.0,76.30331753554502
1.8833333333333333,349250.0,0.0,75.35545023696683
1.9,349250.0,0.0,74.88151658767772
1.9166666666666667,349250.0,0.0,73.93364928909952
1.9333333333333333,349250.0,0.0,72.74881516587678
1.95,349250.0,0.0,72.74881516587678
1.9666666666666666,349250.0,0.0,71.80094786729858
1.9833333333333334,349250.0,0.0,71.32701421800948
2.0,349250.0,0.0,70.85308056872039
2.0166666666666666,349250.0,0.0,70.85308056872039
2.033333333333333,349250.0,4.8048818825918715e-06,69.43127962085308
2.05,349250.0,5.085298471385613e-05,68.72037914691943
2.066666666666667,349250.0,7.037222530925646e-05,67.77251184834124
2.0833333333333335,349250.0,8.969067130237818e-05,66.82464454976304
2.1,349250.0,0.00012374967627692968,65.87677725118483
2.1166666666666667,349250.0,0.00017647800268605351,64.92890995260665
2.1333333333333333,349250.0,0.00025351103977300227,64.45497630331754
2.15,349250.0,0.00036207609809935093,62.796208530805686
2.1666666666666665,349250.0,0.0005111224018037319,61.84834123222749
2.183333333333333,349250.0,0.0007115359185263515,61.37440758293838
2.2,349250.0,0.0009763853158801794,61.37440758293838
2.216666666666667,349250.0,0.0013211669865995646,59.95260663507109
2.2333333333333334,349250.0,0.0017640870064496994,59.95260663507109
2.25,349250.0,0.0023263408802449703,58.29383886255924
2.2666666666666666,349250.0,0.0030323206447064877,56.39810426540285
2.283333333333333,349250.0,0.003671679412946105,56.39810426540285
2.3,349250.0,0.004138178192079067,55.92417061611374
2.316666666666667,349250.0,0.00472244992852211,54.976303317535546
2.3333333333333335,349250.0,0.005448002368211746,54.02843601895735
2.35,349250.0,0.006341568194329739,53.317535545023695
2.3666666666666667,349250.0,0.0074332416988909245,53.317535545023695
2.3833333333333333,349250.0,0.008756637573242188,51.8957345971564
2.4,349250.0,0.010348896495997906,50.947867298578196
2.4166666666666665,349250.0,0.012250876054167747,49.5260663507109
2.433333333333333,349250.0,0.01450690720230341,48.5781990521327
2.45,349250.0,0.017164796590805054,47.39336492890995
2.466666666666667,349250.0,0.02027549035847187,46.91943127962085
2.4833333333333334,349250.0,0.02389300987124443,45.97156398104265
2.5,349250.0,0.028073865920305252,45.023696682464454
2.5166666666666666,349250.0,0.03287679702043533,44.54976303317535
2.533333333333333,349250.0,0.03836190328001976,42.41706161137441
2.55,349250.0,0.04459037259221077,41.943127962085306
2.566666666666667,349250.0,0.05162353813648224,40.52132701421801
2.5833333333333335,349250.0,0.05952198803424835,40.047393364928915
2.6,349250.0,0.06834492087364197,38.62559241706161
2.6166666666666667,349250.0,0.07814903557300568,38.15165876777251
2.6333333333333333,349250.0,0.08702834695577621,37.44075829383886
2.65,349250.0,0.09511015564203262,36.492890995260666
2.6666666666666665,349250.0,0.10410666465759277,34.12322274881517
2.683333333333333,349250.0,0.11407534778118134,33.649289099526065
2.7,349250.0,0.12507086992263794,32.22748815165877
2.716666666666667,349250.0,0.13714376091957092,31.516587677725116
2.7333333333333334,349250.0,0.15033957362174988,30.568720379146917
2.75,349250.0,0.16469913721084595,29.14691943127962
2.7666666666666666,349250.0,0.18025723099708557,28.199052132701425
2.783333333333333,349250.0,0.197041317820549,26.303317535545023
2.8,349250.0,0.21507146954536438,24.644549763033176
2.816666666666667,349250.0,0.23436132073402405,23.696682464454977
2.8333333333333335,349250.0,0.2549164891242981,23.696682464454977
2.85,349250.0,0.2767350673675537,22.748815165876778
2.8666666666666667,349250.0,0.2998073995113373,20.85308056872038
2.8833333333333333,349250.0,0.324118047952652,18.72037914691943
2.9,349250.0,0.3496440351009369,17.77251184834123
2.9166666666666665,349250.0,0.376356840133667,17.298578199052134
2.933333333333333,349250.0,0.40422308444976807,15.402843601895736
2.95,349250.0,0.43320372700691223,14.691943127962084
2.966666666666667,349250.0,0.4632565379142761,13.744075829383887
2.9833333333333334,349250.0,0.49433499574661255,11.848341232227488
3.0,349250.0,0.5263921022415161,10.42654028436019
3.0166666666666666,349250.0,0.5593778491020203,9.004739336492891
3.033333333333333,349250.0,0.5932403802871704,8.293838862559241
3.05,349250.0,0.6279265880584717,8.293838862559241
3.066666666666667,349250.0,0.6633862257003784,6.872037914691943
3.0833333333333335,349250.0,0.6995662450790405,4.976303317535545
3.1,349250.0,0.7364146709442139,3.7914691943127963
3.1166666666666667,349250.0,0.7738824486732483,3.7914691943127963
3.1333333333333333,349250.0,0.8119195699691772,3.7914691943127963
3.15,349250.0,0.850479006767273,1.4218009478672986
3.1666666666666665,349250.0,0.8895161151885986,0.23696682464454977
3.183333333333333,349250.0,0.9289860129356384,0.23696682464454977
3.2,349250.0,0.9688476324081421,0.23696682464454977
3.216666666666667,349250.0,1.0090636014938354,0.0
3.2333333333333334,349250.0,1.0495976209640503,0.0
3.25,349250.0,1.0904159545898438,0.0
3.2666666666666666,349250.0,1.1314865350723267,0.0
3.283333333333333,349250.0,1.1727827787399292,0.0
3.3,349250.0,1.21427583694458,0.0
3.316666666666667,349250.0,1.2559411525726318,0.0
3.3333333333333335,349250.0,1.2977601289749146,0.0
3.35,349250.0,1.3397102355957031,0.0
3.3666666666666667,349250.0,1.3817722797393799,0.0
3.3833333333333333,349250.0,1.4239305257797241,0.0
3.4,349250.0,1.466176986694336,0.0
3.4166666666666665,349250.0,1.5084941387176514,0.0
3.433333333333333,349250.0,1.5508744716644287,0.0
3.45,349250.0,1.5933045148849487,0.0
3.466666666666667,349250.0,1.6357793807983398,0.0
3.4833333333333334,349250.0,1.6782926321029663,0.0
3.5,349250.0,1.7208342552185059,0.0
3.5166666666666666,349250.0,1.7633943557739258,0.0
3.533333333333333,349250.0,1.8059930801391602,0.0
3.55,349250.0,1.848611831665039,0.0
3.566666666666667,349250.0,1.8912478685379028,0.0
3.5833333333333335,349250.0,1.933906078338623,0.0
3.6,349250.0,1.9765799045562744,0.0
3.6166666666666667,349250.0,2.0192770957946777,0.0
3.6333333333333333,349250.0,2.0619874000549316,0.0
3.65,349250.0,2.1046977043151855,0.0
3.6666666666666665,349250.0,2.1474380493164062,0.0
3.683333333333333,349250.0,2.190187454223633,0.0
3.7,349250.0,2.2329440116882324,0.0
3.716666666666667,349250.0,2.275712490081787,0.0
3.7333333333333334,349250.0,2.3184971809387207,0.0
3.75,349250.0,2.3612866401672363,0.0
3.7666666666666666,349250.0,2.404082775115967,0.0
3.783333333333333,349250.0,2.4468889236450195,0.0
3.8,349250.0,2.4897096157073975,0.0
3.816666666666667,349250.0,2.532524347305298,0.0
3.8333333333333335,349250.0,2.575340986251831,0.0
3.85,349250.0,2.618143081665039,0.0
3.8666666666666667,349250.0,2.6609339714050293,0.0
3.8833333333333333,349250.0,2.7037267684936523,0.0
3.9,349250.0,2.7465174198150635,0.0
3.9166666666666665,349250.0,2.7892704010009766,0.0
3.933333333333333,349250.0,2.832005023956299,0.0
3.95,349250.0,2.874708414077759,0.0
3.966666666666667,349250.0,2.9173805713653564,0.0
3.9833333333333334,349250.0,2.9600136280059814,0.0
4.0,349250.0,3.002584218978882,0.0
4.016666666666667,349250.0,3.0451362133026123,0.0
4.033333333333333,349250.0,3.087637424468994,0.0
4.05,349250.0,3.130072593688965,0.0
4.066666666666666,349250.0,3.1724331378936768,0.0
4.083333333333333,349250.0,3.2147207260131836,0.0
4.1,349250.0,3.256929874420166,0.0
4.116666666666666,349250.0,3.2990455627441406,0.0
4.133333333333334,349250.0,3.341094970703125,0.0
4.15,349250.0,3.3830361366271973,0.0
4.166666666666667,349250.0,3.424879550933838,0.0
4.183333333333334,349250.0,3.4666240215301514,0.0
4.2,349250.0,3.5082507133483887,0.0
4.216666666666667,349250.0,3.549781084060669,0.0
4.233333333333333,349250.0,3.5911881923675537,0.0
4.25,349250.0,3.6324830055236816,0.0
4.266666666666667,349250.0,3.673640012741089,0.0
4.283333333333333,349250.0,3.714688539505005,0.0
4.3,349250.0,3.7555997371673584,0.0
4.316666666666666,349250.0,3.796382427215576,0.0
4.333333333333333,349250.0,3.83701753616333,0.0
4.35,349250.0,3.8775317668914795,0.0
4.366666666666666,349250.0,3.917910099029541,0.0
4.383333333333334,349250.0,3.9581258296966553,0.0
4.4,349250.0,3.998220682144165,0.0
4.416666666666667,349250.0,4.038153648376465,0.0
4.433333333333334,349250.0,4.077936172485352,0.0
4.45,349250.0,4.11758279800415,0.0
4.466666666666667,349250.0,4.157076835632324,0.0
4.483333333333333,349250.0,4.19639778137207,0.0
4.5,349250.0,4.2355637550354,0.0
4.516666666666667,349250.0,4.274588584899902,0.0
4.533333333333333,349250.0,4.3134565353393555,0.0
4.55,349250.0,4.352137565612793,0.0
4.566666666666666,349250.0,4.39066219329834,0.0
4.583333333333333,349250.0,4.429035186767578,0.0
4.6,349250.0,4.467238903045654,0.0
4.616666666666666,349250.0,4.5052571296691895,0.0
4.633333333333334,349250.0,4.543126583099365,0.0
4.65,349250.0,4.580827236175537,0.0
4.666666666666667,349250.0,4.618353843688965,0.0
4.683333333333334,349250.0,4.655706405639648,0.0
4.7,349250.0,4.692880630493164,0.0
4.716666666666667,349250.0,4.729885101318359,0.0
4.733333333333333,349250.0,4.766711711883545,0.0
4.75,349250.0,4.803375244140625,0.0
4.766666666666667,349250.0,4.839853286743164,0.0
4.783333333333333,349250.0,4.876142501831055,0.0
4.8,349250.0,4.912259101867676,0.0
4.816666666666666,349250.0,4.948184490203857,0.0
4.833333333333333,349250.0,4.983946323394775,0.0
4.85,349250.0,5.019526481628418,0.0
4.866666666666666,349250.0,5.054910659790039,0.0
4.883333333333334,349250.0,5.0901288986206055,0.0
4.9,349250.0,5.1251630783081055,0.0
4.916666666666667,349250.0,5.160016059875488,0.0
4.933333333333334,349250.0,5.1946892738342285,0.0
4.95,349250.0,5.229170799255371,0.0
4.966666666666667,349250.0,5.26346492767334,0.0
4.983333333333333,349250.0,5.297554969787598,0.0
5.0,349250.0,5.331471920013428,0.0
5.016666666666667,349250.0,5.365207195281982,0.0
5.033333333333333,349250.0,5.398728370666504,0.0
5.05,349250.0,5.432075500488281,0.0
5.066666666666666,349250.0,5.465242385864258,0.0
5.083333333333333,349250.0,5.498213291168213,0.0
5.1,349250.0,5.531013488769531,0.0
5.116666666666666,349250.0,5.563608169555664,0.0
5.133333333333334,349250.0,5.596002578735352,0.0
5.15,349250.0,5.62819766998291,0.0
5.166666666666667,349250.0,5.660207271575928,0.0
5.183333333333334,349250.0,5.692024230957031,0.0
5.2,349250.0,5.723638534545898,0.0
5.216666666666667,349250.0,5.755067348480225,0.0
5.233333333333333,349250.0,5.786304473876953,0.0
5.25,349250.0,5.8173322677612305,0.0
5.266666666666667,349250.0,5.848194122314453,0.0
5.283333333333333,349250.0,5.878838062286377,0.0
5.3,349250.0,5.909300804138184,0.0
5.316666666666666,349250.0,5.939571857452393,0.0
5.333333333333333,349250.0,5.9696269035339355,0.0
5.35,349250.0,5.999518871307373,0.0
5.366666666666666,349250.0,6.029223918914795,0.0
5.383333333333334,349250.0,6.0586771965026855,0.0
5.4,349250.0,6.087961673736572,0.0
5.416666666666667,349250.0,6.117028713226318,0.0
5.433333333333334,349250.0,6.145943641662598,0.0
5.45,349250.0,6.174664497375488,0.0
5.466666666666667,349250.0,6.203178405761719,0.0
5.483333333333333,349250.0,6.2314958572387695,0.0
5.5,349250.0,6.259614944458008,0.0
5.516666666666667,349250.0,6.287542819976807,0.0
5.533333333333333,349250.0,6.315312385559082,0.0
5.55,349250.0,6.342860221862793,0.0
5.566666666666666,349250.0,6.370223045349121,0.0
5.583333333333333,349250.0,6.397380352020264,0.0
5.6,349250.0,6.424384117126465,0.0
5.616666666666666,349250.0,6.451199531555176,0.0
5.633333333333334,349250.0,6.477812767028809,0.0
5.65,349250.0,6.504247665405273,0.0
5.666666666666667,349250.0,6.530492782592773,0.0
5.683333333333334,349250.0,6.55655574798584,0.0
5.7,349250.0,6.582425117492676,0.0
5.716666666666667,349250.0,6.608132362365723,0.0
5.733333333333333,349250.0,6.633638381958008,0.0
5.75,349250.0,6.658969402313232,0.0
5.766666666666667,349250.0,6.684109687805176,0.0
5.783333333333333,349250.0,6.709085464477539,0.0
5.8,349250.0,6.733869552612305,0.0
5.816666666666666,349250.0,6.7584638595581055,0.0
5.833333333333333,349250.0,6.782893657684326,0.0
5.85,349250.0,6.807117462158203,0.0
5.866666666666666,349250.0,6.831211090087891,0.0
5.883333333333334,349250.0,6.855107307434082,0.0
5.9,349250.0,6.878828048706055,0.0
5.916666666666667,349250.0,6.902354717254639,0.0
5.933333333333334,349250.0,6.925711631774902,0.0
5.95,349250.0,6.948907852172852,0.0
5.966666666666667,349250.0,6.971919059753418,0.0
5.983333333333333,349250.0,6.994739055633545,0.0
6.0,349250.0,7.017392158508301,0.0
6.016666666666667,349250.0,7.039891242980957,0.0
6.033333333333333,349250.0,7.06219482421875,0.0
6.05,349250.0,7.084354877471924,0.0
6.066666666666666,349250.0,7.106320381164551,0.0
6.083333333333333,349250.0,7.128114700317383,0.0
6.1,349250.0,7.149742126464844,0.0
6.116666666666666,349250.0,7.171224117279053,0.0
6.133333333333334,349250.0,7.192498683929443,0.0
6.15,349250.0,7.213665962219238,0.0
6.166666666666667,349250.0,7.2346391677856445,0.0
6.183333333333334,349250.0,7.255446434020996,0.0
6.2,349250.0,7.276063442230225,0.0
6.216666666666667,349250.0,7.296550273895264,0.0
6.233333333333333,349250.0,7.316867828369141,0.0
6.25,349250.0,7.337008476257324,0.0
6.266666666666667,349250.0,7.357004642486572,0.0
6.283333333333333,349250.0,7.376829147338867,0.0
6.3,349250.0,7.396506309509277,0.0
6.316666666666666,349250.0,7.416040420532227,0.0
6.333333333333333,349250.0,7.435391426086426,0.0
6.35,349250.0,7.454577922821045,0.0
6.366666666666666,349250.0,7.473604679107666,0.0
6.383333333333334,349250.0,7.492486000061035,0.0
6.4,349250.0,7.511216163635254,0.0
6.416666666666667,349250.0,7.529804229736328,0.0
6.433333333333334,349250.0,7.548213005065918,0.0
6.45,349250.0,7.566499710083008,0.0
6.466666666666667,349250.0,7.584626197814941,0.0
6.483333333333333,349250.0,7.602583408355713,0.0
6.5,349250.0,7.620416641235352,0.0
6.516666666666667,349250.0,7.638080596923828,0.0
6.533333333333333,349250.0,7.655581474304199,0.0
6.55,349250.0,7.672966957092285,0.0
6.566666666666666,349250.0,7.690188884735107,0.0
6.583333333333333,349250.0,7.707278728485107,0.0
6.6,349250.0,7.7242231369018555,0.0
6.616666666666666,349250.0,7.741023540496826,0.0
6.633333333333334,349250.0,7.757669448852539,0.0
6.65,349250.0,7.774160385131836,0.0
6.666666666666667,349250.0,7.790555000305176,0.0
6.683333333333334,349250.0,7.806784152984619,0.0
6.7,349250.0,7.822892665863037,0.0
6.716666666666667,349250.0,7.838864326477051,0.0
6.733333333333333,349250.0,7.854708671569824,0.0
6.75,349250.0,7.870427131652832,0.0
6.766666666666667,349250.0,7.885989189147949,0.0
6.783333333333333,349250.0,7.901461124420166,0.0
6.8,349250.0,7.916786193847656,0.0
6.816666666666666,349250.0,7.931980609893799,0.0
6.833333333333333,349250.0,7.947021961212158,0.0
6.85,349250.0,7.961949825286865,0.0
6.866666666666666,349250.0,7.976747512817383,0.0
6.883333333333334,349250.0,7.991430282592773,0.0
6.9,349250.0,8.005973815917969,0.0
6.916666666666667,349250.0,8.02039909362793,0.0
6.933333333333334,349250.0,8.03469467163086,0.0
6.95,349250.0,8.048877716064453,0.0
6.966666666666667,349250.0,8.062902450561523,0.0
6.983333333333333,349250.0,8.076776504516602,0.0
7.0,349250.0,8.090630531311035,0.0
7.016666666666667,349250.0,8.104300498962402,0.0
7.033333333333333,349250.0,8.117846488952637,0.0
7.05,349250.0,8.131346702575684,0.0
7.066666666666666,349250.0,8.144638061523438,0.0
7.083333333333333,349250.0,8.157854080200195,0.0
7.1,349250.0,8.17099666595459,0.0
7.116666666666666,349250.0,8.183988571166992,0.0
7.133333333333334,349250.0,8.196882247924805,0.0
7.15,349250.0,8.209657669067383,0.0
7.166666666666667,349250.0,8.222230911254883,0.0
7.183333333333334,349250.0,8.23480224609375,0.0
7.2,349250.0,8.247152328491211,0.0
7.216666666666667,349250.0,8.259401321411133,0.0
7.233333333333333,349250.0,8.271512031555176,0.0
7.25,349250.0,8.283597946166992,0.0
7.266666666666667,349250.0,8.295604705810547,0.0
7.283333333333333,349250.0,8.30752944946289,0.0
7.3,349250.0,8.319296836853027,0.0
7.316666666666666,349250.0,8.331010818481445,0.0
7.333333333333333,349250.0,8.342598915100098,0.0
7.35,349250.0,8.354023933410645,0.0
7.366666666666666,349250.0,8.365367889404297,0.0
7.383333333333334,349250.0,8.376592636108398,0.0
7.4,349250.0,8.387672424316406,0.0
7.416666666666667,349250.0,8.39864730834961,0.0
7.433333333333334,349250.0,8.40960693359375,0.0
7.45,349250.0,8.420461654663086,0.0
7.466666666666667,349250.0,8.431159973144531,0.0
7.483333333333333,349250.0,8.441797256469727,0.0
7.5,349250.0,8.452338218688965,0.0
7.516666666666667,349250.0,8.462754249572754,0.0
7.533333333333333,349250.0,8.47311019897461,0.0
7.55,349250.0,8.48342514038086,0.0
7.566666666666666,349250.0,8.49359130859375,0.0
7.583333333333333,349250.0,8.503620147705078,0.0
7.6,349250.0,8.513608932495117,0.0
7.616666666666666,349250.0,8.523465156555176,0.0
7.633333333333334,349250.0,8.533255577087402,0.0
7.65,349250.0,8.542924880981445,0.0
7.666666666666667,349250.0,8.552525520324707,0.0
7.683333333333334,349250.0,8.562032699584961,0.0
7.7,349250.0,8.571440696716309,0.0
7.716666666666667,349250.0,8.580814361572266,0.0
7.733333333333333,349250.0,8.590121269226074,0.0
7.75,349250.0,8.599308967590332,0.0
7.766666666666667,349250.0,8.60843276977539,0.0
7.783333333333333,349250.0,8.617464065551758,0.0
7.8,349250.0,8.626449584960938,0.0
7.816666666666666,349250.0,8.63526439666748,0.0
7.833333333333333,349250.0,8.644033432006836,0.0
7.85,349250.0,8.65273666381836,0.0
7.866666666666666,349250.0,8.661408424377441,0.0
7.883333333333334,349250.0,8.669918060302734,0.0
7.9,349250.0,8.678323745727539,0.0
7.916666666666667,349250.0,8.686704635620117,0.0
7.933333333333334,349250.0,8.695047378540039,0.0
7.95,349250.0,8.703283309936523,0.0
7.966666666666667,349250.0,8.711419105529785,0.0
7.983333333333333,349250.0,8.719501495361328,0.0
8.0,349250.0,8.727560043334961,0.0
8.016666666666667,349250.0,8.735467910766602,0.0
8.033333333333333,349250.0,8.743287086486816,0.0
8.05,349250.0,8.751068115234375,0.0
8.066666666666666,349250.0,8.758797645568848,0.0
8.083333333333334,349250.0,8.766411781311035,0.0
8.1,349250.0,8.773948669433594,0.0
8.116666666666667,349250.0,8.781436920166016,0.0
8.133333333333333,349250.0,8.788856506347656,0.0
8.15,349250.0,8.79623031616211,0.0
8.166666666666666,349250.0,8.803495407104492,0.0
8.183333333333334,349250.0,8.810748100280762,0.0
8.2,349250.0,8.817893981933594,0.0
8.216666666666667,349250.0,8.82498550415039,0.0
8.233333333333333,349250.0,8.83199691772461,0.0
8.25,349250.0,8.838921546936035,0.0
8.266666666666667,349250.0,8.84579086303711,0.0
8.283333333333333,349250.0,8.852561950683594,0.0
8.3,349250.0,8.859265327453613,0.0
8.316666666666666,349250.0,8.865889549255371,0.0
8.333333333333334,349250.0,8.872511863708496,0.0
8.35,349250.0,8.87912654876709,0.0
8.366666666666667,349250.0,8.885631561279297,0.0
8.383333333333333,349250.0,8.892097473144531,0.0
8.4,349250.0,8.898509979248047,0.0
8.416666666666666,349250.0,8.904794692993164,0.0
8.433333333333334,349250.0,8.910999298095703,0.0
8.45,349250.0,8.9171724319458,0.0
8.466666666666667,349250.0,8.923324584960938,0.0
8.483333333333333,349250.0,8.929443359375,0.0
8.5,349250.0,8.935403823852539,0.0
8.516666666666667,349250.0,8.94133472442627,0.0
8.533333333333333,349250.0,8.947195053100586,0.0
8.55,349250.0,8.953031539916992,0.0
8.566666666666666,349250.0,8.95883846282959,0.0
8.583333333333334,349250.0,8.964639663696289,0.0
8.6,349250.0,8.970329284667969,0.0
8.616666666666667,349250.0,8.975970268249512,0.0
8.633333333333333,349250.0,8.981582641601562,0.0
8.65,349250.0,8.987127304077148,0.0
8.666666666666666,349250.0,8.992607116699219,0.0
8.683333333333334,349250.0,8.998037338256836,0.0
8.7,349250.0,9.003374099731445,0.0
8.716666666666667,349250.0,9.008694648742676,0.0
8.733333333333333,349250.0,9.013998031616211,0.0
8.75,349250.0,9.019201278686523,0.0
8.766666666666667,349250.0,9.024398803710938,0.0
8.783333333333333,349250.0,9.029573440551758,0.0
8.8,349250.0,9.034730911254883,0.0
8.816666666666666,349250.0,9.039741516113281,0.0
8.833333333333334,349250.0,9.044659614562988,0.0
8.85,349250.0,9.049530029296875,0.0
8.866666666666667,349250.0,9.054390907287598,0.0
8.883333333333333,349250.0,9.059226989746094,0.0
8.9,349250.0,9.064062118530273,0.0
8.916666666666666,349250.0,9.068819999694824,0.0
8.933333333333334,349250.0,9.073507308959961,0.0
8.95,349250.0,9.078152656555176,0.0
8.966666666666667,349250.0,9.08272647857666,0.0
8.983333333333333,349250.0,9.087292671203613,0.0
9.0,349250.0,9.091838836669922,0.0
9.016666666666667,349250.0,9.096353530883789,0.0
9.033333333333333,349250.0,9.100767135620117,0.0
9.05,349250.0,9.105118751525879,0.0
9.066666666666666,349250.0,9.109455108642578,0.0
9.083333333333334,349250.0,9.113713264465332,0.0
9.1,349250.0,9.117944717407227,0.0
9.116666666666667,349250.0,9.122135162353516,0.0
9.133333333333333,349250.0,9.126277923583984,0.0
9.15,349250.0,9.130331039428711,0.0
9.166666666666666,349250.0,9.134361267089844,0.0
9.183333333333334,349250.0,9.13833236694336,0.0
9.2,349250.0,9.142306327819824,0.0
9.216666666666667,349250.0,9.146265983581543,0.0
9.233333333333333,349250.0,9.150214195251465,0.0
9.25,349250.0,9.154160499572754,0.0
9.266666666666667,349250.0,9.158064842224121,0.0
9.283333333333333,349250.0,9.161944389343262,0.0
9.3,349250.0,9.165812492370605,0.0
9.316666666666666,349250.0,9.169631958007812,0.0
9.333333333333334,349250.0,9.173284530639648,0.0
9.35,349250.0,9.176891326904297,0.0
9.366666666666667,349250.0,9.18049430847168,0.0
9.383333333333333,349250.0,9.184072494506836,0.0
9.4,349250.0,9.187643051147461,0.0
9.416666666666666,349250.0,9.191204071044922,0.0
9.433333333333334,349250.0,9.19474983215332,0.0
9.45,349250.0,9.198234558105469,0.0
9.466666666666667,349250.0,9.201624870300293,0.0
9.483333333333333,349250.0,9.204957962036133,0.0
9.5,349250.0,9.208248138427734,0.0
9.516666666666667,349250.0,9.21151065826416,0.0
9.533333333333333,349250.0,9.214767456054688,0.0
9.55,349250.0,9.218006134033203,0.0
9.566666666666666,349250.0,9.221229553222656,0.0
9.583333333333334,349250.0,9.22445297241211,0.0
9.6,349250.0,9.227624893188477,0.0
9.616666666666667,349250.0,9.2306547164917,0.0
9.633333333333333,349250.0,9.233665466308594,0.0
9.65,349250.0,9.236638069152832,0.0
9.666666666666666,349250.0,9.239588737487793,0.0
9.683333333333334,349250.0,9.24251937866211,0.0
9.7,349250.0,9.245441436767578,0.0
9.716666666666667,349250.0,9.248363494873047,0.0
9.733333333333333,349250.0,9.251277923583984,0.0
9.75,349250.0,9.254182815551758,0.0
9.766666666666667,349250.0,9.257083892822266,0.0
9.783333333333333,349250.0,9.259984970092773,0.0
9.8,349250.0,9.262755393981934,0.0
9.816666666666666,349250.0,9.265507698059082,0.0
9.833333333333334,349250.0,9.268180847167969,0.0
9.85,349250.0,9.270827293395996,0.0
9.866666666666667,349250.0,9.27346420288086,0.0
9.883333333333333,349250.0,9.276081085205078,0.0
9.9,349250.0,9.278688430786133,0.0
9.916666666666666,349250.0,9.281280517578125,0.0
9.933333333333334,349250.0,9.28386116027832,0.0
9.95,349250.0,9.286439895629883,0.0
9.966666666666667,349250.0,9.288981437683105,0.0
9.983333333333333,349250.0,9.29141616821289,0.0
10.0,349250.0,9.293834686279297,0.0
10.016666666666667,349250.0,9.296221733093262,0.0
0.0,450000.0,9.992568016052246,0.0
0.016666666666666666,450000.0,8.715608596801758,0.0
0.03333333333333333,450000.0,7.432591438293457,0.0
0.05,450000.0,6.158675193786621,0.0
0.06666666666666667,450000.0,4.924714088439941,0.0
0.08333333333333333,450000.0,3.711578845977783,0.0
0.1,450000.0,2.5210676193237305,0.0
0.11666666666666667,450000.0,1.4552433490753174,0.0
0.13333333333333333,450000.0,0.5618096590042114,40.047393364928915
0.15,450000.0,0.07463080435991287,47.39336492890995
0.16666666666666666,450000.0,0.0,47.867298578199055
0.18333333333333332,450000.0,0.0,47.39336492890995
0.2,450000.0,0.0,45.97156398104265
0.21666666666666667,450000.0,0.0,45.7345971563981
0.23333333333333334,450000.0,0.0,47.6303317535545
0.25,450000.0,0.0,47.1563981042654
0.26666666666666666,450000.0,0.0,48.81516587677725
0.2833333333333333,450000.0,0.0,48.81516587677725
0.3,450000.0,0.0,51.18483412322274
0.31666666666666665,450000.0,0.0,51.8957345971564
0.3333333333333333,450000.0,0.0,52.843601895734594
0.35,450000.0,0.0,54.502369668246445
0.36666666666666664,450000.0,0.0,56.39810426540285
0.38333333333333336,450000.0,0.0,57.10900473933649
0.4,450000.0,0.0,59.47867298578199
0.4166666666666667,450000.0,0.0,59.95260663507109
0.43333333333333335,450000.0,0.0,62.55924170616114
0.45,450000.0,0.0,63.507109004739334
0.4666666666666667,450000.0,0.0,64.69194312796208
0.48333333333333334,450000.0,0.0,68.48341232227489
0.5,450000.0,0.0,68.00947867298578
0.5166666666666667,450000.0,0.0,70.37914691943128
0.5333333333333333,450000.0,0.0,73.93364928909952
0.55,450000.0,0.0,74.88151658767772
0.5666666666666667,450000.0,0.0,76.54028436018957
0.5833333333333334,450000.0,0.0,77.72511848341233
0.6,450000.0,0.0,80.80568720379146
0.6166666666666667,450000.0,0.0,81.75355450236967
0.6333333333333333,450000.0,0.0,83.41232227488152
0.65,450000.0,0.0,85.54502369668246
0.6666666666666666,450000.0,0.0,87.91469194312796
0.6833333333333333,450000.0,0.0,89.57345971563981
0.7,450000.0,0.0,91.70616113744076
0.7166666666666667,450000.0,0.0,94.3127962085308
0.7333333333333333,450000.0,0.0,95.49763033175356
0.75,450000.0,0.0,97.6303317535545
0.7666666666666667,450000.0,0.0,99.0521327014218
0.7833333333333333,450000.0,0.0,99.76303317535546
0.8,450000.0,0.0,100.0
0.8166666666666667,450000.0,0.0,100.0
0.8333333333333334,450000.0,0.0,100.0
0.85,450000.0,0.0,100.0
0.8666666666666667,450000.0,0.0,100.0
0.8833333333333333,450000.0,0.0,99.0521327014218
0.9,450000.0,0.0,99.0521327014218
0.9166666666666666,450000.0,0.0,98.5781990521327
0.9333333333333333,450000.0,0.0,98.5781990521327
0.95,450000.0,0.0,98.5781990521327
0.9666666666666667,450000.0,0.0,98.5781990521327
0.9833333333333333,450000.0,0.0,98.10426540284361
1.0,450000.0,0.0,98.10426540284361
1.0166666666666666,450000.0,0.0,97.1563981042654
1.0333333333333334,450000.0,0.0,97.1563981042654
1.05,450000.0,0.0,97.1563981042654
1.0666666666666667,450000.0,0.0,96.6824644549763
1.0833333333333333,450000.0,0.0,96.6824644549763
1.1,450000.0,0.0,96.6824644549763
1.1166666666666667,450000.0,0.0,96.6824644549763
1.1333333333333333,450000.0,0.0,96.6824644549763
1.15,450000.0,0.0,96.2085308056872
1.1666666666666667,450000.0,0.0,95.73459715639811
1.1833333333333333,450000.0,0.0,95.260663507109
1.2,450000.0,0.0,95.260663507109
1.2166666666666666,450000.0,0.0,94.7867298578199
1.2333333333333334,450000.0,0.0,94.3127962085308
1.25,450000.0,0.0,94.3127962085308
1.2666666666666666,450000.0,0.0,94.3127962085308
1.2833333333333334,450000.0,0.0,94.3127962085308
1.3,450000.0,0.0,94.3127962085308
1.3166666666666667,450000.0,0.0,94.3127962085308
1.3333333333333333,450000.0,0.0,93.8388625592417
1.35,450000.0,0.0,93.36492890995261
1.3666666666666667,450000.0,0.0,92.89099526066352
1.3833333333333333,450000.0,0.0,92.89099526066352
1.4,450000.0,0.0,92.41706161137441
1.4166666666666667,450000.0,0.0,92.41706161137441
1.4333333333333333,450000.0,0.0,90.99526066350711
1.45,450000.0,0.0,90.99526066350711
1.4666666666666666,450000.0,0.0,90.99526066350711
1.4833333333333334,450000.0,0.0,90.52132701421802
1.5,450000.0,0.0,90.04739336492891
1.5166666666666666,450000.0,0.0,89.57345971563981
1.5333333333333334,450000.0,0.0,89.57345971563981
1.55,450000.0,0.0,89.0995260663507
1.5666666666666667,450000.0,0.0,88.15165876777252
1.5833333333333333,450000.0,0.0,87.67772511848341
1.6,450000.0,0.0,87.20379146919431
1.6166666666666667,450000.0,0.0,86.7298578199052
1.6333333333333333,450000.0,0.0,85.78199052132702
1.65,450000.0,0.0,85.78199052132702
1.6666666666666667,450000.0,0.0,84.12322274881517
1.6833333333333333,450000.0,0.0,83.64928909952607
1.7,450000.0,0.0,83.64928909952607
1.7166666666666666,450000.0,0.0,83.17535545023696
1.7333333333333334,450000.0,0.0,82.22748815165876
1.75,450000.0,0.0,81.75355450236967
1.7666666666666666,450000.0,0.0,81.27962085308057
1.7833333333333334,450000.0,0.0,80.33175355450237
1.8,450000.0,0.0,80.09478672985783
1.8166666666666667,450000.0,0.0,79.62085308056872
1.8333333333333333,450000.0,0.0,78.19905213270142
1.85,450000.0,0.0,77.72511848341233
1.8666666666666667,450000.0,0.0,76.77725118483413
1.8833333333333333,450000.0,0.0,75.82938388625593
1.9,450000.0,0.0,74.88151658767772
1.9166666666666667,450000.0,0.0,73.93364928909952
1.9333333333333333,450000.0,0.0,73.22274881516587
1.95,450000.0,0.0,72.74881516587678
1.9666666666666666,450000.0,0.0,72.27488151658767
1.9833333333333334,450000.0,0.0,71.80094786729858
2.0,450000.0,0.0,70.85308056872039
2.0166666666666666,450000.0,0.0,70.85308056872039
2.033333333333333,450000.0,0.0,69.90521327014217
2.05,450000.0,2.5748158805072308e-05,69.19431279620854
2.066666666666667,450000.0,6.309866876108572e-05,68.72037914691943
2.0833333333333335,450000.0,7.675930100958794e-05,67.77251184834124
2.1,450000.0,0.0001044594100676477,66.35071090047393
2.1166666666666667,450000.0,0.00014916597865521908,65.40284360189574
2.1333333333333333,450000.0,0.00021580957400146872,64.92890995260665
2.15,450000.0,0.00031092073186300695,63.98104265402843
2.1666666666666665,450000.0,0.00044265732867643237,61.84834123222749
2.183333333333333,450000.0,0.0006209767889231443,61.84834123222749
2.2,450000.0,0.0008578612469136715,61.37440758293838
2.216666666666667,450000.0,0.0011675588320940733,60.426540284360186
2.2333333333333334,450000.0,0.001566821476444602,59.95260663507109
2.25,450000.0,0.0020751855336129665,58.53080568720379
2.2666666666666666,450000.0,0.002715167123824358,57.81990521327014
2.283333333333333,450000.0,0.003493350464850664,56.39810426540285
2.3,450000.0,0.0039134579710662365,55.92417061611374
2.316666666666667,450000.0,0.004440579563379288,55.92417061611374
2.3333333333333335,450000.0,0.005096292123198509,54.502369668246445
2.35,450000.0,0.005905161611735821,53.55450236966824
2.3666666666666667,450000.0,0.006894880905747414,53.317535545023695
2.3833333333333333,450000.0,0.008096449077129364,52.843601895734594
2.4,450000.0,0.009544185362756252,51.421800947867304
2.4166666666666665,450000.0,0.011275900527834892,50.0
2.433333333333333,450000.0,0.013332800939679146,49.052132701421804
2.45,450000.0,0.015759415924549103,48.1042654028436
2.466666666666667,450000.0,0.018603388220071793,47.39336492890995
2.4833333333333334,450000.0,0.02191532962024212,46.44549763033176
2.5,450000.0,0.02574855461716652,45.497630331753555
2.5166666666666666,450000.0,0.030158672481775284,44.54976303317535
2.533333333333333,450000.0,0.035202912986278534,44.54976303317535
2.55,450000.0,0.040939733386039734,41.943127962085306
2.566666666666667,450000.0,0.04742841050028801,41.46919431279621
2.5833333333333335,450000.0,0.05472799763083458,40.52132701421801
2.6,450000.0,0.06289645284414291,40.047393364928915
2.6166666666666667,450000.0,0.0719902515411377,38.62559241706161
2.6333333333333333,450000.0,0.08206360042095184,37.91469194312796
2.65,450000.0,0.089798703789711,37.44075829383886
2.6666666666666665,450000.0,0.0981040671467781,35.54502369668246
2.683333333333333,450000.0,0.10732340067625046,33.649289099526065
2.7,450000.0,0.11751170456409454,33.175355450236964
2.716666666666667,450000.0,0.12872101366519928,31.753554502369667
2.7333333333333334,450000.0,0.14099889993667603,31.04265402843602
2.75,450000.0,0.15438894927501678,30.09478672985782
2.7666666666666666,450000.0,0.1689293384552002,29.14691943127962
2.783333333333333,450000.0,0.18465165793895721,27.72511848341232
2.8,450000.0,0.2015811800956726,25.829383886255926
2.816666666666667,450000.0,0.2197362780570984,24.644549763033176
2.8333333333333335,450000.0,0.23912858963012695,23.696682464454977
2.85,450000.0,0.2597618103027344,23.22274881516588
2.8666666666666667,450000.0,0.28163236379623413,22.274881516587676
2.8833333333333333,450000.0,0.3047303557395935,20.14218009478673
2.9,450000.0,0.3290382921695709,18.72037914691943
2.9166666666666665,450000.0,0.3545328378677368,17.298578199052134
2.933333333333333,450000.0,0.381185382604599,16.824644549763033
2.95,450000.0,0.40896177291870117,15.402843601895736
2.966666666666667,450000.0,0.4378233551979065,14.691943127962084
2.9833333333333334,450000.0,0.4677281975746155,13.270142180094787
3.0,450000.0,0.49863067269325256,11.848341232227488
3.0166666666666666,450000.0,0.5304839611053467,10.42654028436019
3.033333333333333,450000.0,0.5632381439208984,9.004739336492891
3.05,450000.0,0.5968424081802368,8.293838862559241
3.066666666666667,450000.0,0.6312451958656311,8.293838862559241
3.0833333333333335,450000.0,0.6663951873779297,6.872037914691943
3.1,450000.0,0.7022422552108765,4.976303317535545
3.1166666666666667,450000.0,0.7387344837188721,3.7914691943127963
3.1333333333333333,450000.0,0.7758235335350037,3.7914691943127963
3.15,450000.0,0.8134603500366211,3.7914691943127963
3.1666666666666665,450000.0,0.851600170135498,1.4218009478672986
3.183333333333333,450000.0,0.8901969194412231,0.23696682464454977
3.2,450000.0,0.9292091727256775,0.23696682464454977
3.216666666666667,450000.0,0.9685987234115601,0.23696682464454977
3.2333333333333334,450000.0,1.008326768875122,0.0
3.25,450000.0,1.04835844039917,0.0
3.2666666666666666,450000.0,1.0886626243591309,0.0
3.283333333333333,450000.0,1.1292109489440918,0.0
3.3,450000.0,1.1699700355529785,0.0
3.316666666666667,450000.0,1.210916519165039,0.0
3.3333333333333335,450000.0,1.252028465270996,0.0
3.35,450000.0,1.2932865619659424,0.0
3.3666666666666667,450000.0,1.3346667289733887,0.0
3.3833333333333333,450000.0,1.3761552572250366,0.0
3.4,450000.0,1.4177385568618774,0.0
3.4166666666666665,450000.0,1.459395170211792,0.0
3.433333333333333,450000.0,1.5011180639266968,0.0
3.45,450000.0,1.5428986549377441,0.0
3.466666666666667,450000.0,1.5847253799438477,0.0
3.4833333333333334,450000.0,1.6265969276428223,0.0
3.5,450000.0,1.6685051918029785,0.0
3.5166666666666666,450000.0,1.7104430198669434,0.0
3.533333333333333,450000.0,1.752406358718872,0.0
3.55,450000.0,1.794395923614502,0.0
3.566666666666667,450000.0,1.83640718460083,0.0
3.5833333333333335,450000.0,1.8784420490264893,0.0
3.6,450000.0,1.9204964637756348,0.0
3.6166666666666667,450000.0,1.962562084197998,0.0
3.6333333333333333,450000.0,2.004641056060791,0.0
3.65,450000.0,2.0467464923858643,0.0
3.6666666666666665,450000.0,2.0888702869415283,0.0
3.683333333333333,450000.0,2.130988836288452,0.0
3.7,450000.0,2.1731338500976562,0.0
3.716666666666667,450000.0,2.215280055999756,0.0
3.7333333333333334,450000.0,2.257446527481079,0.0
3.75,450000.0,2.2996325492858887,0.0
3.7666666666666666,450000.0,2.341818332672119,0.0
3.783333333333333,450000.0,2.384002447128296,0.0
3.8,450000.0,2.4261937141418457,0.0
3.816666666666667,450000.0,2.4683897495269775,0.0
3.8333333333333335,450000.0,2.510585308074951,0.0
3.85,450000.0,2.552802562713623,0.0
3.8666666666666667,450000.0,2.5950050354003906,0.0
3.8833333333333333,450000.0,2.637195348739624,0.0
3.9,450000.0,2.6793692111968994,0.0
3.9166666666666665,450000.0,2.721536159515381,0.0
3.933333333333333,450000.0,2.7636775970458984,0.0
3.95,450000.0,2.8057961463928223,0.0
3.966666666666667,450000.0,2.8478763103485107,0.0
3.9833333333333334,450000.0,2.889941930770874,0.0
4.0,450000.0,2.931973457336426,0.0
4.016666666666667,450000.0,2.973945379257202,0.0
4.033333333333333,450000.0,3.0158543586730957,0.0
4.05,450000.0,3.0577163696289062,0.0
4.066666666666666,450000.0,3.099518060684204,0.0
4.083333333333333,450000.0,3.141247034072876,0.0
4.1,450000.0,3.1828830242156982,0.0
4.116666666666666,450000.0,3.2244620323181152,0.0
4.133333333333334,450000.0,3.2659590244293213,0.0
4.15,450000.0,3.30735182762146,0.0
4.166666666666667,450000.0,3.348665952682495,0.0
4.183333333333334,450000.0,3.389885902404785,0.0
4.2,450000.0,3.431002616882324,0.0
4.216666666666667,450000.0,3.472017765045166,0.0
4.233333333333333,450000.0,3.512910842895508,0.0
4.25,450000.0,3.5536949634552,0.0
4.266666666666667,450000.0,3.594348430633545,0.0
4.283333333333333,450000.0,3.6348941326141357,0.0
4.3,450000.0,3.6753053665161133,0.0
4.316666666666666,450000.0,3.71559476852417,0.0
4.333333333333333,450000.0,3.7557544708251953,0.0
4.35,450000.0,3.795773506164551,0.0
4.366666666666666,450000.0,3.835660934448242,0.0
4.383333333333334,450000.0,3.8753981590270996,0.0
4.4,450000.0,3.915013551712036,0.0
4.416666666666667,450000.0,3.954472780227661,0.0
4.433333333333334,450000.0,3.993783950805664,0.0
4.45,450000.0,4.032957077026367,0.0
4.466666666666667,450000.0,4.071962356567383,0.0
4.483333333333333,450000.0,4.110842227935791,0.0
4.5,450000.0,4.149548530578613,0.0
4.516666666666667,450000.0,4.188112258911133,0.0
4.533333333333333,450000.0,4.226504325866699,0.0
4.55,450000.0,4.264764785766602,0.0
4.566666666666666,450000.0,4.302851676940918,0.0
4.583333333333333,450000.0,4.34077262878418,0.0
4.6,450000.0,4.378523826599121,0.0
4.616666666666666,450000.0,4.4161376953125,0.0
4.633333333333334,450000.0,4.4535932540893555,0.0
4.65,450000.0,4.490842819213867,0.0
4.666666666666667,450000.0,4.527935028076172,0.0
4.683333333333334,450000.0,4.564876556396484,0.0
4.7,450000.0,4.6016459465026855,0.0
4.716666666666667,450000.0,4.638227462768555,0.0
4.733333333333333,450000.0,4.674635887145996,0.0
4.75,450000.0,4.710875988006592,0.0
4.766666666666667,450000.0,4.746951103210449,0.0
4.783333333333333,450000.0,4.78284215927124,0.0
4.8,450000.0,4.818565368652344,0.0
4.816666666666666,450000.0,4.8541059494018555,0.0
4.833333333333333,450000.0,4.889469146728516,0.0
4.85,450000.0,4.924654960632324,0.0
4.866666666666666,450000.0,4.959662914276123,0.0
4.883333333333334,450000.0,4.994495868682861,0.0
4.9,450000.0,5.0291523933410645,0.0
4.916666666666667,450000.0,5.063608169555664,0.0
4.933333333333334,450000.0,5.097895622253418,0.0
4.95,450000.0,5.132000923156738,0.0
4.966666666666667,450000.0,5.165920257568359,0.0
4.983333333333333,450000.0,5.199672698974609,0.0
5.0,450000.0,5.233231544494629,0.0
5.016666666666667,450000.0,5.266606330871582,0.0
5.033333333333333,450000.0,5.299790382385254,0.0
5.05,450000.0,5.332774639129639,0.0
5.066666666666666,450000.0,5.365594863891602,0.0
5.083333333333333,450000.0,5.398223876953125,0.0
5.1,450000.0,5.430664539337158,0.0
5.116666666666666,450000.0,5.462907791137695,0.0
5.133333333333334,450000.0,5.494962215423584,0.0
5.15,450000.0,5.526827812194824,0.0
5.166666666666667,450000.0,5.558493614196777,0.0
5.183333333333334,450000.0,5.589998245239258,0.0
5.2,450000.0,5.621304988861084,0.0
5.216666666666667,450000.0,5.6524152755737305,0.0
5.233333333333333,450000.0,5.683338642120361,0.0
5.25,450000.0,5.714059829711914,0.0
5.266666666666667,450000.0,5.744607448577881,0.0
5.283333333333333,450000.0,5.774961471557617,0.0
5.3,450000.0,5.80511999130249,0.0
5.316666666666666,450000.0,5.83505916595459,0.0
5.333333333333333,450000.0,5.864836692810059,0.0
5.35,450000.0,5.894416809082031,0.0
5.366666666666666,450000.0,5.923803329467773,0.0
5.383333333333334,450000.0,5.9530134201049805,0.0
5.4,450000.0,5.982006549835205,0.0
5.416666666666667,450000.0,6.010842800140381,0.0
5.433333333333334,450000.0,6.039470672607422,0.0
5.45,450000.0,6.067902565002441,0.0
5.466666666666667,450000.0,6.0961480140686035,0.0
5.483333333333333,450000.0,6.124167442321777,0.0
5.5,450000.0,6.152029991149902,0.0
5.516666666666667,450000.0,6.17970085144043,0.0
5.533333333333333,450000.0,6.207174301147461,0.0
5.55,450000.0,6.234469413757324,0.0
5.566666666666666,450000.0,6.261545181274414,0.0
5.583333333333333,450000.0,6.288485050201416,0.0
5.6,450000.0,6.315234661102295,0.0
5.616666666666666,450000.0,6.34177303314209,0.0
5.633333333333334,450000.0,6.368157386779785,0.0
5.65,450000.0,6.3943190574646,0.0
5.666666666666667,450000.0,6.420314311981201,0.0
5.683333333333334,450000.0,6.446133613586426,0.0
5.7,450000.0,6.471774101257324,0.0
5.716666666666667,450000.0,6.497220993041992,0.0
5.733333333333333,450000.0,6.522467613220215,0.0
5.75,450000.0,6.547597885131836,0.0
5.766666666666667,450000.0,6.5725202560424805,0.0
5.783333333333333,450000.0,6.597231388092041,0.0
5.8,450000.0,6.621783256530762,0.0
5.816666666666666,450000.0,6.646176338195801,0.0
5.833333333333333,450000.0,6.670356273651123,0.0
5.85,450000.0,6.694388389587402,0.0
5.866666666666666,450000.0,6.718235969543457,0.0
5.883333333333334,450000.0,6.741893768310547,0.0
5.9,450000.0,6.765388488769531,0.0
5.916666666666667,450000.0,6.788668632507324,0.0
5.933333333333334,450000.0,6.811844348907471,0.0
5.95,450000.0,6.834822654724121,0.0
5.966666666666667,450000.0,6.857601642608643,0.0
5.983333333333333,450000.0,6.880221366882324,0.0
6.0,450000.0,6.90269660949707,0.0
6.016666666666667,450000.0,6.924964427947998,0.0
6.033333333333333,450000.0,6.947086811065674,0.0
6.05,450000.0,6.969025611877441,0.0
6.066666666666666,450000.0,6.9907989501953125,0.0
6.083333333333333,450000.0,7.012388229370117,0.0
6.1,450000.0,7.033835411071777,0.0
6.116666666666666,450000.0,7.055109977722168,0.0
6.133333333333334,450000.0,7.076249122619629,0.0
6.15,450000.0,7.097214698791504,0.0
6.166666666666667,450000.0,7.117993354797363,0.0
6.183333333333334,450000.0,7.138611316680908,0.0
6.2,450000.0,7.159064769744873,0.0
6.216666666666667,450000.0,7.1793670654296875,0.0
6.233333333333333,450000.0,7.199489116668701,0.0
6.25,450000.0,7.219468116760254,0.0
6.266666666666667,450000.0,7.239302635192871,0.0
6.283333333333333,450000.0,7.258955478668213,0.0
6.3,450000.0,7.278475761413574,0.0
6.316666666666666,450000.0,7.297813892364502,0.0
6.333333333333333,450000.0,7.316989898681641,0.0
6.35,450000.0,7.336015224456787,0.0
6.366666666666666,450000.0,7.354891777038574,0.0
6.383333333333334,450000.0,7.37360954284668,0.0
6.4,450000.0,7.392185211181641,0.0
6.416666666666667,450000.0,7.410593032836914,0.0
6.433333333333334,450000.0,7.428884983062744,0.0
6.45,450000.0,7.446993827819824,0.0
6.466666666666667,450000.0,7.4649481773376465,0.0
6.483333333333333,450000.0,7.482776641845703,0.0
6.5,450000.0,7.500448703765869,0.0
6.516666666666667,450000.0,7.51796293258667,0.0
6.533333333333333,450000.0,7.535347938537598,0.0
6.55,450000.0,7.552577972412109,0.0
6.566666666666666,450000.0,7.56966495513916,0.0
6.583333333333333,450000.0,7.586613655090332,0.0
6.6,450000.0,7.60341739654541,0.0
6.616666666666666,450000.0,7.62006950378418,0.0
6.633333333333334,450000.0,7.636568069458008,0.0
6.65,450000.0,7.652976036071777,0.0
6.666666666666667,450000.0,7.669227600097656,0.0
6.683333333333334,450000.0,7.685347080230713,0.0
6.7,450000.0,7.701300621032715,0.0
6.716666666666667,450000.0,7.717141151428223,0.0
6.733333333333333,450000.0,7.732850074768066,0.0
6.75,450000.0,7.748415946960449,0.0
6.766666666666667,450000.0,7.763882637023926,0.0
6.783333333333333,450000.0,7.779195308685303,0.0
6.8,450000.0,7.794367790222168,0.0
6.816666666666666,450000.0,7.809405326843262,0.0
6.833333333333333,450000.0,7.824362754821777,0.0
6.85,450000.0,7.83915901184082,0.0
6.866666666666666,450000.0,7.8538360595703125,0.0
6.883333333333334,450000.0,7.868381023406982,0.0
6.9,450000.0,7.882829666137695,0.0
6.916666666666667,450000.0,7.897136688232422,0.0
6.933333333333334,450000.0,7.911344528198242,0.0
6.95,450000.0,7.925378322601318,0.0
6.966666666666667,450000.0,7.939327239990234,0.0
6.983333333333333,450000.0,7.9531354904174805,0.0
7.0,450000.0,7.966783046722412,0.0
7.016666666666667,450000.0,7.980316162109375,0.0
7.033333333333333,450000.0,7.993727684020996,0.0
7.05,450000.0,8.007092475891113,0.0
7.066666666666666,450000.0,8.02032470703125,0.0
7.083333333333333,450000.0,8.033455848693848,0.0
7.1,450000.0,8.046478271484375,0.0
7.116666666666666,450000.0,8.059368133544922,0.0
7.133333333333334,450000.0,8.072100639343262,0.0
7.15,450000.0,8.08473014831543,0.0
7.166666666666667,450000.0,8.097237586975098,0.0
7.183333333333334,450000.0,8.109615325927734,0.0
7.2,450000.0,8.121967315673828,0.0
7.216666666666667,450000.0,8.134195327758789,0.0
7.233333333333333,450000.0,8.146265029907227,0.0
7.25,450000.0,8.158197402954102,0.0
7.266666666666667,450000.0,8.170097351074219,0.0
7.283333333333333,450000.0,8.181818008422852,0.0
7.3,450000.0,8.193463325500488,0.0
7.316666666666666,450000.0,8.20506763458252,0.0
7.333333333333333,450000.0,8.216583251953125,0.0
7.35,450000.0,8.227869033813477,0.0
7.366666666666666,450000.0,8.239151000976562,0.0
7.383333333333334,450000.0,8.250328063964844,0.0
7.4,450000.0,8.261306762695312,0.0
7.416666666666667,450000.0,8.272204399108887,0.0
7.433333333333334,450000.0,8.283004760742188,0.0
7.45,450000.0,8.29372501373291,0.0
7.466666666666667,450000.0,8.304409980773926,0.0
7.483333333333333,450000.0,8.315006256103516,0.0
7.5,450000.0,8.325482368469238,0.0
7.516666666666667,450000.0,8.335870742797852,0.0
7.533333333333333,450000.0,8.346179008483887,0.0
7.55,450000.0,8.35633659362793,0.0
7.566666666666666,450000.0,8.366395950317383,0.0
7.583333333333333,450000.0,8.376388549804688,0.0
7.6,450000.0,8.386268615722656,0.0
7.616666666666666,450000.0,8.396034240722656,0.0
7.633333333333334,450000.0,8.40571403503418,0.0
7.65,450000.0,8.415384292602539,0.0
7.666666666666667,450000.0,8.424958229064941,0.0
7.683333333333334,450000.0,8.434427261352539,0.0
7.7,450000.0,8.443775177001953,0.0
7.716666666666667,450000.0,8.453083992004395,0.0
7.733333333333333,450000.0,8.462233543395996,0.0
7.75,450000.0,8.471338272094727,0.0
7.766666666666667,450000.0,8.480377197265625,0.0
7.783333333333333,450000.0,8.489400863647461,0.0
7.8,450000.0,8.49825668334961,0.0
7.816666666666666,450000.0,8.507011413574219,0.0
7.833333333333333,450000.0,8.515714645385742,0.0
7.85,450000.0,8.524331092834473,0.0
7.866666666666666,450000.0,8.532889366149902,0.0
7.883333333333334,450000.0,8.541374206542969,0.0
7.9,450000.0,8.549755096435547,0.0
7.916666666666667,450000.0,8.558050155639648,0.0
7.933333333333334,450000.0,8.566265106201172,0.0
7.95,450000.0,8.574377059936523,0.0
7.966666666666667,450000.0,8.582454681396484,0.0
7.983333333333333,450000.0,8.590498924255371,0.0
8.0,450000.0,8.598430633544922,0.0
8.016666666666667,450000.0,8.606239318847656,0.0
8.033333333333333,450000.0,8.614019393920898,0.0
8.05,450000.0,8.621806144714355,0.0
8.066666666666666,450000.0,8.629542350769043,0.0
8.083333333333334,450000.0,8.637201309204102,0.0
8.1,450000.0,8.644685745239258,0.0
8.116666666666667,450000.0,8.652149200439453,0.0
8.133333333333333,450000.0,8.659563064575195,0.0
8.15,450000.0,8.66684627532959,0.0
8.166666666666666,450000.0,8.674013137817383,0.0
8.183333333333334,450000.0,8.68110466003418,0.0
8.2,450000.0,8.688186645507812,0.0
8.216666666666667,450000.0,8.695155143737793,0.0
8.233333333333333,450000.0,8.702117919921875,0.0
8.25,450000.0,8.709022521972656,0.0
8.266666666666667,450000.0,8.715845108032227,0.0
8.283333333333333,450000.0,8.722614288330078,0.0
8.3,450000.0,8.729351997375488,0.0
8.316666666666666,450000.0,8.73594856262207,0.0
8.333333333333334,450000.0,8.742473602294922,0.0
8.35,450000.0,8.748966217041016,0.0
8.366666666666667,450000.0,8.755455017089844,0.0
8.383333333333333,450000.0,8.76187801361084,0.0
8.4,450000.0,8.768163681030273,0.0
8.416666666666666,450000.0,8.774402618408203,0.0
8.433333333333334,450000.0,8.780561447143555,0.0
8.45,450000.0,8.786722183227539,0.0
8.466666666666667,450000.0,8.792856216430664,0.0
8.483333333333333,450000.0,8.798980712890625,0.0
8.5,450000.0,8.804987907409668,0.0
8.516666666666667,450000.0,8.81093978881836,0.0
8.533333333333333,450000.0,8.816802024841309,0.0
8.55,450000.0,8.822629928588867,0.0
8.566666666666666,450000.0,8.828432083129883,0.0
8.583333333333334,450000.0,8.834189414978027,0.0
8.6,450000.0,8.839853286743164,0.0
8.616666666666667,450000.0,8.845464706420898,0.0
8.633333333333333,450000.0,8.850980758666992,0.0
8.65,450000.0,8.856454849243164,0.0
8.666666666666666,450000.0,8.861810684204102,0.0
8.683333333333334,450000.0,8.86715316772461,0.0
8.7,450000.0,8.872478485107422,0.0
8.716666666666667,450000.0,8.87779712677002,0.0
8.733333333333333,450000.0,8.883026123046875,0.0
8.75,450000.0,8.888216018676758,0.0
8.766666666666667,450000.0,8.893373489379883,0.0
8.783333333333333,450000.0,8.898394584655762,0.0
8.8,450000.0,8.90336799621582,0.0
8.816666666666666,450000.0,8.908319473266602,0.0
8.833333333333334,450000.0,8.913178443908691,0.0
8.85,450000.0,8.91804027557373,0.0
8.866666666666667,450000.0,8.9229097366333,0.0
8.883333333333333,450000.0,8.927783966064453,0.0
8.9,450000.0,8.932619094848633,0.0
8.916666666666666,450000.0,8.937288284301758,0.0
8.933333333333334,450000.0,8.94186019897461,0.0
8.95,450000.0,8.946409225463867,0.0
8.966666666666667,450000.0,8.950922012329102,0.0
8.983333333333333,450000.0,8.955434799194336,0.0
9.0,450000.0,8.959824562072754,0.0
9.016666666666667,450000.0,8.964186668395996,0.0
9.033333333333333,450000.0,8.968538284301758,0.0
9.05,450000.0,8.972861289978027,0.0
9.066666666666666,450000.0,8.977155685424805,0.0
9.083333333333334,450000.0,8.981376647949219,0.0
9.1,450000.0,8.985576629638672,0.0
9.116666666666667,450000.0,8.989767074584961,0.0
9.133333333333333,450000.0,8.99385929107666,0.0
9.15,450000.0,8.997895240783691,0.0
9.166666666666666,450000.0,9.001924514770508,0.0
9.183333333333334,450000.0,9.005953788757324,0.0
9.2,450000.0,9.009930610656738,0.0
9.216666666666667,450000.0,9.013840675354004,0.0
9.233333333333333,450000.0,9.017724990844727,0.0
9.25,450000.0,9.021608352661133,0.0
9.266666666666667,450000.0,9.025476455688477,0.0
9.283333333333333,450000.0,9.02928638458252,0.0
9.3,450000.0,9.032997131347656,0.0
9.316666666666666,450000.0,9.036704063415527,0.0
9.333333333333334,450000.0,9.040380477905273,0.0
9.35,450000.0,9.043973922729492,0.0
9.366666666666667,450000.0,9.047544479370117,0.0
9.383333333333333,450000.0,9.051092147827148,0.0
9.4,450000.0,9.054637908935547,0.0
9.416666666666666,450000.0,9.058130264282227,0.0
9.433333333333334,450000.0,9.061543464660645,0.0
9.45,450000.0,9.064934730529785,0.0
9.466666666666667,450000.0,9.068319320678711,0.0
9.483333333333333,450000.0,9.071643829345703,0.0
9.5,450000.0,9.074899673461914,0.0
9.516666666666667,450000.0,9.078142166137695,0.0
9.533333333333333,450000.0,9.081398010253906,0.0
9.55,450000.0,9.084632873535156,0.0
9.566666666666666,450000.0,9.08785629272461,0.0
9.583333333333334,450000.0,9.091009140014648,0.0
9.6,450000.0,9.094075202941895,0.0
9.616666666666667,450000.0,9.097137451171875,0.0
9.633333333333333,450000.0,9.100176811218262,0.0
9.65,450000.0,9.10319709777832,0.0
9.666666666666666,450000.0,9.106155395507812,0.0
9.683333333333334,450000.0,9.109081268310547,0.0
9.7,450000.0,9.11201000213623,0.0
9.716666666666667,450000.0,9.11492919921875,0.0
9.733333333333333,450000.0,9.117830276489258,0.0
9.75,450000.0,9.120731353759766,0.0
9.766666666666667,450000.0,9.123560905456543,0.0
9.783333333333333,450000.0,9.126300811767578,0.0
9.8,450000.0,9.129034042358398,0.0
9.816666666666666,450000.0,9.1317138671875,0.0
9.833333333333334,450000.0,9.134361267089844,0.0
9.85,450000.0,9.136995315551758,0.0
9.866666666666667,450000.0,9.139602661132812,0.0
9.883333333333333,450000.0,9.142206192016602,0.0
9.9,450000.0,9.144798278808594,0.0
9.916666666666666,450000.0,9.147392272949219,0.0
9.933333333333334,450000.0,9.149972915649414,0.0
9.95,450000.0,9.152538299560547,0.0
9.966666666666667,450000.0,9.154974937438965,0.0
9.983333333333333,450000.0,9.157394409179688,0.0
10.0,450000.0,9.159811973571777,0.0
10.016666666666667,450000.0,9.162225723266602,0.0
0.0,487500.0,9.992568016052246,0.0
0.016666666666666666,487500.0,8.715604782104492,0.0
0.03333333333333333,487500.0,7.4325737953186035,0.0
0.05,487500.0,6.158627510070801,0.0
0.06666666666666667,487500.0,4.924627304077148,0.0
0.08333333333333333,487500.0,3.7114555835723877,0.0
0.1,487500.0,2.5208985805511475,0.0
0.11666666666666667,487500.0,1.4550373554229736,0.0
0.13333333333333333,487500.0,0.5616138577461243,40.047393364928915
0.15,487500.0,0.07455849647521973,47.39336492890995
0.16666666666666666,487500.0,0.0,47.867298578199055
0.18333333333333332,487500.0,0.0,47.39336492890995
0.2,487500.0,0.0,45.97156398104265
0.21666666666666667,487500.0,0.0,45.7345971563981
0.23333333333333334,487500.0,0.0,47.6303317535545
0.25,487500.0,0.0,47.1563981042654
0.26666666666666666,487500.0,0.0,48.81516587677725
0.2833333333333333,487500.0,0.0,48.81516587677725
0.3,487500.0,0.0,51.18483412322274
0.31666666666666665,487500.0,0.0,51.8957345971564
0.3333333333333333,487500.0,0.0,52.843601895734594
0.35,487500.0,0.0,54.502369668246445
0.36666666666666664,487500.0,0.0,56.39810426540285
0.38333333333333336,487500.0,0.0,57.10900473933649
0.4,487500.0,0.0,59.47867298578199
0.4166666666666667,487500.0,0.0,59.95260663507109
0.43333333333333335,487500.0,0.0,62.55924170616114
0.45,487500.0,0.0,63.507109004739334
0.4666666666666667,487500.0,0.0,64.69194312796208
0.48333333333333334,487500.0,0.0,68.48341232227489
0.5,487500.0,0.0,68.00947867298578
0.5166666666666667,487500.0,0.0,70.37914691943128
0.5333333333333333,487500.0,0.0,74.40758293838863
0.55,487500.0,0.0,74.88151658767772
0.5666666666666667,487500.0,0.0,76.54028436018957
0.5833333333333334,487500.0,0.0,77.72511848341233
0.6,487500.0,0.0,80.80568720379146
0.6166666666666667,487500.0,0.0,81.75355450236967
0.6333333333333333,487500.0,0.0,83.41232227488152
0.65,487500.0,0.0,85.54502369668246
0.6666666666666666,487500.0,0.0,87.91469194312796
0.6833333333333333,487500.0,0.0,89.57345971563981
0.7,487500.0,0.0,91.70616113744076
0.7166666666666667,487500.0,0.0,94.3127962085308
0.7333333333333333,487500.0,0.0,95.49763033175356
0.75,487500.0,0.0,97.6303317535545
0.7666666666666667,487500.0,0.0,99.0521327014218
0.7833333333333333,487500.0,0.0,99.76303317535546
0.8,487500.0,0.0,100.0
0.8166666666666667,487500.0,0.0,100.0
0.8333333333333334,487500.0,0.0,100.0
0.85,487500.0,0.0,100.0
0.8666666666666667,487500.0,0.0,100.0
0.8833333333333333,487500.0,0.0,99.0521327014218
0.9,487500.0,0.0,99.0521327014218
0.9166666666666666,487500.0,0.0,98.5781990521327
0.9333333333333333,487500.0,0.0,98.5781990521327
0.95,487500.0,0.0,98.5781990521327
0.9666666666666667,487500.0,0.0,98.5781990521327
0.9833333333333333,487500.0,0.0,98.10426540284361
1.0,487500.0,0.0,98.10426540284361
1.0166666666666666,487500.0,0.0,97.1563981042654
1.0333333333333334,487500.0,0.0,97.1563981042654
1.05,487500.0,0.0,97.1563981042654
1.0666666666666667,487500.0,0.0,96.6824644549763
1.0833333333333333,487500.0,0.0,96.6824644549763
1.1,487500.0,0.0,96.6824644549763
1.1166666666666667,487500.0,0.0,96.6824644549763
1.1333333333333333,487500.0,0.0,96.6824644549763
1.15,487500.0,0.0,96.2085308056872
1.1666666666666667,487500.0,0.0,95.73459715639811
1.1833333333333333,487500.0,0.0,95.260663507109
1.2,487500.0,0.0,95.260663507109
1.2166666666666666,487500.0,0.0,94.7867298578199
1.2333333333333334,487500.0,0.0,94.3127962085308
1.25,487500.0,0.0,94.3127962085308
1.2666666666666666,487500.0,0.0,94.3127962085308
1.2833333333333334,487500.0,0.0,94.3127962085308
1.3,487500.0,0.0,94.3127962085308
1.3166666666666667,487500.0,0.0,94.3127962085308
1.3333333333333333,487500.0,0.0,94.3127962085308
1.35,487500.0,0.0,93.8388625592417
1.3666666666666667,487500.0,0.0,92.89099526066352
1.3833333333333333,487500.0,0.0,92.89099526066352
1.4,487500.0,0.0,92.41706161137441
1.4166666666666667,487500.0,0.0,92.41706161137441
1.4333333333333333,487500.0,0.0,90.99526066350711
1.45,487500.0,0.0,90.99526066350711
1.4666666666666666,487500.0,0.0,90.99526066350711
1.4833333333333334,487500.0,0.0,90.52132701421802
1.5,487500.0,0.0,90.04739336492891
1.5166666666666666,487500.0,0.0,89.57345971563981
1.5333333333333334,487500.0,0.0,89.57345971563981
1.55,487500.0,0.0,89.0995260663507
1.5666666666666667,487500.0,0.0,88.15165876777252
1.5833333333333333,487500.0,0.0,87.67772511848341
1.6,487500.0,0.0,87.20379146919431
1.6166666666666667,487500.0,0.0,86.7298578199052
1.6333333333333333,487500.0,0.0,85.78199052132702
1.65,487500.0,0.0,85.78199052132702
1.6666666666666667,487500.0,0.0,84.12322274881517
1.6833333333333333,487500.0,0.0,83.64928909952607
1.7,487500.0,0.0,83.64928909952607
1.7166666666666666,487500.0,0.0,83.17535545023696
1.7333333333333334,487500.0,0.0,82.70142180094787
1.75,487500.0,0.0,81.75355450236967
1.7666666666666666,487500.0,0.0,81.27962085308057
1.7833333333333334,487500.0,0.0,80.80568720379146
1.8,487500.0,0.0,80.33175355450237
1.8166666666666667,487500.0,0.0,79.62085308056872
1.8333333333333333,487500.0,0.0,78.19905213270142
1.85,487500.0,0.0,78.19905213270142
1.8666666666666667,487500.0,0.0,76.77725118483413
1.8833333333333333,487500.0,0.0,75.82938388625593
1.9,487500.0,0.0,74.88151658767772
1.9166666666666667,487500.0,0.0,73.93364928909952
1.9333333333333333,487500.0,0.0,73.22274881516587
1.95,487500.0,0.0,72.74881516587678
1.9666666666666666,487500.0,0.0,72.27488151658767
1.9833333333333334,487500.0,0.0,71.80094786729858
2.0,487500.0,0.0,70.85308056872039
2.0166666666666666,487500.0,0.0,70.85308056872039
2.033333333333333,487500.0,0.0,69.90521327014217
2.05,487500.0,1.7965086954063736e-05,69.19431279620854
2.066666666666667,487500.0,6.106926593929529e-05,68.72037914691943
2.0833333333333335,487500.0,7.255506352521479e-05,67.77251184834124
2.1,487500.0,9.798112296266481e-05,66.35071090047393
2.1166666666666667,487500.0,0.00013988319551572204,65.40284360189574
2.1333333333333333,487500.0,0.00020291292457841337,64.92890995260665
2.15,487500.0,0.0002933440846391022,63.98104265402843
2.1666666666666665,487500.0,0.0004190542676951736,62.32227488151659
2.183333333333333,487500.0,0.0005896747461520135,61.84834123222749
2.2,487500.0,0.0008168038912117481,61.37440758293838
2.216666666666667,487500.0,0.001114242011681199,61.37440758293838
2.2333333333333334,487500.0,0.0014982332941144705,59.95260663507109
2.25,487500.0,0.0019877194426953793,59.47867298578199
2.2666666666666666,487500.0,0.0026045660488307476,58.29383886255924
2.283333333333333,487500.0,0.0033737707417458296,56.39810426540285
2.3,487500.0,0.0038353092968463898,55.92417061611374
2.316666666666667,487500.0,0.004342506639659405,55.92417061611374
2.3333333333333335,487500.0,0.0049738334491848946,54.502369668246445
2.35,487500.0,0.00575307197868824,53.55450236966824
2.3666666666666667,487500.0,0.0067070890218019485,53.317535545023695
2.3833333333333333,487500.0,0.007865924388170242,52.843601895734594
2.4,487500.0,0.0092629324644804,51.8957345971564
2.4166666666666665,487500.0,0.010934846475720406,50.4739336492891
2.433333333333333,487500.0,0.012921743094921112,49.5260663507109
2.45,487500.0,0.015266964212059975,48.5781990521327
2.466666666666667,487500.0,0.018016919493675232,47.39336492890995
2.4833333333333334,487500.0,0.02122102677822113,46.44549763033176
2.5,487500.0,0.024931389838457108,45.497630331753555
2.5166666666666666,487500.0,0.029202476143836975,44.54976303317535
2.533333333333333,487500.0,0.034090373665094376,44.54976303317535
2.55,487500.0,0.03965264558792114,42.41706161137441
2.566666666666667,487500.0,0.04594768211245537,41.943127962085306
2.5833333333333335,487500.0,0.05303385853767395,40.52132701421801
2.6,487500.0,0.06096884608268738,40.047393364928915
2.6166666666666667,487500.0,0.06980866193771362,38.62559241706161
2.6333333333333333,487500.0,0.07960738241672516,38.15165876777251
2.65,487500.0,0.08792459964752197,37.44075829383886
2.6666666666666665,487500.0,0.0959836021065712,36.96682464454976
2.683333333333333,487500.0,0.1049354150891304,34.12322274881517
2.7,487500.0,0.11483488976955414,33.175355450236964
2.716666666666667,487500.0,0.12573428452014923,31.753554502369667
2.7333333333333334,487500.0,0.13768190145492554,31.516587677725116
2.75,487500.0,0.15072216093540192,30.568720379146917
2.7666666666666666,487500.0,0.1648944616317749,29.14691943127962
2.783333333333333,487500.0,0.18023216724395752,28.199052132701425
2.8,487500.0,0.19676178693771362,26.77725118483412
2.816666666666667,487500.0,0.21450337767601013,24.644549763033176
2.8333333333333335,487500.0,0.23347021639347076,23.696682464454977
2.85,487500.0,0.2536684274673462,23.696682464454977
2.8666666666666667,487500.0,0.2750970721244812,23.22274881516588
2.8833333333333333,487500.0,0.29774734377861023,21.32701421800948
2.9,487500.0,0.32160496711730957,19.194312796208532
2.9166666666666665,487500.0,0.3466484546661377,18.246445497630333
2.933333333333333,487500.0,0.3728507161140442,17.298578199052134
2.95,487500.0,0.40017956495285034,15.876777251184834
2.966666666666667,487500.0,0.42859721183776855,14.928909952606634
2.9833333333333334,487500.0,0.4580639600753784,14.218009478672986
3.0,487500.0,0.4885348081588745,12.322274881516588
3.0166666666666666,487500.0,0.5199629068374634,11.374407582938389
3.033333333333333,487500.0,0.5523006916046143,9.47867298578199
3.05,487500.0,0.5854978561401367,8.293838862559241
3.066666666666667,487500.0,0.6195034980773926,8.293838862559241
3.0833333333333335,487500.0,0.6542660593986511,8.293838862559241
3.1,487500.0,0.6897358894348145,4.976303317535545
3.1166666666666667,487500.0,0.7258604764938354,4.028436018957346
3.1333333333333333,487500.0,0.7625918388366699,3.7914691943127963
3.15,487500.0,0.7998816967010498,3.7914691943127963
3.1666666666666665,487500.0,0.8376834988594055,3.3175355450236967
3.183333333333333,487500.0,0.8759527206420898,0.9478672985781991
3.2,487500.0,0.9146469831466675,0.23696682464454977
3.216666666666667,487500.0,0.9537268280982971,0.23696682464454977
3.2333333333333334,487500.0,0.9931520223617554,0.23696682464454977
3.25,487500.0,1.03288996219635,0.0
3.2666666666666666,487500.0,1.0729045867919922,0.0
3.283333333333333,487500.0,1.1131680011749268,0.0
3.3,487500.0,1.1536506414413452,0.0
3.316666666666667,487500.0,1.1943262815475464,0.0
3.3333333333333335,487500.0,1.2351698875427246,0.0
3.35,487500.0,1.2761602401733398,0.0
3.3666666666666667,487500.0,1.3172786235809326,0.0
3.3833333333333333,487500.0,1.358508825302124,0.0
3.4,487500.0,1.3998349905014038,0.0
3.4166666666666665,487500.0,1.4412447214126587,0.0
3.433333333333333,487500.0,1.482727289199829,0.0
3.45,487500.0,1.5242712497711182,0.0
3.466666666666667,487500.0,1.5658600330352783,0.0
3.4833333333333334,487500.0,1.6074929237365723,0.0
3.5,487500.0,1.6491643190383911,0.0
3.5166666666666666,487500.0,1.6908692121505737,0.0
3.533333333333333,487500.0,1.7326014041900635,0.0
3.55,487500.0,1.7743515968322754,0.0
3.566666666666667,487500.0,1.8161309957504272,0.0
3.5833333333333335,487500.0,1.8579366207122803,0.0
3.6,487500.0,1.8997540473937988,0.0
3.6166666666666667,487500.0,1.9415876865386963,0.0
3.6333333333333333,487500.0,1.9834405183792114,0.0
3.65,487500.0,2.0253171920776367,0.0
3.6666666666666665,487500.0,2.067211627960205,0.0
3.683333333333333,487500.0,2.1091127395629883,0.0
3.7,487500.0,2.151017189025879,0.0
3.716666666666667,487500.0,2.1929378509521484,0.0
3.7333333333333334,487500.0,2.234868288040161,0.0
3.75,487500.0,2.2768120765686035,0.0
3.7666666666666666,487500.0,2.3187711238861084,0.0
3.783333333333333,487500.0,2.3607254028320312,0.0
3.8,487500.0,2.4026975631713867,0.0
3.816666666666667,487500.0,2.4446825981140137,0.0
3.8333333333333335,487500.0,2.4866671562194824,0.0
3.85,487500.0,2.528637409210205,0.0
3.8666666666666667,487500.0,2.5706071853637695,0.0
3.8833333333333333,487500.0,2.6125595569610596,0.0
3.9,487500.0,2.654517889022827,0.0
3.9166666666666665,487500.0,2.696453332901001,0.0
3.933333333333333,487500.0,2.7383666038513184,0.0
3.95,487500.0,2.780271053314209,0.0
3.966666666666667,487500.0,2.822157382965088,0.0
3.9833333333333334,487500.0,2.863992214202881,0.0
4.0,487500.0,2.905796527862549,0.0
4.016666666666667,487500.0,2.947556495666504,0.0
4.033333333333333,487500.0,2.989269256591797,0.0
4.05,487500.0,3.0308969020843506,0.0
4.066666666666666,487500.0,3.0724806785583496,0.0
4.083333333333333,487500.0,3.1140265464782715,0.0
4.1,487500.0,3.155484199523926,0.0
4.116666666666666,487500.0,3.1968512535095215,0.0
4.133333333333334,487500.0,3.238154411315918,0.0
4.15,487500.0,3.2793517112731934,0.0
4.166666666666667,487500.0,3.320460319519043,0.0
4.183333333333334,487500.0,3.361487865447998,0.0
4.2,487500.0,3.402398109436035,0.0
4.216666666666667,487500.0,3.4432129859924316,0.0
4.233333333333333,487500.0,3.4838991165161133,0.0
4.25,487500.0,3.524491786956787,0.0
4.266666666666667,487500.0,3.5649619102478027,0.0
4.283333333333333,487500.0,3.605315685272217,0.0
4.3,487500.0,3.64554500579834,0.0
4.316666666666666,487500.0,3.6856541633605957,0.0
4.333333333333333,487500.0,3.725623607635498,0.0
4.35,487500.0,3.765462875366211,0.0
4.366666666666666,487500.0,3.8051576614379883,0.0
4.383333333333334,487500.0,3.844736099243164,0.0
4.4,487500.0,3.8841614723205566,0.0
4.416666666666667,487500.0,3.9234390258789062,0.0
4.433333333333334,487500.0,3.9625768661499023,0.0
4.45,487500.0,4.0015645027160645,0.0
4.466666666666667,487500.0,4.0404253005981445,0.0
4.483333333333333,487500.0,4.079106330871582,0.0
4.5,487500.0,4.117664337158203,0.0
4.516666666666667,487500.0,4.156061172485352,0.0
4.533333333333333,487500.0,4.194284439086914,0.0
4.55,487500.0,4.232357978820801,0.0
4.566666666666666,487500.0,4.270290374755859,0.0
4.583333333333333,487500.0,4.30805778503418,0.0
4.6,487500.0,4.345659255981445,0.0
4.616666666666666,487500.0,4.383082389831543,0.0
4.633333333333334,487500.0,4.420362949371338,0.0
4.65,487500.0,4.457492828369141,0.0
4.666666666666667,487500.0,4.494421005249023,0.0
4.683333333333334,487500.0,4.531193256378174,0.0
4.7,487500.0,4.567794322967529,0.0
4.716666666666667,487500.0,4.6042327880859375,0.0
4.733333333333333,487500.0,4.640495300292969,0.0
4.75,487500.0,4.6765875816345215,0.0
4.766666666666667,487500.0,4.712504863739014,0.0
4.783333333333333,487500.0,4.748247146606445,0.0
4.8,487500.0,4.783819198608398,0.0
4.816666666666666,487500.0,4.819209098815918,0.0
4.833333333333333,487500.0,4.854426383972168,0.0
4.85,487500.0,4.8894758224487305,0.0
4.866666666666666,487500.0,4.92432975769043,0.0
4.883333333333334,487500.0,4.959020137786865,0.0
4.9,487500.0,4.993526458740234,0.0
4.916666666666667,487500.0,5.027853012084961,0.0
4.933333333333334,487500.0,5.061993598937988,0.0
4.95,487500.0,5.095959663391113,0.0
4.966666666666667,487500.0,5.129748344421387,0.0
4.983333333333333,487500.0,5.163354873657227,0.0
5.0,487500.0,5.196774482727051,0.0
5.016666666666667,487500.0,5.23000431060791,0.0
5.033333333333333,487500.0,5.263057231903076,0.0
5.05,487500.0,5.295933246612549,0.0
5.066666666666666,487500.0,5.328627586364746,0.0
5.083333333333333,487500.0,5.361123085021973,0.0
5.1,487500.0,5.393420219421387,0.0
5.116666666666666,487500.0,5.425541877746582,0.0
5.133333333333334,487500.0,5.457472801208496,0.0
5.15,487500.0,5.489217758178711,0.0
5.166666666666667,487500.0,5.520785808563232,0.0
5.183333333333334,487500.0,5.552151679992676,0.0
5.2,487500.0,5.58333683013916,0.0
5.216666666666667,487500.0,5.614325046539307,0.0
5.233333333333333,487500.0,5.645130157470703,0.0
5.25,487500.0,5.675741672515869,0.0
5.266666666666667,487500.0,5.706133842468262,0.0
5.283333333333333,487500.0,5.736376762390137,0.0
5.3,487500.0,5.766412734985352,0.0
5.316666666666666,487500.0,5.796282768249512,0.0
5.333333333333333,487500.0,5.825957775115967,0.0
5.35,487500.0,5.855414390563965,0.0
5.366666666666666,487500.0,5.884706974029541,0.0
5.383333333333334,487500.0,5.91378116607666,0.0
5.4,487500.0,5.9426751136779785,0.0
5.416666666666667,487500.0,5.971400737762451,0.0
5.433333333333334,487500.0,5.999869346618652,0.0
5.45,487500.0,6.028236389160156,0.0
5.466666666666667,487500.0,6.056372165679932,0.0
5.483333333333333,487500.0,6.084330081939697,0.0
5.5,487500.0,6.112092018127441,0.0
5.516666666666667,487500.0,6.139641284942627,0.0
5.533333333333333,487500.0,6.16703462600708,0.0
5.55,487500.0,6.194228172302246,0.0
5.566666666666666,487500.0,6.221237659454346,0.0
5.583333333333333,487500.0,6.24806022644043,0.0
5.6,487500.0,6.274707317352295,0.0
5.616666666666666,487500.0,6.3011579513549805,0.0
5.633333333333334,487500.0,6.327414035797119,0.0
5.65,487500.0,6.353498458862305,0.0
5.666666666666667,487500.0,6.37939977645874,0.0
5.683333333333334,487500.0,6.405139446258545,0.0
5.7,487500.0,6.430681228637695,0.0
5.716666666666667,487500.0,6.456058502197266,0.0
5.733333333333333,487500.0,6.481234550476074,0.0
5.75,487500.0,6.5062360763549805,0.0
5.766666666666667,487500.0,6.53105354309082,0.0
5.783333333333333,487500.0,6.555685520172119,0.0
5.8,487500.0,6.580153465270996,0.0
5.816666666666666,487500.0,6.604426860809326,0.0
5.833333333333333,487500.0,6.628551483154297,0.0
5.85,487500.0,6.652482509613037,0.0
5.866666666666666,487500.0,6.676250457763672,0.0
5.883333333333334,487500.0,6.6998291015625,0.0
5.9,487500.0,6.723254203796387,0.0
5.916666666666667,487500.0,6.746485233306885,0.0
5.933333333333334,487500.0,6.7695465087890625,0.0
5.95,487500.0,6.79243803024292,0.0
5.966666666666667,487500.0,6.815158843994141,0.0
5.983333333333333,487500.0,6.8377156257629395,0.0
6.0,487500.0,6.860074996948242,0.0
6.016666666666667,487500.0,6.8822855949401855,0.0
6.033333333333333,487500.0,6.904322624206543,0.0
6.05,487500.0,6.926200866699219,0.0
6.066666666666666,487500.0,6.947887897491455,0.0
6.083333333333333,487500.0,6.969435691833496,0.0
6.1,487500.0,6.990782737731934,0.0
6.116666666666666,487500.0,7.012012481689453,0.0
6.133333333333334,487500.0,7.033051490783691,0.0
6.15,487500.0,7.053926467895508,0.0
6.166666666666667,487500.0,7.074637413024902,0.0
6.183333333333334,487500.0,7.09519624710083,0.0
6.2,487500.0,7.115558624267578,0.0
6.216666666666667,487500.0,7.135821342468262,0.0
6.233333333333333,487500.0,7.155886650085449,0.0
6.25,487500.0,7.175784587860107,0.0
6.266666666666667,487500.0,7.195542335510254,0.0
6.283333333333333,487500.0,7.215147495269775,0.0
6.3,487500.0,7.234564781188965,0.0
6.316666666666666,487500.0,7.253875732421875,0.0
6.333333333333333,487500.0,7.273004531860352,0.0
6.35,487500.0,7.291956901550293,0.0
6.366666666666666,487500.0,7.310788154602051,0.0
6.383333333333334,487500.0,7.3294453620910645,0.0
6.4,487500.0,7.347970962524414,0.0
6.416666666666667,487500.0,7.366340637207031,0.0
6.433333333333334,487500.0,7.384547233581543,0.0
6.45,487500.0,7.40260648727417,0.0
6.466666666666667,487500.0,7.420498371124268,0.0
6.483333333333333,487500.0,7.438276290893555,0.0
6.5,487500.0,7.455902099609375,0.0
6.516666666666667,487500.0,7.473334312438965,0.0
6.533333333333333,487500.0,7.490703582763672,0.0
6.55,487500.0,7.507898807525635,0.0
6.566666666666666,487500.0,7.524926662445068,0.0
6.583333333333333,487500.0,7.541834831237793,0.0
6.6,487500.0,7.558576583862305,0.0
6.616666666666666,487500.0,7.5751953125,0.0
6.633333333333334,487500.0,7.591648578643799,0.0
6.65,487500.0,7.607975959777832,0.0
6.666666666666667,487500.0,7.624142646789551,0.0
6.683333333333334,487500.0,7.640191555023193,0.0
6.7,487500.0,7.656123161315918,0.0
6.716666666666667,487500.0,7.671901226043701,0.0
6.733333333333333,487500.0,7.687559127807617,0.0
6.75,487500.0,7.703065395355225,0.0
6.766666666666667,487500.0,7.718477249145508,0.0
6.783333333333333,487500.0,7.733736991882324,0.0
6.8,487500.0,7.748871803283691,0.0
6.816666666666666,487500.0,7.763879776000977,0.0
6.833333333333333,487500.0,7.778766632080078,0.0
6.85,487500.0,7.793515682220459,0.0
6.866666666666666,487500.0,7.808149337768555,0.0
6.883333333333334,487500.0,7.822653770446777,0.0
6.9,487500.0,7.837054252624512,0.0
6.916666666666667,487500.0,7.851290702819824,0.0
6.933333333333334,487500.0,7.865449905395508,0.0
6.95,487500.0,7.879455089569092,0.0
6.966666666666667,487500.0,7.893347263336182,0.0
6.983333333333333,487500.0,7.907084941864014,0.0
7.0,487500.0,7.920733451843262,0.0
7.016666666666667,487500.0,7.934271335601807,0.0
7.033333333333333,487500.0,7.9477081298828125,0.0
7.05,487500.0,7.960997581481934,0.0
7.066666666666666,487500.0,7.974175930023193,0.0
7.083333333333333,487500.0,7.9872283935546875,0.0
7.1,487500.0,8.000165939331055,0.0
7.116666666666666,487500.0,8.012950897216797,0.0
7.133333333333334,487500.0,8.025666236877441,0.0
7.15,487500.0,8.038293838500977,0.0
7.166666666666667,487500.0,8.050856590270996,0.0
7.183333333333334,487500.0,8.063273429870605,0.0
7.2,487500.0,8.075544357299805,0.0
7.216666666666667,487500.0,8.087706565856934,0.0
7.233333333333333,487500.0,8.099668502807617,0.0
7.25,487500.0,8.111595153808594,0.0
7.266666666666667,487500.0,8.12341594696045,0.0
7.283333333333333,487500.0,8.135123252868652,0.0
7.3,487500.0,8.146727561950684,0.0
7.316666666666666,487500.0,8.158283233642578,0.0
7.333333333333333,487500.0,8.169672012329102,0.0
7.35,487500.0,8.18098258972168,0.0
7.366666666666666,487500.0,8.192253112792969,0.0
7.383333333333334,487500.0,8.203347206115723,0.0
7.4,487500.0,8.21430778503418,0.0
7.416666666666667,487500.0,8.225251197814941,0.0
7.433333333333334,487500.0,8.23605728149414,0.0
7.45,487500.0,8.246763229370117,0.0
7.466666666666667,487500.0,8.257400512695312,0.0
7.483333333333333,487500.0,8.267952919006348,0.0
7.5,487500.0,8.278377532958984,0.0
7.516666666666667,487500.0,8.288692474365234,0.0
7.533333333333333,487500.0,8.298872947692871,0.0
7.55,487500.0,8.309015274047852,0.0
7.566666666666666,487500.0,8.319067001342773,0.0
7.583333333333333,487500.0,8.329059600830078,0.0
7.6,487500.0,8.338935852050781,0.0
7.616666666666666,487500.0,8.348762512207031,0.0
7.633333333333334,487500.0,8.358449935913086,0.0
7.65,487500.0,8.368120193481445,0.0
7.666666666666667,487500.0,8.377619743347168,0.0
7.683333333333334,487500.0,8.387079238891602,0.0
7.7,487500.0,8.396427154541016,0.0
7.716666666666667,487500.0,8.405593872070312,0.0
7.733333333333333,487500.0,8.414697647094727,0.0
7.75,487500.0,8.423744201660156,0.0
7.766666666666667,487500.0,8.432769775390625,0.0
7.783333333333333,487500.0,8.441768646240234,0.0
7.8,487500.0,8.450577735900879,0.0
7.816666666666666,487500.0,8.459343910217285,0.0
7.833333333333333,487500.0,8.468046188354492,0.0
7.85,487500.0,8.476700782775879,0.0
7.866666666666666,487500.0,8.485197067260742,0.0
7.883333333333334,487500.0,8.49365234375,0.0
7.9,487500.0,8.502033233642578,0.0
7.916666666666667,487500.0,8.510345458984375,0.0
7.933333333333334,487500.0,8.518523216247559,0.0
7.95,487500.0,8.526601791381836,0.0
7.966666666666667,487500.0,8.534660339355469,0.0
7.983333333333333,487500.0,8.542617797851562,0.0
8.0,487500.0,8.55052375793457,0.0
8.016666666666667,487500.0,8.558351516723633,0.0
8.033333333333333,487500.0,8.56612777709961,0.0
8.05,487500.0,8.573863983154297,0.0
8.066666666666666,487500.0,8.581470489501953,0.0
8.083333333333334,487500.0,8.589017868041992,0.0
8.1,487500.0,8.596484184265137,0.0
8.116666666666667,487500.0,8.603923797607422,0.0
8.133333333333333,487500.0,8.611289978027344,0.0
8.15,487500.0,8.618552207946777,0.0
8.166666666666666,487500.0,8.62578010559082,0.0
8.183333333333334,487500.0,8.632919311523438,0.0
8.2,487500.0,8.640029907226562,0.0
8.216666666666667,487500.0,8.6470947265625,0.0
8.233333333333333,487500.0,8.654010772705078,0.0
8.25,487500.0,8.660833358764648,0.0
8.266666666666667,487500.0,8.667652130126953,0.0
8.283333333333333,487500.0,8.674428939819336,0.0
8.3,487500.0,8.681198120117188,0.0
8.316666666666666,487500.0,8.687777519226074,0.0
8.333333333333334,487500.0,8.694276809692383,0.0
8.35,487500.0,8.700723648071289,0.0
8.366666666666667,487500.0,8.7070951461792,0.0
8.383333333333333,487500.0,8.713407516479492,0.0
8.4,487500.0,8.719725608825684,0.0
8.416666666666666,487500.0,8.726001739501953,0.0
8.433333333333334,487500.0,8.732185363769531,0.0
8.45,487500.0,8.73834228515625,0.0
8.466666666666667,487500.0,8.744466781616211,0.0
8.483333333333333,487500.0,8.750504493713379,0.0
8.5,487500.0,8.756449699401855,0.0
8.516666666666667,487500.0,8.762374877929688,0.0
8.533333333333333,487500.0,8.768230438232422,0.0
8.55,487500.0,8.77408218383789,0.0
8.566666666666666,487500.0,8.779891967773438,0.0
8.583333333333334,487500.0,8.785637855529785,0.0
8.6,487500.0,8.791197776794434,0.0
8.616666666666667,487500.0,8.796735763549805,0.0
8.633333333333333,487500.0,8.802227020263672,0.0
8.65,487500.0,8.807706832885742,0.0
8.666666666666666,487500.0,8.813068389892578,0.0
8.683333333333334,487500.0,8.818425178527832,0.0
8.7,487500.0,8.823749542236328,0.0
8.716666666666667,487500.0,8.829068183898926,0.0
8.733333333333333,487500.0,8.834280967712402,0.0
8.75,487500.0,8.839439392089844,0.0
8.766666666666667,487500.0,8.844534873962402,0.0
8.783333333333333,487500.0,8.849563598632812,0.0
8.8,487500.0,8.854554176330566,0.0
8.816666666666666,487500.0,8.859527587890625,0.0
8.833333333333334,487500.0,8.86440658569336,0.0
8.85,487500.0,8.869241714477539,0.0
8.866666666666667,487500.0,8.874076843261719,0.0
8.883333333333333,487500.0,8.878881454467773,0.0
8.9,487500.0,8.883536338806152,0.0
8.916666666666666,487500.0,8.888126373291016,0.0
8.933333333333334,487500.0,8.892683029174805,0.0
8.95,487500.0,8.897222518920898,0.0
8.966666666666667,487500.0,8.901735305786133,0.0
8.983333333333333,487500.0,8.906248092651367,0.0
9.0,487500.0,8.910717010498047,0.0
9.016666666666667,487500.0,8.915087699890137,0.0
9.033333333333333,487500.0,8.919439315795898,0.0
9.05,487500.0,8.923713684082031,0.0
9.066666666666666,487500.0,8.927934646606445,0.0
9.083333333333334,487500.0,8.932138442993164,0.0
9.1,487500.0,8.936328887939453,0.0
9.116666666666667,487500.0,8.940519332885742,0.0
9.133333333333333,487500.0,8.944597244262695,0.0
9.15,487500.0,8.948630332946777,0.0
9.166666666666666,487500.0,8.952646255493164,0.0
9.183333333333334,487500.0,8.956585884094238,0.0
9.2,487500.0,8.96049690246582,0.0
9.216666666666667,487500.0,8.96440315246582,0.0
9.233333333333333,487500.0,8.968301773071289,0.0
9.25,487500.0,8.972177505493164,0.0
9.266666666666667,487500.0,8.976045608520508,0.0
9.283333333333333,487500.0,8.97987174987793,0.0
9.3,487500.0,8.983569145202637,0.0
9.316666666666666,487500.0,8.987199783325195,0.0
9.333333333333334,487500.0,8.990785598754883,0.0
9.35,487500.0,8.994356155395508,0.0
9.366666666666667,487500.0,8.997930526733398,0.0
9.383333333333333,487500.0,9.001490592956543,0.0
9.4,487500.0,9.005041122436523,0.0
9.416666666666666,487500.0,9.008573532104492,0.0
9.433333333333334,487500.0,9.011969566345215,0.0
9.45,487500.0,9.01535415649414,0.0
9.466666666666667,487500.0,9.018738746643066,0.0
9.483333333333333,487500.0,9.022086143493652,0.0
9.5,487500.0,9.025354385375977,0.0
9.516666666666667,487500.0,9.028608322143555,0.0
9.533333333333333,487500.0,9.031835556030273,0.0
9.55,487500.0,9.035058975219727,0.0
9.566666666666666,487500.0,9.038230895996094,0.0
9.583333333333334,487500.0,9.041343688964844,0.0
9.6,487500.0,9.044434547424316,0.0
9.616666666666667,487500.0,9.047496795654297,0.0
9.633333333333333,487500.0,9.050559043884277,0.0
9.65,487500.0,9.053555488586426,0.0
9.666666666666666,487500.0,9.056520462036133,0.0
9.683333333333334,487500.0,9.059462547302246,0.0
9.7,487500.0,9.062387466430664,0.0
9.716666666666667,487500.0,9.065288543701172,0.0
9.733333333333333,487500.0,9.06818962097168,0.0
9.75,487500.0,9.0709810256958,0.0
9.766666666666667,487500.0,9.073728561401367,0.0
9.783333333333333,487500.0,9.0764741897583,0.0
9.8,487500.0,9.079217910766602,0.0
9.816666666666666,487500.0,9.081957817077637,0.0
9.833333333333334,487500.0,9.084653854370117,0.0
9.85,487500.0,9.087282180786133,0.0
9.866666666666667,487500.0,9.08989143371582,0.0
9.883333333333333,487500.0,9.09249496459961,0.0
9.9,487500.0,9.095087051391602,0.0
9.916666666666666,487500.0,9.097667694091797,0.0
9.933333333333334,487500.0,9.10024642944336,0.0
9.95,487500.0,9.102768898010254,0.0
9.966666666666667,487500.0,9.105210304260254,0.0
9.983333333333333,487500.0,9.107630729675293,0.0
10.0,487500.0,9.110047340393066,0.0
10.016666666666667,487500.0,9.112419128417969,0.0
0.0,525000.0,9.992568016052246,0.0
0.016666666666666666,525000.0,8.715596199035645,0.0
0.03333333333333333,525000.0,7.4325480461120605,0.0
0.05,525000.0,6.158576965332031,0.0
0.06666666666666667,525000.0,4.924544811248779,0.0
0.08333333333333333,525000.0,3.711324453353882,0.0
0.1,525000.0,2.5207266807556152,0.0
0.11666666666666667,525000.0,1.4548311233520508,0.0
0.13333333333333333,525000.0,0.5614149570465088,40.047393364928915
0.15,525000.0,0.0744861364364624,47.39336492890995
0.16666666666666666,525000.0,0.0,47.867298578199055
0.18333333333333332,525000.0,0.0,47.39336492890995
0.2,525000.0,0.0,45.97156398104265
0.21666666666666667,525000.0,0.0,45.7345971563981
0.23333333333333334,525000.0,0.0,47.6303317535545
0.25,525000.0,0.0,47.1563981042654
0.26666666666666666,525000.0,0.0,48.81516587677725
0.2833333333333333,525000.0,0.0,48.81516587677725
0.3,525000.0,0.0,51.18483412322274
0.31666666666666665,525000.0,0.0,51.8957345971564
0.3333333333333333,525000.0,0.0,52.843601895734594
0.35,525000.0,0.0,54.502369668246445
0.36666666666666664,525000.0,0.0,56.39810426540285
0.38333333333333336,525000.0,0.0,57.10900473933649
0.4,525000.0,0.0,59.47867298578199
0.4166666666666667,525000.0,0.0,59.95260663507109
0.43333333333333335,525000.0,0.0,62.55924170616114
0.45,525000.0,0.0,63.507109004739334
0.4666666666666667,525000.0,0.0,64.69194312796208
0.48333333333333334,525000.0,0.0,68.48341232227489
0.5,525000.0,0.0,68.00947867298578
0.5166666666666667,525000.0,0.0,70.85308056872039
0.5333333333333333,525000.0,0.0,74.40758293838863
0.55,525000.0,0.0,74.88151658767772
0.5666666666666667,525000.0,0.0,76.54028436018957
0.5833333333333334,525000.0,0.0,77.72511848341233
0.6,525000.0,0.0,80.80568720379146
0.6166666666666667,525000.0,0.0,81.75355450236967
0.6333333333333333,525000.0,0.0,83.41232227488152
0.65,525000.0,0.0,85.54502369668246
0.6666666666666666,525000.0,0.0,87.91469194312796
0.6833333333333333,525000.0,0.0,89.57345971563981
0.7,525000.0,0.0,91.70616113744076
0.7166666666666667,525000.0,0.0,94.3127962085308
0.7333333333333333,525000.0,0.0,95.49763033175356
0.75,525000.0,0.0,97.6303317535545
0.7666666666666667,525000.0,0.0,99.0521327014218
0.7833333333333333,525000.0,0.0,99.76303317535546
0.8,525000.0,0.0,100.0
0.8166666666666667,525000.0,0.0,100.0
0.8333333333333334,525000.0,0.0,100.0
0.85,525000.0,0.0,100.0
0.8666666666666667,525000.0,0.0,100.0
0.8833333333333333,525000.0,0.0,99.0521327014218
0.9,525000.0,0.0,99.0521327014218
0.9166666666666666,525000.0,0.0,98.5781990521327
0.9333333333333333,525000.0,0.0,98.5781990521327
0.95,525000.0,0.0,98.5781990521327
0.9666666666666667,525000.0,0.0,98.5781990521327
0.9833333333333333,525000.0,0.0,98.10426540284361
1.0,525000.0,0.0,98.10426540284361
1.0166666666666666,525000.0,0.0,97.1563981042654
1.0333333333333334,525000.0,0.0,97.1563981042654
1.05,525000.0,0.0,97.1563981042654
1.0666666666666667,525000.0,0.0,96.6824644549763
1.0833333333333333,525000.0,0.0,96.6824644549763
1.1,525000.0,0.0,96.6824644549763
1.1166666666666667,525000.0,0.0,96.6824644549763
1.1333333333333333,525000.0,0.0,96.6824644549763
1.15,525000.0,0.0,96.2085308056872
1.1666666666666667,525000.0,0.0,95.73459715639811
1.1833333333333333,525000.0,0.0,95.260663507109
1.2,525000.0,0.0,95.260663507109
1.2166666666666666,525000.0,0.0,94.7867298578199
1.2333333333333334,525000.0,0.0,94.3127962085308
1.25,525000.0,0.0,94.3127962085308
1.2666666666666666,525000.0,0.0,94.3127962085308
1.2833333333333334,525000.0,0.0,94.3127962085308
1.3,525000.0,0.0,94.3127962085308
1.3166666666666667,525000.0,0.0,94.3127962085308
1.3333333333333333,525000.0,0.0,94.3127962085308
1.35,525000.0,0.0,93.8388625592417
1.3666666666666667,525000.0,0.0,92.89099526066352
1.3833333333333333,525000.0,0.0,92.89099526066352
1.4,525000.0,0.0,92.41706161137441
1.4166666666666667,525000.0,0.0,92.41706161137441
1.4333333333333333,525000.0,0.0,91.4691943127962
1.45,525000.0,0.0,90.99526066350711
1.4666666666666666,525000.0,0.0,90.99526066350711
1.4833333333333334,525000.0,0.0,90.52132701421802
1.5,525000.0,0.0,90.52132701421802
1.5166666666666666,525000.0,0.0,89.57345971563981
1.5333333333333334,525000.0,0.0,89.57345971563981
1.55,525000.0,0.0,89.0995260663507
1.5666666666666667,525000.0,0.0,88.15165876777252
1.5833333333333333,525000.0,0.0,87.67772511848341
1.6,525000.0,0.0,87.20379146919431
1.6166666666666667,525000.0,0.0,87.20379146919431
1.6333333333333333,525000.0,0.0,85.78199052132702
1.65,525000.0,0.0,85.78199052132702
1.6666666666666667,525000.0,0.0,84.12322274881517
1.6833333333333333,525000.0,0.0,83.64928909952607
1.7,525000.0,0.0,83.64928909952607
1.7166666666666666,525000.0,0.0,83.17535545023696
1.7333333333333334,525000.0,0.0,82.70142180094787
1.75,525000.0,0.0,81.75355450236967
1.7666666666666666,525000.0,0.0,81.27962085308057
1.7833333333333334,525000.0,0.0,80.80568720379146
1.8,525000.0,0.0,80.33175355450237
1.8166666666666667,525000.0,0.0,79.62085308056872
1.8333333333333333,525000.0,0.0,78.19905213270142
1.85,525000.0,0.0,78.19905213270142
1.8666666666666667,525000.0,0.0,76.77725118483413
1.8833333333333333,525000.0,0.0,75.82938388625593
1.9,525000.0,0.0,74.88151658767772
1.9166666666666667,525000.0,0.0,73.93364928909952
1.9333333333333333,525000.0,0.0,73.22274881516587
1.95,525000.0,0.0,72.74881516587678
1.9666666666666666,525000.0,0.0,72.27488151658767
1.9833333333333334,525000.0,0.0,71.80094786729858
2.0,525000.0,0.0,70.85308056872039
2.0166666666666666,525000.0,0.0,70.85308056872039
2.033333333333333,525000.0,0.0,70.37914691943128
2.05,525000.0,1.125427479564678e-05,69.19431279620854
2.066666666666667,525000.0,5.945922021055594e-05,68.72037914691943
2.0833333333333335,525000.0,6.870602373965085e-05,67.77251184834124
2.1,525000.0,9.190216951537877e-05,66.82464454976304
2.1166666666666667,525000.0,0.00013109941210132092,65.40284360189574
2.1333333333333333,525000.0,0.0001906494435388595,64.92890995260665
2.15,525000.0,0.0002765707322396338,63.98104265402843
2.1666666666666665,525000.0,0.0003964623319916427,62.796208530805686
2.183333333333333,525000.0,0.0005596388946287334,61.84834123222749
2.2,525000.0,0.0007773332763463259,61.37440758293838
2.216666666666667,525000.0,0.0010629268363118172,61.37440758293838
2.2333333333333334,525000.0,0.001432158169336617,59.95260663507109
2.25,525000.0,0.0019033919088542461,59.95260663507109
2.2666666666666666,525000.0,0.002497835084795952,58.29383886255924
2.283333333333333,525000.0,0.0032397564500570297,56.39810426540285
2.3,525000.0,0.003759989980608225,56.39810426540285
2.316666666666667,525000.0,0.004247934557497501,55.92417061611374
2.3333333333333335,525000.0,0.004855676554143429,54.502369668246445
2.35,525000.0,0.005606273654848337,54.02843601895735
2.3666666666666667,525000.0,0.006525754928588867,53.317535545023695
2.3833333333333333,525000.0,0.007643251679837704,52.843601895734594
2.4,525000.0,0.008991166017949581,51.8957345971564
2.4166666666666665,525000.0,0.010605157352983952,50.947867298578196
2.433333333333333,525000.0,0.012524179182946682,49.5260663507109
2.45,525000.0,0.014790426939725876,48.5781990521327
2.466666666666667,525000.0,0.017449162900447845,47.39336492890995
2.4833333333333334,525000.0,0.020548555999994278,46.91943127962085
2.5,525000.0,0.024139534682035446,45.97156398104265
2.5166666666666666,525000.0,0.028275340795516968,45.497630331753555
2.533333333333333,525000.0,0.03301108628511429,44.54976303317535
2.55,525000.0,0.03840325027704239,42.65402843601896
2.566666666666667,525000.0,0.04450943320989609,41.943127962085306
2.5833333333333335,525000.0,0.05138725787401199,40.52132701421801
2.6,525000.0,0.05909380316734314,40.047393364928915
2.6166666666666667,525000.0,0.06768488883972168,39.09952606635071
2.6333333333333333,525000.0,0.07721462845802307,38.15165876777251
2.65,525000.0,0.08610381186008453,37.44075829383886
2.6666666666666665,525000.0,0.09392224252223969,37.44075829383886
2.683333333333333,525000.0,0.10261242091655731,34.12322274881517
2.7,525000.0,0.11222894489765167,33.649289099526065
2.716666666666667,525000.0,0.12282450497150421,32.22748815165877
2.7333333333333334,525000.0,0.13444797694683075,31.516587677725116
2.75,525000.0,0.14714448153972626,31.04265402843602
2.7666666666666666,525000.0,0.1609542816877365,29.620853080568722
2.783333333333333,525000.0,0.1759120374917984,29.14691943127962
2.8,525000.0,0.19204631447792053,27.251184834123222
2.816666666666667,525000.0,0.20937879383563995,25.118483412322274
2.8333333333333335,525000.0,0.2279243767261505,24.644549763033176
2.85,525000.0,0.24769161641597748,23.696682464454977
2.8666666666666667,525000.0,0.26868125796318054,23.22274881516588
2.8833333333333333,525000.0,0.29088690876960754,21.32701421800948
2.9,525000.0,0.31429576873779297,19.194312796208532
2.9166666666666665,525000.0,0.33888888359069824,18.72037914691943
2.933333333333333,525000.0,0.36464107036590576,17.298578199052134
2.95,525000.0,0.391522079706192,16.350710900473935
2.966666666666667,525000.0,0.4194962680339813,15.402843601895736
2.9833333333333334,525000.0,0.4485241174697876,14.218009478672986
3.0,525000.0,0.478563129901886,12.796208530805686
3.0166666666666666,525000.0,0.5095665454864502,11.374407582938389
3.033333333333333,525000.0,0.541487455368042,10.42654028436019
3.05,525000.0,0.5742765665054321,8.293838862559241
3.066666666666667,525000.0,0.607883870601654,8.293838862559241
3.0833333333333335,525000.0,0.6422581672668457,8.293838862559241
3.1,525000.0,0.6773488521575928,6.398104265402843
3.1166666666666667,525000.0,0.7131054401397705,4.502369668246446
3.1333333333333333,525000.0,0.7494769096374512,3.7914691943127963
3.15,525000.0,0.7864171862602234,3.7914691943127963
3.1666666666666665,525000.0,0.8238779902458191,3.7914691943127963
3.183333333333333,525000.0,0.8618146181106567,1.4218009478672986
3.2,525000.0,0.9001857042312622,0.23696682464454977
3.216666666666667,525000.0,0.9389513731002808,0.23696682464454977
3.2333333333333334,525000.0,0.9780716896057129,0.23696682464454977
3.25,525000.0,1.0175113677978516,0.0
3.2666666666666666,525000.0,1.057238221168518,0.0
3.283333333333333,525000.0,1.0972201824188232,0.0
3.3,525000.0,1.1374269723892212,0.0
3.316666666666667,525000.0,1.1778318881988525,0.0
3.3333333333333335,525000.0,1.2184104919433594,0.0
3.35,525000.0,1.2591397762298584,0.0
3.3666666666666667,525000.0,1.3000023365020752,0.0
3.3833333333333333,525000.0,1.3409807682037354,0.0
3.4,525000.0,1.382054328918457,0.0
3.4166666666666665,525000.0,1.423215627670288,0.0
3.433333333333333,525000.0,1.4644501209259033,0.0
3.45,525000.0,1.505746841430664,0.0
3.466666666666667,525000.0,1.547098159790039,0.0
3.4833333333333334,525000.0,1.5884945392608643,0.0
3.5,525000.0,1.6299231052398682,0.0
3.5166666666666666,525000.0,1.6713863611221313,0.0
3.533333333333333,525000.0,1.712881088256836,0.0
3.55,525000.0,1.7544057369232178,0.0
3.566666666666667,525000.0,1.7959568500518799,0.0
3.5833333333333335,525000.0,1.8375303745269775,0.0
3.6,525000.0,1.8791096210479736,0.0
3.6166666666666667,525000.0,1.9207085371017456,0.0
3.6333333333333333,525000.0,1.9623315334320068,0.0
3.65,525000.0,2.0039725303649902,0.0
3.6666666666666665,525000.0,2.045621395111084,0.0
3.683333333333333,525000.0,2.0872886180877686,0.0
3.7,525000.0,2.1289820671081543,0.0
3.716666666666667,525000.0,2.1706838607788086,0.0
3.7333333333333334,525000.0,2.2123961448669434,0.0
3.75,525000.0,2.2541115283966064,0.0
3.7666666666666666,525000.0,2.295846462249756,0.0
3.783333333333333,525000.0,2.337589740753174,0.0
3.8,525000.0,2.379333019256592,0.0
3.816666666666667,525000.0,2.4210762977600098,0.0
3.8333333333333335,525000.0,2.4628195762634277,0.0
3.85,525000.0,2.5045628547668457,0.0
3.8666666666666667,525000.0,2.5463061332702637,0.0
3.8833333333333333,525000.0,2.5880494117736816,0.0
3.9,525000.0,2.6297738552093506,0.0
3.9166666666666665,525000.0,2.6714959144592285,0.0
3.933333333333333,525000.0,2.7131996154785156,0.0
3.95,525000.0,2.7548751831054688,0.0
3.966666666666667,525000.0,2.7965292930603027,0.0
3.9833333333333334,525000.0,2.8381361961364746,0.0
4.0,525000.0,2.879718065261841,0.0
4.016666666666667,525000.0,2.9212584495544434,0.0
4.033333333333333,525000.0,2.9627552032470703,0.0
4.05,525000.0,3.004188299179077,0.0
4.066666666666666,525000.0,3.045574188232422,0.0
4.083333333333333,525000.0,3.0868935585021973,0.0
4.1,525000.0,3.128143548965454,0.0
4.116666666666666,525000.0,3.1692967414855957,0.0
4.133333333333334,525000.0,3.2104005813598633,0.0
4.15,525000.0,3.2514147758483887,0.0
4.166666666666667,525000.0,3.292325735092163,0.0
4.183333333333334,525000.0,3.33315372467041,0.0
4.2,525000.0,3.3738770484924316,0.0
4.216666666666667,525000.0,3.4144959449768066,0.0
4.233333333333333,525000.0,3.4550137519836426,0.0
4.25,525000.0,3.495415687561035,0.0
4.266666666666667,525000.0,3.5357065200805664,0.0
4.283333333333333,525000.0,3.575864315032959,0.0
4.3,525000.0,3.615914821624756,0.0
4.316666666666666,525000.0,3.6558339595794678,0.0
4.333333333333333,525000.0,3.6956162452697754,0.0
4.35,525000.0,3.7352681159973145,0.0
4.366666666666666,525000.0,3.774796485900879,0.0
4.383333333333334,525000.0,3.8141846656799316,0.0
4.4,525000.0,3.8534324169158936,0.0
4.416666666666667,525000.0,3.8925538063049316,0.0
4.433333333333334,525000.0,3.9315268993377686,0.0
4.45,525000.0,3.970351219177246,0.0
4.466666666666667,525000.0,4.009023666381836,0.0
4.483333333333333,525000.0,4.047554969787598,0.0
4.5,525000.0,4.08591365814209,0.0
4.516666666666667,525000.0,4.124135494232178,0.0
4.533333333333333,525000.0,4.162203788757324,0.0
4.55,525000.0,4.200100898742676,0.0
4.566666666666666,525000.0,4.237832546234131,0.0
4.583333333333333,525000.0,4.275440216064453,0.0
4.6,525000.0,4.31287956237793,0.0
4.616666666666666,525000.0,4.350147724151611,0.0
4.633333333333334,525000.0,4.387237548828125,0.0
4.65,525000.0,4.4241790771484375,0.0
4.666666666666667,525000.0,4.460963726043701,0.0
4.683333333333334,525000.0,4.497567176818848,0.0
4.7,525000.0,4.534005165100098,0.0
4.716666666666667,525000.0,4.570285320281982,0.0
4.733333333333333,525000.0,4.606404781341553,0.0
4.75,525000.0,4.6423468589782715,0.0
4.766666666666667,525000.0,4.6781134605407715,0.0
4.783333333333333,525000.0,4.713704586029053,0.0
4.8,525000.0,4.749129295349121,0.0
4.816666666666666,525000.0,4.784380912780762,0.0
4.833333333333333,525000.0,4.819443702697754,0.0
4.85,525000.0,4.854342460632324,0.0
4.866666666666666,525000.0,4.8890790939331055,0.0
4.883333333333334,525000.0,4.923619270324707,0.0
4.9,525000.0,4.9579949378967285,0.0
4.916666666666667,525000.0,4.992185115814209,0.0
4.933333333333334,525000.0,5.026193141937256,0.0
4.95,525000.0,5.060018539428711,0.0
4.966666666666667,525000.0,5.093667030334473,0.0
4.983333333333333,525000.0,5.127132415771484,0.0
5.0,525000.0,5.160419464111328,0.0
5.016666666666667,525000.0,5.19352912902832,0.0
5.033333333333333,525000.0,5.226441383361816,0.0
5.05,525000.0,5.259179592132568,0.0
5.066666666666666,525000.0,5.291738510131836,0.0
5.083333333333333,525000.0,5.3241095542907715,0.0
5.1,525000.0,5.356288909912109,0.0
5.116666666666666,525000.0,5.388275623321533,0.0
5.133333333333334,525000.0,5.420095443725586,0.0
5.15,525000.0,5.451708793640137,0.0
5.166666666666667,525000.0,5.483158111572266,0.0
5.183333333333334,525000.0,5.514401435852051,0.0
5.2,525000.0,5.545453071594238,0.0
5.216666666666667,525000.0,5.576321601867676,0.0
5.233333333333333,525000.0,5.606996536254883,0.0
5.25,525000.0,5.637491226196289,0.0
5.266666666666667,525000.0,5.667797565460205,0.0
5.283333333333333,525000.0,5.6979169845581055,0.0
5.3,525000.0,5.727842807769775,0.0
5.316666666666666,525000.0,5.757570266723633,0.0
5.333333333333333,525000.0,5.787117958068848,0.0
5.35,525000.0,5.816482067108154,0.0
5.366666666666666,525000.0,5.845641136169434,0.0
5.383333333333334,525000.0,5.874603748321533,0.0
5.4,525000.0,5.903385162353516,0.0
5.416666666666667,525000.0,5.931997299194336,0.0
5.433333333333334,525000.0,5.960402488708496,0.0
5.45,525000.0,5.988661289215088,0.0
5.466666666666667,525000.0,6.01669979095459,0.0
5.483333333333333,525000.0,6.044551372528076,0.0
5.5,525000.0,6.072208404541016,0.0
5.516666666666667,525000.0,6.099652290344238,0.0
5.533333333333333,525000.0,6.126948356628418,0.0
5.55,525000.0,6.154032230377197,0.0
5.566666666666666,525000.0,6.1809563636779785,0.0
5.583333333333333,525000.0,6.207677364349365,0.0
5.6,525000.0,6.234213829040527,0.0
5.616666666666666,525000.0,6.260577201843262,0.0
5.633333333333334,525000.0,6.2867431640625,0.0
5.65,525000.0,6.312745094299316,0.0
5.666666666666667,525000.0,6.33858585357666,0.0
5.683333333333334,525000.0,6.364200115203857,0.0
5.7,525000.0,6.389639377593994,0.0
5.716666666666667,525000.0,6.414895534515381,0.0
5.733333333333333,525000.0,6.440014362335205,0.0
5.75,525000.0,6.464935302734375,0.0
5.766666666666667,525000.0,6.489648342132568,0.0
5.783333333333333,525000.0,6.514204978942871,0.0
5.8,525000.0,6.5385966300964355,0.0
5.816666666666666,525000.0,6.562799453735352,0.0
5.833333333333333,525000.0,6.5868239402771,0.0
5.85,525000.0,6.610686779022217,0.0
5.866666666666666,525000.0,6.634346961975098,0.0
5.883333333333334,525000.0,6.657841682434082,0.0
5.9,525000.0,6.681148052215576,0.0
5.916666666666667,525000.0,6.704341888427734,0.0
5.933333333333334,525000.0,6.727327346801758,0.0
5.95,525000.0,6.7501115798950195,0.0
5.966666666666667,525000.0,6.772753715515137,0.0
5.983333333333333,525000.0,6.795238494873047,0.0
6.0,525000.0,6.817537307739258,0.0
6.016666666666667,525000.0,6.839680194854736,0.0
6.033333333333333,525000.0,6.861654281616211,0.0
6.05,525000.0,6.883428573608398,0.0
6.066666666666666,525000.0,6.9050517082214355,0.0
6.083333333333333,525000.0,6.926518440246582,0.0
6.1,525000.0,6.947798728942871,0.0
6.116666666666666,525000.0,6.968960762023926,0.0
6.133333333333334,525000.0,6.989902973175049,0.0
6.15,525000.0,7.01071834564209,0.0
6.166666666666667,525000.0,7.031355857849121,0.0
6.183333333333334,525000.0,7.051844120025635,0.0
6.2,525000.0,7.072170257568359,0.0
6.216666666666667,525000.0,7.092335224151611,0.0
6.233333333333333,525000.0,7.112331390380859,0.0
6.25,525000.0,7.132171630859375,0.0
6.266666666666667,525000.0,7.1518635749816895,0.0
6.283333333333333,525000.0,7.171401023864746,0.0
6.3,525000.0,7.190771102905273,0.0
6.316666666666666,525000.0,7.210006237030029,0.0
6.333333333333333,525000.0,7.229068756103516,0.0
6.35,525000.0,7.247965335845947,0.0
6.366666666666666,525000.0,7.266729354858398,0.0
6.383333333333334,525000.0,7.285340785980225,0.0
6.4,525000.0,7.303772449493408,0.0
6.416666666666667,525000.0,7.322082042694092,0.0
6.433333333333334,525000.0,7.340228080749512,0.0
6.45,525000.0,7.358232021331787,0.0
6.466666666666667,525000.0,7.376081466674805,0.0
6.483333333333333,525000.0,7.393791198730469,0.0
6.5,525000.0,7.4113569259643555,0.0
6.516666666666667,525000.0,7.428765296936035,0.0
6.533333333333333,525000.0,7.446054935455322,0.0
6.55,525000.0,7.463181495666504,0.0
6.566666666666666,525000.0,7.480158805847168,0.0
6.583333333333333,525000.0,7.497018814086914,0.0
6.6,525000.0,7.513726711273193,0.0
6.616666666666666,525000.0,7.530256748199463,0.0
6.633333333333334,525000.0,7.546694278717041,0.0
6.65,525000.0,7.562973499298096,0.0
6.666666666666667,525000.0,7.579108238220215,0.0
6.683333333333334,525000.0,7.595129013061523,0.0
6.7,525000.0,7.611023902893066,0.0
6.716666666666667,525000.0,7.626761436462402,0.0
6.733333333333333,525000.0,7.642354488372803,0.0
6.75,525000.0,7.6578264236450195,0.0
6.766666666666667,525000.0,7.673192501068115,0.0
6.783333333333333,525000.0,7.688403606414795,0.0
6.8,525000.0,7.703480243682861,0.0
6.816666666666666,525000.0,7.718445777893066,0.0
6.833333333333333,525000.0,7.733268737792969,0.0
6.85,525000.0,7.747979164123535,0.0
6.866666666666666,525000.0,7.762540340423584,0.0
6.883333333333334,525000.0,7.777008056640625,0.0
6.9,525000.0,7.791354656219482,0.0
6.916666666666667,525000.0,7.805558204650879,0.0
6.933333333333334,525000.0,7.819629192352295,0.0
6.95,525000.0,7.833600044250488,0.0
6.966666666666667,525000.0,7.847439289093018,0.0
6.983333333333333,525000.0,7.861163139343262,0.0
7.0,525000.0,7.874770164489746,0.0
7.016666666666667,525000.0,7.8883056640625,0.0
7.033333333333333,525000.0,7.901698589324951,0.0
7.05,525000.0,7.914955139160156,0.0
7.066666666666666,525000.0,7.9280476570129395,0.0
7.083333333333333,525000.0,7.9410719871521,0.0
7.1,525000.0,7.953968524932861,0.0
7.116666666666666,525000.0,7.966727256774902,0.0
7.133333333333334,525000.0,7.979405879974365,0.0
7.15,525000.0,7.9919633865356445,0.0
7.166666666666667,525000.0,8.004387855529785,0.0
7.183333333333334,525000.0,8.016714096069336,0.0
7.2,525000.0,8.028934478759766,0.0
7.216666666666667,525000.0,8.041025161743164,0.0
7.233333333333333,525000.0,8.05300521850586,0.0
7.25,525000.0,8.064931869506836,0.0
7.266666666666667,525000.0,8.076766967773438,0.0
7.283333333333333,525000.0,8.088419914245605,0.0
7.3,525000.0,8.100024223327637,0.0
7.316666666666666,525000.0,8.111617088317871,0.0
7.333333333333333,525000.0,8.122940063476562,0.0
7.35,525000.0,8.134215354919434,0.0
7.366666666666666,525000.0,8.145336151123047,0.0
7.383333333333334,525000.0,8.156402587890625,0.0
7.4,525000.0,8.167404174804688,0.0
7.416666666666667,525000.0,8.17830753326416,0.0
7.433333333333334,525000.0,8.189044952392578,0.0
7.45,525000.0,8.199731826782227,0.0
7.466666666666667,525000.0,8.210369110107422,0.0
7.483333333333333,525000.0,8.220922470092773,0.0
7.5,525000.0,8.231307983398438,0.0
7.516666666666667,525000.0,8.241622924804688,0.0
7.533333333333333,525000.0,8.251779556274414,0.0
7.55,525000.0,8.261890411376953,0.0
7.566666666666666,525000.0,8.271883010864258,0.0
7.583333333333333,525000.0,8.28183650970459,0.0
7.6,525000.0,8.291646003723145,0.0
7.616666666666666,525000.0,8.30139446258545,0.0
7.633333333333334,525000.0,8.311076164245605,0.0
7.65,525000.0,8.320660591125488,0.0
7.666666666666667,525000.0,8.330146789550781,0.0
7.683333333333334,525000.0,8.339563369750977,0.0
7.7,525000.0,8.34891128540039,0.0
7.716666666666667,525000.0,8.358139038085938,0.0
7.733333333333333,525000.0,8.367304801940918,0.0
7.75,525000.0,8.376340866088867,0.0
7.766666666666667,525000.0,8.385366439819336,0.0
7.783333333333333,525000.0,8.394251823425293,0.0
7.8,525000.0,8.403092384338379,0.0
7.816666666666666,525000.0,8.411818504333496,0.0
7.833333333333333,525000.0,8.420454978942871,0.0
7.85,525000.0,8.428962707519531,0.0
7.866666666666666,525000.0,8.437398910522461,0.0
7.883333333333334,525000.0,8.445825576782227,0.0
7.9,525000.0,8.454206466674805,0.0
7.916666666666667,525000.0,8.462553024291992,0.0
7.933333333333334,525000.0,8.470711708068848,0.0
7.95,525000.0,8.478830337524414,0.0
7.966666666666667,525000.0,8.486896514892578,0.0
7.983333333333333,525000.0,8.494937896728516,0.0
8.0,525000.0,8.502828598022461,0.0
8.016666666666667,525000.0,8.510625839233398,0.0
8.033333333333333,525000.0,8.5183744430542,0.0
8.05,525000.0,8.526093482971191,0.0
8.066666666666666,525000.0,8.533653259277344,0.0
8.083333333333334,525000.0,8.541095733642578,0.0
8.1,525000.0,8.54850959777832,0.0
8.116666666666667,525000.0,8.555877685546875,0.0
8.133333333333333,525000.0,8.563170433044434,0.0
8.15,525000.0,8.570435523986816,0.0
8.166666666666666,525000.0,8.577665328979492,0.0
8.183333333333334,525000.0,8.584762573242188,0.0
8.2,525000.0,8.59179401397705,0.0
8.216666666666667,525000.0,8.598724365234375,0.0
8.233333333333333,525000.0,8.6056547164917,0.0
8.25,525000.0,8.61247730255127,0.0
8.266666666666667,525000.0,8.619302749633789,0.0
8.283333333333333,525000.0,8.626077651977539,0.0
8.3,525000.0,8.632739067077637,0.0
8.316666666666666,525000.0,8.639314651489258,0.0
8.333333333333334,525000.0,8.645814895629883,0.0
8.35,525000.0,8.652303695678711,0.0
8.366666666666667,525000.0,8.658754348754883,0.0
8.383333333333333,525000.0,8.66515827178955,0.0
8.4,525000.0,8.671429634094238,0.0
8.416666666666666,525000.0,8.677629470825195,0.0
8.433333333333334,525000.0,8.683757781982422,0.0
8.45,525000.0,8.689882278442383,0.0
8.466666666666667,525000.0,8.695907592773438,0.0
8.483333333333333,525000.0,8.701905250549316,0.0
8.5,525000.0,8.707900047302246,0.0
8.516666666666667,525000.0,8.713820457458496,0.0
8.533333333333333,525000.0,8.719653129577637,0.0
8.55,525000.0,8.725455284118652,0.0
8.566666666666666,525000.0,8.731240272521973,0.0
8.583333333333334,525000.0,8.736885070800781,0.0
8.6,525000.0,8.742515563964844,0.0
8.616666666666667,525000.0,8.748066902160645,0.0
8.633333333333333,525000.0,8.75358772277832,0.0
8.65,525000.0,8.75906753540039,0.0
8.666666666666666,525000.0,8.764473915100098,0.0
8.683333333333334,525000.0,8.76976490020752,0.0
8.7,525000.0,8.775025367736816,0.0
8.716666666666667,525000.0,8.780227661132812,0.0
8.733333333333333,525000.0,8.785415649414062,0.0
8.75,525000.0,8.790611267089844,0.0
8.766666666666667,525000.0,8.795709609985352,0.0
8.783333333333333,525000.0,8.800727844238281,0.0
8.8,525000.0,8.805694580078125,0.0
8.816666666666666,525000.0,8.810585021972656,0.0
8.833333333333334,525000.0,8.815431594848633,0.0
8.85,525000.0,8.820266723632812,0.0
8.866666666666667,525000.0,8.825063705444336,0.0
8.883333333333333,525000.0,8.8297119140625,0.0
8.9,525000.0,8.83435344696045,0.0
8.916666666666666,525000.0,8.838956832885742,0.0
8.933333333333334,525000.0,8.843507766723633,0.0
8.95,525000.0,8.848039627075195,0.0
8.966666666666667,525000.0,8.852567672729492,0.0
8.983333333333333,525000.0,8.857080459594727,0.0
9.0,525000.0,8.861501693725586,0.0
9.016666666666667,525000.0,8.865851402282715,0.0
9.033333333333333,525000.0,8.87014389038086,0.0
9.05,525000.0,8.874377250671387,0.0
9.066666666666666,525000.0,8.878602981567383,0.0
9.083333333333334,525000.0,8.882797241210938,0.0
9.1,525000.0,8.886987686157227,0.0
9.116666666666667,525000.0,8.891178131103516,0.0
9.133333333333333,525000.0,8.895307540893555,0.0
9.15,525000.0,8.899356842041016,0.0
9.166666666666666,525000.0,8.90335464477539,0.0
9.183333333333334,525000.0,8.9072904586792,0.0
9.2,525000.0,8.9111967086792,0.0
9.216666666666667,525000.0,8.915087699890137,0.0
9.233333333333333,525000.0,8.91895580291748,0.0
9.25,525000.0,8.922823905944824,0.0
9.266666666666667,525000.0,8.926682472229004,0.0
9.283333333333333,525000.0,8.930469512939453,0.0
9.3,525000.0,8.934167861938477,0.0
9.316666666666666,525000.0,8.937816619873047,0.0
9.333333333333334,525000.0,8.941407203674316,0.0
9.35,525000.0,8.94498062133789,0.0
9.366666666666667,525000.0,8.948551177978516,0.0
9.383333333333333,525000.0,8.95210075378418,0.0
9.4,525000.0,8.955646514892578,0.0
9.416666666666666,525000.0,8.959074974060059,0.0
9.433333333333334,525000.0,8.962469100952148,0.0
9.45,525000.0,8.96585464477539,0.0
9.466666666666667,525000.0,8.969239234924316,0.0
9.483333333333333,525000.0,8.972522735595703,0.0
9.5,525000.0,8.975776672363281,0.0
9.516666666666667,525000.0,8.979029655456543,0.0
9.533333333333333,525000.0,8.982271194458008,0.0
9.55,525000.0,8.985494613647461,0.0
9.566666666666666,525000.0,8.988679885864258,0.0
9.583333333333334,525000.0,8.991774559020996,0.0
9.6,525000.0,8.994844436645508,0.0
9.616666666666667,525000.0,8.997892379760742,0.0
9.633333333333333,525000.0,9.000877380371094,0.0
9.65,525000.0,9.00383186340332,0.0
9.666666666666666,525000.0,9.006765365600586,0.0
9.683333333333334,525000.0,9.00969123840332,0.0
9.7,525000.0,9.012603759765625,0.0
9.716666666666667,525000.0,9.015515327453613,0.0
9.733333333333333,525000.0,9.018415451049805,0.0
9.75,525000.0,9.021286010742188,0.0
9.766666666666667,525000.0,9.02405834197998,0.0
9.783333333333333,525000.0,9.02680492401123,0.0
9.8,525000.0,9.029544830322266,0.0
9.816666666666666,525000.0,9.0322847366333,0.0
9.833333333333334,525000.0,9.034979820251465,0.0
9.85,525000.0,9.037605285644531,0.0
9.866666666666667,525000.0,9.040205001831055,0.0
9.883333333333333,525000.0,9.042806625366211,0.0
9.9,525000.0,9.045400619506836,0.0
9.916666666666666,525000.0,9.047979354858398,0.0
9.933333333333334,525000.0,9.050530433654785,0.0
9.95,525000.0,9.052978515625,0.0
9.966666666666667,525000.0,9.055416107177734,0.0
9.983333333333333,525000.0,9.057841300964355,0.0
10.0,525000.0,9.060258865356445,0.0
10.016666666666667,525000.0,9.062676429748535,0.0
0.0,562500.0,9.992568016052246,0.0
0.016666666666666666,562500.0,8.715590476989746,0.0
0.03333333333333333,562500.0,7.432525634765625,0.0
0.05,562500.0,6.158524513244629,0.0
0.06666666666666667,562500.0,4.924454212188721,0.0
0.08333333333333333,562500.0,3.7111895084381104,0.0
0.1,562500.0,2.520545721054077,0.0
0.11666666666666667,562500.0,1.4546149969100952,0.0
0.13333333333333333,562500.0,0.5612095594406128,40.047393364928915
0.15,562500.0,0.07441185414791107,47.39336492890995
0.16666666666666666,562500.0,0.0,47.867298578199055
0.18333333333333332,562500.0,0.0,47.39336492890995
0.2,562500.0,0.0,45.97156398104265
0.21666666666666667,562500.0,0.0,45.7345971563981
0.23333333333333334,562500.0,0.0,47.6303317535545
0.25,562500.0,0.0,47.1563981042654
0.26666666666666666,562500.0,0.0,48.81516587677725
0.2833333333333333,562500.0,0.0,48.81516587677725
0.3,562500.0,0.0,51.18483412322274
0.31666666666666665,562500.0,0.0,51.8957345971564
0.3333333333333333,562500.0,0.0,52.843601895734594
0.35,562500.0,0.0,54.502369668246445
0.36666666666666664,562500.0,0.0,56.39810426540285
0.38333333333333336,562500.0,0.0,57.10900473933649
0.4,562500.0,0.0,59.47867298578199
0.4166666666666667,562500.0,0.0,59.95260663507109
0.43333333333333335,562500.0,0.0,62.55924170616114
0.45,562500.0,0.0,63.507109004739334
0.4666666666666667,562500.0,0.0,64.69194312796208
0.48333333333333334,562500.0,0.0,68.48341232227489
0.5,562500.0,0.0,68.00947867298578
0.5166666666666667,562500.0,0.0,70.85308056872039
0.5333333333333333,562500.0,0.0,74.40758293838863
0.55,562500.0,0.0,74.88151658767772
0.5666666666666667,562500.0,0.0,76.54028436018957
0.5833333333333334,562500.0,0.0,77.72511848341233
0.6,562500.0,0.0,80.80568720379146
0.6166666666666667,562500.0,0.0,81.75355450236967
0.6333333333333333,562500.0,0.0,83.41232227488152
0.65,562500.0,0.0,85.54502369668246
0.6666666666666666,562500.0,0.0,87.91469194312796
0.6833333333333333,562500.0,0.0,89.57345971563981
0.7,562500.0,0.0,91.70616113744076
0.7166666666666667,562500.0,0.0,94.3127962085308
0.7333333333333333,562500.0,0.0,95.49763033175356
0.75,562500.0,0.0,97.6303317535545
0.7666666666666667,562500.0,0.0,99.0521327014218
0.7833333333333333,562500.0,0.0,99.76303317535546
0.8,562500.0,0.0,100.0
0.8166666666666667,562500.0,0.0,100.0
0.8333333333333334,562500.0,0.0,100.0
0.85,562500.0,0.0,100.0
0.8666666666666667,562500.0,0.0,100.0
0.8833333333333333,562500.0,0.0,99.0521327014218
0.9,562500.0,0.0,99.0521327014218
0.9166666666666666,562500.0,0.0,98.5781990521327
0.9333333333333333,562500.0,0.0,98.5781990521327
0.95,562500.0,0.0,98.5781990521327
0.9666666666666667,562500.0,0.0,98.5781990521327
0.9833333333333333,562500.0,0.0,98.10426540284361
1.0,562500.0,0.0,98.10426540284361
1.0166666666666666,562500.0,0.0,97.1563981042654
1.0333333333333334,562500.0,0.0,97.1563981042654
1.05,562500.0,0.0,97.1563981042654
1.0666666666666667,562500.0,0.0,96.6824644549763
1.0833333333333333,562500.0,0.0,96.6824644549763
1.1,562500.0,0.0,96.6824644549763
1.1166666666666667,562500.0,0.0,96.6824644549763
1.1333333333333333,562500.0,0.0,96.6824644549763
1.15,562500.0,0.0,96.2085308056872
1.1666666666666667,562500.0,0.0,95.73459715639811
1.1833333333333333,562500.0,0.0,95.260663507109
1.2,562500.0,0.0,95.260663507109
1.2166666666666666,562500.0,0.0,94.7867298578199
1.2333333333333334,562500.0,0.0,94.3127962085308
1.25,562500.0,0.0,94.3127962085308
1.2666666666666666,562500.0,0.0,94.3127962085308
1.2833333333333334,562500.0,0.0,94.3127962085308
1.3,562500.0,0.0,94.3127962085308
1.3166666666666667,562500.0,0.0,94.3127962085308
1.3333333333333333,562500.0,0.0,94.3127962085308
1.35,562500.0,0.0,93.8388625592417
1.3666666666666667,562500.0,0.0,92.89099526066352
1.3833333333333333,562500.0,0.0,92.89099526066352
1.4,562500.0,0.0,92.89099526066352
1.4166666666666667,562500.0,0.0,92.41706161137441
1.4333333333333333,562500.0,0.0,91.4691943127962
1.45,562500.0,0.0,90.99526066350711
1.4666666666666666,562500.0,0.0,90.99526066350711
1.4833333333333334,562500.0,0.0,90.52132701421802
1.5,562500.0,0.0,90.52132701421802
1.5166666666666666,562500.0,0.0,89.57345971563981
1.5333333333333334,562500.0,0.0,89.57345971563981
1.55,562500.0,0.0,89.57345971563981
1.5666666666666667,562500.0,0.0,88.15165876777252
1.5833333333333333,562500.0,0.0,88.15165876777252
1.6,562500.0,0.0,87.20379146919431
1.6166666666666667,562500.0,0.0,87.20379146919431
1.6333333333333333,562500.0,0.0,85.78199052132702
1.65,562500.0,0.0,85.78199052132702
1.6666666666666667,562500.0,0.0,85.07109004739335
1.6833333333333333,562500.0,0.0,84.12322274881517
1.7,562500.0,0.0,83.64928909952607
1.7166666666666666,562500.0,0.0,83.17535545023696
1.7333333333333334,562500.0,0.0,82.70142180094787
1.75,562500.0,0.0,81.75355450236967
1.7666666666666666,562500.0,0.0,81.75355450236967
1.7833333333333334,562500.0,0.0,80.80568720379146
1.8,562500.0,0.0,80.33175355450237
1.8166666666666667,562500.0,0.0,79.62085308056872
1.8333333333333333,562500.0,0.0,78.19905213270142
1.85,562500.0,0.0,78.19905213270142
1.8666666666666667,562500.0,0.0,77.25118483412322
1.8833333333333333,562500.0,0.0,75.82938388625593
1.9,562500.0,0.0,74.88151658767772
1.9166666666666667,562500.0,0.0,74.40758293838863
1.9333333333333333,562500.0,0.0,73.69668246445498
1.95,562500.0,0.0,72.74881516587678
1.9666666666666666,562500.0,0.0,72.27488151658767
1.9833333333333334,562500.0,0.0,71.80094786729858
2.0,562500.0,0.0,71.32701421800948
2.0166666666666666,562500.0,0.0,70.85308056872039
2.033333333333333,562500.0,0.0,70.85308056872039
2.05,562500.0,5.79767583985813e-06,69.19431279620854
2.066666666666667,562500.0,5.577314004767686e-05,68.72037914691943
2.0833333333333335,562500.0,6.51873997412622e-05,67.77251184834124
2.1,562500.0,8.616670675110072e-05,66.82464454976304
2.1166666666666667,562500.0,0.0001227290485985577,65.40284360189574
2.1333333333333333,562500.0,0.00017891569586936384,64.92890995260665
2.15,562500.0,0.00026048734434880316,63.98104265402843
2.1666666666666665,562500.0,0.0003747751470655203,62.796208530805686
2.183333333333333,562500.0,0.0005307854153215885,61.84834123222749
2.2,562500.0,0.0007393925334326923,61.37440758293838
2.216666666666667,562500.0,0.0010135474149137735,61.37440758293838
2.2333333333333334,562500.0,0.0013685093726962805,59.95260663507109
2.25,562500.0,0.0018220888450741768,59.95260663507109
2.2666666666666666,562500.0,0.0023948620073497295,58.29383886255924
2.283333333333333,562500.0,0.0031103731598705053,56.39810426540285
2.3,562500.0,0.0036873938515782356,56.39810426540285
2.316666666666667,562500.0,0.004156762734055519,55.92417061611374
2.3333333333333335,562500.0,0.004741751588881016,54.976303317535546
2.35,562500.0,0.005464681424200535,54.02843601895735
2.3666666666666667,562500.0,0.006350790150463581,53.317535545023695
2.3833333333333333,562500.0,0.0074283345602452755,53.317535545023695
2.4,562500.0,0.008728749118745327,52.3696682464455
2.4166666666666665,562500.0,0.010286671109497547,50.947867298578196
2.433333333333333,562500.0,0.012139951810240746,50.0
2.45,562500.0,0.014329646714031696,49.052132701421804
2.466666666666667,562500.0,0.01689983159303665,47.867298578199055
2.4833333333333334,562500.0,0.019897546619176865,46.91943127962085
2.5,562500.0,0.023372430354356766,46.44549763033176
2.5166666666666666,562500.0,0.02737671695649624,45.497630331753555
2.533333333333333,562500.0,0.031964320689439774,44.54976303317535
2.55,562500.0,0.037190817296504974,43.127962085308056
2.566666666666667,562500.0,0.04311280697584152,41.943127962085306
2.5833333333333335,562500.0,0.0497872531414032,40.99526066350711
2.6,562500.0,0.05727076157927513,40.52132701421801
2.6166666666666667,562500.0,0.06561879813671112,39.57345971563981
2.6333333333333333,562500.0,0.07488512992858887,38.62559241706161
2.65,562500.0,0.08433602750301361,37.44075829383886
2.6666666666666665,562500.0,0.09191988408565521,37.44075829383886
2.683333333333333,562500.0,0.10035465657711029,35.07109004739337
2.7,562500.0,0.1096947193145752,33.649289099526065
2.716666666666667,562500.0,0.11999320983886719,32.70142180094787
2.7333333333333334,562500.0,0.13129907846450806,31.516587677725116
2.75,562500.0,0.14365829527378082,31.04265402843602
2.7666666666666666,562500.0,0.15711167454719543,30.09478672985782
2.783333333333333,562500.0,0.17169559001922607,29.14691943127962
2.8,562500.0,0.18743976950645447,27.251184834123222
2.816666666666667,562500.0,0.20436808466911316,25.118483412322274
2.8333333333333335,562500.0,0.2224971055984497,24.644549763033176
2.85,562500.0,0.24183741211891174,23.696682464454977
2.8666666666666667,562500.0,0.2623916566371918,23.22274881516588
2.8833333333333333,562500.0,0.28415578603744507,22.274881516587676
2.9,562500.0,0.3071182668209076,20.14218009478673
2.9166666666666665,562500.0,0.3312626779079437,18.72037914691943
2.933333333333333,562500.0,0.35656628012657166,17.77251184834123
2.95,562500.0,0.3829994201660156,16.824644549763033
2.966666666666667,562500.0,0.410529226064682,15.402843601895736
2.9833333333333334,562500.0,0.4391174018383026,14.691943127962084
3.0,562500.0,0.46872222423553467,13.744075829383887
3.0166666666666666,562500.0,0.49929943680763245,11.848341232227488
3.033333333333333,562500.0,0.53080153465271,10.42654028436019
3.05,562500.0,0.5631802678108215,9.004739336492891
3.066666666666667,562500.0,0.5963855385780334,8.293838862559241
3.0833333333333335,562500.0,0.6303672790527344,8.293838862559241
3.1,562500.0,0.6650748252868652,7.345971563981042
3.1166666666666667,562500.0,0.7004584074020386,4.976303317535545
3.1333333333333333,562500.0,0.7364673614501953,3.7914691943127963
3.15,562500.0,0.7730542421340942,3.7914691943127963
3.1666666666666665,562500.0,0.8101721405982971,3.7914691943127963
3.183333333333333,562500.0,0.8477767705917358,1.8957345971563981
3.2,562500.0,0.8858238458633423,0.23696682464454977
3.216666666666667,562500.0,0.9242730140686035,0.23696682464454977
3.2333333333333334,562500.0,0.9630856513977051,0.23696682464454977
3.25,562500.0,1.0022258758544922,0.0
3.2666666666666666,562500.0,1.0416600704193115,0.0
3.283333333333333,562500.0,1.0813548564910889,0.0
3.3,562500.0,1.1212810277938843,0.0
3.316666666666667,562500.0,1.161411166191101,0.0
3.3333333333333335,562500.0,1.2017196416854858,0.0
3.35,562500.0,1.2421860694885254,0.0
3.3666666666666667,562500.0,1.2827906608581543,0.0
3.3833333333333333,562500.0,1.3235127925872803,0.0
3.4,562500.0,1.3643357753753662,0.0
3.4166666666666665,562500.0,1.4052484035491943,0.0
3.433333333333333,562500.0,1.4462342262268066,0.0
3.45,562500.0,1.4872896671295166,0.0
3.466666666666667,562500.0,1.5283994674682617,0.0
3.4833333333333334,562500.0,1.5695593357086182,0.0
3.5,562500.0,1.6107592582702637,0.0
3.5166666666666666,562500.0,1.6519914865493774,0.0
3.533333333333333,562500.0,1.6932551860809326,0.0
3.55,562500.0,1.7345397472381592,0.0
3.566666666666667,562500.0,1.7758445739746094,0.0
3.5833333333333335,562500.0,1.8171806335449219,0.0
3.6,562500.0,1.8585290908813477,0.0
3.6166666666666667,562500.0,1.8999054431915283,0.0
3.6333333333333333,562500.0,1.941300392150879,0.0
3.65,562500.0,1.9827079772949219,0.0
3.6666666666666665,562500.0,2.024129867553711,0.0
3.683333333333333,562500.0,2.0655784606933594,0.0
3.7,562500.0,2.107032299041748,0.0
3.716666666666667,562500.0,2.1484925746917725,0.0
3.7333333333333334,562500.0,2.1899752616882324,0.0
3.75,562500.0,2.231468677520752,0.0
3.7666666666666666,562500.0,2.272970199584961,0.0
3.783333333333333,562500.0,2.3144760131835938,0.0
3.8,562500.0,2.35600209236145,0.0
3.816666666666667,562500.0,2.3975300788879395,0.0
3.8333333333333335,562500.0,2.439061164855957,0.0
3.85,562500.0,2.480579376220703,0.0
3.8666666666666667,562500.0,2.522106409072876,0.0
3.8833333333333333,562500.0,2.5636234283447266,0.0
3.9,562500.0,2.60512638092041,0.0
3.9166666666666665,562500.0,2.6466224193573,0.0
3.933333333333333,562500.0,2.6880955696105957,0.0
3.95,562500.0,2.7295448780059814,0.0
3.966666666666667,562500.0,2.770972728729248,0.0
3.9833333333333334,562500.0,2.812389612197876,0.0
4.0,562500.0,2.8537399768829346,0.0
4.016666666666667,562500.0,2.895068407058716,0.0
4.033333333333333,562500.0,2.936339855194092,0.0
4.05,562500.0,2.9775776863098145,0.0
4.066666666666666,562500.0,3.018737554550171,0.0
4.083333333333333,562500.0,3.0598390102386475,0.0
4.1,562500.0,3.1008901596069336,0.0
4.116666666666666,562500.0,3.141854763031006,0.0
4.133333333333334,562500.0,3.1827328205108643,0.0
4.15,562500.0,3.223548173904419,0.0
4.166666666666667,562500.0,3.264260768890381,0.0
4.183333333333334,562500.0,3.3048758506774902,0.0
4.2,562500.0,3.3454160690307617,0.0
4.216666666666667,562500.0,3.385834217071533,0.0
4.233333333333333,562500.0,3.426159381866455,0.0
4.25,562500.0,3.4663617610931396,0.0
4.266666666666667,562500.0,3.506462812423706,0.0
4.283333333333333,562500.0,3.5464367866516113,0.0
4.3,562500.0,3.5862984657287598,0.0
4.316666666666666,562500.0,3.626025676727295,0.0
4.333333333333333,562500.0,3.6656501293182373,0.0
4.35,562500.0,3.705129861831665,0.0
4.366666666666666,562500.0,3.744479179382324,0.0
4.383333333333334,562500.0,3.783686637878418,0.0
4.4,562500.0,3.822761058807373,0.0
4.416666666666667,562500.0,3.861694574356079,0.0
4.433333333333334,562500.0,3.900477886199951,0.0
4.45,562500.0,3.939133405685425,0.0
4.466666666666667,562500.0,3.9776322841644287,0.0
4.483333333333333,562500.0,4.01597785949707,0.0
4.5,562500.0,4.054185390472412,0.0
4.516666666666667,562500.0,4.092222213745117,0.0
4.533333333333333,562500.0,4.130123138427734,0.0
4.55,562500.0,4.167864799499512,0.0
4.566666666666666,562500.0,4.205452919006348,0.0
4.583333333333333,562500.0,4.242864608764648,0.0
4.6,562500.0,4.280144691467285,0.0
4.616666666666666,562500.0,4.317267417907715,0.0
4.633333333333334,562500.0,4.354218482971191,0.0
4.65,562500.0,4.390987396240234,0.0
4.666666666666667,562500.0,4.427614688873291,0.0
4.683333333333334,562500.0,4.464083194732666,0.0
4.7,562500.0,4.500357627868652,0.0
4.716666666666667,562500.0,4.536471366882324,0.0
4.733333333333333,562500.0,4.572425365447998,0.0
4.75,562500.0,4.608216762542725,0.0
4.766666666666667,562500.0,4.643825531005859,0.0
4.783333333333333,562500.0,4.679262161254883,0.0
4.8,562500.0,4.714524269104004,0.0
4.816666666666666,562500.0,4.749615669250488,0.0
4.833333333333333,562500.0,4.7845282554626465,0.0
4.85,562500.0,4.819284439086914,0.0
4.866666666666666,562500.0,4.853858947753906,0.0
4.883333333333334,562500.0,4.888260841369629,0.0
4.9,562500.0,4.922487258911133,0.0
4.916666666666667,562500.0,4.956539630889893,0.0
4.933333333333334,562500.0,4.990396022796631,0.0
4.95,562500.0,5.024089813232422,0.0
4.966666666666667,562500.0,5.057595252990723,0.0
4.983333333333333,562500.0,5.090923309326172,0.0
5.0,562500.0,5.124068260192871,0.0
5.016666666666667,562500.0,5.157039642333984,0.0
5.033333333333333,562500.0,5.18983268737793,0.0
5.05,562500.0,5.222424507141113,0.0
5.066666666666666,562500.0,5.254852294921875,0.0
5.083333333333333,562500.0,5.287100315093994,0.0
5.1,562500.0,5.319156169891357,0.0
5.116666666666666,562500.0,5.351038455963135,0.0
5.133333333333334,562500.0,5.382711410522461,0.0
5.15,562500.0,5.414210796356201,0.0
5.166666666666667,562500.0,5.445529937744141,0.0
5.183333333333334,562500.0,5.476647853851318,0.0
5.2,562500.0,5.507585525512695,0.0
5.216666666666667,562500.0,5.538329124450684,0.0
5.233333333333333,562500.0,5.5688910484313965,0.0
5.25,562500.0,5.599261283874512,0.0
5.266666666666667,562500.0,5.629456996917725,0.0
5.283333333333333,562500.0,5.65946626663208,0.0
5.3,562500.0,5.689265251159668,0.0
5.316666666666666,562500.0,5.718888282775879,0.0
5.333333333333333,562500.0,5.748296737670898,0.0
5.35,562500.0,5.777568340301514,0.0
5.366666666666666,562500.0,5.80662727355957,0.0
5.383333333333334,562500.0,5.835507392883301,0.0
5.4,562500.0,5.864192962646484,0.0
5.416666666666667,562500.0,5.892664909362793,0.0
5.433333333333334,562500.0,5.920991897583008,0.0
5.45,562500.0,5.949110507965088,0.0
5.466666666666667,562500.0,5.977038383483887,0.0
5.483333333333333,562500.0,6.0047712326049805,0.0
5.5,562500.0,6.032343864440918,0.0
5.516666666666667,562500.0,6.059731960296631,0.0
5.533333333333333,562500.0,6.086919784545898,0.0
5.55,562500.0,6.113926410675049,0.0
5.566666666666666,562500.0,6.140741348266602,0.0
5.583333333333333,562500.0,6.167377471923828,0.0
5.6,562500.0,6.193820953369141,0.0
5.616666666666666,562500.0,6.220087051391602,0.0
5.633333333333334,562500.0,6.246165752410889,0.0
5.65,562500.0,6.272054672241211,0.0
5.666666666666667,562500.0,6.297762393951416,0.0
5.683333333333334,562500.0,6.323297500610352,0.0
5.7,562500.0,6.348667621612549,0.0
5.716666666666667,562500.0,6.373845100402832,0.0
5.733333333333333,562500.0,6.398850440979004,0.0
5.75,562500.0,6.423680782318115,0.0
5.766666666666667,562500.0,6.4483256340026855,0.0
5.783333333333333,562500.0,6.472803592681885,0.0
5.8,562500.0,6.497081279754639,0.0
5.816666666666666,562500.0,6.52120304107666,0.0
5.833333333333333,562500.0,6.545126914978027,0.0
5.85,562500.0,6.56889009475708,0.0
5.866666666666666,562500.0,6.592489242553711,0.0
5.883333333333334,562500.0,6.615914821624756,0.0
5.9,562500.0,6.639151573181152,0.0
5.916666666666667,562500.0,6.662230968475342,0.0
5.933333333333334,562500.0,6.685123443603516,0.0
5.95,562500.0,6.70785665512085,0.0
5.966666666666667,562500.0,6.730414390563965,0.0
5.983333333333333,562500.0,6.7527852058410645,0.0
6.0,562500.0,6.775016784667969,0.0
6.016666666666667,562500.0,6.79706335067749,0.0
6.033333333333333,562500.0,6.818959712982178,0.0
6.05,562500.0,6.8406877517700195,0.0
6.066666666666666,562500.0,6.862254619598389,0.0
6.083333333333333,562500.0,6.883626937866211,0.0
6.1,562500.0,6.904867172241211,0.0
6.116666666666666,562500.0,6.9259161949157715,0.0
6.133333333333334,562500.0,6.94681978225708,0.0
6.15,562500.0,6.967546463012695,0.0
6.166666666666667,562500.0,6.988126754760742,0.0
6.183333333333334,562500.0,7.008516311645508,0.0
6.2,562500.0,7.028782844543457,0.0
6.216666666666667,562500.0,7.048876762390137,0.0
6.233333333333333,562500.0,7.068813800811768,0.0
6.25,562500.0,7.088589668273926,0.0
6.266666666666667,562500.0,7.1082024574279785,0.0
6.283333333333333,562500.0,7.127668380737305,0.0
6.3,562500.0,7.14699649810791,0.0
6.316666666666666,562500.0,7.1661481857299805,0.0
6.333333333333333,562500.0,7.185147762298584,0.0
6.35,562500.0,7.2040019035339355,0.0
6.366666666666666,562500.0,7.222683429718018,0.0
6.383333333333334,562500.0,7.241239070892334,0.0
6.4,562500.0,7.259612560272217,0.0
6.416666666666667,562500.0,7.277873992919922,0.0
6.433333333333334,562500.0,7.2959794998168945,0.0
6.45,562500.0,7.313910484313965,0.0
6.466666666666667,562500.0,7.331719398498535,0.0
6.483333333333333,562500.0,7.349368095397949,0.0
6.5,562500.0,7.366847038269043,0.0
6.516666666666667,562500.0,7.384247779846191,0.0
6.533333333333333,562500.0,7.401451587677002,0.0
6.55,562500.0,7.418525218963623,0.0
6.566666666666666,562500.0,7.43544864654541,0.0
6.583333333333333,562500.0,7.452256202697754,0.0
6.6,562500.0,7.468912124633789,0.0
6.616666666666666,562500.0,7.485387325286865,0.0
6.633333333333334,562500.0,7.5017852783203125,0.0
6.65,562500.0,7.518033981323242,0.0
6.666666666666667,562500.0,7.534141540527344,0.0
6.683333333333334,562500.0,7.550112724304199,0.0
6.7,562500.0,7.5659332275390625,0.0
6.716666666666667,562500.0,7.581622123718262,0.0
6.733333333333333,562500.0,7.597151756286621,0.0
6.75,562500.0,7.612615585327148,0.0
6.766666666666667,562500.0,7.627895832061768,0.0
6.783333333333333,562500.0,7.64306640625,0.0
6.8,562500.0,7.658090114593506,0.0
6.816666666666666,562500.0,7.672995567321777,0.0
6.833333333333333,562500.0,7.687760353088379,0.0
6.85,562500.0,7.702414512634277,0.0
6.866666666666666,562500.0,7.716939926147461,0.0
6.883333333333334,562500.0,7.731353759765625,0.0
6.9,562500.0,7.745636940002441,0.0
6.916666666666667,562500.0,7.75980806350708,0.0
6.933333333333334,562500.0,7.773835182189941,0.0
6.95,562500.0,7.787752151489258,0.0
6.966666666666667,562500.0,7.801570892333984,0.0
6.983333333333333,562500.0,7.815253734588623,0.0
7.0,562500.0,7.828813076019287,0.0
7.016666666666667,562500.0,7.842288970947266,0.0
7.033333333333333,562500.0,7.855611801147461,0.0
7.05,562500.0,7.868808746337891,0.0
7.066666666666666,562500.0,7.8818793296813965,0.0
7.083333333333333,562500.0,7.894864559173584,0.0
7.1,562500.0,7.907741069793701,0.0
7.116666666666666,562500.0,7.920496940612793,0.0
7.133333333333334,562500.0,7.93315315246582,0.0
7.15,562500.0,7.945709228515625,0.0
7.166666666666667,562500.0,7.9580817222595215,0.0
7.183333333333334,562500.0,7.970327854156494,0.0
7.2,562500.0,7.982424259185791,0.0
7.216666666666667,562500.0,7.994498252868652,0.0
7.233333333333333,562500.0,8.006467819213867,0.0
7.25,562500.0,8.018375396728516,0.0
7.266666666666667,562500.0,8.030147552490234,0.0
7.283333333333333,562500.0,8.04184627532959,0.0
7.3,562500.0,8.053401947021484,0.0
7.316666666666666,562500.0,8.064846992492676,0.0
7.333333333333333,562500.0,8.076187133789062,0.0
7.35,562500.0,8.087453842163086,0.0
7.366666666666666,562500.0,8.098572731018066,0.0
7.383333333333334,562500.0,8.109600067138672,0.0
7.4,562500.0,8.120559692382812,0.0
7.416666666666667,562500.0,8.13140869140625,0.0
7.433333333333334,562500.0,8.142118453979492,0.0
7.45,562500.0,8.152755737304688,0.0
7.466666666666667,562500.0,8.163290977478027,0.0
7.483333333333333,562500.0,8.173730850219727,0.0
7.5,562500.0,8.18410873413086,0.0
7.516666666666667,562500.0,8.19442367553711,0.0
7.533333333333333,562500.0,8.20462417602539,0.0
7.55,562500.0,8.21470832824707,0.0
7.566666666666666,562500.0,8.224700927734375,0.0
7.583333333333333,562500.0,8.234659194946289,0.0
7.6,562500.0,8.244481086730957,0.0
7.616666666666666,562500.0,8.254173278808594,0.0
7.633333333333334,562500.0,8.263840675354004,0.0
7.65,562500.0,8.2733736038208,0.0
7.666666666666667,562500.0,8.282804489135742,0.0
7.683333333333334,562500.0,8.292173385620117,0.0
7.7,562500.0,8.301521301269531,0.0
7.716666666666667,562500.0,8.310720443725586,0.0
7.733333333333333,562500.0,8.319838523864746,0.0
7.75,562500.0,8.328878402709961,0.0
7.766666666666667,562500.0,8.337870597839355,0.0
7.783333333333333,562500.0,8.346738815307617,0.0
7.8,562500.0,8.355563163757324,0.0
7.816666666666666,562500.0,8.364274978637695,0.0
7.833333333333333,562500.0,8.37291145324707,0.0
7.85,562500.0,8.381448745727539,0.0
7.866666666666666,562500.0,8.389848709106445,0.0
7.883333333333334,562500.0,8.398229598999023,0.0
7.9,562500.0,8.406591415405273,0.0
7.916666666666667,562500.0,8.414833068847656,0.0
7.933333333333334,562500.0,8.423038482666016,0.0
7.95,562500.0,8.431112289428711,0.0
7.966666666666667,562500.0,8.439146041870117,0.0
7.983333333333333,562500.0,8.447040557861328,0.0
8.0,562500.0,8.454859733581543,0.0
8.016666666666667,562500.0,8.462653160095215,0.0
8.033333333333333,562500.0,8.470388412475586,0.0
8.05,562500.0,8.478047370910645,0.0
8.066666666666666,562500.0,8.485579490661621,0.0
8.083333333333334,562500.0,8.493053436279297,0.0
8.1,562500.0,8.50050163269043,0.0
8.116666666666667,562500.0,8.507915496826172,0.0
8.133333333333333,562500.0,8.515275001525879,0.0
8.15,562500.0,8.522523880004883,0.0
8.166666666666666,562500.0,8.529685974121094,0.0
8.183333333333334,562500.0,8.53679084777832,0.0
8.2,562500.0,8.543882369995117,0.0
8.216666666666667,562500.0,8.55085277557373,0.0
8.233333333333333,562500.0,8.557693481445312,0.0
8.25,562500.0,8.564462661743164,0.0
8.266666666666667,562500.0,8.571198463439941,0.0
8.283333333333333,562500.0,8.577836036682129,0.0
8.3,562500.0,8.584466934204102,0.0
8.316666666666666,562500.0,8.591081619262695,0.0
8.333333333333334,562500.0,8.597640037536621,0.0
8.35,562500.0,8.604101181030273,0.0
8.366666666666667,562500.0,8.610445022583008,0.0
8.383333333333333,562500.0,8.616730690002441,0.0
8.4,562500.0,8.622928619384766,0.0
8.416666666666666,562500.0,8.629087448120117,0.0
8.433333333333334,562500.0,8.635252952575684,0.0
8.45,562500.0,8.641395568847656,0.0
8.466666666666667,562500.0,8.647499084472656,0.0
8.483333333333333,562500.0,8.653450012207031,0.0
8.5,562500.0,8.659339904785156,0.0
8.516666666666667,562500.0,8.665190696716309,0.0
8.533333333333333,562500.0,8.671019554138184,0.0
8.55,562500.0,8.6768217086792,0.0
8.566666666666666,562500.0,8.682622909545898,0.0
8.583333333333334,562500.0,8.688297271728516,0.0
8.6,562500.0,8.693889617919922,0.0
8.616666666666667,562500.0,8.699426651000977,0.0
8.633333333333333,562500.0,8.704912185668945,0.0
8.65,562500.0,8.710336685180664,0.0
8.666666666666666,562500.0,8.715655326843262,0.0
8.683333333333334,562500.0,8.72097396850586,0.0
8.7,562500.0,8.72619915008545,0.0
8.716666666666667,562500.0,8.731386184692383,0.0
8.733333333333333,562500.0,8.736543655395508,0.0
8.75,562500.0,8.741701126098633,0.0
8.766666666666667,562500.0,8.746737480163574,0.0
8.783333333333333,562500.0,8.751691818237305,0.0
8.8,562500.0,8.75657844543457,0.0
8.816666666666666,562500.0,8.761449813842773,0.0
8.833333333333334,562500.0,8.766286849975586,0.0
8.85,562500.0,8.771121978759766,0.0
8.866666666666667,562500.0,8.775957107543945,0.0
8.883333333333333,562500.0,8.780693054199219,0.0
8.9,562500.0,8.78535270690918,0.0
8.916666666666666,562500.0,8.789968490600586,0.0
8.933333333333334,562500.0,8.794520378112793,0.0
8.95,562500.0,8.799039840698242,0.0
8.966666666666667,562500.0,8.803552627563477,0.0
8.983333333333333,562500.0,8.808032035827637,0.0
9.0,562500.0,8.812400817871094,0.0
9.016666666666667,562500.0,8.816740036010742,0.0
9.033333333333333,562500.0,8.82103157043457,0.0
9.05,562500.0,8.825263023376465,0.0
9.066666666666666,562500.0,8.829492568969727,0.0
9.083333333333334,562500.0,8.833702087402344,0.0
9.1,562500.0,8.837892532348633,0.0
9.116666666666667,562500.0,8.842049598693848,0.0
9.133333333333333,562500.0,8.846049308776855,0.0
9.15,562500.0,8.850028038024902,0.0
9.166666666666666,562500.0,8.854002952575684,0.0
9.183333333333334,562500.0,8.857932090759277,0.0
9.2,562500.0,8.861832618713379,0.0
9.216666666666667,562500.0,8.865736961364746,0.0
9.233333333333333,562500.0,8.86963939666748,0.0
9.25,562500.0,8.873507499694824,0.0
9.266666666666667,562500.0,8.877375602722168,0.0
9.283333333333333,562500.0,8.88113021850586,0.0
9.3,562500.0,8.884778022766113,0.0
9.316666666666666,562500.0,8.888418197631836,0.0
9.333333333333334,562500.0,8.892023086547852,0.0
9.35,562500.0,8.895597457885742,0.0
9.366666666666667,562500.0,8.89914321899414,0.0
9.383333333333333,562500.0,8.902688980102539,0.0
9.4,562500.0,8.906234741210938,0.0
9.416666666666666,562500.0,8.909684181213379,0.0
9.433333333333334,562500.0,8.91308307647705,0.0
9.45,562500.0,8.916474342346191,0.0
9.466666666666667,562500.0,8.919794082641602,0.0
9.483333333333333,562500.0,8.923074722290039,0.0
9.5,562500.0,8.926338195800781,0.0
9.516666666666667,562500.0,8.929571151733398,0.0
9.533333333333333,562500.0,8.932794570922852,0.0
9.55,562500.0,8.936017990112305,0.0
9.566666666666666,562500.0,8.939138412475586,0.0
9.583333333333334,562500.0,8.942233085632324,0.0
9.6,562500.0,8.945327758789062,0.0
9.616666666666667,562500.0,8.9483642578125,0.0
9.633333333333333,562500.0,8.951336860656738,0.0
9.65,562500.0,8.954282760620117,0.0
9.666666666666666,562500.0,8.957204818725586,0.0
9.683333333333334,562500.0,8.960124969482422,0.0
9.7,562500.0,8.963041305541992,0.0
9.716666666666667,562500.0,8.965944290161133,0.0
9.733333333333333,562500.0,8.96884536743164,0.0
9.75,562500.0,8.971670150756836,0.0
9.766666666666667,562500.0,8.974417686462402,0.0
9.783333333333333,562500.0,8.977168083190918,0.0
9.8,562500.0,8.979907989501953,0.0
9.816666666666666,562500.0,8.982603073120117,0.0
9.833333333333334,562500.0,8.985239028930664,0.0
9.85,562500.0,8.98786449432373,0.0
9.866666666666667,562500.0,8.99046516418457,0.0
9.883333333333333,562500.0,8.993070602416992,0.0
9.9,562500.0,8.995681762695312,0.0
9.916666666666666,562500.0,8.998262405395508,0.0
9.933333333333334,562500.0,9.000838279724121,0.0
9.95,562500.0,9.003262519836426,0.0
9.966666666666667,562500.0,9.005680084228516,0.0
9.983333333333333,562500.0,9.008097648620605,0.0
10.0,562500.0,9.010492324829102,0.0
10.016666666666667,562500.0,9.012815475463867,0.0
0.0,600000.0,9.992568016052246,0.0
0.016666666666666666,600000.0,8.715588569641113,0.0
0.03333333333333333,600000.0,7.432508945465088,0.0
0.05,600000.0,6.158478736877441,0.0
0.06666666666666667,600000.0,4.924373626708984,0.0
0.08333333333333333,600000.0,3.7110707759857178,0.0
0.1,600000.0,2.520379066467285,0.0
0.11666666666666667,600000.0,1.4544117450714111,0.0
0.13333333333333333,600000.0,0.5610140562057495,40.047393364928915
0.15,600000.0,0.0743403434753418,47.39336492890995
0.16666666666666666,600000.0,0.0,47.867298578199055
0.18333333333333332,600000.0,0.0,47.39336492890995
0.2,600000.0,0.0,45.97156398104265
0.21666666666666667,600000.0,0.0,45.7345971563981
0.23333333333333334,600000.0,0.0,47.6303317535545
0.25,600000.0,0.0,47.1563981042654
0.26666666666666666,600000.0,0.0,48.81516587677725
0.2833333333333333,600000.0,0.0,48.81516587677725
0.3,600000.0,0.0,51.18483412322274
0.31666666666666665,600000.0,0.0,51.8957345971564
0.3333333333333333,600000.0,0.0,52.843601895734594
0.35,600000.0,0.0,54.502369668246445
0.36666666666666664,600000.0,0.0,56.39810426540285
0.38333333333333336,600000.0,0.0,57.10900473933649
0.4,600000.0,0.0,59.47867298578199
0.4166666666666667,600000.0,0.0,59.95260663507109
0.43333333333333335,600000.0,0.0,62.55924170616114
0.45,600000.0,0.0,63.507109004739334
0.4666666666666667,600000.0,0.0,64.69194312796208
0.48333333333333334,600000.0,0.0,68.48341232227489
0.5,600000.0,0.0,68.00947867298578
0.5166666666666667,600000.0,0.0,70.85308056872039
0.5333333333333333,600000.0,0.0,74.40758293838863
0.55,600000.0,0.0,74.88151658767772
0.5666666666666667,600000.0,0.0,76.54028436018957
0.5833333333333334,600000.0,0.0,77.72511848341233
0.6,600000.0,0.0,80.80568720379146
0.6166666666666667,600000.0,0.0,81.75355450236967
0.6333333333333333,600000.0,0.0,83.41232227488152
0.65,600000.0,0.0,86.01895734597157
0.6666666666666666,600000.0,0.0,87.91469194312796
0.6833333333333333,600000.0,0.0,89.57345971563981
0.7,600000.0,0.0,91.70616113744076
0.7166666666666667,600000.0,0.0,94.3127962085308
0.7333333333333333,600000.0,0.0,95.49763033175356
0.75,600000.0,0.0,97.6303317535545
0.7666666666666667,600000.0,0.0,99.0521327014218
0.7833333333333333,600000.0,0.0,99.76303317535546
0.8,600000.0,0.0,100.0
0.8166666666666667,600000.0,0.0,100.0
0.8333333333333334,600000.0,0.0,100.0
0.85,600000.0,0.0,100.0
0.8666666666666667,600000.0,0.0,100.0
0.8833333333333333,600000.0,0.0,99.0521327014218
0.9,600000.0,0.0,99.0521327014218
0.9166666666666666,600000.0,0.0,98.5781990521327
0.9333333333333333,600000.0,0.0,98.5781990521327
0.95,600000.0,0.0,98.5781990521327
0.9666666666666667,600000.0,0.0,98.5781990521327
0.9833333333333333,600000.0,0.0,98.10426540284361
1.0,600000.0,0.0,98.10426540284361
1.0166666666666666,600000.0,0.0,97.6303317535545
1.0333333333333334,600000.0,0.0,97.1563981042654
1.05,600000.0,0.0,97.1563981042654
1.0666666666666667,600000.0,0.0,96.6824644549763
1.0833333333333333,600000.0,0.0,96.6824644549763
1.1,600000.0,0.0,96.6824644549763
1.1166666666666667,600000.0,0.0,96.6824644549763
1.1333333333333333,600000.0,0.0,96.6824644549763
1.15,600000.0,0.0,96.2085308056872
1.1666666666666667,600000.0,0.0,95.73459715639811
1.1833333333333333,600000.0,0.0,95.260663507109
1.2,600000.0,0.0,95.260663507109
1.2166666666666666,600000.0,0.0,95.260663507109
1.2333333333333334,600000.0,0.0,94.7867298578199
1.25,600000.0,0.0,94.3127962085308
1.2666666666666666,600000.0,0.0,94.3127962085308
1.2833333333333334,600000.0,0.0,94.3127962085308
1.3,600000.0,0.0,94.3127962085308
1.3166666666666667,600000.0,0.0,94.3127962085308
1.3333333333333333,600000.0,0.0,94.3127962085308
1.35,600000.0,0.0,93.8388625592417
1.3666666666666667,600000.0,0.0,92.89099526066352
1.3833333333333333,600000.0,0.0,92.89099526066352
1.4,600000.0,0.0,92.89099526066352
1.4166666666666667,600000.0,0.0,92.41706161137441
1.4333333333333333,600000.0,0.0,92.41706161137441
1.45,600000.0,0.0,90.99526066350711
1.4666666666666666,600000.0,0.0,90.99526066350711
1.4833333333333334,600000.0,0.0,90.52132701421802
1.5,600000.0,0.0,90.52132701421802
1.5166666666666666,600000.0,0.0,90.04739336492891
1.5333333333333334,600000.0,0.0,89.57345971563981
1.55,600000.0,0.0,89.57345971563981
1.5666666666666667,600000.0,0.0,88.15165876777252
1.5833333333333333,600000.0,0.0,88.15165876777252
1.6,600000.0,0.0,87.20379146919431
1.6166666666666667,600000.0,0.0,87.20379146919431
1.6333333333333333,600000.0,0.0,85.78199052132702
1.65,600000.0,0.0,85.78199052132702
1.6666666666666667,600000.0,0.0,85.07109004739335
1.6833333333333333,600000.0,0.0,84.12322274881517
1.7,600000.0,0.0,83.64928909952607
1.7166666666666666,600000.0,0.0,83.17535545023696
1.7333333333333334,600000.0,0.0,82.70142180094787
1.75,600000.0,0.0,81.75355450236967
1.7666666666666666,600000.0,0.0,81.75355450236967
1.7833333333333334,600000.0,0.0,80.80568720379146
1.8,600000.0,0.0,80.33175355450237
1.8166666666666667,600000.0,0.0,79.62085308056872
1.8333333333333333,600000.0,0.0,78.19905213270142
1.85,600000.0,0.0,78.19905213270142
1.8666666666666667,600000.0,0.0,77.25118483412322
1.8833333333333333,600000.0,0.0,75.82938388625593
1.9,600000.0,0.0,75.35545023696683
1.9166666666666667,600000.0,0.0,74.40758293838863
1.9333333333333333,600000.0,0.0,73.93364928909952
1.95,600000.0,0.0,72.74881516587678
1.9666666666666666,600000.0,0.0,72.74881516587678
1.9833333333333334,600000.0,0.0,71.80094786729858
2.0,600000.0,0.0,71.32701421800948
2.0166666666666666,600000.0,0.0,70.85308056872039
2.033333333333333,600000.0,0.0,70.85308056872039
2.05,600000.0,1.922234105222742e-06,69.43127962085308
2.066666666666667,600000.0,4.5122113078832626e-05,68.72037914691943
2.0833333333333335,600000.0,6.201197538757697e-05,68.72037914691943
2.1,600000.0,8.079745748545974e-05,66.82464454976304
2.1166666666666667,600000.0,0.00011481931142043322,65.87677725118483
2.1333333333333333,600000.0,0.00016777971177361906,64.92890995260665
2.15,600000.0,0.0002451784093864262,64.45497630331754
2.1666666666666665,600000.0,0.0003540796460583806,63.270142180094794
2.183333333333333,600000.0,0.0005031827604398131,61.84834123222749
2.2,600000.0,0.0007030048873275518,61.84834123222749
2.216666666666667,600000.0,0.000966095773037523,61.37440758293838
2.2333333333333334,600000.0,0.001307247788645327,59.95260663507109
2.25,600000.0,0.001743726315908134,59.95260663507109
2.2666666666666666,600000.0,0.002295492449775338,58.29383886255924
2.283333333333333,600000.0,0.0029853929299861193,57.345971563981045
2.3,600000.0,0.003617431502789259,56.39810426540285
2.316666666666667,600000.0,0.004068856593221426,55.92417061611374
2.3333333333333335,600000.0,0.0046318452805280685,55.45023696682464
2.35,600000.0,0.005328027997165918,54.502369668246445
2.3666666666666667,600000.0,0.006181852426379919,53.317535545023695
2.3833333333333333,600000.0,0.007220703177154064,53.317535545023695
2.4,600000.0,0.008475080132484436,52.3696682464455
2.4166666666666665,600000.0,0.00997862871736288,51.421800947867304
2.433333333333333,600000.0,0.011768117547035217,50.0
2.45,600000.0,0.013883515261113644,49.052132701421804
2.466666666666667,600000.0,0.016367774456739426,47.867298578199055
2.4833333333333334,600000.0,0.019266702234745026,47.39336492890995
2.5,600000.0,0.02262882888317108,46.44549763033176
2.5166666666666666,600000.0,0.02650519832968712,45.497630331753555
2.533333333333333,600000.0,0.030948743224143982,44.54976303317535
2.55,600000.0,0.03601394593715668,44.07582938388626
2.566666666666667,600000.0,0.0417565256357193,41.943127962085306
2.5833333333333335,600000.0,0.04823269322514534,41.46919431279621
2.6,600000.0,0.05549844354391098,40.52132701421801
2.6166666666666667,600000.0,0.06360876560211182,40.047393364928915
2.6333333333333333,600000.0,0.07261746376752853,38.62559241706161
2.65,600000.0,0.0825757160782814,37.91469194312796
2.6666666666666665,600000.0,0.08997467905282974,37.44075829383886
2.683333333333333,600000.0,0.0981600359082222,36.018957345971565
2.7,600000.0,0.10723006725311279,33.649289099526065
2.716666666666667,600000.0,0.117237389087677,33.175355450236964
2.7333333333333334,600000.0,0.12823157012462616,31.753554502369667
2.75,600000.0,0.14025941491127014,31.04265402843602
2.7666666666666666,600000.0,0.15336258709430695,30.568720379146917
2.783333333333333,600000.0,0.16757835447788239,29.14691943127962
2.8,600000.0,0.18293818831443787,27.72511848341232
2.816666666666667,600000.0,0.19946755468845367,26.303317535545023
2.8333333333333335,600000.0,0.2171848714351654,24.644549763033176
2.85,600000.0,0.23610202968120575,23.696682464454977
2.8666666666666667,600000.0,0.2562241852283478,23.22274881516588
2.8833333333333333,600000.0,0.27754947543144226,23.22274881516588
2.9,600000.0,0.30006879568099976,20.85308056872038
2.9166666666666665,600000.0,0.3237670063972473,19.194312796208532
2.933333333333333,600000.0,0.34862300753593445,18.246445497630333
2.95,600000.0,0.37460899353027344,17.298578199052134
2.966666666666667,600000.0,0.40169408917427063,15.876777251184834
2.9833333333333334,600000.0,0.4298415780067444,14.691943127962084
3.0,600000.0,0.4590112268924713,14.218009478672986
3.0166666666666666,600000.0,0.48915940523147583,12.322274881516588
3.033333333333333,600000.0,0.520240068435669,11.374407582938389
3.05,600000.0,0.5522065162658691,9.47867298578199
3.066666666666667,600000.0,0.5850082635879517,8.293838862559241
3.0833333333333335,600000.0,0.6185953617095947,8.293838862559241
3.1,600000.0,0.6529182195663452,8.293838862559241
3.1166666666666667,600000.0,0.6879270672798157,4.976303317535545
3.1333333333333333,600000.0,0.7235720753669739,4.028436018957346
3.15,600000.0,0.7598058581352234,3.7914691943127963
3.1666666666666665,600000.0,0.7965803742408752,3.7914691943127963
3.183333333333333,600000.0,0.8338502049446106,3.3175355450236967
3.2,600000.0,0.8715715408325195,0.9478672985781991
3.216666666666667,600000.0,0.909705400466919,0.23696682464454977
3.2333333333333334,600000.0,0.9482104778289795,0.23696682464454977
3.25,600000.0,0.9870490431785583,0.23696682464454977
3.2666666666666666,600000.0,1.0261871814727783,0.0
3.283333333333333,600000.0,1.0655921697616577,0.0
3.3,600000.0,1.1052350997924805,0.0
3.316666666666667,600000.0,1.1450873613357544,0.0
3.3333333333333335,600000.0,1.1851236820220947,0.0
3.35,600000.0,1.2253214120864868,0.0
3.3666666666666667,600000.0,1.265662670135498,0.0
3.3833333333333333,600000.0,1.3061227798461914,0.0
3.4,600000.0,1.3466906547546387,0.0
3.4166666666666665,600000.0,1.3873496055603027,0.0
3.433333333333333,600000.0,1.4280951023101807,0.0
3.45,600000.0,1.4689030647277832,0.0
3.466666666666667,600000.0,1.5097692012786865,0.0
3.4833333333333334,600000.0,1.550691843032837,0.0
3.5,600000.0,1.5916540622711182,0.0
3.5166666666666666,600000.0,1.6326488256454468,0.0
3.533333333333333,600000.0,1.6736739873886108,0.0
3.55,600000.0,1.7147266864776611,0.0
3.566666666666667,600000.0,1.755814552307129,0.0
3.5833333333333335,600000.0,1.7969138622283936,0.0
3.6,600000.0,1.8380392789840698,0.0
3.6166666666666667,600000.0,1.8791816234588623,0.0
3.6333333333333333,600000.0,1.9203463792800903,0.0
3.65,600000.0,1.961521863937378,0.0
3.6666666666666665,600000.0,2.0027172565460205,0.0
3.683333333333333,600000.0,2.0439369678497314,0.0
3.7,600000.0,2.085163116455078,0.0
3.716666666666667,600000.0,2.126410961151123,0.0
3.7333333333333334,600000.0,2.167656660079956,0.0
3.75,600000.0,2.2089133262634277,0.0
3.7666666666666666,600000.0,2.2501730918884277,0.0
3.783333333333333,600000.0,2.2914481163024902,0.0
3.8,600000.0,2.3327383995056152,0.0
3.816666666666667,600000.0,2.3740220069885254,0.0
3.8333333333333335,600000.0,2.415325403213501,0.0
3.85,600000.0,2.4566237926483154,0.0
3.8666666666666667,600000.0,2.4979190826416016,0.0
3.8833333333333333,600000.0,2.539215087890625,0.0
3.9,600000.0,2.5804929733276367,0.0
3.9166666666666665,600000.0,2.6217527389526367,0.0
3.933333333333333,600000.0,2.6630125045776367,0.0
3.95,600000.0,2.7042698860168457,0.0
3.966666666666667,600000.0,2.7454886436462402,0.0
3.9833333333333334,600000.0,2.786674976348877,0.0
4.0,600000.0,2.827827215194702,0.0
4.016666666666667,600000.0,2.868931293487549,0.0
4.033333333333333,600000.0,2.910005569458008,0.0
4.05,600000.0,2.9510250091552734,0.0
4.066666666666666,600000.0,2.991973400115967,0.0
4.083333333333333,600000.0,3.0328781604766846,0.0
4.1,600000.0,3.0737199783325195,0.0
4.116666666666666,600000.0,3.1144936084747314,0.0
4.133333333333334,600000.0,3.155147075653076,0.0
4.15,600000.0,3.1957592964172363,0.0
4.166666666666667,600000.0,3.2362818717956543,0.0
4.183333333333334,600000.0,3.2766990661621094,0.0
4.2,600000.0,3.3170371055603027,0.0
4.216666666666667,600000.0,3.3572614192962646,0.0
4.233333333333333,600000.0,3.3973870277404785,0.0
4.25,600000.0,3.4374070167541504,0.0
4.266666666666667,600000.0,3.477316379547119,0.0
4.283333333333333,600000.0,3.517122745513916,0.0
4.3,600000.0,3.556797504425049,0.0
4.316666666666666,600000.0,3.5963592529296875,0.0
4.333333333333333,600000.0,3.6357831954956055,0.0
4.35,600000.0,3.675077438354492,0.0
4.366666666666666,600000.0,3.714242458343506,0.0
4.383333333333334,600000.0,3.7532715797424316,0.0
4.4,600000.0,3.7921600341796875,0.0
4.416666666666667,600000.0,3.8309061527252197,0.0
4.433333333333334,600000.0,3.8695244789123535,0.0
4.45,600000.0,3.9079880714416504,0.0
4.466666666666667,600000.0,3.946314811706543,0.0
4.483333333333333,600000.0,3.9844863414764404,0.0
4.5,600000.0,4.022511005401611,0.0
4.516666666666667,600000.0,4.0603790283203125,0.0
4.533333333333333,600000.0,4.098093032836914,0.0
4.55,600000.0,4.135661602020264,0.0
4.566666666666666,600000.0,4.173085689544678,0.0
4.583333333333333,600000.0,4.210330963134766,0.0
4.6,600000.0,4.24742317199707,0.0
4.616666666666666,600000.0,4.284379959106445,0.0
4.633333333333334,600000.0,4.32118034362793,0.0
4.65,600000.0,4.3578081130981445,0.0
4.666666666666667,600000.0,4.394253730773926,0.0
4.683333333333334,600000.0,4.430561065673828,0.0
4.7,600000.0,4.466711521148682,0.0
4.716666666666667,600000.0,4.5026655197143555,0.0
4.733333333333333,600000.0,4.5384602546691895,0.0
4.75,600000.0,4.574085235595703,0.0
4.766666666666667,600000.0,4.609556198120117,0.0
4.783333333333333,600000.0,4.64484977722168,0.0
4.8,600000.0,4.679967880249023,0.0
4.816666666666666,600000.0,4.714908123016357,0.0
4.833333333333333,600000.0,4.749683380126953,0.0
4.85,600000.0,4.784294128417969,0.0
4.866666666666666,600000.0,4.8187150955200195,0.0
4.883333333333334,600000.0,4.852972030639648,0.0
4.9,600000.0,4.887063026428223,0.0
4.916666666666667,600000.0,4.920971870422363,0.0
4.933333333333334,600000.0,4.954710960388184,0.0
4.95,600000.0,4.988259315490723,0.0
4.966666666666667,600000.0,5.021633625030518,0.0
4.983333333333333,600000.0,5.054837226867676,0.0
5.0,600000.0,5.0878424644470215,0.0
5.016666666666667,600000.0,5.1206817626953125,0.0
5.033333333333333,600000.0,5.153337478637695,0.0
5.05,600000.0,5.185806751251221,0.0
5.066666666666666,600000.0,5.2180891036987305,0.0
5.083333333333333,600000.0,5.250204086303711,0.0
5.1,600000.0,5.282129764556885,0.0
5.116666666666666,600000.0,5.3138813972473145,0.0
5.133333333333334,600000.0,5.345438003540039,0.0
5.15,600000.0,5.376800537109375,0.0
5.166666666666667,600000.0,5.407992362976074,0.0
5.183333333333334,600000.0,5.438979148864746,0.0
5.2,600000.0,5.469805717468262,0.0
5.216666666666667,600000.0,5.500450134277344,0.0
5.233333333333333,600000.0,5.53088903427124,0.0
5.25,600000.0,5.561159133911133,0.0
5.266666666666667,600000.0,5.591210842132568,0.0
5.283333333333333,600000.0,5.6211137771606445,0.0
5.3,600000.0,5.65080451965332,0.0
5.316666666666666,600000.0,5.680307865142822,0.0
5.333333333333333,600000.0,5.709630489349365,0.0
5.35,600000.0,5.7387495040893555,0.0
5.366666666666666,600000.0,5.76770544052124,0.0
5.383333333333334,600000.0,5.796449661254883,0.0
5.4,600000.0,5.8250226974487305,0.0
5.416666666666667,600000.0,5.853411674499512,0.0
5.433333333333334,600000.0,5.881612300872803,0.0
5.45,600000.0,5.9096245765686035,0.0
5.466666666666667,600000.0,5.937448501586914,0.0
5.483333333333333,600000.0,5.965119361877441,0.0
5.5,600000.0,5.992580413818359,0.0
5.516666666666667,600000.0,6.019871711730957,0.0
5.533333333333333,600000.0,6.04695987701416,0.0
5.55,600000.0,6.073863983154297,0.0
5.566666666666666,600000.0,6.1005778312683105,0.0
5.583333333333333,600000.0,6.127102851867676,0.0
5.6,600000.0,6.153470993041992,0.0
5.616666666666666,600000.0,6.179616451263428,0.0
5.633333333333334,600000.0,6.205615997314453,0.0
5.65,600000.0,6.231423377990723,0.0
5.666666666666667,600000.0,6.257049083709717,0.0
5.683333333333334,600000.0,6.282492637634277,0.0
5.7,600000.0,6.307742118835449,0.0
5.716666666666667,600000.0,6.332863807678223,0.0
5.733333333333333,600000.0,6.357756614685059,0.0
5.75,600000.0,6.382480144500732,0.0
5.766666666666667,600000.0,6.407041549682617,0.0
5.783333333333333,600000.0,6.431432247161865,0.0
5.8,600000.0,6.455613613128662,0.0
5.816666666666666,600000.0,6.47965145111084,0.0
5.833333333333333,600000.0,6.503514289855957,0.0
5.85,600000.0,6.527192115783691,0.0
5.866666666666666,600000.0,6.5506978034973145,0.0
5.883333333333334,600000.0,6.5740156173706055,0.0
5.9,600000.0,6.597208023071289,0.0
5.916666666666667,600000.0,6.620184898376465,0.0
5.933333333333334,600000.0,6.642999172210693,0.0
5.95,600000.0,6.665637016296387,0.0
5.966666666666667,600000.0,6.688138961791992,0.0
5.983333333333333,600000.0,6.7104105949401855,0.0
6.0,600000.0,6.732580184936523,0.0
6.016666666666667,600000.0,6.754541397094727,0.0
6.033333333333333,600000.0,6.776357650756836,0.0
6.05,600000.0,6.797987461090088,0.0
6.066666666666666,600000.0,6.819476127624512,0.0
6.083333333333333,600000.0,6.840762138366699,0.0
6.1,600000.0,6.861937046051025,0.0
6.116666666666666,600000.0,6.8829345703125,0.0
6.133333333333334,600000.0,6.903750419616699,0.0
6.15,600000.0,6.924424171447754,0.0
6.166666666666667,600000.0,6.944955825805664,0.0
6.183333333333334,600000.0,6.965270519256592,0.0
6.2,600000.0,6.985482215881348,0.0
6.216666666666667,600000.0,7.005509376525879,0.0
6.233333333333333,600000.0,7.025372505187988,0.0
6.25,600000.0,7.045067310333252,0.0
6.266666666666667,600000.0,7.06463623046875,0.0
6.283333333333333,600000.0,7.0839948654174805,0.0
6.3,600000.0,7.103264808654785,0.0
6.316666666666666,600000.0,7.122366905212402,0.0
6.333333333333333,600000.0,7.1412835121154785,0.0
6.35,600000.0,7.160073757171631,0.0
6.366666666666666,600000.0,7.178699970245361,0.0
6.383333333333334,600000.0,7.1971893310546875,0.0
6.4,600000.0,7.215543746948242,0.0
6.416666666666667,600000.0,7.233715534210205,0.0
6.433333333333334,600000.0,7.25175666809082,0.0
6.45,600000.0,7.269656658172607,0.0
6.466666666666667,600000.0,7.287392616271973,0.0
6.483333333333333,600000.0,7.304999828338623,0.0
6.5,600000.0,7.322432518005371,0.0
6.516666666666667,600000.0,7.339757919311523,0.0
6.533333333333333,600000.0,7.356930732727051,0.0
6.55,600000.0,7.373956203460693,0.0
6.566666666666666,600000.0,7.390827178955078,0.0
6.583333333333333,600000.0,7.407569885253906,0.0
6.6,600000.0,7.424171447753906,0.0
6.616666666666666,600000.0,7.440622329711914,0.0
6.633333333333334,600000.0,7.4569597244262695,0.0
6.65,600000.0,7.473113059997559,0.0
6.666666666666667,600000.0,7.489155292510986,0.0
6.683333333333334,600000.0,7.505057334899902,0.0
6.7,600000.0,7.520834922790527,0.0
6.716666666666667,600000.0,7.536497116088867,0.0
6.733333333333333,600000.0,7.551991939544678,0.0
6.75,600000.0,7.567390441894531,0.0
6.766666666666667,600000.0,7.5826215744018555,0.0
6.783333333333333,600000.0,7.597734451293945,0.0
6.8,600000.0,7.612719535827637,0.0
6.816666666666666,600000.0,7.627583026885986,0.0
6.833333333333333,600000.0,7.642299175262451,0.0
6.85,600000.0,7.656888484954834,0.0
6.866666666666666,600000.0,7.671384334564209,0.0
6.883333333333334,600000.0,7.685745716094971,0.0
6.9,600000.0,7.69997501373291,0.0
6.916666666666667,600000.0,7.714083194732666,0.0
6.933333333333334,600000.0,7.728084087371826,0.0
6.95,600000.0,7.741949081420898,0.0
6.966666666666667,600000.0,7.755702972412109,0.0
6.983333333333333,600000.0,7.769332408905029,0.0
7.0,600000.0,7.782868385314941,0.0
7.016666666666667,600000.0,7.796272277832031,0.0
7.033333333333333,600000.0,7.809543609619141,0.0
7.05,600000.0,7.822711944580078,0.0
7.066666666666666,600000.0,7.835768699645996,0.0
7.083333333333333,600000.0,7.848708152770996,0.0
7.1,600000.0,7.861565113067627,0.0
7.116666666666666,600000.0,7.874299049377441,0.0
7.133333333333334,600000.0,7.886883735656738,0.0
7.15,600000.0,7.899374008178711,0.0
7.166666666666667,600000.0,7.911740779876709,0.0
7.183333333333334,600000.0,7.92401123046875,0.0
7.2,600000.0,7.936161518096924,0.0
7.216666666666667,600000.0,7.948192596435547,0.0
7.233333333333333,600000.0,7.960124969482422,0.0
7.25,600000.0,7.971951484680176,0.0
7.266666666666667,600000.0,7.983650207519531,0.0
7.283333333333333,600000.0,7.995220184326172,0.0
7.3,600000.0,8.006662368774414,0.0
7.316666666666666,600000.0,8.017999649047852,0.0
7.333333333333333,600000.0,8.029346466064453,0.0
7.35,600000.0,8.040605545043945,0.0
7.366666666666666,600000.0,8.051728248596191,0.0
7.383333333333334,600000.0,8.06279182434082,0.0
7.4,600000.0,8.073751449584961,0.0
7.416666666666667,600000.0,8.084602355957031,0.0
7.433333333333334,600000.0,8.095332145690918,0.0
7.45,600000.0,8.105953216552734,0.0
7.466666666666667,600000.0,8.116399765014648,0.0
7.483333333333333,600000.0,8.126843452453613,0.0
7.5,600000.0,8.137161254882812,0.0
7.516666666666667,600000.0,8.147422790527344,0.0
7.533333333333333,600000.0,8.15750503540039,0.0
7.55,600000.0,8.16755485534668,0.0
7.566666666666666,600000.0,8.177547454833984,0.0
7.583333333333333,600000.0,8.187427520751953,0.0
7.6,600000.0,8.197208404541016,0.0
7.616666666666666,600000.0,8.206889152526855,0.0
7.633333333333334,600000.0,8.216559410095215,0.0
7.65,600000.0,8.226056098937988,0.0
7.666666666666667,600000.0,8.235467910766602,0.0
7.683333333333334,600000.0,8.244815826416016,0.0
7.7,600000.0,8.25414752960205,0.0
7.716666666666667,600000.0,8.263324737548828,0.0
7.733333333333333,600000.0,8.272377014160156,0.0
7.75,600000.0,8.281384468078613,0.0
7.766666666666667,600000.0,8.290275573730469,0.0
7.783333333333333,600000.0,8.29907512664795,0.0
7.8,600000.0,8.307835578918457,0.0
7.816666666666666,600000.0,8.316546440124512,0.0
7.833333333333333,600000.0,8.325176239013672,0.0
7.85,600000.0,8.333718299865723,0.0
7.866666666666666,600000.0,8.342168807983398,0.0
7.883333333333334,600000.0,8.350549697875977,0.0
7.9,600000.0,8.358861923217773,0.0
7.916666666666667,600000.0,8.367079734802246,0.0
7.933333333333334,600000.0,8.375204086303711,0.0
7.95,600000.0,8.383262634277344,0.0
7.966666666666667,600000.0,8.391223907470703,0.0
7.983333333333333,600000.0,8.399128913879395,0.0
8.0,600000.0,8.406972885131836,0.0
8.016666666666667,600000.0,8.414716720581055,0.0
8.033333333333333,600000.0,8.422452926635742,0.0
8.05,600000.0,8.430081367492676,0.0
8.066666666666666,600000.0,8.43765640258789,0.0
8.083333333333334,600000.0,8.445197105407715,0.0
8.1,600000.0,8.452611923217773,0.0
8.116666666666667,600000.0,8.459918975830078,0.0
8.133333333333333,600000.0,8.467168807983398,0.0
8.15,600000.0,8.474342346191406,0.0
8.166666666666666,600000.0,8.481488227844238,0.0
8.183333333333334,600000.0,8.488601684570312,0.0
8.2,600000.0,8.49569320678711,0.0
8.216666666666667,600000.0,8.502593994140625,0.0
8.233333333333333,600000.0,8.50942325592041,0.0
8.25,600000.0,8.516222953796387,0.0
8.266666666666667,600000.0,8.522992134094238,0.0
8.283333333333333,600000.0,8.529738426208496,0.0
8.3,600000.0,8.536370277404785,0.0
8.316666666666666,600000.0,8.542963981628418,0.0
8.333333333333334,600000.0,8.549449920654297,0.0
8.35,600000.0,8.555896759033203,0.0
8.366666666666667,600000.0,8.562237739562988,0.0
8.383333333333333,600000.0,8.568523406982422,0.0
8.4,600000.0,8.574738502502441,0.0
8.416666666666666,600000.0,8.580904006958008,0.0
8.433333333333334,600000.0,8.587038040161133,0.0
8.45,600000.0,8.593137741088867,0.0
8.466666666666667,600000.0,8.599117279052734,0.0
8.483333333333333,600000.0,8.605060577392578,0.0
8.5,600000.0,8.610960960388184,0.0
8.516666666666667,600000.0,8.616808891296387,0.0
8.533333333333333,600000.0,8.622629165649414,0.0
8.55,600000.0,8.628402709960938,0.0
8.566666666666666,600000.0,8.634050369262695,0.0
8.583333333333334,600000.0,8.639677047729492,0.0
8.6,600000.0,8.64518928527832,0.0
8.616666666666667,600000.0,8.65066909790039,0.0
8.633333333333333,600000.0,8.656140327453613,0.0
8.65,600000.0,8.661500930786133,0.0
8.666666666666666,600000.0,8.666831016540527,0.0
8.683333333333334,600000.0,8.672149658203125,0.0
8.7,600000.0,8.677410125732422,0.0
8.716666666666667,600000.0,8.682571411132812,0.0
8.733333333333333,600000.0,8.687710762023926,0.0
8.75,600000.0,8.692712783813477,0.0
8.766666666666667,600000.0,8.697709083557129,0.0
8.783333333333333,600000.0,8.702682495117188,0.0
8.8,600000.0,8.707555770874023,0.0
8.816666666666666,600000.0,8.712421417236328,0.0
8.833333333333334,600000.0,8.71727180480957,0.0
8.85,600000.0,8.722114562988281,0.0
8.866666666666667,600000.0,8.726899147033691,0.0
8.883333333333333,600000.0,8.731572151184082,0.0
8.9,600000.0,8.736213684082031,0.0
8.916666666666666,600000.0,8.740821838378906,0.0
8.933333333333334,600000.0,8.745359420776367,0.0
8.95,600000.0,8.749872207641602,0.0
8.966666666666667,600000.0,8.754384994506836,0.0
8.983333333333333,600000.0,8.758777618408203,0.0
9.0,600000.0,8.763142585754395,0.0
9.016666666666667,600000.0,8.767501831054688,0.0
9.033333333333333,600000.0,8.771814346313477,0.0
9.05,600000.0,8.77604866027832,0.0
9.066666666666666,600000.0,8.78026008605957,0.0
9.083333333333334,600000.0,8.78445053100586,0.0
9.1,600000.0,8.788640975952148,0.0
9.116666666666667,600000.0,8.792787551879883,0.0
9.133333333333333,600000.0,8.79682731628418,0.0
9.15,600000.0,8.80079174041748,0.0
9.166666666666666,600000.0,8.804728507995605,0.0
9.183333333333334,600000.0,8.80866527557373,0.0
9.2,600000.0,8.812567710876465,0.0
9.216666666666667,600000.0,8.8164701461792,0.0
9.233333333333333,600000.0,8.82034969329834,0.0
9.25,600000.0,8.824217796325684,0.0
9.266666666666667,600000.0,8.828085899353027,0.0
9.283333333333333,600000.0,8.8318452835083,0.0
9.3,600000.0,8.835482597351074,0.0
9.316666666666666,600000.0,8.839071273803711,0.0
9.333333333333334,600000.0,8.84264850616455,0.0
9.35,600000.0,8.846229553222656,0.0
9.366666666666667,600000.0,8.849796295166016,0.0
9.383333333333333,600000.0,8.853342056274414,0.0
9.4,600000.0,8.8568754196167,0.0
9.416666666666666,600000.0,8.860260009765625,0.0
9.433333333333334,600000.0,8.863621711730957,0.0
9.45,600000.0,8.866947174072266,0.0
9.466666666666667,600000.0,8.870218276977539,0.0
9.483333333333333,600000.0,8.8734712600708,0.0
9.5,600000.0,8.87672233581543,0.0
9.516666666666667,600000.0,8.87995719909668,0.0
9.533333333333333,600000.0,8.883190155029297,0.0
9.55,600000.0,8.88641357421875,0.0
9.566666666666666,600000.0,8.889633178710938,0.0
9.583333333333334,600000.0,8.892735481262207,0.0
9.6,600000.0,8.89580249786377,0.0
9.616666666666667,600000.0,8.898807525634766,0.0
9.633333333333333,600000.0,8.901786804199219,0.0
9.65,600000.0,8.90472412109375,0.0
9.666666666666666,600000.0,8.907648086547852,0.0
9.683333333333334,600000.0,8.910577774047852,0.0
9.7,600000.0,8.913482666015625,0.0
9.716666666666667,600000.0,8.916383743286133,0.0
9.733333333333333,600000.0,8.91928482055664,0.0
9.75,600000.0,8.922115325927734,0.0
9.766666666666667,600000.0,8.924872398376465,0.0
9.783333333333333,600000.0,8.927613258361816,0.0
9.8,600000.0,8.930316925048828,0.0
9.816666666666666,600000.0,8.932974815368652,0.0
9.833333333333334,600000.0,8.935615539550781,0.0
9.85,600000.0,8.938254356384277,0.0
9.866666666666667,600000.0,8.94087028503418,0.0
9.883333333333333,600000.0,8.943477630615234,0.0
9.9,600000.0,8.94605827331543,0.0
9.916666666666666,600000.0,8.948637008666992,0.0
9.933333333333334,600000.0,8.951157569885254,0.0
9.95,600000.0,8.953592300415039,0.0
9.966666666666667,600000.0,8.956009864807129,0.0
9.983333333333333,600000.0,8.958406448364258,0.0
10.0,600000.0,8.960729598999023,0.0
10.016666666666667,600000.0,8.96303939819336,0.0
0.0,637500.0,9.992568016052246,0.0
0.016666666666666666,637500.0,8.715582847595215,0.0
0.03333333333333333,637500.0,7.432488441467285,0.0
0.05,637500.0,6.158432483673096,0.0
0.06666666666666667,637500.0,4.924295425415039,0.0
0.08333333333333333,637500.0,3.710946559906006,0.0
0.1,637500.0,2.520212411880493,0.0
0.11666666666666667,637500.0,1.4542092084884644,0.0
0.13333333333333333,637500.0,0.5608200430870056,40.047393364928915
0.15,637500.0,0.07426920533180237,47.39336492890995
0.16666666666666666,637500.0,0.0,47.867298578199055
0.18333333333333332,637500.0,0.0,47.39336492890995
0.2,637500.0,0.0,45.97156398104265
0.21666666666666667,637500.0,0.0,45.7345971563981
0.23333333333333334,637500.0,0.0,47.6303317535545
0.25,637500.0,0.0,47.1563981042654
0.26666666666666666,637500.0,0.0,48.81516587677725
0.2833333333333333,637500.0,0.0,48.81516587677725
0.3,637500.0,0.0,51.18483412322274
0.31666666666666665,637500.0,0.0,51.8957345971564
0.3333333333333333,637500.0,0.0,52.843601895734594
0.35,637500.0,0.0,54.502369668246445
0.36666666666666664,637500.0,0.0,56.39810426540285
0.38333333333333336,637500.0,0.0,57.10900473933649
0.4,637500.0,0.0,59.47867298578199
0.4166666666666667,637500.0,0.0,59.95260663507109
0.43333333333333335,637500.0,0.0,62.55924170616114
0.45,637500.0,0.0,63.507109004739334
0.4666666666666667,637500.0,0.0,64.69194312796208
0.48333333333333334,637500.0,0.0,68.48341232227489
0.5,637500.0,0.0,68.00947867298578
0.5166666666666667,637500.0,0.0,70.85308056872039
0.5333333333333333,637500.0,0.0,74.40758293838863
0.55,637500.0,0.0,74.88151658767772
0.5666666666666667,637500.0,0.0,76.54028436018957
0.5833333333333334,637500.0,0.0,77.72511848341233
0.6,637500.0,0.0,80.80568720379146
0.6166666666666667,637500.0,0.0,81.75355450236967
0.6333333333333333,637500.0,0.0,83.41232227488152
0.65,637500.0,0.0,86.01895734597157
0.6666666666666666,637500.0,0.0,87.91469194312796
0.6833333333333333,637500.0,0.0,89.57345971563981
0.7,637500.0,0.0,91.70616113744076
0.7166666666666667,637500.0,0.0,94.3127962085308
0.7333333333333333,637500.0,0.0,95.49763033175356
0.75,637500.0,0.0,97.6303317535545
0.7666666666666667,637500.0,0.0,99.0521327014218
0.7833333333333333,637500.0,0.0,99.76303317535546
0.8,637500.0,0.0,100.0
0.8166666666666667,637500.0,0.0,100.0
0.8333333333333334,637500.0,0.0,100.0
0.85,637500.0,0.0,100.0
0.8666666666666667,637500.0,0.0,100.0
0.8833333333333333,637500.0,0.0,99.0521327014218
0.9,637500.0,0.0,99.0521327014218
0.9166666666666666,637500.0,0.0,98.5781990521327
0.9333333333333333,637500.0,0.0,98.5781990521327
0.95,637500.0,0.0,98.5781990521327
0.9666666666666667,637500.0,0.0,98.5781990521327
0.9833333333333333,637500.0,0.0,98.5781990521327
1.0,637500.0,0.0,98.10426540284361
1.0166666666666666,637500.0,0.0,97.6303317535545
1.0333333333333334,637500.0,0.0,97.1563981042654
1.05,637500.0,0.0,97.1563981042654
1.0666666666666667,637500.0,0.0,96.6824644549763
1.0833333333333333,637500.0,0.0,96.6824644549763
1.1,637500.0,0.0,96.6824644549763
1.1166666666666667,637500.0,0.0,96.6824644549763
1.1333333333333333,637500.0,0.0,96.6824644549763
1.15,637500.0,0.0,96.6824644549763
1.1666666666666667,637500.0,0.0,95.73459715639811
1.1833333333333333,637500.0,0.0,95.260663507109
1.2,637500.0,0.0,95.260663507109
1.2166666666666666,637500.0,0.0,95.260663507109
1.2333333333333334,637500.0,0.0,94.7867298578199
1.25,637500.0,0.0,94.3127962085308
1.2666666666666666,637500.0,0.0,94.3127962085308
1.2833333333333334,637500.0,0.0,94.3127962085308
1.3,637500.0,0.0,94.3127962085308
1.3166666666666667,637500.0,0.0,94.3127962085308
1.3333333333333333,637500.0,0.0,94.3127962085308
1.35,637500.0,0.0,93.8388625592417
1.3666666666666667,637500.0,0.0,93.36492890995261
1.3833333333333333,637500.0,0.0,92.89099526066352
1.4,637500.0,0.0,92.89099526066352
1.4166666666666667,637500.0,0.0,92.41706161137441
1.4333333333333333,637500.0,0.0,92.41706161137441
1.45,637500.0,0.0,90.99526066350711
1.4666666666666666,637500.0,0.0,90.99526066350711
1.4833333333333334,637500.0,0.0,90.99526066350711
1.5,637500.0,0.0,90.52132701421802
1.5166666666666666,637500.0,0.0,90.04739336492891
1.5333333333333334,637500.0,0.0,89.57345971563981
1.55,637500.0,0.0,89.57345971563981
1.5666666666666667,637500.0,0.0,88.15165876777252
1.5833333333333333,637500.0,0.0,88.15165876777252
1.6,637500.0,0.0,87.20379146919431
1.6166666666666667,637500.0,0.0,87.20379146919431
1.6333333333333333,637500.0,0.0,86.25592417061611
1.65,637500.0,0.0,85.78199052132702
1.6666666666666667,637500.0,0.0,85.07109004739335
1.6833333333333333,637500.0,0.0,84.12322274881517
1.7,637500.0,0.0,83.64928909952607
1.7166666666666666,637500.0,0.0,83.64928909952607
1.7333333333333334,637500.0,0.0,82.70142180094787
1.75,637500.0,0.0,82.22748815165876
1.7666666666666666,637500.0,0.0,81.75355450236967
1.7833333333333334,637500.0,0.0,80.80568720379146
1.8,637500.0,0.0,80.33175355450237
1.8166666666666667,637500.0,0.0,80.09478672985783
1.8333333333333333,637500.0,0.0,78.67298578199052
1.85,637500.0,0.0,78.19905213270142
1.8666666666666667,637500.0,0.0,77.72511848341233
1.8833333333333333,637500.0,0.0,75.82938388625593
1.9,637500.0,0.0,75.35545023696683
1.9166666666666667,637500.0,0.0,74.88151658767772
1.9333333333333333,637500.0,0.0,73.93364928909952
1.95,637500.0,0.0,72.74881516587678
1.9666666666666666,637500.0,0.0,72.74881516587678
1.9833333333333334,637500.0,0.0,72.27488151658767
2.0,637500.0,0.0,71.32701421800948
2.0166666666666666,637500.0,0.0,70.85308056872039
2.033333333333333,637500.0,0.0,70.85308056872039
2.05,637500.0,1.0578946785244625e-07,69.43127962085308
2.066666666666667,637500.0,3.526596265146509e-05,68.72037914691943
2.0833333333333335,637500.0,5.921353294979781e-05,68.72037914691943
2.1,637500.0,7.57861853344366e-05,67.77251184834124
2.1166666666666667,637500.0,0.00010732072405517101,65.87677725118483
2.1333333333333333,637500.0,0.00015715250629000366,65.40284360189574
2.15,637500.0,0.00023051332391332835,64.92890995260665
2.1666666666666665,637500.0,0.0003342073177918792,63.270142180094794
2.183333333333333,637500.0,0.00047663829172961414,61.84834123222749
2.2,637500.0,0.0006679873913526535,61.84834123222749
2.216666666666667,637500.0,0.0009204016532748938,61.37440758293838
2.2333333333333334,637500.0,0.0012482153251767159,59.95260663507109
2.25,637500.0,0.0016681624110788107,59.95260663507109
2.2666666666666666,637500.0,0.0021996074356138706,58.53080568720379
2.283333333333333,637500.0,0.0028647352010011673,57.81990521327014
2.3,637500.0,0.0035499893128871918,56.39810426540285
2.316666666666667,637500.0,0.0039841178804636,55.92417061611374
2.3333333333333335,637500.0,0.004525884985923767,55.45023696682464
2.35,637500.0,0.005196239799261093,54.502369668246445
2.3666666666666667,637500.0,0.0060188681818544865,53.55450236966824
2.3833333333333333,637500.0,0.007020319811999798,53.317535545023695
2.4,637500.0,0.008230195380747318,52.843601895734594
2.4166666666666665,637500.0,0.009681154042482376,51.8957345971564
2.433333333333333,637500.0,0.011408936232328415,50.0
2.45,637500.0,0.013452406041324139,49.5260663507109
2.466666666666667,637500.0,0.015853391960263252,48.5781990521327
2.4833333333333334,637500.0,0.018656568601727486,47.39336492890995
2.5,637500.0,0.02190927043557167,46.44549763033176
2.5166666666666666,637500.0,0.025661392137408257,45.497630331753555
2.533333333333333,637500.0,0.029964769259095192,44.54976303317535
2.55,637500.0,0.03487289696931839,44.54976303317535
2.566666666666667,637500.0,0.04044050723314285,42.41706161137441
2.5833333333333335,637500.0,0.04672315716743469,41.943127962085306
2.6,637500.0,0.05377623438835144,40.52132701421801
2.6166666666666667,637500.0,0.06165432929992676,40.047393364928915
2.6333333333333333,637500.0,0.07041091471910477,38.62559241706161
2.65,637500.0,0.0800972729921341,38.15165876777251
2.6666666666666665,637500.0,0.0880860686302185,37.44075829383886
2.683333333333333,637500.0,0.09602781385183334,36.96682464454976
2.7,637500.0,0.10483354330062866,34.12322274881517
2.716666666666667,637500.0,0.11455589532852173,33.175355450236964
2.7333333333333334,637500.0,0.12524496018886566,32.22748815165877
2.75,637500.0,0.1369478404521942,31.516587677725116
2.7666666666666666,637500.0,0.14970733225345612,31.04265402843602
2.783333333333333,637500.0,0.1635613739490509,29.14691943127962
2.8,637500.0,0.17854294180870056,28.672985781990523
2.816666666666667,637500.0,0.19467875361442566,27.251184834123222
2.8333333333333335,637500.0,0.21198876202106476,25.118483412322274
2.85,637500.0,0.2304866462945938,24.170616113744074
2.8666666666666667,637500.0,0.25018033385276794,23.696682464454977
2.8833333333333333,637500.0,0.27106982469558716,23.22274881516588
2.9,637500.0,0.2931479811668396,21.32701421800948
2.9166666666666665,637500.0,0.31640177965164185,19.194312796208532
2.933333333333333,637500.0,0.3408118784427643,18.72037914691943
2.95,637500.0,0.3663531541824341,17.298578199052134
2.966666666666667,637500.0,0.39299553632736206,16.350710900473935
2.9833333333333334,637500.0,0.42070358991622925,15.402843601895736
3.0,637500.0,0.44943904876708984,14.691943127962084
3.0166666666666666,637500.0,0.47915932536125183,12.796208530805686
3.033333333333333,637500.0,0.5098192691802979,11.374407582938389
3.05,637500.0,0.5413720607757568,10.42654028436019
3.066666666666667,637500.0,0.5737692713737488,8.293838862559241
3.0833333333333335,637500.0,0.6069604158401489,8.293838862559241
3.1,637500.0,0.6408965587615967,8.293838862559241
3.1166666666666667,637500.0,0.6755276918411255,6.398104265402843
3.1333333333333333,637500.0,0.7108055949211121,4.502369668246446
3.15,637500.0,0.7466812133789062,3.7914691943127963
3.1666666666666665,637500.0,0.7831076979637146,3.7914691943127963
3.183333333333333,637500.0,0.8200387954711914,3.7914691943127963
3.2,637500.0,0.8574308156967163,1.4218009478672986
3.216666666666667,637500.0,0.8952419757843018,0.23696682464454977
3.2333333333333334,637500.0,0.933432936668396,0.23696682464454977
3.25,637500.0,0.9719668030738831,0.23696682464454977
3.2666666666666666,637500.0,1.0108091831207275,0.0
3.283333333333333,637500.0,1.0499272346496582,0.0
3.3,637500.0,1.0892878770828247,0.0
3.316666666666667,637500.0,1.1288647651672363,0.0
3.3333333333333335,637500.0,1.1686325073242188,0.0
3.35,637500.0,1.2085661888122559,0.0
3.3666666666666667,637500.0,1.2486474514007568,0.0
3.3833333333333333,637500.0,1.288857340812683,0.0
3.4,637500.0,1.3291761875152588,0.0
3.4166666666666665,637500.0,1.3695881366729736,0.0
3.433333333333333,637500.0,1.4100799560546875,0.0
3.45,637500.0,1.4506433010101318,0.0
3.466666666666667,637500.0,1.4912667274475098,0.0
3.4833333333333334,637500.0,1.5319478511810303,0.0
3.5,637500.0,1.5726697444915771,0.0
3.5166666666666666,637500.0,1.6134283542633057,0.0
3.533333333333333,637500.0,1.6542160511016846,0.0
3.55,637500.0,1.6950366497039795,0.0
3.566666666666667,637500.0,1.7358839511871338,0.0
3.5833333333333335,637500.0,1.776751160621643,0.0
3.6,637500.0,1.8176416158676147,0.0
3.6166666666666667,637500.0,1.8585522174835205,0.0
3.6333333333333333,637500.0,1.899481177330017,0.0
3.65,637500.0,1.9404189586639404,0.0
3.6666666666666665,637500.0,1.9813793897628784,0.0
3.683333333333333,637500.0,2.0223612785339355,0.0
3.7,637500.0,2.063344955444336,0.0
3.716666666666667,637500.0,2.1043567657470703,0.0
3.7333333333333334,637500.0,2.1453747749328613,0.0
3.75,637500.0,2.186403751373291,0.0
3.7666666666666666,637500.0,2.2274558544158936,0.0
3.783333333333333,637500.0,2.268514633178711,0.0
3.8,637500.0,2.309584379196167,0.0
3.816666666666667,637500.0,2.3506431579589844,0.0
3.8333333333333335,637500.0,2.3917341232299805,0.0
3.85,637500.0,2.432800054550171,0.0
3.8666666666666667,637500.0,2.4738616943359375,0.0
3.8833333333333333,637500.0,2.5149364471435547,0.0
3.9,637500.0,2.55599308013916,0.0
3.9166666666666665,637500.0,2.5970447063446045,0.0
3.933333333333333,637500.0,2.6380748748779297,0.0
3.95,637500.0,2.679093360900879,0.0
3.966666666666667,637500.0,2.7200987339019775,0.0
3.9833333333333334,637500.0,2.7610602378845215,0.0
4.0,637500.0,2.801997661590576,0.0
4.016666666666667,637500.0,2.8429019451141357,0.0
4.033333333333333,637500.0,2.883756160736084,0.0
4.05,637500.0,2.9245548248291016,0.0
4.066666666666666,637500.0,2.9653143882751465,0.0
4.083333333333333,637500.0,3.0060038566589355,0.0
4.1,637500.0,3.0466203689575195,0.0
4.116666666666666,637500.0,3.087190628051758,0.0
4.133333333333334,637500.0,3.127671718597412,0.0
4.15,637500.0,3.1680662631988525,0.0
4.166666666666667,637500.0,3.208387851715088,0.0
4.183333333333334,637500.0,3.2486064434051514,0.0
4.2,637500.0,3.2887368202209473,0.0
4.216666666666667,637500.0,3.328782081604004,0.0
4.233333333333333,637500.0,3.3687078952789307,0.0
4.25,637500.0,3.4085466861724854,0.0
4.266666666666667,637500.0,3.448249340057373,0.0
4.283333333333333,637500.0,3.487863302230835,0.0
4.3,637500.0,3.5273330211639404,0.0
4.316666666666666,637500.0,3.5666911602020264,0.0
4.333333333333333,637500.0,3.605912446975708,0.0
4.35,637500.0,3.6450281143188477,0.0
4.366666666666666,637500.0,3.6839983463287354,0.0
4.383333333333334,637500.0,3.7228550910949707,0.0
4.4,637500.0,3.7615609169006348,0.0
4.416666666666667,637500.0,3.8001480102539062,0.0
4.433333333333334,637500.0,3.838583469390869,0.0
4.45,637500.0,3.8768699169158936,0.0
4.466666666666667,637500.0,3.9150278568267822,0.0
4.483333333333333,637500.0,3.9530348777770996,0.0
4.5,637500.0,3.990896224975586,0.0
4.516666666666667,637500.0,4.028604984283447,0.0
4.533333333333333,637500.0,4.066159248352051,0.0
4.55,637500.0,4.103550910949707,0.0
4.566666666666666,637500.0,4.140799522399902,0.0
4.583333333333333,637500.0,4.1779069900512695,0.0
4.6,637500.0,4.214841842651367,0.0
4.616666666666666,637500.0,4.25160551071167,0.0
4.633333333333334,637500.0,4.288241386413574,0.0
4.65,637500.0,4.3247175216674805,0.0
4.666666666666667,637500.0,4.361014366149902,0.0
4.683333333333334,637500.0,4.397134780883789,0.0
4.7,637500.0,4.433117866516113,0.0
4.716666666666667,637500.0,4.468945503234863,0.0
4.733333333333333,637500.0,4.504582405090332,0.0
4.75,637500.0,4.540058135986328,0.0
4.766666666666667,637500.0,4.575364589691162,0.0
4.783333333333333,637500.0,4.61051607131958,0.0
4.8,637500.0,4.64549446105957,0.0
4.816666666666666,637500.0,4.680294990539551,0.0
4.833333333333333,637500.0,4.714916229248047,0.0
4.85,637500.0,4.749373435974121,0.0
4.866666666666666,637500.0,4.783661842346191,0.0
4.883333333333334,637500.0,4.8177642822265625,0.0
4.9,637500.0,4.851702690124512,0.0
4.916666666666667,637500.0,4.885475158691406,0.0
4.933333333333334,637500.0,4.919064521789551,0.0
4.95,637500.0,4.952486038208008,0.0
4.966666666666667,637500.0,4.985720157623291,0.0
4.983333333333333,637500.0,5.018774509429932,0.0
5.0,637500.0,5.051662445068359,0.0
5.016666666666667,637500.0,5.084370136260986,0.0
5.033333333333333,637500.0,5.11688232421875,0.0
5.05,637500.0,5.149224281311035,0.0
5.066666666666666,637500.0,5.181385040283203,0.0
5.083333333333333,637500.0,5.213356018066406,0.0
5.1,637500.0,5.2451581954956055,0.0
5.116666666666666,637500.0,5.276764869689941,0.0
5.133333333333334,637500.0,5.308188438415527,0.0
5.15,637500.0,5.339441776275635,0.0
5.166666666666667,637500.0,5.37050199508667,0.0
5.183333333333334,637500.0,5.40139102935791,0.0
5.2,637500.0,5.4320831298828125,0.0
5.216666666666667,637500.0,5.462599277496338,0.0
5.233333333333333,637500.0,5.4929070472717285,0.0
5.25,637500.0,5.523048400878906,0.0
5.266666666666667,637500.0,5.552999973297119,0.0
5.283333333333333,637500.0,5.582758903503418,0.0
5.3,637500.0,5.61234188079834,0.0
5.316666666666666,637500.0,5.641733169555664,0.0
5.333333333333333,637500.0,5.670947074890137,0.0
5.35,637500.0,5.699963092803955,0.0
5.366666666666666,637500.0,5.728794574737549,0.0
5.383333333333334,637500.0,5.757452487945557,0.0
5.4,637500.0,5.785895347595215,0.0
5.416666666666667,637500.0,5.814200401306152,0.0
5.433333333333334,637500.0,5.8422932624816895,0.0
5.45,637500.0,5.870204925537109,0.0
5.466666666666667,637500.0,5.897932052612305,0.0
5.483333333333333,637500.0,5.925457000732422,0.0
5.5,637500.0,5.952822685241699,0.0
5.516666666666667,637500.0,5.979994773864746,0.0
5.533333333333333,637500.0,6.006991386413574,0.0
5.55,637500.0,6.033821105957031,0.0
5.566666666666666,637500.0,6.060449600219727,0.0
5.583333333333333,637500.0,6.086896896362305,0.0
5.6,637500.0,6.113137722015381,0.0
5.616666666666666,637500.0,6.1392107009887695,0.0
5.633333333333334,637500.0,6.165111541748047,0.0
5.65,637500.0,6.190829277038574,0.0
5.666666666666667,637500.0,6.216350078582764,0.0
5.683333333333334,637500.0,6.241697311401367,0.0
5.7,637500.0,6.266863822937012,0.0
5.716666666666667,637500.0,6.29185676574707,0.0
5.733333333333333,637500.0,6.316685199737549,0.0
5.75,637500.0,6.3413190841674805,0.0
5.766666666666667,637500.0,6.365802764892578,0.0
5.783333333333333,637500.0,6.390084743499756,0.0
5.8,637500.0,6.414216995239258,0.0
5.816666666666666,637500.0,6.438154220581055,0.0
5.833333333333333,637500.0,6.461923122406006,0.0
5.85,637500.0,6.485504627227783,0.0
5.866666666666666,637500.0,6.508938789367676,0.0
5.883333333333334,637500.0,6.532183647155762,0.0
5.9,637500.0,6.555271625518799,0.0
5.916666666666667,637500.0,6.578185081481934,0.0
5.933333333333334,637500.0,6.600924491882324,0.0
5.95,637500.0,6.623509407043457,0.0
5.966666666666667,637500.0,6.645909309387207,0.0
5.983333333333333,637500.0,6.668148040771484,0.0
6.0,637500.0,6.690207004547119,0.0
6.016666666666667,637500.0,6.712101936340332,0.0
6.033333333333333,637500.0,6.733837127685547,0.0
6.05,637500.0,6.755392551422119,0.0
6.066666666666666,637500.0,6.776784896850586,0.0
6.083333333333333,637500.0,6.7980427742004395,0.0
6.1,637500.0,6.819120407104492,0.0
6.116666666666666,637500.0,6.8400349617004395,0.0
6.133333333333334,637500.0,6.86078405380249,0.0
6.15,637500.0,6.881382465362549,0.0
6.166666666666667,637500.0,6.901788711547852,0.0
6.183333333333334,637500.0,6.9220781326293945,0.0
6.2,637500.0,6.942187309265137,0.0
6.216666666666667,637500.0,6.962141036987305,0.0
6.233333333333333,637500.0,6.981940746307373,0.0
6.25,637500.0,7.001583576202393,0.0
6.266666666666667,637500.0,7.0210747718811035,0.0
6.283333333333333,637500.0,7.040411949157715,0.0
6.3,637500.0,7.059589385986328,0.0
6.316666666666666,637500.0,7.078609466552734,0.0
6.333333333333333,637500.0,7.0974884033203125,0.0
6.35,637500.0,7.116203308105469,0.0
6.366666666666666,637500.0,7.134778022766113,0.0
6.383333333333334,637500.0,7.153192520141602,0.0
6.4,637500.0,7.171496868133545,0.0
6.416666666666667,637500.0,7.189620018005371,0.0
6.433333333333334,637500.0,7.207576274871826,0.0
6.45,637500.0,7.2254252433776855,0.0
6.466666666666667,637500.0,7.243106842041016,0.0
6.483333333333333,637500.0,7.2606425285339355,0.0
6.5,637500.0,7.278046607971191,0.0
6.516666666666667,637500.0,7.2953081130981445,0.0
6.533333333333333,637500.0,7.312415599822998,0.0
6.55,637500.0,7.3293657302856445,0.0
6.566666666666666,637500.0,7.346209526062012,0.0
6.583333333333333,637500.0,7.36289644241333,0.0
6.6,637500.0,7.379425048828125,0.0
6.616666666666666,637500.0,7.39586067199707,0.0
6.633333333333334,637500.0,7.412120342254639,0.0
6.65,637500.0,7.428264141082764,0.0
6.666666666666667,637500.0,7.444223403930664,0.0
6.683333333333334,637500.0,7.460097789764404,0.0
6.7,637500.0,7.47580623626709,0.0
6.716666666666667,637500.0,7.491389751434326,0.0
6.733333333333333,637500.0,7.50685977935791,0.0
6.75,637500.0,7.522213935852051,0.0
6.766666666666667,637500.0,7.537406921386719,0.0
6.783333333333333,637500.0,7.552465438842773,0.0
6.8,637500.0,7.567407608032227,0.0
6.816666666666666,637500.0,7.58221960067749,0.0
6.833333333333333,637500.0,7.596916198730469,0.0
6.85,637500.0,7.611461162567139,0.0
6.866666666666666,637500.0,7.625903129577637,0.0
6.883333333333334,637500.0,7.6402082443237305,0.0
6.9,637500.0,7.654394149780273,0.0
6.916666666666667,637500.0,7.6684699058532715,0.0
6.933333333333334,637500.0,7.682412147521973,0.0
6.95,637500.0,7.696250915527344,0.0
6.966666666666667,637500.0,7.7099504470825195,0.0
6.983333333333333,637500.0,7.723541736602783,0.0
7.0,637500.0,7.737035751342773,0.0
7.016666666666667,637500.0,7.750393867492676,0.0
7.033333333333333,637500.0,7.7636308670043945,0.0
7.05,637500.0,7.776771068572998,0.0
7.066666666666666,637500.0,7.789798736572266,0.0
7.083333333333333,637500.0,7.80269718170166,0.0
7.1,637500.0,7.815454006195068,0.0
7.116666666666666,637500.0,7.828067779541016,0.0
7.133333333333334,637500.0,7.840635299682617,0.0
7.15,637500.0,7.853066444396973,0.0
7.166666666666667,637500.0,7.865401268005371,0.0
7.183333333333334,637500.0,7.87764835357666,0.0
7.2,637500.0,7.8897786140441895,0.0
7.216666666666667,637500.0,7.9018049240112305,0.0
7.233333333333333,637500.0,7.913702011108398,0.0
7.25,637500.0,7.925478935241699,0.0
7.266666666666667,637500.0,7.937121391296387,0.0
7.283333333333333,637500.0,7.948716163635254,0.0
7.3,637500.0,7.960182189941406,0.0
7.316666666666666,637500.0,7.971553325653076,0.0
7.333333333333333,637500.0,7.982813835144043,0.0
7.35,637500.0,7.99396276473999,0.0
7.366666666666666,637500.0,8.005070686340332,0.0
7.383333333333334,637500.0,8.016031265258789,0.0
7.4,637500.0,8.026885032653809,0.0
7.416666666666667,637500.0,8.037643432617188,0.0
7.433333333333334,637500.0,8.048322677612305,0.0
7.45,637500.0,8.0589599609375,0.0
7.466666666666667,637500.0,8.069457054138184,0.0
7.483333333333333,637500.0,8.079866409301758,0.0
7.5,637500.0,8.090181350708008,0.0
7.516666666666667,637500.0,8.1003999710083,0.0
7.533333333333333,637500.0,8.110544204711914,0.0
7.55,637500.0,8.120536804199219,0.0
7.566666666666666,637500.0,8.130468368530273,0.0
7.583333333333333,637500.0,8.140237808227539,0.0
7.6,637500.0,8.1499662399292,0.0
7.616666666666666,637500.0,8.159636497497559,0.0
7.633333333333334,637500.0,8.169281005859375,0.0
7.65,637500.0,8.178703308105469,0.0
7.666666666666667,637500.0,8.188102722167969,0.0
7.683333333333334,637500.0,8.197450637817383,0.0
7.7,637500.0,8.20677661895752,0.0
7.716666666666667,637500.0,8.215914726257324,0.0
7.733333333333333,637500.0,8.224996566772461,0.0
7.75,637500.0,8.23402214050293,0.0
7.766666666666667,637500.0,8.242938995361328,0.0
7.783333333333333,637500.0,8.251728057861328,0.0
7.8,637500.0,8.26043701171875,0.0
7.816666666666666,637500.0,8.26913833618164,0.0
7.833333333333333,637500.0,8.27771282196045,0.0
7.85,637500.0,8.286219596862793,0.0
7.866666666666666,637500.0,8.294609069824219,0.0
7.883333333333334,637500.0,8.302922248840332,0.0
7.9,637500.0,8.311149597167969,0.0
7.916666666666667,637500.0,8.319345474243164,0.0
7.933333333333334,637500.0,8.327452659606934,0.0
7.95,637500.0,8.335531234741211,0.0
7.966666666666667,637500.0,8.343545913696289,0.0
7.983333333333333,637500.0,8.35144329071045,0.0
8.0,637500.0,8.359277725219727,0.0
8.016666666666667,637500.0,8.367053985595703,0.0
8.033333333333333,637500.0,8.37479019165039,0.0
8.05,637500.0,8.382428169250488,0.0
8.066666666666666,637500.0,8.389971733093262,0.0
8.083333333333334,637500.0,8.397478103637695,0.0
8.1,637500.0,8.404891967773438,0.0
8.116666666666667,637500.0,8.41220760345459,0.0
8.133333333333333,637500.0,8.419378280639648,0.0
8.15,637500.0,8.426492691040039,0.0
8.166666666666666,637500.0,8.433584213256836,0.0
8.183333333333334,637500.0,8.440651893615723,0.0
8.2,637500.0,8.447599411010742,0.0
8.216666666666667,637500.0,8.454524040222168,0.0
8.233333333333333,637500.0,8.461400032043457,0.0
8.25,637500.0,8.468201637268066,0.0
8.266666666666667,637500.0,8.474969863891602,0.0
8.283333333333333,637500.0,8.481599807739258,0.0
8.3,637500.0,8.48816204071045,0.0
8.316666666666666,637500.0,8.494668960571289,0.0
8.333333333333334,637500.0,8.501152038574219,0.0
8.35,637500.0,8.507606506347656,0.0
8.366666666666667,637500.0,8.514013290405273,0.0
8.383333333333333,637500.0,8.52025032043457,0.0
8.4,637500.0,8.526424407958984,0.0
8.416666666666666,637500.0,8.532556533813477,0.0
8.433333333333334,637500.0,8.538655281066895,0.0
8.45,637500.0,8.544632911682129,0.0
8.466666666666667,637500.0,8.550602912902832,0.0
8.483333333333333,637500.0,8.556486129760742,0.0
8.5,637500.0,8.56234073638916,0.0
8.516666666666667,637500.0,8.56816291809082,0.0
8.533333333333333,637500.0,8.573965072631836,0.0
8.55,637500.0,8.579696655273438,0.0
8.566666666666666,637500.0,8.585294723510742,0.0
8.583333333333334,637500.0,8.590834617614746,0.0
8.6,637500.0,8.59634780883789,0.0
8.616666666666667,637500.0,8.601827621459961,0.0
8.633333333333333,637500.0,8.607287406921387,0.0
8.65,637500.0,8.612622261047363,0.0
8.666666666666666,637500.0,8.617941856384277,0.0
8.683333333333334,637500.0,8.623241424560547,0.0
8.7,637500.0,8.628440856933594,0.0
8.716666666666667,637500.0,8.633600234985352,0.0
8.733333333333333,637500.0,8.638757705688477,0.0
8.75,637500.0,8.643838882446289,0.0
8.766666666666667,637500.0,8.648845672607422,0.0
8.783333333333333,637500.0,8.653841972351074,0.0
8.8,637500.0,8.658754348754883,0.0
8.816666666666666,637500.0,8.66360855102539,0.0
8.833333333333334,637500.0,8.66844367980957,0.0
8.85,637500.0,8.673235893249512,0.0
8.866666666666667,637500.0,8.677937507629395,0.0
8.883333333333333,637500.0,8.68263053894043,0.0
8.9,637500.0,8.687294960021973,0.0
8.916666666666666,637500.0,8.691879272460938,0.0
8.933333333333334,637500.0,8.696416854858398,0.0
8.95,637500.0,8.700929641723633,0.0
8.966666666666667,637500.0,8.705389022827148,0.0
8.983333333333333,637500.0,8.709750175476074,0.0
9.0,637500.0,8.714101791381836,0.0
9.016666666666667,637500.0,8.718422889709473,0.0
9.033333333333333,637500.0,8.722658157348633,0.0
9.05,637500.0,8.726877212524414,0.0
9.066666666666666,637500.0,8.731081008911133,0.0
9.083333333333334,637500.0,8.735280990600586,0.0
9.1,637500.0,8.739471435546875,0.0
9.116666666666667,637500.0,8.743561744689941,0.0
9.133333333333333,637500.0,8.747591018676758,0.0
9.15,637500.0,8.751578330993652,0.0
9.166666666666666,637500.0,8.75552749633789,0.0
9.183333333333334,637500.0,8.759444236755371,0.0
9.2,637500.0,8.763346672058105,0.0
9.216666666666667,637500.0,8.767230033874512,0.0
9.233333333333333,637500.0,8.771105766296387,0.0
9.25,637500.0,8.77497386932373,0.0
9.266666666666667,637500.0,8.778803825378418,0.0
9.283333333333333,637500.0,8.782510757446289,0.0
9.3,637500.0,8.78616714477539,0.0
9.316666666666666,637500.0,8.789775848388672,0.0
9.333333333333334,637500.0,8.793365478515625,0.0
9.35,637500.0,8.796920776367188,0.0
9.366666666666667,637500.0,8.800466537475586,0.0
9.383333333333333,637500.0,8.804012298583984,0.0
9.4,637500.0,8.80752182006836,0.0
9.416666666666666,637500.0,8.810924530029297,0.0
9.433333333333334,637500.0,8.814309120178223,0.0
9.45,637500.0,8.817605972290039,0.0
9.466666666666667,637500.0,8.82086181640625,0.0
9.483333333333333,637500.0,8.824104309082031,0.0
9.5,637500.0,8.827348709106445,0.0
9.516666666666667,637500.0,8.830585479736328,0.0
9.533333333333333,637500.0,8.83381462097168,0.0
9.55,637500.0,8.837038040161133,0.0
9.566666666666666,637500.0,8.84019947052002,0.0
9.583333333333334,637500.0,8.843265533447266,0.0
9.6,637500.0,8.846251487731934,0.0
9.616666666666667,637500.0,8.84920883178711,0.0
9.633333333333333,637500.0,8.852176666259766,0.0
9.65,637500.0,8.855121612548828,0.0
9.666666666666666,637500.0,8.858051300048828,0.0
9.683333333333334,637500.0,8.860986709594727,0.0
9.7,637500.0,8.863922119140625,0.0
9.716666666666667,637500.0,8.866823196411133,0.0
9.733333333333333,637500.0,8.86972427368164,0.0
9.75,637500.0,8.872528076171875,0.0
9.766666666666667,637500.0,8.875247955322266,0.0
9.783333333333333,637500.0,8.877955436706543,0.0
9.8,637500.0,8.880647659301758,0.0
9.816666666666666,637500.0,8.883296012878418,0.0
9.833333333333334,637500.0,8.885936737060547,0.0
9.85,637500.0,8.888544082641602,0.0
9.866666666666667,637500.0,8.89115047454834,0.0
9.883333333333333,637500.0,8.893746376037598,0.0
9.9,637500.0,8.896331787109375,0.0
9.916666666666666,637500.0,8.898910522460938,0.0
9.933333333333334,637500.0,8.901445388793945,0.0
9.95,637500.0,8.903892517089844,0.0
9.966666666666667,637500.0,8.90631103515625,0.0
9.983333333333333,637500.0,8.90872859954834,0.0
10.0,637500.0,8.911123275756836,0.0
10.016666666666667,637500.0,8.91344165802002,0.0
0.0,675000.0,9.992568016052246,0.0
0.016666666666666666,675000.0,8.715578079223633,0.0
0.03333333333333333,675000.0,7.432462692260742,0.0
0.05,675000.0,6.15838623046875,0.0
0.06666666666666667,675000.0,4.924210548400879,0.0
0.08333333333333333,675000.0,3.710815906524658,0.0
0.1,675000.0,2.520035743713379,0.0
0.11666666666666667,675000.0,1.4539977312088013,0.0
0.13333333333333333,675000.0,0.5606175065040588,40.047393364928915
0.15,675000.0,0.0741959810256958,47.39336492890995
0.16666666666666666,675000.0,0.0,47.867298578199055
0.18333333333333332,675000.0,0.0,47.39336492890995
0.2,675000.0,0.0,45.97156398104265
0.21666666666666667,675000.0,0.0,45.7345971563981
0.23333333333333334,675000.0,0.0,47.6303317535545
0.25,675000.0,0.0,47.1563981042654
0.26666666666666666,675000.0,0.0,48.81516587677725
0.2833333333333333,675000.0,0.0,48.81516587677725
0.3,675000.0,0.0,51.18483412322274
0.31666666666666665,675000.0,0.0,52.3696682464455
0.3333333333333333,675000.0,0.0,52.843601895734594
0.35,675000.0,0.0,54.502369668246445
0.36666666666666664,675000.0,0.0,56.39810426540285
0.38333333333333336,675000.0,0.0,57.10900473933649
0.4,675000.0,0.0,59.47867298578199
0.4166666666666667,675000.0,0.0,59.95260663507109
0.43333333333333335,675000.0,0.0,62.55924170616114
0.45,675000.0,0.0,63.507109004739334
0.4666666666666667,675000.0,0.0,64.69194312796208
0.48333333333333334,675000.0,0.0,68.48341232227489
0.5,675000.0,0.0,68.00947867298578
0.5166666666666667,675000.0,0.0,70.85308056872039
0.5333333333333333,675000.0,0.0,74.40758293838863
0.55,675000.0,0.0,74.88151658767772
0.5666666666666667,675000.0,0.0,76.54028436018957
0.5833333333333334,675000.0,0.0,77.72511848341233
0.6,675000.0,0.0,80.80568720379146
0.6166666666666667,675000.0,0.0,81.75355450236967
0.6333333333333333,675000.0,0.0,83.41232227488152
0.65,675000.0,0.0,86.01895734597157
0.6666666666666666,675000.0,0.0,87.91469194312796
0.6833333333333333,675000.0,0.0,89.57345971563981
0.7,675000.0,0.0,91.70616113744076
0.7166666666666667,675000.0,0.0,94.3127962085308
0.7333333333333333,675000.0,0.0,95.49763033175356
0.75,675000.0,0.0,97.6303317535545
0.7666666666666667,675000.0,0.0,99.0521327014218
0.7833333333333333,675000.0,0.0,99.76303317535546
0.8,675000.0,0.0,100.0
0.8166666666666667,675000.0,0.0,100.0
0.8333333333333334,675000.0,0.0,100.0
0.85,675000.0,0.0,100.0
0.8666666666666667,675000.0,0.0,100.0
0.8833333333333333,675000.0,0.0,99.0521327014218
0.9,675000.0,0.0,99.0521327014218
0.9166666666666666,675000.0,0.0,98.5781990521327
0.9333333333333333,675000.0,0.0,98.5781990521327
0.95,675000.0,0.0,98.5781990521327
0.9666666666666667,675000.0,0.0,98.5781990521327
0.9833333333333333,675000.0,0.0,98.5781990521327
1.0,675000.0,0.0,98.10426540284361
1.0166666666666666,675000.0,0.0,97.6303317535545
1.0333333333333334,675000.0,0.0,97.1563981042654
1.05,675000.0,0.0,97.1563981042654
1.0666666666666667,675000.0,0.0,96.6824644549763
1.0833333333333333,675000.0,0.0,96.6824644549763
1.1,675000.0,0.0,96.6824644549763
1.1166666666666667,675000.0,0.0,96.6824644549763
1.1333333333333333,675000.0,0.0,96.6824644549763
1.15,675000.0,0.0,96.6824644549763
1.1666666666666667,675000.0,0.0,95.73459715639811
1.1833333333333333,675000.0,0.0,95.260663507109
1.2,675000.0,0.0,95.260663507109
1.2166666666666666,675000.0,0.0,95.260663507109
1.2333333333333334,675000.0,0.0,94.7867298578199
1.25,675000.0,0.0,94.3127962085308
1.2666666666666666,675000.0,0.0,94.3127962085308
1.2833333333333334,675000.0,0.0,94.3127962085308
1.3,675000.0,0.0,94.3127962085308
1.3166666666666667,675000.0,0.0,94.3127962085308
1.3333333333333333,675000.0,0.0,94.3127962085308
1.35,675000.0,0.0,93.8388625592417
1.3666666666666667,675000.0,0.0,93.36492890995261
1.3833333333333333,675000.0,0.0,92.89099526066352
1.4,675000.0,0.0,92.89099526066352
1.4166666666666667,675000.0,0.0,92.41706161137441
1.4333333333333333,675000.0,0.0,92.41706161137441
1.45,675000.0,0.0,90.99526066350711
1.4666666666666666,675000.0,0.0,90.99526066350711
1.4833333333333334,675000.0,0.0,90.99526066350711
1.5,675000.0,0.0,90.52132701421802
1.5166666666666666,675000.0,0.0,90.04739336492891
1.5333333333333334,675000.0,0.0,89.57345971563981
1.55,675000.0,0.0,89.57345971563981
1.5666666666666667,675000.0,0.0,88.15165876777252
1.5833333333333333,675000.0,0.0,88.15165876777252
1.6,675000.0,0.0,87.20379146919431
1.6166666666666667,675000.0,0.0,87.20379146919431
1.6333333333333333,675000.0,0.0,86.25592417061611
1.65,675000.0,0.0,85.78199052132702
1.6666666666666667,675000.0,0.0,85.07109004739335
1.6833333333333333,675000.0,0.0,84.12322274881517
1.7,675000.0,0.0,83.64928909952607
1.7166666666666666,675000.0,0.0,83.64928909952607
1.7333333333333334,675000.0,0.0,82.70142180094787
1.75,675000.0,0.0,82.22748815165876
1.7666666666666666,675000.0,0.0,81.75355450236967
1.7833333333333334,675000.0,0.0,81.27962085308057
1.8,675000.0,0.0,80.33175355450237
1.8166666666666667,675000.0,0.0,80.09478672985783
1.8333333333333333,675000.0,0.0,79.14691943127961
1.85,675000.0,0.0,78.19905213270142
1.8666666666666667,675000.0,0.0,77.72511848341233
1.8833333333333333,675000.0,0.0,75.82938388625593
1.9,675000.0,0.0,75.82938388625593
1.9166666666666667,675000.0,0.0,74.88151658767772
1.9333333333333333,675000.0,0.0,73.93364928909952
1.95,675000.0,0.0,72.74881516587678
1.9666666666666666,675000.0,0.0,72.74881516587678
1.9833333333333334,675000.0,0.0,72.27488151658767
2.0,675000.0,0.0,71.32701421800948
2.0166666666666666,675000.0,0.0,70.85308056872039
2.033333333333333,675000.0,0.0,70.85308056872039
2.05,675000.0,0.0,69.43127962085308
2.066666666666667,675000.0,2.6266221539117396e-05,69.19431279620854
2.0833333333333335,675000.0,5.679263631463982e-05,68.72037914691943
2.1,675000.0,7.112583989510313e-05,67.77251184834124
2.1166666666666667,675000.0,0.00010023362847277895,66.35071090047393
2.1333333333333333,675000.0,0.00014704858767800033,65.40284360189574
2.15,675000.0,0.00021652577561326325,64.92890995260665
2.1666666666666665,675000.0,0.0003152038261760026,63.74407582938388
2.183333333333333,675000.0,0.00045119778951629996,61.84834123222749
2.2,675000.0,0.0006343596614897251,61.84834123222749
2.216666666666667,675000.0,0.0008764506783336401,61.37440758293838
2.2333333333333334,675000.0,0.0011913569178432226,59.95260663507109
2.25,675000.0,0.0015953059773892164,59.95260663507109
2.2666666666666666,675000.0,0.00210708100348711,59.47867298578199
2.283333333333333,675000.0,0.0027482127770781517,58.29383886255924
2.3,675000.0,0.0034849760122597218,56.39810426540285
2.316666666666667,675000.0,0.0039024101570248604,55.92417061611374
2.3333333333333335,675000.0,0.004423687234520912,55.92417061611374
2.35,675000.0,0.005069086328148842,54.502369668246445
2.3666666666666667,675000.0,0.0058615608140826225,53.55450236966824
2.3833333333333333,675000.0,0.006826859898865223,53.317535545023695
2.4,675000.0,0.00799365621060133,52.843601895734594
2.4166666666666665,675000.0,0.009393694810569286,51.8957345971564
2.433333333333333,675000.0,0.01106167770922184,50.947867298578196
2.45,675000.0,0.013035371899604797,49.5260663507109
2.466666666666667,675000.0,0.015355486422777176,48.5781990521327
2.4833333333333334,675000.0,0.018065594136714935,47.39336492890995
2.5,675000.0,0.021211858838796616,46.44549763033176
2.5166666666666666,675000.0,0.02484307251870632,45.97156398104265
2.533333333333333,675000.0,0.029009953141212463,45.497630331753555
2.55,675000.0,0.03376501798629761,44.54976303317535
2.566666666666667,675000.0,0.039162084460258484,42.41706161137441
2.5833333333333335,675000.0,0.04525579512119293,41.943127962085306
2.6,675000.0,0.05210096389055252,40.52132701421801
2.6166666666666667,675000.0,0.059751711785793304,40.52132701421801
2.6333333333333333,675000.0,0.0682612955570221,39.09952606635071
2.65,675000.0,0.0776810348033905,38.15165876777251
2.6666666666666665,675000.0,0.08624996244907379,37.44075829383886
2.683333333333333,675000.0,0.09395384788513184,37.44075829383886
2.7,675000.0,0.10250144451856613,34.59715639810427
2.716666666666667,675000.0,0.11194496601819992,33.649289099526065
2.7333333333333334,675000.0,0.1223348081111908,32.22748815165877
2.75,675000.0,0.13371868431568146,31.516587677725116
2.7666666666666666,675000.0,0.14613977074623108,31.04265402843602
2.783333333333333,675000.0,0.15963731706142426,30.09478672985782
2.8,675000.0,0.1742454171180725,29.14691943127962
2.816666666666667,675000.0,0.1899920403957367,27.251184834123222
2.8333333333333335,675000.0,0.20689919590950012,25.118483412322274
2.85,675000.0,0.2249826341867447,24.644549763033176
2.8666666666666667,675000.0,0.24425113201141357,23.696682464454977
2.8833333333333333,675000.0,0.2647075355052948,23.22274881516588
2.9,675000.0,0.28634634613990784,22.274881516587676
2.9166666666666665,675000.0,0.3091564178466797,20.14218009478673
2.933333333333333,675000.0,0.3331214487552643,18.72037914691943
2.95,675000.0,0.3582172393798828,17.77251184834123
2.966666666666667,675000.0,0.38441598415374756,16.824644549763033
2.9833333333333334,675000.0,0.4116836488246918,15.402843601895736
3.0,675000.0,0.4399830102920532,14.691943127962084
3.0166666666666666,675000.0,0.4692731201648712,14.218009478672986
3.033333333333333,675000.0,0.4995099902153015,11.848341232227488
3.05,675000.0,0.5306472778320312,10.42654028436019
3.066666666666667,675000.0,0.5626380443572998,9.47867298578199
3.0833333333333335,675000.0,0.5954325199127197,8.293838862559241
3.1,675000.0,0.628981351852417,8.293838862559241
3.1166666666666667,675000.0,0.6632339954376221,7.345971563981042
3.1333333333333333,675000.0,0.6981425285339355,4.976303317535545
3.15,675000.0,0.7336586713790894,3.7914691943127963
3.1666666666666665,675000.0,0.7697343826293945,3.7914691943127963
3.183333333333333,675000.0,0.8063250780105591,3.7914691943127963
3.2,675000.0,0.8433851599693298,2.3696682464454977
3.216666666666667,675000.0,0.8808741569519043,0.47393364928909953
3.2333333333333334,675000.0,0.9187520742416382,0.23696682464454977
3.25,675000.0,0.9569807648658752,0.23696682464454977
3.2666666666666666,675000.0,0.9955241680145264,0.23696682464454977
3.283333333333333,675000.0,1.0343494415283203,0.0
3.3,675000.0,1.0734243392944336,0.0
3.316666666666667,675000.0,1.11272394657135,0.0
3.3333333333333335,675000.0,1.1522183418273926,0.0
3.35,675000.0,1.1918861865997314,0.0
3.3666666666666667,675000.0,1.2317051887512207,0.0
3.3833333333333333,675000.0,1.2716541290283203,0.0
3.4,675000.0,1.311713695526123,0.0
3.4166666666666665,675000.0,1.3518750667572021,0.0
3.433333333333333,675000.0,1.3921198844909668,0.0
3.45,675000.0,1.432438611984253,0.0
3.466666666666667,675000.0,1.472815752029419,0.0
3.4833333333333334,675000.0,1.5132516622543335,0.0
3.5,675000.0,1.5537312030792236,0.0
3.5166666666666666,675000.0,1.5942500829696655,0.0
3.533333333333333,675000.0,1.6348021030426025,0.0
3.55,675000.0,1.6753876209259033,0.0
3.566666666666667,675000.0,1.7160030603408813,0.0
3.5833333333333335,675000.0,1.756643295288086,0.0
3.6,675000.0,1.7973041534423828,0.0
3.6166666666666667,675000.0,1.8379815816879272,0.0
3.6333333333333333,675000.0,1.8786722421646118,0.0
3.65,675000.0,1.9193792343139648,0.0
3.6666666666666665,675000.0,1.9601116180419922,0.0
3.683333333333333,675000.0,2.0008654594421387,0.0
3.7,675000.0,2.0416297912597656,0.0
3.716666666666667,675000.0,2.0824151039123535,0.0
3.7333333333333334,675000.0,2.1232166290283203,0.0
3.75,675000.0,2.1640284061431885,0.0
3.7666666666666666,675000.0,2.204850673675537,0.0
3.783333333333333,675000.0,2.2456743717193604,0.0
3.8,675000.0,2.2865257263183594,0.0
3.816666666666667,675000.0,2.327362537384033,0.0
3.8333333333333335,675000.0,2.368217945098877,0.0
3.85,675000.0,2.40906023979187,0.0
3.8666666666666667,675000.0,2.4499008655548096,0.0
3.8833333333333333,675000.0,2.4907500743865967,0.0
3.9,675000.0,2.5315935611724854,0.0
3.9166666666666665,675000.0,2.5724101066589355,0.0
3.933333333333333,675000.0,2.6132187843322754,0.0
3.95,675000.0,2.6540021896362305,0.0
3.966666666666667,675000.0,2.6947784423828125,0.0
3.9833333333333334,675000.0,2.7355294227600098,0.0
4.0,675000.0,2.7762460708618164,0.0
4.016666666666667,675000.0,2.816934585571289,0.0
4.033333333333333,675000.0,2.8575544357299805,0.0
4.05,675000.0,2.8981573581695557,0.0
4.066666666666666,675000.0,2.9387004375457764,0.0
4.083333333333333,675000.0,2.9791884422302246,0.0
4.1,675000.0,3.0196101665496826,0.0
4.116666666666666,675000.0,3.0599684715270996,0.0
4.133333333333334,675000.0,3.100252151489258,0.0
4.15,675000.0,3.140439033508301,0.0
4.166666666666667,675000.0,3.1805644035339355,0.0
4.183333333333334,675000.0,3.2205939292907715,0.0
4.2,675000.0,3.2605271339416504,0.0
4.216666666666667,675000.0,3.300370693206787,0.0
4.233333333333333,675000.0,3.3400912284851074,0.0
4.25,675000.0,3.379728078842163,0.0
4.266666666666667,675000.0,3.41925311088562,0.0
4.283333333333333,675000.0,3.4586634635925293,0.0
4.3,675000.0,3.4979593753814697,0.0
4.316666666666666,675000.0,3.5371365547180176,0.0
4.333333333333333,675000.0,3.57619571685791,0.0
4.35,675000.0,3.6151318550109863,0.0
4.366666666666666,675000.0,3.6539366245269775,0.0
4.383333333333334,675000.0,3.69260835647583,0.0
4.4,675000.0,3.731147289276123,0.0
4.416666666666667,675000.0,3.7695486545562744,0.0
4.433333333333334,675000.0,3.8078012466430664,0.0
4.45,675000.0,3.8459277153015137,0.0
4.466666666666667,675000.0,3.883904457092285,0.0
4.483333333333333,675000.0,3.921729564666748,0.0
4.5,675000.0,3.9594109058380127,0.0
4.516666666666667,675000.0,3.9969468116760254,0.0
4.533333333333333,675000.0,4.034327983856201,0.0
4.55,675000.0,4.071560859680176,0.0
4.566666666666666,675000.0,4.108630180358887,0.0
4.583333333333333,675000.0,4.145559787750244,0.0
4.6,675000.0,4.182340145111084,0.0
4.616666666666666,675000.0,4.218963623046875,0.0
4.633333333333334,675000.0,4.255414962768555,0.0
4.65,675000.0,4.291722297668457,0.0
4.666666666666667,675000.0,4.327879905700684,0.0
4.683333333333334,675000.0,4.363862037658691,0.0
4.7,675000.0,4.399662971496582,0.0
4.716666666666667,675000.0,4.4353108406066895,0.0
4.733333333333333,675000.0,4.470815181732178,0.0
4.75,675000.0,4.506130218505859,0.0
4.766666666666667,675000.0,4.541286468505859,0.0
4.783333333333333,675000.0,4.576272964477539,0.0
4.8,675000.0,4.611099720001221,0.0
4.816666666666666,675000.0,4.645763874053955,0.0
4.833333333333333,675000.0,4.680248260498047,0.0
4.85,675000.0,4.714550495147705,0.0
4.866666666666666,675000.0,4.748686790466309,0.0
4.883333333333334,675000.0,4.782634258270264,0.0
4.9,675000.0,4.816429138183594,0.0
4.916666666666667,675000.0,4.850055694580078,0.0
4.933333333333334,675000.0,4.883500099182129,0.0
4.95,675000.0,4.916772842407227,0.0
4.966666666666667,675000.0,4.9498796463012695,0.0
4.983333333333333,675000.0,4.982790946960449,0.0
5.0,675000.0,5.01553201675415,0.0
5.016666666666667,675000.0,5.0481038093566895,0.0
5.033333333333333,675000.0,5.080489158630371,0.0
5.05,675000.0,5.112698554992676,0.0
5.066666666666666,675000.0,5.1447272300720215,0.0
5.083333333333333,675000.0,5.176575660705566,0.0
5.1,675000.0,5.208243370056152,0.0
5.116666666666666,675000.0,5.239737033843994,0.0
5.133333333333334,675000.0,5.271032333374023,0.0
5.15,675000.0,5.302156448364258,0.0
5.166666666666667,675000.0,5.333093643188477,0.0
5.183333333333334,675000.0,5.363851070404053,0.0
5.2,675000.0,5.39442253112793,0.0
5.216666666666667,675000.0,5.424788475036621,0.0
5.233333333333333,675000.0,5.454994201660156,0.0
5.25,675000.0,5.485013961791992,0.0
5.266666666666667,675000.0,5.51485538482666,0.0
5.283333333333333,675000.0,5.544522285461426,0.0
5.3,675000.0,5.573981285095215,0.0
5.316666666666666,675000.0,5.603270053863525,0.0
5.333333333333333,675000.0,5.632356643676758,0.0
5.35,675000.0,5.661269187927246,0.0
5.366666666666666,675000.0,5.689992904663086,0.0
5.383333333333334,675000.0,5.718501091003418,0.0
5.4,675000.0,5.746852874755859,0.0
5.416666666666667,675000.0,5.775012969970703,0.0
5.433333333333334,675000.0,5.803011894226074,0.0
5.45,675000.0,5.830818176269531,0.0
5.466666666666667,675000.0,5.85845422744751,0.0
5.483333333333333,675000.0,5.885889053344727,0.0
5.5,675000.0,5.913157939910889,0.0
5.516666666666667,675000.0,5.9402265548706055,0.0
5.533333333333333,675000.0,5.967117786407471,0.0
5.55,675000.0,5.993829727172852,0.0
5.566666666666666,675000.0,6.020342826843262,0.0
5.583333333333333,675000.0,6.04669189453125,0.0
5.6,675000.0,6.072832107543945,0.0
5.616666666666666,675000.0,6.098829746246338,0.0
5.633333333333334,675000.0,6.124636173248291,0.0
5.65,675000.0,6.150250434875488,0.0
5.666666666666667,675000.0,6.175692081451416,0.0
5.683333333333334,675000.0,6.2009382247924805,0.0
5.7,675000.0,6.226029872894287,0.0
5.716666666666667,675000.0,6.250946998596191,0.0
5.733333333333333,675000.0,6.275672435760498,0.0
5.75,675000.0,6.300222396850586,0.0
5.766666666666667,675000.0,6.324609756469727,0.0
5.783333333333333,675000.0,6.348798751831055,0.0
5.8,675000.0,6.372844696044922,0.0
5.816666666666666,675000.0,6.396705627441406,0.0
5.833333333333333,675000.0,6.420388221740723,0.0
5.85,675000.0,6.4438958168029785,0.0
5.866666666666666,675000.0,6.467219352722168,0.0
5.883333333333334,675000.0,6.490399360656738,0.0
5.9,675000.0,6.513405799865723,0.0
5.916666666666667,675000.0,6.536231517791748,0.0
5.933333333333334,675000.0,6.5588788986206055,0.0
5.95,675000.0,6.58137321472168,0.0
5.966666666666667,675000.0,6.603672027587891,0.0
5.983333333333333,675000.0,6.625852584838867,0.0
6.0,675000.0,6.647833824157715,0.0
6.016666666666667,675000.0,6.669666767120361,0.0
6.033333333333333,675000.0,6.6913299560546875,0.0
6.05,675000.0,6.712831497192383,0.0
6.066666666666666,675000.0,6.734126091003418,0.0
6.083333333333333,675000.0,6.755313873291016,0.0
6.1,675000.0,6.776314735412598,0.0
6.116666666666666,675000.0,6.797145366668701,0.0
6.133333333333334,675000.0,6.817806243896484,0.0
6.15,675000.0,6.838334083557129,0.0
6.166666666666667,675000.0,6.858695983886719,0.0
6.183333333333334,675000.0,6.878917217254639,0.0
6.2,675000.0,6.898961067199707,0.0
6.216666666666667,675000.0,6.918816089630127,0.0
6.233333333333333,675000.0,6.938555717468262,0.0
6.25,675000.0,6.958127975463867,0.0
6.266666666666667,675000.0,6.977530479431152,0.0
6.283333333333333,675000.0,6.996835708618164,0.0
6.3,675000.0,7.015951156616211,0.0
6.316666666666666,675000.0,7.034887790679932,0.0
6.333333333333333,675000.0,7.053713798522949,0.0
6.35,675000.0,7.072371482849121,0.0
6.366666666666666,675000.0,7.090900897979736,0.0
6.383333333333334,675000.0,7.109277725219727,0.0
6.4,675000.0,7.1274800300598145,0.0
6.416666666666667,675000.0,7.145554542541504,0.0
6.433333333333334,675000.0,7.163459300994873,0.0
6.45,675000.0,7.1812334060668945,0.0
6.466666666666667,675000.0,7.1988677978515625,0.0
6.483333333333333,675000.0,7.216334342956543,0.0
6.5,675000.0,7.233697891235352,0.0
6.516666666666667,675000.0,7.250881671905518,0.0
6.533333333333333,675000.0,7.267921447753906,0.0
6.55,675000.0,7.284847736358643,0.0
6.566666666666666,675000.0,7.3016133308410645,0.0
6.583333333333333,675000.0,7.318241119384766,0.0
6.6,675000.0,7.33471155166626,0.0
6.616666666666666,675000.0,7.351081371307373,0.0
6.633333333333334,675000.0,7.367308139801025,0.0
6.65,675000.0,7.3834004402160645,0.0
6.666666666666667,675000.0,7.399353981018066,0.0
6.683333333333334,675000.0,7.41517448425293,0.0
6.7,675000.0,7.430848121643066,0.0
6.716666666666667,675000.0,7.446364402770996,0.0
6.733333333333333,675000.0,7.461817741394043,0.0
6.75,675000.0,7.4770612716674805,0.0
6.766666666666667,675000.0,7.492197036743164,0.0
6.783333333333333,675000.0,7.5072174072265625,0.0
6.8,675000.0,7.522110939025879,0.0
6.816666666666666,675000.0,7.536855697631836,0.0
6.833333333333333,675000.0,7.551494121551514,0.0
6.85,675000.0,7.565999507904053,0.0
6.866666666666666,675000.0,7.580402374267578,0.0
6.883333333333334,675000.0,7.594649314880371,0.0
6.9,675000.0,7.608813762664795,0.0
6.916666666666667,675000.0,7.622845649719238,0.0
6.933333333333334,675000.0,7.636757850646973,0.0
6.95,675000.0,7.650545120239258,0.0
6.966666666666667,675000.0,7.664198875427246,0.0
6.983333333333333,675000.0,7.677737236022949,0.0
7.0,675000.0,7.691189289093018,0.0
7.016666666666667,675000.0,7.704506874084473,0.0
7.033333333333333,675000.0,7.71771240234375,0.0
7.05,675000.0,7.730777263641357,0.0
7.066666666666666,675000.0,7.743741035461426,0.0
7.083333333333333,675000.0,7.756594657897949,0.0
7.1,675000.0,7.7693257331848145,0.0
7.116666666666666,675000.0,7.781909465789795,0.0
7.133333333333334,675000.0,7.794455528259277,0.0
7.15,675000.0,7.806884765625,0.0
7.166666666666667,675000.0,7.819204330444336,0.0
7.183333333333334,675000.0,7.831421375274658,0.0
7.2,675000.0,7.843504905700684,0.0
7.216666666666667,675000.0,7.855457782745361,0.0
7.233333333333333,675000.0,7.867265701293945,0.0
7.25,675000.0,7.878979682922363,0.0
7.266666666666667,675000.0,7.890612602233887,0.0
7.283333333333333,675000.0,7.902194499969482,0.0
7.3,675000.0,7.913629055023193,0.0
7.316666666666666,675000.0,7.924978256225586,0.0
7.333333333333333,675000.0,7.9362406730651855,0.0
7.35,675000.0,7.947411060333252,0.0
7.366666666666666,675000.0,7.958466529846191,0.0
7.383333333333334,675000.0,7.969395160675049,0.0
7.4,675000.0,7.980167388916016,0.0
7.416666666666667,675000.0,7.990911960601807,0.0
7.433333333333334,675000.0,8.001565933227539,0.0
7.45,675000.0,8.01210880279541,0.0
7.466666666666667,675000.0,8.022558212280273,0.0
7.483333333333333,675000.0,8.032901763916016,0.0
7.5,675000.0,8.043216705322266,0.0
7.516666666666667,675000.0,8.053373336791992,0.0
7.533333333333333,675000.0,8.063440322875977,0.0
7.55,675000.0,8.073432922363281,0.0
7.566666666666666,675000.0,8.083345413208008,0.0
7.583333333333333,675000.0,8.093146324157715,0.0
7.6,675000.0,8.102850914001465,0.0
7.616666666666666,675000.0,8.112521171569824,0.0
7.633333333333334,675000.0,8.122103691101074,0.0
7.65,675000.0,8.131597518920898,0.0
7.666666666666667,675000.0,8.140945434570312,0.0
7.683333333333334,675000.0,8.150214195251465,0.0
7.7,675000.0,8.159400939941406,0.0
7.716666666666667,675000.0,8.168488502502441,0.0
7.733333333333333,675000.0,8.17755126953125,0.0
7.75,675000.0,8.186540603637695,0.0
7.766666666666667,675000.0,8.195385932922363,0.0
7.783333333333333,675000.0,8.204153060913086,0.0
7.8,675000.0,8.212882995605469,0.0
7.816666666666666,675000.0,8.221586227416992,0.0
7.833333333333333,675000.0,8.230205535888672,0.0
7.85,675000.0,8.238679885864258,0.0
7.866666666666666,675000.0,8.247087478637695,0.0
7.883333333333334,675000.0,8.255456924438477,0.0
7.9,675000.0,8.263662338256836,0.0
7.916666666666667,675000.0,8.27177619934082,0.0
7.933333333333334,675000.0,8.279834747314453,0.0
7.95,675000.0,8.287878036499023,0.0
7.966666666666667,675000.0,8.295775413513184,0.0
7.983333333333333,675000.0,8.303640365600586,0.0
8.0,675000.0,8.31142807006836,0.0
8.016666666666667,675000.0,8.319202423095703,0.0
8.033333333333333,675000.0,8.326904296875,0.0
8.05,675000.0,8.334482192993164,0.0
8.066666666666666,675000.0,8.341974258422852,0.0
8.083333333333334,675000.0,8.349435806274414,0.0
8.1,675000.0,8.356847763061523,0.0
8.116666666666667,675000.0,8.364116668701172,0.0
8.133333333333333,675000.0,8.371343612670898,0.0
8.15,675000.0,8.378477096557617,0.0
8.166666666666666,675000.0,8.385568618774414,0.0
8.183333333333334,675000.0,8.3926420211792,0.0
8.2,675000.0,8.399598121643066,0.0
8.216666666666667,675000.0,8.406509399414062,0.0
8.233333333333333,675000.0,8.413386344909668,0.0
8.25,675000.0,8.420156478881836,0.0
8.266666666666667,675000.0,8.426864624023438,0.0
8.283333333333333,675000.0,8.433442115783691,0.0
8.3,675000.0,8.439937591552734,0.0
8.316666666666666,675000.0,8.446395874023438,0.0
8.333333333333334,675000.0,8.452842712402344,0.0
8.35,675000.0,8.459256172180176,0.0
8.366666666666667,675000.0,8.46550464630127,0.0
8.383333333333333,675000.0,8.471700668334961,0.0
8.4,675000.0,8.47785758972168,0.0
8.416666666666666,675000.0,8.48398208618164,0.0
8.433333333333334,675000.0,8.490106582641602,0.0
8.45,675000.0,8.49614143371582,0.0
8.466666666666667,675000.0,8.502084732055664,0.0
8.483333333333333,675000.0,8.507932662963867,0.0
8.5,675000.0,8.513750076293945,0.0
8.516666666666667,675000.0,8.519552230834961,0.0
8.533333333333333,675000.0,8.525354385375977,0.0
8.55,675000.0,8.531068801879883,0.0
8.566666666666666,675000.0,8.53666877746582,0.0
8.583333333333334,675000.0,8.542217254638672,0.0
8.6,675000.0,8.547708511352539,0.0
8.616666666666667,675000.0,8.55318832397461,0.0
8.633333333333333,675000.0,8.558576583862305,0.0
8.65,675000.0,8.563895225524902,0.0
8.666666666666666,675000.0,8.569199562072754,0.0
8.683333333333334,675000.0,8.574402809143066,0.0
8.7,675000.0,8.579572677612305,0.0
8.716666666666667,675000.0,8.584747314453125,0.0
8.733333333333333,675000.0,8.58990478515625,0.0
8.75,675000.0,8.594982147216797,0.0
8.766666666666667,675000.0,8.59996509552002,0.0
8.783333333333333,675000.0,8.604864120483398,0.0
8.8,675000.0,8.60974407196045,0.0
8.816666666666666,675000.0,8.614583969116211,0.0
8.833333333333334,675000.0,8.61941909790039,0.0
8.85,675000.0,8.624200820922852,0.0
8.866666666666667,675000.0,8.628899574279785,0.0
8.883333333333333,675000.0,8.633596420288086,0.0
8.9,675000.0,8.638209342956543,0.0
8.916666666666666,675000.0,8.642762184143066,0.0
8.933333333333334,675000.0,8.64727783203125,0.0
8.95,675000.0,8.651790618896484,0.0
8.966666666666667,675000.0,8.656251907348633,0.0
8.983333333333333,675000.0,8.660640716552734,0.0
9.0,675000.0,8.664992332458496,0.0
9.016666666666667,675000.0,8.669343948364258,0.0
9.033333333333333,675000.0,8.673593521118164,0.0
9.05,675000.0,8.677804946899414,0.0
9.066666666666666,675000.0,8.682003021240234,0.0
9.083333333333334,675000.0,8.686193466186523,0.0
9.1,675000.0,8.69028377532959,0.0
9.116666666666667,675000.0,8.694327354431152,0.0
9.133333333333333,675000.0,8.698358535766602,0.0
9.15,675000.0,8.702370643615723,0.0
9.166666666666666,675000.0,8.706290245056152,0.0
9.183333333333334,675000.0,8.710188865661621,0.0
9.2,675000.0,8.714093208312988,0.0
9.216666666666667,675000.0,8.717982292175293,0.0
9.233333333333333,675000.0,8.721861839294434,0.0
9.25,675000.0,8.725729942321777,0.0
9.266666666666667,675000.0,8.729451179504395,0.0
9.283333333333333,675000.0,8.733158111572266,0.0
9.3,675000.0,8.736791610717773,0.0
9.316666666666666,675000.0,8.740367889404297,0.0
9.333333333333334,675000.0,8.743938446044922,0.0
9.35,675000.0,8.747505187988281,0.0
9.366666666666667,675000.0,8.751062393188477,0.0
9.383333333333333,675000.0,8.754608154296875,0.0
9.4,675000.0,8.758132934570312,0.0
9.416666666666666,675000.0,8.761526107788086,0.0
9.433333333333334,675000.0,8.764910697937012,0.0
9.45,675000.0,8.768240928649902,0.0
9.466666666666667,675000.0,8.771507263183594,0.0
9.483333333333333,675000.0,8.774760246276855,0.0
9.5,675000.0,8.77801513671875,0.0
9.516666666666667,675000.0,8.781244277954102,0.0
9.533333333333333,675000.0,8.784467697143555,0.0
9.55,675000.0,8.7876615524292,0.0
9.566666666666666,675000.0,8.790748596191406,0.0
9.583333333333334,675000.0,8.793825149536133,0.0
9.6,675000.0,8.796887397766113,0.0
9.616666666666667,675000.0,8.799882888793945,0.0
9.633333333333333,675000.0,8.802850723266602,0.0
9.65,675000.0,8.805810928344727,0.0
9.666666666666666,675000.0,8.80875015258789,0.0
9.683333333333334,675000.0,8.811662673950195,0.0
9.7,675000.0,8.814563751220703,0.0
9.716666666666667,675000.0,8.817464828491211,0.0
9.733333333333333,675000.0,8.820255279541016,0.0
9.75,675000.0,8.82298755645752,0.0
9.766666666666667,675000.0,8.825697898864746,0.0
9.783333333333333,675000.0,8.828405380249023,0.0
9.8,675000.0,8.8311128616333,0.0
9.816666666666666,675000.0,8.833745956420898,0.0
9.833333333333334,675000.0,8.836370468139648,0.0
9.85,675000.0,8.838973999023438,0.0
9.866666666666667,675000.0,8.841574668884277,0.0
9.883333333333333,675000.0,8.844167709350586,0.0
9.9,675000.0,8.84675407409668,0.0
9.916666666666666,675000.0,8.849332809448242,0.0
9.933333333333334,675000.0,8.851871490478516,0.0
9.95,675000.0,8.854292869567871,0.0
9.966666666666667,675000.0,8.856679916381836,0.0
9.983333333333333,675000.0,8.859041213989258,0.0
10.0,675000.0,8.861356735229492,0.0
10.016666666666667,675000.0,8.863658905029297,0.0
0.0,712500.0,9.992568016052246,0.0
0.016666666666666666,712500.0,8.715571403503418,0.0
0.03333333333333333,712500.0,7.432439804077148,0.0
0.05,712500.0,6.158336162567139,0.0
0.06666666666666667,712500.0,4.924130439758301,0.0
0.08333333333333333,712500.0,3.710691452026367,0.0
0.1,712500.0,2.5198678970336914,0.0
0.11666666666666667,712500.0,1.4537968635559082,0.0
0.13333333333333333,712500.0,0.5604233741760254,40.047393364928915
0.15,712500.0,0.0741252452135086,47.39336492890995
0.16666666666666666,712500.0,0.0,47.867298578199055
0.18333333333333332,712500.0,0.0,47.39336492890995
0.2,712500.0,0.0,45.97156398104265
0.21666666666666667,712500.0,0.0,45.7345971563981
0.23333333333333334,712500.0,0.0,47.6303317535545
0.25,712500.0,0.0,47.1563981042654
0.26666666666666666,712500.0,0.0,48.81516587677725
0.2833333333333333,712500.0,0.0,48.81516587677725
0.3,712500.0,0.0,51.18483412322274
0.31666666666666665,712500.0,0.0,52.3696682464455
0.3333333333333333,712500.0,0.0,52.843601895734594
0.35,712500.0,0.0,54.502369668246445
0.36666666666666664,712500.0,0.0,56.39810426540285
0.38333333333333336,712500.0,0.0,57.10900473933649
0.4,712500.0,0.0,59.47867298578199
0.4166666666666667,712500.0,0.0,59.95260663507109
0.43333333333333335,712500.0,0.0,62.55924170616114
0.45,712500.0,0.0,63.507109004739334
0.4666666666666667,712500.0,0.0,64.69194312796208
0.48333333333333334,712500.0,0.0,68.48341232227489
0.5,712500.0,0.0,68.00947867298578
0.5166666666666667,712500.0,0.0,70.85308056872039
0.5333333333333333,712500.0,0.0,74.40758293838863
0.55,712500.0,0.0,74.88151658767772
0.5666666666666667,712500.0,0.0,77.01421800947867
0.5833333333333334,712500.0,0.0,77.72511848341233
0.6,712500.0,0.0,80.80568720379146
0.6166666666666667,712500.0,0.0,81.75355450236967
0.6333333333333333,712500.0,0.0,83.41232227488152
0.65,712500.0,0.0,86.01895734597157
0.6666666666666666,712500.0,0.0,87.91469194312796
0.6833333333333333,712500.0,0.0,89.57345971563981
0.7,712500.0,0.0,91.70616113744076
0.7166666666666667,712500.0,0.0,94.3127962085308
0.7333333333333333,712500.0,0.0,95.49763033175356
0.75,712500.0,0.0,97.6303317535545
0.7666666666666667,712500.0,0.0,99.0521327014218
0.7833333333333333,712500.0,0.0,99.76303317535546
0.8,712500.0,0.0,100.0
0.8166666666666667,712500.0,0.0,100.0
0.8333333333333334,712500.0,0.0,100.0
0.85,712500.0,0.0,100.0
0.8666666666666667,712500.0,0.0,100.0
0.8833333333333333,712500.0,0.0,99.52606635071089
0.9,712500.0,0.0,99.0521327014218
0.9166666666666666,712500.0,0.0,98.5781990521327
0.9333333333333333,712500.0,0.0,98.5781990521327
0.95,712500.0,0.0,98.5781990521327
0.9666666666666667,712500.0,0.0,98.5781990521327
0.9833333333333333,712500.0,0.0,98.5781990521327
1.0,712500.0,0.0,98.10426540284361
1.0166666666666666,712500.0,0.0,97.6303317535545
1.0333333333333334,712500.0,0.0,97.1563981042654
1.05,712500.0,0.0,97.1563981042654
1.0666666666666667,712500.0,0.0,96.6824644549763
1.0833333333333333,712500.0,0.0,96.6824644549763
1.1,712500.0,0.0,96.6824644549763
1.1166666666666667,712500.0,0.0,96.6824644549763
1.1333333333333333,712500.0,0.0,96.6824644549763
1.15,712500.0,0.0,96.6824644549763
1.1666666666666667,712500.0,0.0,95.73459715639811
1.1833333333333333,712500.0,0.0,95.260663507109
1.2,712500.0,0.0,95.260663507109
1.2166666666666666,712500.0,0.0,95.260663507109
1.2333333333333334,712500.0,0.0,94.7867298578199
1.25,712500.0,0.0,94.3127962085308
1.2666666666666666,712500.0,0.0,94.3127962085308
1.2833333333333334,712500.0,0.0,94.3127962085308
1.3,712500.0,0.0,94.3127962085308
1.3166666666666667,712500.0,0.0,94.3127962085308
1.3333333333333333,712500.0,0.0,94.3127962085308
1.35,712500.0,0.0,93.8388625592417
1.3666666666666667,712500.0,0.0,93.36492890995261
1.3833333333333333,712500.0,0.0,92.89099526066352
1.4,712500.0,0.0,92.89099526066352
1.4166666666666667,712500.0,0.0,92.41706161137441
1.4333333333333333,712500.0,0.0,92.41706161137441
1.45,712500.0,0.0,90.99526066350711
1.4666666666666666,712500.0,0.0,90.99526066350711
1.4833333333333334,712500.0,0.0,90.99526066350711
1.5,712500.0,0.0,90.52132701421802
1.5166666666666666,712500.0,0.0,90.04739336492891
1.5333333333333334,712500.0,0.0,89.57345971563981
1.55,712500.0,0.0,89.57345971563981
1.5666666666666667,712500.0,0.0,88.15165876777252
1.5833333333333333,712500.0,0.0,88.15165876777252
1.6,712500.0,0.0,87.20379146919431
1.6166666666666667,712500.0,0.0,87.20379146919431
1.6333333333333333,712500.0,0.0,86.25592417061611
1.65,712500.0,0.0,85.78199052132702
1.6666666666666667,712500.0,0.0,85.07109004739335
1.6833333333333333,712500.0,0.0,84.12322274881517
1.7,712500.0,0.0,83.64928909952607
1.7166666666666666,712500.0,0.0,83.64928909952607
1.7333333333333334,712500.0,0.0,83.17535545023696
1.75,712500.0,0.0,82.22748815165876
1.7666666666666666,712500.0,0.0,81.75355450236967
1.7833333333333334,712500.0,0.0,81.27962085308057
1.8,712500.0,0.0,80.33175355450237
1.8166666666666667,712500.0,0.0,80.09478672985783
1.8333333333333333,712500.0,0.0,79.62085308056872
1.85,712500.0,0.0,78.19905213270142
1.8666666666666667,712500.0,0.0,77.72511848341233
1.8833333333333333,712500.0,0.0,76.77725118483413
1.9,712500.0,0.0,75.82938388625593
1.9166666666666667,712500.0,0.0,74.88151658767772
1.9333333333333333,712500.0,0.0,73.93364928909952
1.95,712500.0,0.0,73.22274881516587
1.9666666666666666,712500.0,0.0,72.74881516587678
1.9833333333333334,712500.0,0.0,72.27488151658767
2.0,712500.0,0.0,71.80094786729858
2.0166666666666666,712500.0,0.0,70.85308056872039
2.033333333333333,712500.0,0.0,70.85308056872039
2.05,712500.0,0.0,69.43127962085308
2.066666666666667,712500.0,1.822852937038988e-05,69.19431279620854
2.0833333333333335,712500.0,5.476705700857565e-05,68.72037914691943
2.1,712500.0,6.681941158603877e-05,67.77251184834124
2.1166666666666667,712500.0,9.356111695524305e-05,66.82464454976304
2.1333333333333333,712500.0,0.00013747010962106287,65.40284360189574
2.15,712500.0,0.00020320998737588525,64.92890995260665
2.1666666666666665,712500.0,0.0002970579662360251,63.98104265402843
2.183333333333333,712500.0,0.0004268501652404666,62.32227488151659
2.2,712500.0,0.0006021186127327383,61.84834123222749
2.216666666666667,712500.0,0.0008342465152963996,61.37440758293838
2.2333333333333334,712500.0,0.0011366850230842829,60.90047393364929
2.25,712500.0,0.001525161787867546,59.95260663507109
2.2666666666666666,712500.0,0.00201788661070168,59.47867298578199
2.283333333333333,712500.0,0.002635762095451355,58.29383886255924
2.3,712500.0,0.003402506932616234,56.39810426540285
2.316666666666667,712500.0,0.0038236649706959724,56.39810426540285
2.3333333333333335,712500.0,0.004325149580836296,55.92417061611374
2.35,712500.0,0.004946439992636442,54.502369668246445
2.3666666666666667,712500.0,0.005709761753678322,53.55450236966824
2.3833333333333333,712500.0,0.006640072446316481,53.317535545023695
2.4,712500.0,0.007765177171677351,52.843601895734594
2.4166666666666665,712500.0,0.009115885011851788,52.3696682464455
2.433333333333333,712500.0,0.010725874453783035,50.947867298578196
2.45,712500.0,0.012631906196475029,50.0
2.466666666666667,712500.0,0.014873595908284187,48.5781990521327
2.4833333333333334,712500.0,0.01749337464570999,47.39336492890995
2.5,712500.0,0.02053634449839592,46.91943127962085
2.5166666666666666,712500.0,0.024050088599324226,46.44549763033176
2.533333333333333,712500.0,0.028084347024559975,45.497630331753555
2.55,712500.0,0.03269052132964134,44.54976303317535
2.566666666666667,712500.0,0.037921518087387085,43.127962085308056
2.5833333333333335,712500.0,0.04383111372590065,41.943127962085306
2.6,712500.0,0.0504734180867672,40.99526066350711
2.6166666666666667,712500.0,0.057902202010154724,40.52132701421801
2.6333333333333333,712500.0,0.06617040187120438,39.09952606635071
2.65,712500.0,0.07532928138971329,38.62559241706161
2.6666666666666665,712500.0,0.0844678282737732,37.44075829383886
2.683333333333333,712500.0,0.09193967282772064,37.44075829383886
2.7,712500.0,0.10023485869169235,35.54502369668246
2.716666666666667,712500.0,0.10940571129322052,33.649289099526065
2.7333333333333334,712500.0,0.11950261890888214,33.175355450236964
2.75,712500.0,0.13057354092597961,31.516587677725116
2.7666666666666666,712500.0,0.1426623910665512,31.04265402843602
2.783333333333333,712500.0,0.15580910444259644,30.568720379146917
2.8,712500.0,0.17004907131195068,29.14691943127962
2.816666666666667,712500.0,0.18541209399700165,27.72511848341232
2.8333333333333335,712500.0,0.2019217610359192,25.829383886255926
2.85,712500.0,0.2195950746536255,24.644549763033176
2.8666666666666667,712500.0,0.23844316601753235,23.696682464454977
2.8833333333333333,712500.0,0.2584708333015442,23.22274881516588
2.9,712500.0,0.27967435121536255,23.22274881516588
2.9166666666666665,712500.0,0.3020450174808502,20.85308056872038
2.933333333333333,712500.0,0.3255672752857208,19.194312796208532
2.95,712500.0,0.35021984577178955,18.246445497630333
2.966666666666667,712500.0,0.37597572803497314,17.298578199052134
2.9833333333333334,712500.0,0.40280383825302124,15.876777251184834
3.0,712500.0,0.4306676983833313,14.691943127962084
3.0166666666666666,712500.0,0.45952725410461426,14.218009478672986
3.033333333333333,712500.0,0.48933953046798706,12.322274881516588
3.05,712500.0,0.5200591087341309,11.374407582938389
3.066666666666667,712500.0,0.5516408681869507,9.47867298578199
3.0833333333333335,712500.0,0.5840344429016113,8.293838862559241
3.1,712500.0,0.617192268371582,8.293838862559241
3.1166666666666667,712500.0,0.6510634422302246,8.293838862559241
3.1333333333333333,712500.0,0.6856003999710083,6.398104265402843
3.15,712500.0,0.7207548022270203,4.028436018957346
3.1666666666666665,712500.0,0.7564783692359924,3.7914691943127963
3.183333333333333,712500.0,0.7927262187004089,3.7914691943127963
3.2,712500.0,0.8294526934623718,3.7914691943127963
3.216666666666667,712500.0,0.86661696434021,0.9478672985781991
3.2333333333333334,712500.0,0.904177188873291,0.23696682464454977
3.25,712500.0,0.9420955181121826,0.23696682464454977
3.2666666666666666,712500.0,0.9803369045257568,0.23696682464454977
3.283333333333333,712500.0,1.0188674926757812,0.0
3.3,712500.0,1.0576558113098145,0.0
3.316666666666667,712500.0,1.0966718196868896,0.0
3.3333333333333335,712500.0,1.1358911991119385,0.0
3.35,712500.0,1.1752861738204956,0.0
3.3666666666666667,712500.0,1.2148361206054688,0.0
3.3833333333333333,712500.0,1.2545239925384521,0.0
3.4,712500.0,1.2943317890167236,0.0
3.4166666666666665,712500.0,1.334245204925537,0.0
3.433333333333333,712500.0,1.3742403984069824,0.0
3.45,712500.0,1.4143133163452148,0.0
3.466666666666667,712500.0,1.4544486999511719,0.0
3.4833333333333334,712500.0,1.494640827178955,0.0
3.5,712500.0,1.5348855257034302,0.0
3.5166666666666666,712500.0,1.5751707553863525,0.0
3.533333333333333,712500.0,1.6154909133911133,0.0
3.55,712500.0,1.6558446884155273,0.0
3.566666666666667,712500.0,1.6962180137634277,0.0
3.5833333333333335,712500.0,1.7366092205047607,0.0
3.6,712500.0,1.7770392894744873,0.0
3.6166666666666667,712500.0,1.817491054534912,0.0
3.6333333333333333,712500.0,1.8579577207565308,0.0
3.65,712500.0,1.8984469175338745,0.0
3.6666666666666665,712500.0,1.938946008682251,0.0
3.683333333333333,712500.0,1.9794628620147705,0.0
3.7,712500.0,2.0199942588806152,0.0
3.716666666666667,712500.0,2.0605435371398926,0.0
3.7333333333333334,712500.0,2.101107597351074,0.0
3.75,712500.0,2.1416831016540527,0.0
3.7666666666666666,712500.0,2.18227481842041,0.0
3.783333333333333,712500.0,2.2228636741638184,0.0
3.8,712500.0,2.2634787559509277,0.0
3.816666666666667,712500.0,2.304091691970825,0.0
3.8333333333333335,712500.0,2.3447067737579346,0.0
3.85,712500.0,2.385322093963623,0.0
3.8666666666666667,712500.0,2.4259371757507324,0.0
3.8833333333333333,712500.0,2.46657133102417,0.0
3.9,712500.0,2.5071866512298584,0.0
3.9166666666666665,712500.0,2.5478014945983887,0.0
3.933333333333333,712500.0,2.58839750289917,0.0
3.95,712500.0,2.628981590270996,0.0
3.966666666666667,712500.0,2.6695406436920166,0.0
3.9833333333333334,712500.0,2.7100772857666016,0.0
4.0,712500.0,2.7505786418914795,0.0
4.016666666666667,712500.0,2.7910375595092773,0.0
4.033333333333333,712500.0,2.8314754962921143,0.0
4.05,712500.0,2.871854543685913,0.0
4.066666666666666,712500.0,2.9121737480163574,0.0
4.083333333333333,712500.0,2.952465534210205,0.0
4.1,712500.0,2.992691993713379,0.0
4.116666666666666,712500.0,3.0328330993652344,0.0
4.133333333333334,712500.0,3.0729331970214844,0.0
4.15,712500.0,3.1129369735717773,0.0
4.166666666666667,712500.0,3.152843952178955,0.0
4.183333333333334,712500.0,3.192683219909668,0.0
4.2,712500.0,3.2324159145355225,0.0
4.216666666666667,712500.0,3.2720627784729004,0.0
4.233333333333333,712500.0,3.311607837677002,0.0
4.25,712500.0,3.3510472774505615,0.0
4.266666666666667,712500.0,3.390389919281006,0.0
4.283333333333333,712500.0,3.4295976161956787,0.0
4.3,712500.0,3.468714952468872,0.0
4.316666666666666,712500.0,3.507709264755249,0.0
4.333333333333333,712500.0,3.546584129333496,0.0
4.35,712500.0,3.5853230953216553,0.0
4.366666666666666,712500.0,3.6239516735076904,0.0
4.383333333333334,712500.0,3.6624367237091064,0.0
4.4,712500.0,3.7007899284362793,0.0
4.416666666666667,712500.0,3.7389979362487793,0.0
4.433333333333334,712500.0,3.777082920074463,0.0
4.45,712500.0,3.815028667449951,0.0
4.466666666666667,712500.0,3.852828025817871,0.0
4.483333333333333,712500.0,3.8904852867126465,0.0
4.5,712500.0,3.9279866218566895,0.0
4.516666666666667,712500.0,3.965346574783325,0.0
4.533333333333333,712500.0,4.002561092376709,0.0
4.55,712500.0,4.039632797241211,0.0
4.566666666666666,712500.0,4.076555252075195,0.0
4.583333333333333,712500.0,4.113302230834961,0.0
4.6,712500.0,4.149899482727051,0.0
4.616666666666666,712500.0,4.186359882354736,0.0
4.633333333333334,712500.0,4.222644805908203,0.0
4.65,712500.0,4.258776664733887,0.0
4.666666666666667,712500.0,4.294763565063477,0.0
4.683333333333334,712500.0,4.330601215362549,0.0
4.7,712500.0,4.3662614822387695,0.0
4.716666666666667,712500.0,4.401742935180664,0.0
4.733333333333333,712500.0,4.437077045440674,0.0
4.75,712500.0,4.472263336181641,0.0
4.766666666666667,712500.0,4.507260322570801,0.0
4.783333333333333,712500.0,4.54209041595459,0.0
4.8,712500.0,4.576758861541748,0.0
4.816666666666666,712500.0,4.61125373840332,0.0
4.833333333333333,712500.0,4.645598411560059,0.0
4.85,712500.0,4.679765701293945,0.0
4.866666666666666,712500.0,4.713750839233398,0.0
4.883333333333334,712500.0,4.747574806213379,0.0
4.9,712500.0,4.781230449676514,0.0
4.916666666666667,712500.0,4.814702987670898,0.0
4.933333333333334,712500.0,4.848012924194336,0.0
4.95,712500.0,4.881146430969238,0.0
4.966666666666667,712500.0,4.914106369018555,0.0
4.983333333333333,712500.0,4.946892738342285,0.0
5.0,712500.0,4.979496002197266,0.0
5.016666666666667,712500.0,5.011926174163818,0.0
5.033333333333333,712500.0,5.044187068939209,0.0
5.05,712500.0,5.076261043548584,0.0
5.066666666666666,712500.0,5.108156204223633,0.0
5.083333333333333,712500.0,5.1398773193359375,0.0
5.1,712500.0,5.171414375305176,0.0
5.116666666666666,712500.0,5.2027740478515625,0.0
5.133333333333334,712500.0,5.233962059020996,0.0
5.15,712500.0,5.264945030212402,0.0
5.166666666666667,712500.0,5.295742034912109,0.0
5.183333333333334,712500.0,5.326382637023926,0.0
5.2,712500.0,5.356825828552246,0.0
5.216666666666667,712500.0,5.387104511260986,0.0
5.233333333333333,712500.0,5.417182922363281,0.0
5.25,712500.0,5.447086334228516,0.0
5.266666666666667,712500.0,5.476790428161621,0.0
5.283333333333333,712500.0,5.506349563598633,0.0
5.3,712500.0,5.5356950759887695,0.0
5.316666666666666,712500.0,5.564851760864258,0.0
5.333333333333333,712500.0,5.593833923339844,0.0
5.35,712500.0,5.622603893280029,0.0
5.366666666666666,712500.0,5.651230812072754,0.0
5.383333333333334,712500.0,5.679645538330078,0.0
5.4,712500.0,5.707903861999512,0.0
5.416666666666667,712500.0,5.7359747886657715,0.0
5.433333333333334,712500.0,5.7638349533081055,0.0
5.45,712500.0,5.791536808013916,0.0
5.466666666666667,712500.0,5.819026947021484,0.0
5.483333333333333,712500.0,5.8463592529296875,0.0
5.5,712500.0,5.873499870300293,0.0
5.516666666666667,712500.0,5.900476455688477,0.0
5.533333333333333,712500.0,5.92725944519043,0.0
5.55,712500.0,5.953878879547119,0.0
5.566666666666666,712500.0,5.9803080558776855,0.0
5.583333333333333,712500.0,6.00656795501709,0.0
5.6,712500.0,6.032659530639648,0.0
5.616666666666666,712500.0,6.058541297912598,0.0
5.633333333333334,712500.0,6.084227085113525,0.0
5.65,712500.0,6.109752178192139,0.0
5.666666666666667,712500.0,6.1351118087768555,0.0
5.683333333333334,712500.0,6.1602678298950195,0.0
5.7,712500.0,6.185272216796875,0.0
5.716666666666667,712500.0,6.2100934982299805,0.0
5.733333333333333,712500.0,6.2347211837768555,0.0
5.75,712500.0,6.259189605712891,0.0
5.766666666666667,712500.0,6.283474445343018,0.0
5.783333333333333,712500.0,6.30759859085083,0.0
5.8,712500.0,6.331533432006836,0.0
5.816666666666666,712500.0,6.355294704437256,0.0
5.833333333333333,712500.0,6.378889083862305,0.0
5.85,712500.0,6.402327060699463,0.0
5.866666666666666,712500.0,6.425567150115967,0.0
5.883333333333334,712500.0,6.448662757873535,0.0
5.9,712500.0,6.471583366394043,0.0
5.916666666666667,712500.0,6.494324684143066,0.0
5.933333333333334,712500.0,6.516888618469238,0.0
5.95,712500.0,6.539302825927734,0.0
5.966666666666667,712500.0,6.561552047729492,0.0
5.983333333333333,712500.0,6.583628177642822,0.0
6.0,712500.0,6.605545997619629,0.0
6.016666666666667,712500.0,6.627288341522217,0.0
6.033333333333333,712500.0,6.648878574371338,0.0
6.05,712500.0,6.67029333114624,0.0
6.066666666666666,712500.0,6.691555023193359,0.0
6.083333333333333,712500.0,6.7126359939575195,0.0
6.1,712500.0,6.733553409576416,0.0
6.116666666666666,712500.0,6.754324913024902,0.0
6.133333333333334,712500.0,6.774933338165283,0.0
6.15,712500.0,6.795377254486084,0.0
6.166666666666667,712500.0,6.815676689147949,0.0
6.183333333333334,712500.0,6.8358001708984375,0.0
6.2,712500.0,6.855764865875244,0.0
6.216666666666667,712500.0,6.875576496124268,0.0
6.233333333333333,712500.0,6.895223617553711,0.0
6.25,712500.0,6.914741516113281,0.0
6.266666666666667,712500.0,6.934091567993164,0.0
6.283333333333333,712500.0,6.9532999992370605,0.0
6.3,712500.0,6.972349166870117,0.0
6.316666666666666,712500.0,6.991246223449707,0.0
6.333333333333333,712500.0,7.009995460510254,0.0
6.35,712500.0,7.0285844802856445,0.0
6.366666666666666,712500.0,7.047008514404297,0.0
6.383333333333334,712500.0,7.065312385559082,0.0
6.4,712500.0,7.083460807800293,0.0
6.416666666666667,712500.0,7.101465225219727,0.0
6.433333333333334,712500.0,7.119327068328857,0.0
6.45,712500.0,7.1370415687561035,0.0
6.466666666666667,712500.0,7.154629230499268,0.0
6.483333333333333,712500.0,7.172036170959473,0.0
6.5,712500.0,7.189338684082031,0.0
6.516666666666667,712500.0,7.206475257873535,0.0
6.533333333333333,712500.0,7.223466396331787,0.0
6.55,712500.0,7.2403364181518555,0.0
6.566666666666666,712500.0,7.257050037384033,0.0
6.583333333333333,712500.0,7.273631572723389,0.0
6.6,712500.0,7.290070533752441,0.0
6.616666666666666,712500.0,7.306390762329102,0.0
6.633333333333334,712500.0,7.322569847106934,0.0
6.65,712500.0,7.338588237762451,0.0
6.666666666666667,712500.0,7.354499816894531,0.0
6.683333333333334,712500.0,7.3702392578125,0.0
6.7,712500.0,7.385870933532715,0.0
6.716666666666667,712500.0,7.40134334564209,0.0
6.733333333333333,712500.0,7.416728973388672,0.0
6.75,712500.0,7.431949615478516,0.0
6.766666666666667,712500.0,7.44702672958374,0.0
6.783333333333333,712500.0,7.462005615234375,0.0
6.8,712500.0,7.476849555969238,0.0
6.816666666666666,712500.0,7.491550922393799,0.0
6.833333333333333,712500.0,7.506106853485107,0.0
6.85,712500.0,7.52059268951416,0.0
6.866666666666666,712500.0,7.53494119644165,0.0
6.883333333333334,712500.0,7.549158096313477,0.0
6.9,712500.0,7.563270092010498,0.0
6.916666666666667,712500.0,7.5772504806518555,0.0
6.933333333333334,712500.0,7.591121673583984,0.0
6.95,712500.0,7.604864120483398,0.0
6.966666666666667,712500.0,7.618468284606934,0.0
6.983333333333333,712500.0,7.6320037841796875,0.0
7.0,712500.0,7.645392417907715,0.0
7.016666666666667,712500.0,7.658651351928711,0.0
7.033333333333333,712500.0,7.6718339920043945,0.0
7.05,712500.0,7.684873580932617,0.0
7.066666666666666,712500.0,7.697805404663086,0.0
7.083333333333333,712500.0,7.710641860961914,0.0
7.1,712500.0,7.723349094390869,0.0
7.116666666666666,712500.0,7.735925674438477,0.0
7.133333333333334,712500.0,7.748417854309082,0.0
7.15,712500.0,7.7607951164245605,0.0
7.166666666666667,712500.0,7.773056983947754,0.0
7.183333333333334,712500.0,7.785208702087402,0.0
7.2,712500.0,7.797219276428223,0.0
7.216666666666667,712500.0,7.809131622314453,0.0
7.233333333333333,712500.0,7.820951461791992,0.0
7.25,712500.0,7.832648277282715,0.0
7.266666666666667,712500.0,7.844252109527588,0.0
7.283333333333333,712500.0,7.855769157409668,0.0
7.3,712500.0,7.867176055908203,0.0
7.316666666666666,712500.0,7.878481864929199,0.0
7.333333333333333,712500.0,7.889654159545898,0.0
7.35,712500.0,7.900760650634766,0.0
7.366666666666666,712500.0,7.911734580993652,0.0
7.383333333333334,712500.0,7.92263126373291,0.0
7.4,712500.0,7.9334564208984375,0.0
7.416666666666667,712500.0,7.944156646728516,0.0
7.433333333333334,712500.0,7.954793930053711,0.0
7.45,712500.0,7.965361595153809,0.0
7.466666666666667,712500.0,7.975794792175293,0.0
7.483333333333333,712500.0,7.98608922958374,0.0
7.5,712500.0,7.996245861053467,0.0
7.516666666666667,712500.0,8.006332397460938,0.0
7.533333333333333,712500.0,8.016372680664062,0.0
7.55,712500.0,8.026365280151367,0.0
7.566666666666666,712500.0,8.03621768951416,0.0
7.583333333333333,712500.0,8.046008110046387,0.0
7.6,712500.0,8.055724143981934,0.0
7.616666666666666,712500.0,8.065393447875977,0.0
7.633333333333334,712500.0,8.074920654296875,0.0
7.65,712500.0,8.084394454956055,0.0
7.666666666666667,712500.0,8.093742370605469,0.0
7.683333333333334,712500.0,8.103009223937988,0.0
7.7,712500.0,8.112194061279297,0.0
7.716666666666667,712500.0,8.121246337890625,0.0
7.733333333333333,712500.0,8.130271911621094,0.0
7.75,712500.0,8.139187812805176,0.0
7.766666666666667,712500.0,8.148055076599121,0.0
7.783333333333333,712500.0,8.156806945800781,0.0
7.8,712500.0,8.165510177612305,0.0
7.816666666666666,712500.0,8.174091339111328,0.0
7.833333333333333,712500.0,8.182600975036621,0.0
7.85,712500.0,8.19106674194336,0.0
7.866666666666666,712500.0,8.199464797973633,0.0
7.883333333333334,712500.0,8.20777416229248,0.0
7.9,712500.0,8.215984344482422,0.0
7.916666666666667,712500.0,8.224113464355469,0.0
7.933333333333334,712500.0,8.232198715209961,0.0
7.95,712500.0,8.240257263183594,0.0
7.966666666666667,712500.0,8.248213768005371,0.0
7.983333333333333,712500.0,8.256031036376953,0.0
8.0,712500.0,8.263794898986816,0.0
8.016666666666667,712500.0,8.271531105041504,0.0
8.033333333333333,712500.0,8.27922248840332,0.0
8.05,712500.0,8.286727905273438,0.0
8.066666666666666,712500.0,8.294168472290039,0.0
8.083333333333334,712500.0,8.301582336425781,0.0
8.1,712500.0,8.308963775634766,0.0
8.116666666666667,712500.0,8.316222190856934,0.0
8.133333333333333,712500.0,8.323434829711914,0.0
8.15,712500.0,8.330575942993164,0.0
8.166666666666666,712500.0,8.337667465209961,0.0
8.183333333333334,712500.0,8.34465217590332,0.0
8.2,712500.0,8.351585388183594,0.0
8.216666666666667,712500.0,8.358465194702148,0.0
8.233333333333333,712500.0,8.365251541137695,0.0
8.25,712500.0,8.371971130371094,0.0
8.266666666666667,712500.0,8.378579139709473,0.0
8.283333333333333,712500.0,8.385120391845703,0.0
8.3,712500.0,8.391605377197266,0.0
8.316666666666666,712500.0,8.398052215576172,0.0
8.333333333333334,712500.0,8.404499053955078,0.0
8.35,712500.0,8.410833358764648,0.0
8.366666666666667,712500.0,8.417108535766602,0.0
8.383333333333333,712500.0,8.423280715942383,0.0
8.4,712500.0,8.42943000793457,0.0
8.416666666666666,712500.0,8.435565948486328,0.0
8.433333333333334,712500.0,8.441651344299316,0.0
8.45,712500.0,8.44759750366211,0.0
8.466666666666667,712500.0,8.45346736907959,0.0
8.483333333333333,712500.0,8.459314346313477,0.0
8.5,712500.0,8.465143203735352,0.0
8.516666666666667,712500.0,8.470947265625,0.0
8.533333333333333,712500.0,8.476749420166016,0.0
8.55,712500.0,8.482385635375977,0.0
8.566666666666666,712500.0,8.48792839050293,0.0
8.583333333333334,712500.0,8.493453979492188,0.0
8.6,712500.0,8.498933792114258,0.0
8.616666666666667,712500.0,8.504413604736328,0.0
8.633333333333333,712500.0,8.509872436523438,0.0
8.65,712500.0,8.51520824432373,0.0
8.666666666666666,712500.0,8.52046012878418,0.0
8.683333333333334,712500.0,8.525651931762695,0.0
8.7,712500.0,8.530818939208984,0.0
8.716666666666667,712500.0,8.53597640991211,0.0
8.733333333333333,712500.0,8.541133880615234,0.0
8.75,712500.0,8.54619312286377,0.0
8.766666666666667,712500.0,8.551165580749512,0.0
8.783333333333333,712500.0,8.556079864501953,0.0
8.8,712500.0,8.560938835144043,0.0
8.816666666666666,712500.0,8.565775871276855,0.0
8.833333333333334,712500.0,8.570605278015137,0.0
8.85,712500.0,8.575303077697754,0.0
8.866666666666667,712500.0,8.580000877380371,0.0
8.883333333333333,712500.0,8.584630966186523,0.0
8.9,712500.0,8.589179992675781,0.0
8.916666666666666,712500.0,8.593717575073242,0.0
8.933333333333334,712500.0,8.598245620727539,0.0
8.95,712500.0,8.602764129638672,0.0
8.966666666666667,712500.0,8.607276916503906,0.0
8.983333333333333,712500.0,8.611698150634766,0.0
9.0,712500.0,8.61602783203125,0.0
9.016666666666667,712500.0,8.62026596069336,0.0
9.033333333333333,712500.0,8.624490737915039,0.0
9.05,712500.0,8.628686904907227,0.0
9.066666666666666,712500.0,8.632877349853516,0.0
9.083333333333334,712500.0,8.637067794799805,0.0
9.1,712500.0,8.641149520874023,0.0
9.116666666666667,712500.0,8.645198822021484,0.0
9.133333333333333,712500.0,8.649242401123047,0.0
9.15,712500.0,8.653261184692383,0.0
9.166666666666666,712500.0,8.657183647155762,0.0
9.183333333333334,712500.0,8.661093711853027,0.0
9.2,712500.0,8.664984703063965,0.0
9.216666666666667,712500.0,8.668852806091309,0.0
9.233333333333333,712500.0,8.672720909118652,0.0
9.25,712500.0,8.676507949829102,0.0
9.266666666666667,712500.0,8.680214881896973,0.0
9.283333333333333,712500.0,8.683921813964844,0.0
9.3,712500.0,8.687614440917969,0.0
9.316666666666666,712500.0,8.691192626953125,0.0
9.333333333333334,712500.0,8.694765090942383,0.0
9.35,712500.0,8.698328018188477,0.0
9.366666666666667,712500.0,8.70187759399414,0.0
9.383333333333333,712500.0,8.705400466918945,0.0
9.4,712500.0,8.708785057067871,0.0
9.416666666666666,712500.0,8.712169647216797,0.0
9.433333333333334,712500.0,8.71554946899414,0.0
9.45,712500.0,8.718838691711426,0.0
9.466666666666667,712500.0,8.722116470336914,0.0
9.483333333333333,712500.0,8.725364685058594,0.0
9.5,712500.0,8.72862434387207,0.0
9.516666666666667,712500.0,8.731866836547852,0.0
9.533333333333333,712500.0,8.735090255737305,0.0
9.55,712500.0,8.738245964050293,0.0
9.566666666666666,712500.0,8.741308212280273,0.0
9.583333333333334,712500.0,8.744370460510254,0.0
9.6,712500.0,8.747400283813477,0.0
9.616666666666667,712500.0,8.750370979309082,0.0
9.633333333333333,712500.0,8.753329277038574,0.0
9.65,712500.0,8.756265640258789,0.0
9.666666666666666,712500.0,8.759195327758789,0.0
9.683333333333334,712500.0,8.762105941772461,0.0
9.7,712500.0,8.765007019042969,0.0
9.716666666666667,712500.0,8.767908096313477,0.0
9.733333333333333,712500.0,8.770743370056152,0.0
9.75,712500.0,8.773512840270996,0.0
9.766666666666667,712500.0,8.776262283325195,0.0
9.783333333333333,712500.0,8.778989791870117,0.0
9.8,712500.0,8.781697273254395,0.0
9.816666666666666,712500.0,8.784370422363281,0.0
9.833333333333334,712500.0,8.7869873046875,0.0
9.85,712500.0,8.789594650268555,0.0
9.866666666666667,712500.0,8.792192459106445,0.0
9.883333333333333,712500.0,8.79477310180664,0.0
9.9,712500.0,8.797351837158203,0.0
9.916666666666666,712500.0,8.799837112426758,0.0
9.933333333333334,712500.0,8.802279472351074,0.0
9.95,712500.0,8.804709434509277,0.0
9.966666666666667,712500.0,8.807127952575684,0.0
9.983333333333333,712500.0,8.809526443481445,0.0
10.0,712500.0,8.811847686767578,0.0
10.016666666666667,712500.0,8.814159393310547,0.0
0.0,750000.0,9.992568016052246,0.0
0.016666666666666666,750000.0,8.715566635131836,0.0
0.03333333333333333,750000.0,7.432417869567871,0.0
0.05,750000.0,6.158291816711426,0.0
0.06666666666666667,750000.0,4.924047470092773,0.0
0.08333333333333333,750000.0,3.7105624675750732,0.0
0.1,750000.0,2.5196940898895264,0.0
0.11666666666666667,750000.0,1.4535861015319824,0.0
0.13333333333333333,750000.0,0.5602228045463562,40.047393364928915
0.15,750000.0,0.07405268400907516,47.39336492890995
0.16666666666666666,750000.0,0.0,47.867298578199055
0.18333333333333332,750000.0,0.0,47.39336492890995
0.2,750000.0,0.0,45.97156398104265
0.21666666666666667,750000.0,0.0,45.7345971563981
0.23333333333333334,750000.0,0.0,47.6303317535545
0.25,750000.0,0.0,47.1563981042654
0.26666666666666666,750000.0,0.0,48.81516587677725
0.2833333333333333,750000.0,0.0,48.81516587677725
0.3,750000.0,0.0,51.18483412322274
0.31666666666666665,750000.0,0.0,52.3696682464455
0.3333333333333333,750000.0,0.0,53.317535545023695
0.35,750000.0,0.0,54.502369668246445
0.36666666666666664,750000.0,0.0,56.39810426540285
0.38333333333333336,750000.0,0.0,57.10900473933649
0.4,750000.0,0.0,59.47867298578199
0.4166666666666667,750000.0,0.0,59.95260663507109
0.43333333333333335,750000.0,0.0,62.55924170616114
0.45,750000.0,0.0,63.507109004739334
0.4666666666666667,750000.0,0.0,64.69194312796208
0.48333333333333334,750000.0,0.0,68.48341232227489
0.5,750000.0,0.0,68.00947867298578
0.5166666666666667,750000.0,0.0,70.85308056872039
0.5333333333333333,750000.0,0.0,74.40758293838863
0.55,750000.0,0.0,74.88151658767772
0.5666666666666667,750000.0,0.0,77.01421800947867
0.5833333333333334,750000.0,0.0,78.19905213270142
0.6,750000.0,0.0,80.80568720379146
0.6166666666666667,750000.0,0.0,81.75355450236967
0.6333333333333333,750000.0,0.0,83.41232227488152
0.65,750000.0,0.0,86.01895734597157
0.6666666666666666,750000.0,0.0,87.91469194312796
0.6833333333333333,750000.0,0.0,89.57345971563981
0.7,750000.0,0.0,91.70616113744076
0.7166666666666667,750000.0,0.0,94.3127962085308
0.7333333333333333,750000.0,0.0,95.49763033175356
0.75,750000.0,0.0,97.6303317535545
0.7666666666666667,750000.0,0.0,99.0521327014218
0.7833333333333333,750000.0,0.0,99.76303317535546
0.8,750000.0,0.0,100.0
0.8166666666666667,750000.0,0.0,100.0
0.8333333333333334,750000.0,0.0,100.0
0.85,750000.0,0.0,100.0
0.8666666666666667,750000.0,0.0,100.0
0.8833333333333333,750000.0,0.0,99.52606635071089
0.9,750000.0,0.0,99.0521327014218
0.9166666666666666,750000.0,0.0,98.5781990521327
0.9333333333333333,750000.0,0.0,98.5781990521327
0.95,750000.0,0.0,98.5781990521327
0.9666666666666667,750000.0,0.0,98.5781990521327
0.9833333333333333,750000.0,0.0,98.5781990521327
1.0,750000.0,0.0,98.10426540284361
1.0166666666666666,750000.0,0.0,97.6303317535545
1.0333333333333334,750000.0,0.0,97.1563981042654
1.05,750000.0,0.0,97.1563981042654
1.0666666666666667,750000.0,0.0,96.6824644549763
1.0833333333333333,750000.0,0.0,96.6824644549763
1.1,750000.0,0.0,96.6824644549763
1.1166666666666667,750000.0,0.0,96.6824644549763
1.1333333333333333,750000.0,0.0,96.6824644549763
1.15,750000.0,0.0,96.6824644549763
1.1666666666666667,750000.0,0.0,96.2085308056872
1.1833333333333333,750000.0,0.0,95.73459715639811
1.2,750000.0,0.0,95.260663507109
1.2166666666666666,750000.0,0.0,95.260663507109
1.2333333333333334,750000.0,0.0,94.7867298578199
1.25,750000.0,0.0,94.3127962085308
1.2666666666666666,750000.0,0.0,94.3127962085308
1.2833333333333334,750000.0,0.0,94.3127962085308
1.3,750000.0,0.0,94.3127962085308
1.3166666666666667,750000.0,0.0,94.3127962085308
1.3333333333333333,750000.0,0.0,94.3127962085308
1.35,750000.0,0.0,93.8388625592417
1.3666666666666667,750000.0,0.0,93.36492890995261
1.3833333333333333,750000.0,0.0,92.89099526066352
1.4,750000.0,0.0,92.89099526066352
1.4166666666666667,750000.0,0.0,92.41706161137441
1.4333333333333333,750000.0,0.0,92.41706161137441
1.45,750000.0,0.0,90.99526066350711
1.4666666666666666,750000.0,0.0,90.99526066350711
1.4833333333333334,750000.0,0.0,90.99526066350711
1.5,750000.0,0.0,90.52132701421802
1.5166666666666666,750000.0,0.0,90.04739336492891
1.5333333333333334,750000.0,0.0,89.57345971563981
1.55,750000.0,0.0,89.57345971563981
1.5666666666666667,750000.0,0.0,88.15165876777252
1.5833333333333333,750000.0,0.0,88.15165876777252
1.6,750000.0,0.0,87.20379146919431
1.6166666666666667,750000.0,0.0,87.20379146919431
1.6333333333333333,750000.0,0.0,86.25592417061611
1.65,750000.0,0.0,85.78199052132702
1.6666666666666667,750000.0,0.0,85.54502369668246
1.6833333333333333,750000.0,0.0,84.12322274881517
1.7,750000.0,0.0,83.64928909952607
1.7166666666666666,750000.0,0.0,83.64928909952607
1.7333333333333334,750000.0,0.0,83.17535545023696
1.75,750000.0,0.0,82.22748815165876
1.7666666666666666,750000.0,0.0,81.75355450236967
1.7833333333333334,750000.0,0.0,81.27962085308057
1.8,750000.0,0.0,80.33175355450237
1.8166666666666667,750000.0,0.0,80.09478672985783
1.8333333333333333,750000.0,0.0,79.62085308056872
1.85,750000.0,0.0,78.19905213270142
1.8666666666666667,750000.0,0.0,78.19905213270142
1.8833333333333333,750000.0,0.0,76.77725118483413
1.9,750000.0,0.0,75.82938388625593
1.9166666666666667,750000.0,0.0,74.88151658767772
1.9333333333333333,750000.0,0.0,73.93364928909952
1.95,750000.0,0.0,73.22274881516587
1.9666666666666666,750000.0,0.0,72.74881516587678
1.9833333333333334,750000.0,0.0,72.27488151658767
2.0,750000.0,0.0,71.80094786729858
2.0166666666666666,750000.0,0.0,70.85308056872039
2.033333333333333,750000.0,0.0,70.85308056872039
2.05,750000.0,0.0,69.90521327014217
2.066666666666667,750000.0,1.1311321941320784e-05,69.19431279620854
2.0833333333333335,750000.0,5.318005059962161e-05,68.72037914691943
2.1,750000.0,6.287485302891582e-05,67.77251184834124
2.1166666666666667,750000.0,8.72794262249954e-05,66.82464454976304
2.1333333333333333,750000.0,0.00012836176028940827,65.40284360189574
2.15,750000.0,0.00019048327521886677,64.92890995260665
2.1666666666666665,750000.0,0.00027966577908955514,63.98104265402843
2.183333333333333,750000.0,0.00040347225149162114,62.796208530805686
2.2,750000.0,0.000571117561776191,61.84834123222749
2.216666666666667,750000.0,0.0007936210022307932,61.37440758293838
2.2333333333333334,750000.0,0.0010840159375220537,61.37440758293838
2.25,750000.0,0.0014575475361198187,59.95260663507109
2.2666666666666666,750000.0,0.0019318695412948728,59.47867298578199
2.283333333333333,750000.0,0.0025272532366216183,58.29383886255924
2.3,750000.0,0.003266728250309825,56.39810426540285
2.316666666666667,750000.0,0.0037477898877114058,56.39810426540285
2.3333333333333335,750000.0,0.004230172373354435,55.92417061611374
2.35,750000.0,0.004828165285289288,54.976303317535546
2.3666666666666667,750000.0,0.0055633047595620155,54.02843601895735
2.3833333333333333,750000.0,0.006459761410951614,53.317535545023695
2.4,750000.0,0.007544513326138258,53.317535545023695
2.4166666666666665,750000.0,0.008847447112202644,52.3696682464455
2.433333333333333,750000.0,0.010401293635368347,51.421800947867304
2.45,750000.0,0.01224176213145256,50.0
2.466666666666667,750000.0,0.01440740842372179,49.052132701421804
2.4833333333333334,750000.0,0.016939617693424225,47.867298578199055
2.5,750000.0,0.01988224685192108,47.39336492890995
2.5166666666666666,750000.0,0.023281877860426903,46.44549763033176
2.533333333333333,750000.0,0.02718718722462654,45.497630331753555
2.55,750000.0,0.031648553907871246,44.54976303317535
2.566666666666667,750000.0,0.036717869341373444,43.60189573459716
2.5833333333333335,750000.0,0.0424480177462101,41.943127962085306
2.6,750000.0,0.04889247566461563,41.46919431279621
2.6166666666666667,750000.0,0.05610442906618118,40.52132701421801
2.6333333333333333,750000.0,0.06413649022579193,40.047393364928915
2.65,750000.0,0.07303980737924576,38.62559241706161
2.6666666666666665,750000.0,0.08273757994174957,37.91469194312796
2.683333333333333,750000.0,0.08998312056064606,37.44075829383886
2.7,750000.0,0.09803193807601929,36.96682464454976
2.716666666666667,750000.0,0.10693621635437012,33.649289099526065
2.7333333333333334,750000.0,0.11674614250659943,33.175355450236964
2.75,750000.0,0.12751047313213348,31.753554502369667
2.7666666666666666,750000.0,0.13927344977855682,31.516587677725116
2.783333333333333,750000.0,0.15207600593566895,31.04265402843602
2.8,750000.0,0.16595444083213806,29.14691943127962
2.816666666666667,750000.0,0.1809399127960205,28.672985781990523
2.8333333333333335,750000.0,0.19705751538276672,27.251184834123222
2.85,750000.0,0.21432580053806305,25.118483412322274
2.8666666666666667,750000.0,0.23275774717330933,24.170616113744074
2.8833333333333333,750000.0,0.2523598074913025,23.696682464454977
2.9,750000.0,0.2731308043003082,23.22274881516588
2.9166666666666665,750000.0,0.2950633764266968,21.32701421800948
2.933333333333333,750000.0,0.31814464926719666,19.194312796208532
2.95,750000.0,0.3423551321029663,18.72037914691943
2.966666666666667,750000.0,0.3676692843437195,17.298578199052134
2.9833333333333334,750000.0,0.3940575122833252,16.350710900473935
3.0,750000.0,0.42148515582084656,14.928909952606634
3.0166666666666666,750000.0,0.44991350173950195,14.691943127962084
3.033333333333333,750000.0,0.4793005883693695,12.796208530805686
3.05,750000.0,0.5096021890640259,11.374407582938389
3.066666666666667,750000.0,0.5407731533050537,10.42654028436019
3.0833333333333335,750000.0,0.5727649927139282,8.293838862559241
3.1,750000.0,0.6055297255516052,8.293838862559241
3.1166666666666667,750000.0,0.6390172243118286,8.293838862559241
3.1333333333333333,750000.0,0.6731797456741333,6.398104265402843
3.15,750000.0,0.7079690098762512,4.502369668246446
3.1666666666666665,750000.0,0.7433364391326904,3.7914691943127963
3.183333333333333,750000.0,0.7792385816574097,3.7914691943127963
3.2,750000.0,0.8156288862228394,3.7914691943127963
3.216666666666667,750000.0,0.8524656295776367,1.8957345971563981
3.2333333333333334,750000.0,0.889707088470459,0.23696682464454977
3.25,750000.0,0.9273158311843872,0.23696682464454977
3.2666666666666666,750000.0,0.965253472328186,0.23696682464454977
3.283333333333333,750000.0,1.003487467765808,0.0
3.3,750000.0,1.0419875383377075,0.0
3.316666666666667,750000.0,1.0807228088378906,0.0
3.3333333333333335,750000.0,1.1196658611297607,0.0
3.35,750000.0,1.158792495727539,0.0
3.3666666666666667,750000.0,1.19808030128479,0.0
3.3833333333333333,750000.0,1.2375061511993408,0.0
3.4,750000.0,1.277052640914917,0.0
3.4166666666666665,750000.0,1.3167086839675903,0.0
3.433333333333333,750000.0,1.3564553260803223,0.0
3.45,750000.0,1.3962821960449219,0.0
3.466666666666667,750000.0,1.4361770153045654,0.0
3.4833333333333334,750000.0,1.4761345386505127,0.0
3.5,750000.0,1.5161347389221191,0.0
3.5166666666666666,750000.0,1.556185007095337,0.0
3.533333333333333,750000.0,1.596268892288208,0.0
3.55,750000.0,1.636392593383789,0.0
3.566666666666667,750000.0,1.6765308380126953,0.0
3.5833333333333335,750000.0,1.7167037725448608,0.0
3.6,750000.0,1.756899356842041,0.0
3.6166666666666667,750000.0,1.7971110343933105,0.0
3.6333333333333333,750000.0,1.8373425006866455,0.0
3.65,750000.0,1.8775945901870728,0.0
3.6666666666666665,750000.0,1.9178688526153564,0.0
3.683333333333333,750000.0,1.958155870437622,0.0
3.7,750000.0,1.9984580278396606,0.0
3.716666666666667,750000.0,2.0387752056121826,0.0
3.7333333333333334,750000.0,2.0791075229644775,0.0
3.75,750000.0,2.1194543838500977,0.0
3.7666666666666666,750000.0,2.159827709197998,0.0
3.783333333333333,750000.0,2.2001965045928955,0.0
3.8,750000.0,2.2405714988708496,0.0
3.816666666666667,750000.0,2.280965805053711,0.0
3.8333333333333335,750000.0,2.321366786956787,0.0
3.85,750000.0,2.3617749214172363,0.0
3.8666666666666667,750000.0,2.402170181274414,0.0
3.8833333333333333,750000.0,2.442561149597168,0.0
3.9,750000.0,2.4829511642456055,0.0
3.9166666666666665,750000.0,2.5233306884765625,0.0
3.933333333333333,750000.0,2.563704013824463,0.0
3.95,750000.0,2.604063034057617,0.0
3.966666666666667,750000.0,2.6443920135498047,0.0
3.9833333333333334,750000.0,2.6847028732299805,0.0
4.0,750000.0,2.724989891052246,0.0
4.016666666666667,750000.0,2.7652335166931152,0.0
4.033333333333333,750000.0,2.805448055267334,0.0
4.05,750000.0,2.8456056118011475,0.0
4.066666666666666,750000.0,2.8857364654541016,0.0
4.083333333333333,750000.0,2.925812244415283,0.0
4.1,750000.0,2.9658203125,0.0
4.116666666666666,750000.0,3.0057735443115234,0.0
4.133333333333334,750000.0,3.045649528503418,0.0
4.15,750000.0,3.08544921875,0.0
4.166666666666667,750000.0,3.1251540184020996,0.0
4.183333333333334,750000.0,3.1647958755493164,0.0
4.2,750000.0,3.2043440341949463,0.0
4.216666666666667,750000.0,3.2437856197357178,0.0
4.233333333333333,750000.0,3.2831501960754395,0.0
4.25,750000.0,3.322395086288452,0.0
4.266666666666667,750000.0,3.3615448474884033,0.0
4.283333333333333,750000.0,3.400583505630493,0.0
4.3,750000.0,3.4394946098327637,0.0
4.316666666666666,750000.0,3.4783003330230713,0.0
4.333333333333333,750000.0,3.5169835090637207,0.0
4.35,750000.0,3.555535078048706,0.0
4.366666666666666,750000.0,3.5939648151397705,0.0
4.383333333333334,750000.0,3.632268190383911,0.0
4.4,750000.0,3.670440912246704,0.0
4.416666666666667,750000.0,3.7084851264953613,0.0
4.433333333333334,750000.0,3.746394157409668,0.0
4.45,750000.0,3.784154176712036,0.0
4.466666666666667,750000.0,3.8217859268188477,0.0
4.483333333333333,750000.0,3.8592705726623535,0.0
4.5,750000.0,3.896599531173706,0.0
4.516666666666667,750000.0,3.9337892532348633,0.0
4.533333333333333,750000.0,3.9708361625671387,0.0
4.55,750000.0,4.0077362060546875,0.0
4.566666666666666,750000.0,4.044485092163086,0.0
4.583333333333333,750000.0,4.081081390380859,0.0
4.6,750000.0,4.11750602722168,0.0
4.616666666666666,750000.0,4.153789520263672,0.0
4.633333333333334,750000.0,4.1899309158325195,0.0
4.65,750000.0,4.225905418395996,0.0
4.666666666666667,750000.0,4.261704921722412,0.0
4.683333333333334,750000.0,4.297370910644531,0.0
4.7,750000.0,4.332881927490234,0.0
4.716666666666667,750000.0,4.368226528167725,0.0
4.733333333333333,750000.0,4.403393745422363,0.0
4.75,750000.0,4.438409328460693,0.0
4.766666666666667,750000.0,4.473266124725342,0.0
4.783333333333333,750000.0,4.507959365844727,0.0
4.8,750000.0,4.542486190795898,0.0
4.816666666666666,750000.0,4.576830863952637,0.0
4.833333333333333,750000.0,4.611010551452637,0.0
4.85,750000.0,4.645041465759277,0.0
4.866666666666666,750000.0,4.678895473480225,0.0
4.883333333333334,750000.0,4.7125654220581055,0.0
4.9,750000.0,4.746078014373779,0.0
4.916666666666667,750000.0,4.779420375823975,0.0
4.933333333333334,750000.0,4.81258487701416,0.0
4.95,750000.0,4.8455729484558105,0.0
4.966666666666667,750000.0,4.878389358520508,0.0
4.983333333333333,750000.0,4.9110307693481445,0.0
5.0,750000.0,4.94350528717041,0.0
5.016666666666667,750000.0,4.975791931152344,0.0
5.033333333333333,750000.0,5.007922649383545,0.0
5.05,750000.0,5.039867877960205,0.0
5.066666666666666,750000.0,5.071638584136963,0.0
5.083333333333333,750000.0,5.103218078613281,0.0
5.1,750000.0,5.13463020324707,0.0
5.116666666666666,750000.0,5.165855407714844,0.0
5.133333333333334,750000.0,5.196900367736816,0.0
5.15,750000.0,5.227775573730469,0.0
5.166666666666667,750000.0,5.25844669342041,0.0
5.183333333333334,750000.0,5.288955211639404,0.0
5.2,750000.0,5.319291591644287,0.0
5.216666666666667,750000.0,5.349435806274414,0.0
5.233333333333333,750000.0,5.379404544830322,0.0
5.25,750000.0,5.409181594848633,0.0
5.266666666666667,750000.0,5.438772678375244,0.0
5.283333333333333,750000.0,5.46817684173584,0.0
5.3,750000.0,5.497408866882324,0.0
5.316666666666666,750000.0,5.526445388793945,0.0
5.333333333333333,750000.0,5.555320739746094,0.0
5.35,750000.0,5.584014892578125,0.0
5.366666666666666,750000.0,5.612517356872559,0.0
5.383333333333334,750000.0,5.640839576721191,0.0
5.4,750000.0,5.668956279754639,0.0
5.416666666666667,750000.0,5.696918487548828,0.0
5.433333333333334,750000.0,5.724669456481934,0.0
5.45,750000.0,5.752266883850098,0.0
5.466666666666667,750000.0,5.77966833114624,0.0
5.483333333333333,750000.0,5.806893825531006,0.0
5.5,750000.0,5.833961009979248,0.0
5.516666666666667,750000.0,5.860821723937988,0.0
5.533333333333333,750000.0,5.887528419494629,0.0
5.55,750000.0,5.914015769958496,0.0
5.566666666666666,750000.0,5.940362453460693,0.0
5.583333333333333,750000.0,5.966516971588135,0.0
5.6,750000.0,5.9924798011779785,0.0
5.616666666666666,750000.0,6.01827335357666,0.0
5.633333333333334,750000.0,6.043892860412598,0.0
5.65,750000.0,6.069340705871582,0.0
5.666666666666667,750000.0,6.094581127166748,0.0
5.683333333333334,750000.0,6.119684219360352,0.0
5.7,750000.0,6.14456844329834,0.0
5.716666666666667,750000.0,6.169299602508545,0.0
5.733333333333333,750000.0,6.193840026855469,0.0
5.75,750000.0,6.218219757080078,0.0
5.766666666666667,750000.0,6.242401599884033,0.0
5.783333333333333,750000.0,6.266427040100098,0.0
5.8,750000.0,6.290281295776367,0.0
5.816666666666666,750000.0,6.313960075378418,0.0
5.833333333333333,750000.0,6.3374786376953125,0.0
5.85,750000.0,6.360803604125977,0.0
5.866666666666666,750000.0,6.383995056152344,0.0
5.883333333333334,750000.0,6.406979560852051,0.0
5.9,750000.0,6.429814338684082,0.0
5.916666666666667,750000.0,6.452475070953369,0.0
5.933333333333334,750000.0,6.474981307983398,0.0
5.95,750000.0,6.497270107269287,0.0
5.966666666666667,750000.0,6.519452095031738,0.0
5.983333333333333,750000.0,6.541438102722168,0.0
6.0,750000.0,6.563272476196289,0.0
6.016666666666667,750000.0,6.584929466247559,0.0
6.033333333333333,750000.0,6.606441974639893,0.0
6.05,750000.0,6.627755641937256,0.0
6.066666666666666,750000.0,6.6489739418029785,0.0
6.083333333333333,750000.0,6.669983863830566,0.0
6.1,750000.0,6.6908416748046875,0.0
6.116666666666666,750000.0,6.711545944213867,0.0
6.133333333333334,750000.0,6.732090950012207,0.0
6.15,750000.0,6.7524333000183105,0.0
6.166666666666667,750000.0,6.7726640701293945,0.0
6.183333333333334,750000.0,6.792723655700684,0.0
6.2,750000.0,6.8126220703125,0.0
6.216666666666667,750000.0,6.832377910614014,0.0
6.233333333333333,750000.0,6.851966857910156,0.0
6.25,750000.0,6.871386528015137,0.0
6.266666666666667,750000.0,6.890715599060059,0.0
6.283333333333333,750000.0,6.909846305847168,0.0
6.3,750000.0,6.928818225860596,0.0
6.316666666666666,750000.0,6.947659969329834,0.0
6.333333333333333,750000.0,6.966340065002441,0.0
6.35,750000.0,6.984857082366943,0.0
6.366666666666666,750000.0,7.003230571746826,0.0
6.383333333333334,750000.0,7.021477699279785,0.0
6.4,750000.0,7.039563179016113,0.0
6.416666666666667,750000.0,7.057494163513184,0.0
6.433333333333334,750000.0,7.075312614440918,0.0
6.45,750000.0,7.092965126037598,0.0
6.466666666666667,750000.0,7.110430717468262,0.0
6.483333333333333,750000.0,7.127834320068359,0.0
6.5,750000.0,7.145062446594238,0.0
6.516666666666667,750000.0,7.162164688110352,0.0
6.533333333333333,750000.0,7.1790947914123535,0.0
6.55,750000.0,7.195904731750488,0.0
6.566666666666666,750000.0,7.2125654220581055,0.0
6.583333333333333,750000.0,7.229074478149414,0.0
6.6,750000.0,7.245489597320557,0.0
6.616666666666666,750000.0,7.261726379394531,0.0
6.633333333333334,750000.0,7.277842998504639,0.0
6.65,750000.0,7.293819427490234,0.0
6.666666666666667,750000.0,7.309662818908691,0.0
6.683333333333334,750000.0,7.325362682342529,0.0
6.7,750000.0,7.340929985046387,0.0
6.716666666666667,750000.0,7.356398582458496,0.0
6.733333333333333,750000.0,7.371705532073975,0.0
6.75,750000.0,7.386893272399902,0.0
6.766666666666667,750000.0,7.401943683624268,0.0
6.783333333333333,750000.0,7.416855812072754,0.0
6.8,750000.0,7.431655406951904,0.0
6.816666666666666,750000.0,7.446319580078125,0.0
6.833333333333333,750000.0,7.460849761962891,0.0
6.85,750000.0,7.475292205810547,0.0
6.866666666666666,750000.0,7.489569664001465,0.0
6.883333333333334,750000.0,7.503750801086426,0.0
6.9,750000.0,7.517798900604248,0.0
6.916666666666667,750000.0,7.531720161437988,0.0
6.933333333333334,750000.0,7.545544147491455,0.0
6.95,750000.0,7.559248924255371,0.0
6.966666666666667,750000.0,7.572825908660889,0.0
6.983333333333333,750000.0,7.5863237380981445,0.0
7.0,750000.0,7.59967041015625,0.0
7.016666666666667,750000.0,7.612891674041748,0.0
7.033333333333333,750000.0,7.626007080078125,0.0
7.05,750000.0,7.6390275955200195,0.0
7.066666666666666,750000.0,7.651906967163086,0.0
7.083333333333333,750000.0,7.664664268493652,0.0
7.1,750000.0,7.677314758300781,0.0
7.116666666666666,750000.0,7.689882278442383,0.0
7.133333333333334,750000.0,7.702319622039795,0.0
7.15,750000.0,7.714657783508301,0.0
7.166666666666667,750000.0,7.726866245269775,0.0
7.183333333333334,750000.0,7.738956928253174,0.0
7.2,750000.0,7.7509660720825195,0.0
7.216666666666667,750000.0,7.762873649597168,0.0
7.233333333333333,750000.0,7.774670600891113,0.0
7.25,750000.0,7.786349773406982,0.0
7.266666666666667,750000.0,7.797951698303223,0.0
7.283333333333333,750000.0,7.809441089630127,0.0
7.3,750000.0,7.820764541625977,0.0
7.316666666666666,750000.0,7.831996917724609,0.0
7.333333333333333,750000.0,7.843135833740234,0.0
7.35,750000.0,7.85418701171875,0.0
7.366666666666666,750000.0,7.865155220031738,0.0
7.383333333333334,750000.0,7.876027584075928,0.0
7.4,750000.0,7.88677978515625,0.0
7.416666666666667,750000.0,7.897454738616943,0.0
7.433333333333334,750000.0,7.908086776733398,0.0
7.45,750000.0,7.918575763702393,0.0
7.466666666666667,750000.0,7.928959846496582,0.0
7.483333333333333,750000.0,7.939249038696289,0.0
7.5,750000.0,7.949463844299316,0.0
7.516666666666667,750000.0,7.959588050842285,0.0
7.533333333333333,750000.0,7.969612121582031,0.0
7.55,750000.0,7.979526519775391,0.0
7.566666666666666,750000.0,7.9893364906311035,0.0
7.583333333333333,750000.0,7.999113082885742,0.0
7.6,750000.0,8.008783340454102,0.0
7.616666666666666,750000.0,8.018316268920898,0.0
7.633333333333334,750000.0,8.02774429321289,0.0
7.65,750000.0,8.03714370727539,0.0
7.666666666666667,750000.0,8.046491622924805,0.0
7.683333333333334,750000.0,8.0557279586792,0.0
7.7,750000.0,8.06489372253418,0.0
7.716666666666667,750000.0,8.073963165283203,0.0
7.733333333333333,750000.0,8.082988739013672,0.0
7.75,750000.0,8.091912269592285,0.0
7.766666666666667,750000.0,8.100768089294434,0.0
7.783333333333333,750000.0,8.109495162963867,0.0
7.8,750000.0,8.11819076538086,0.0
7.816666666666666,750000.0,8.126715660095215,0.0
7.833333333333333,750000.0,8.13520622253418,0.0
7.85,750000.0,8.143592834472656,0.0
7.866666666666666,750000.0,8.151973724365234,0.0
7.883333333333334,750000.0,8.160256385803223,0.0
7.9,750000.0,8.168456077575684,0.0
7.916666666666667,750000.0,8.176568984985352,0.0
7.933333333333334,750000.0,8.184627532958984,0.0
7.95,750000.0,8.19265365600586,0.0
7.966666666666667,750000.0,8.2005033493042,0.0
7.983333333333333,750000.0,8.208312034606934,0.0
8.0,750000.0,8.216078758239746,0.0
8.016666666666667,750000.0,8.223814964294434,0.0
8.033333333333333,750000.0,8.2314453125,0.0
8.05,750000.0,8.23893928527832,0.0
8.066666666666666,750000.0,8.246387481689453,0.0
8.083333333333334,750000.0,8.253801345825195,0.0
8.1,750000.0,8.261209487915039,0.0
8.116666666666667,750000.0,8.268472671508789,0.0
8.133333333333333,750000.0,8.27560806274414,0.0
8.15,750000.0,8.282699584960938,0.0
8.166666666666666,750000.0,8.28972053527832,0.0
8.183333333333334,750000.0,8.296648025512695,0.0
8.2,750000.0,8.303532600402832,0.0
8.216666666666667,750000.0,8.310306549072266,0.0
8.233333333333333,750000.0,8.317075729370117,0.0
8.25,750000.0,8.323738098144531,0.0
8.266666666666667,750000.0,8.33034610748291,0.0
8.283333333333333,750000.0,8.336915016174316,0.0
8.3,750000.0,8.343379974365234,0.0
8.316666666666666,750000.0,8.34982681274414,0.0
8.333333333333334,750000.0,8.356209754943848,0.0
8.35,750000.0,8.362502098083496,0.0
8.366666666666667,750000.0,8.36876106262207,0.0
8.383333333333333,750000.0,8.37492847442627,0.0
8.4,750000.0,8.381057739257812,0.0
8.416666666666666,750000.0,8.387165069580078,0.0
8.433333333333334,750000.0,8.393168449401855,0.0
8.45,750000.0,8.399066925048828,0.0
8.466666666666667,750000.0,8.404918670654297,0.0
8.483333333333333,750000.0,8.41075325012207,0.0
8.5,750000.0,8.4165678024292,0.0
8.516666666666667,750000.0,8.422369956970215,0.0
8.533333333333333,750000.0,8.428143501281738,0.0
8.55,750000.0,8.433758735656738,0.0
8.566666666666666,750000.0,8.439336776733398,0.0
8.583333333333334,750000.0,8.44483757019043,0.0
8.6,750000.0,8.450334548950195,0.0
8.616666666666667,750000.0,8.455814361572266,0.0
8.633333333333333,750000.0,8.461160659790039,0.0
8.65,750000.0,8.466438293457031,0.0
8.666666666666666,750000.0,8.471651077270508,0.0
8.683333333333334,750000.0,8.476856231689453,0.0
8.7,750000.0,8.482015609741211,0.0
8.716666666666667,750000.0,8.487173080444336,0.0
8.733333333333333,750000.0,8.492330551147461,0.0
8.75,750000.0,8.49734878540039,0.0
8.766666666666667,750000.0,8.502275466918945,0.0
8.783333333333333,750000.0,8.507156372070312,0.0
8.8,750000.0,8.512008666992188,0.0
8.816666666666666,750000.0,8.516843795776367,0.0
8.833333333333334,750000.0,8.521678924560547,0.0
8.85,750000.0,8.526447296142578,0.0
8.866666666666667,750000.0,8.531116485595703,0.0
8.883333333333333,750000.0,8.535701751708984,0.0
8.9,750000.0,8.54024887084961,0.0
8.916666666666666,750000.0,8.544790267944336,0.0
8.933333333333334,750000.0,8.549314498901367,0.0
8.95,750000.0,8.553827285766602,0.0
8.966666666666667,750000.0,8.558340072631836,0.0
8.983333333333333,750000.0,8.562726974487305,0.0
9.0,750000.0,8.567008972167969,0.0
9.016666666666667,750000.0,8.57124137878418,0.0
9.033333333333333,750000.0,8.575456619262695,0.0
9.05,750000.0,8.579671859741211,0.0
9.066666666666666,750000.0,8.583869934082031,0.0
9.083333333333334,750000.0,8.58806037902832,0.0
9.1,750000.0,8.592135429382324,0.0
9.116666666666667,750000.0,8.596179962158203,0.0
9.133333333333333,750000.0,8.600156784057617,0.0
9.15,750000.0,8.604098320007324,0.0
9.166666666666666,750000.0,8.608004570007324,0.0
9.183333333333334,750000.0,8.611900329589844,0.0
9.2,750000.0,8.615803718566895,0.0
9.216666666666667,750000.0,8.619688034057617,0.0
9.233333333333333,750000.0,8.623556137084961,0.0
9.25,750000.0,8.62740421295166,0.0
9.266666666666667,750000.0,8.631111145019531,0.0
9.283333333333333,750000.0,8.634746551513672,0.0
9.3,750000.0,8.638344764709473,0.0
9.316666666666666,750000.0,8.641927719116211,0.0
9.333333333333334,750000.0,8.645498275756836,0.0
9.35,750000.0,8.649044036865234,0.0
9.366666666666667,750000.0,8.652589797973633,0.0
9.383333333333333,750000.0,8.656017303466797,0.0
9.4,750000.0,8.659412384033203,0.0
9.416666666666666,750000.0,8.662799835205078,0.0
9.433333333333334,750000.0,8.666184425354004,0.0
9.45,750000.0,8.669553756713867,0.0
9.466666666666667,750000.0,8.672832489013672,0.0
9.483333333333333,750000.0,8.67608642578125,0.0
9.5,750000.0,8.679315567016602,0.0
9.516666666666667,750000.0,8.682538986206055,0.0
9.533333333333333,750000.0,8.685697555541992,0.0
9.55,750000.0,8.688776016235352,0.0
9.566666666666666,750000.0,8.691838264465332,0.0
9.583333333333334,750000.0,8.694900512695312,0.0
9.6,750000.0,8.697962760925293,0.0
9.616666666666667,750000.0,8.700979232788086,0.0
9.633333333333333,750000.0,8.703919410705566,0.0
9.65,750000.0,8.706840515136719,0.0
9.666666666666666,750000.0,8.709759712219238,0.0
9.683333333333334,750000.0,8.712672233581543,0.0
9.7,750000.0,8.715576171875,0.0
9.716666666666667,750000.0,8.718477249145508,0.0
9.733333333333333,750000.0,8.721244812011719,0.0
9.75,750000.0,8.723984718322754,0.0
9.766666666666667,750000.0,8.726724624633789,0.0
9.783333333333333,750000.0,8.729436874389648,0.0
9.8,750000.0,8.73210334777832,0.0
9.816666666666666,750000.0,8.734737396240234,0.0
9.833333333333334,750000.0,8.737358093261719,0.0
9.85,750000.0,8.739961624145508,0.0
9.866666666666667,750000.0,8.742572784423828,0.0
9.883333333333333,750000.0,8.745161056518555,0.0
9.9,750000.0,8.747739791870117,0.0
9.916666666666666,750000.0,8.750226020812988,0.0
9.933333333333334,750000.0,8.752655029296875,0.0
9.95,750000.0,8.755073547363281,0.0
9.966666666666667,750000.0,8.757491111755371,0.0
9.983333333333333,750000.0,8.759834289550781,0.0
10.0,750000.0,8.762157440185547,0.0
10.016666666666667,750000.0,8.764470100402832,0.0
0.0,833333.3333333334,9.992568016052246,0.0
0.016666666666666666,833333.3333333334,8.715555191040039,0.0
0.03333333333333333,833333.3333333334,7.432373523712158,0.0
0.05,833333.3333333334,6.158186435699463,0.0
0.06666666666666667,833333.3333333334,4.923864364624023,0.0
0.08333333333333333,833333.3333333334,3.710285186767578,0.0
0.1,833333.3333333334,2.5193169116973877,0.0
0.11666666666666667,833333.3333333334,1.4531277418136597,0.0
0.13333333333333333,833333.3333333334,0.5597836375236511,40.047393364928915
0.15,833333.3333333334,0.07389293611049652,47.39336492890995
0.16666666666666666,833333.3333333334,0.0,47.867298578199055
0.18333333333333332,833333.3333333334,0.0,47.39336492890995
0.2,833333.3333333334,0.0,45.97156398104265
0.21666666666666667,833333.3333333334,0.0,45.7345971563981
0.23333333333333334,833333.3333333334,0.0,47.6303317535545
0.25,833333.3333333334,0.0,47.1563981042654
0.26666666666666666,833333.3333333334,0.0,48.81516587677725
0.2833333333333333,833333.3333333334,0.0,48.81516587677725
0.3,833333.3333333334,0.0,51.18483412322274
0.31666666666666665,833333.3333333334,0.0,52.3696682464455
0.3333333333333333,833333.3333333334,0.0,53.317535545023695
0.35,833333.3333333334,0.0,54.502369668246445
0.36666666666666664,833333.3333333334,0.0,56.39810426540285
0.38333333333333336,833333.3333333334,0.0,57.10900473933649
0.4,833333.3333333334,0.0,59.47867298578199
0.4166666666666667,833333.3333333334,0.0,60.426540284360186
0.43333333333333335,833333.3333333334,0.0,62.55924170616114
0.45,833333.3333333334,0.0,63.507109004739334
0.4666666666666667,833333.3333333334,0.0,64.69194312796208
0.48333333333333334,833333.3333333334,0.0,68.48341232227489
0.5,833333.3333333334,0.0,68.00947867298578
0.5166666666666667,833333.3333333334,0.0,70.85308056872039
0.5333333333333333,833333.3333333334,0.0,74.40758293838863
0.55,833333.3333333334,0.0,74.88151658767772
0.5666666666666667,833333.3333333334,0.0,77.01421800947867
0.5833333333333334,833333.3333333334,0.0,78.19905213270142
0.6,833333.3333333334,0.0,80.80568720379146
0.6166666666666667,833333.3333333334,0.0,81.75355450236967
0.6333333333333333,833333.3333333334,0.0,83.41232227488152
0.65,833333.3333333334,0.0,86.01895734597157
0.6666666666666666,833333.3333333334,0.0,87.91469194312796
0.6833333333333333,833333.3333333334,0.0,89.57345971563981
0.7,833333.3333333334,0.0,91.70616113744076
0.7166666666666667,833333.3333333334,0.0,94.3127962085308
0.7333333333333333,833333.3333333334,0.0,95.49763033175356
0.75,833333.3333333334,0.0,97.6303317535545
0.7666666666666667,833333.3333333334,0.0,99.0521327014218
0.7833333333333333,833333.3333333334,0.0,99.76303317535546
0.8,833333.3333333334,0.0,100.0
0.8166666666666667,833333.3333333334,0.0,100.0
0.8333333333333334,833333.3333333334,0.0,100.0
0.85,833333.3333333334,0.0,100.0
0.8666666666666667,833333.3333333334,0.0,100.0
0.8833333333333333,833333.3333333334,0.0,99.52606635071089
0.9,833333.3333333334,0.0,99.0521327014218
0.9166666666666666,833333.3333333334,0.0,98.5781990521327
0.9333333333333333,833333.3333333334,0.0,98.5781990521327
0.95,833333.3333333334,0.0,98.5781990521327
0.9666666666666667,833333.3333333334,0.0,98.5781990521327
0.9833333333333333,833333.3333333334,0.0,98.5781990521327
1.0,833333.3333333334,0.0,98.10426540284361
1.0166666666666666,833333.3333333334,0.0,97.6303317535545
1.0333333333333334,833333.3333333334,0.0,97.1563981042654
1.05,833333.3333333334,0.0,97.1563981042654
1.0666666666666667,833333.3333333334,0.0,96.6824644549763
1.0833333333333333,833333.3333333334,0.0,96.6824644549763
1.1,833333.3333333334,0.0,96.6824644549763
1.1166666666666667,833333.3333333334,0.0,96.6824644549763
1.1333333333333333,833333.3333333334,0.0,96.6824644549763
1.15,833333.3333333334,0.0,96.6824644549763
1.1666666666666667,833333.3333333334,0.0,96.2085308056872
1.1833333333333333,833333.3333333334,0.0,95.73459715639811
1.2,833333.3333333334,0.0,95.260663507109
1.2166666666666666,833333.3333333334,0.0,95.260663507109
1.2333333333333334,833333.3333333334,0.0,94.7867298578199
1.25,833333.3333333334,0.0,94.3127962085308
1.2666666666666666,833333.3333333334,0.0,94.3127962085308
1.2833333333333334,833333.3333333334,0.0,94.3127962085308
1.3,833333.3333333334,0.0,94.3127962085308
1.3166666666666667,833333.3333333334,0.0,94.3127962085308
1.3333333333333333,833333.3333333334,0.0,94.3127962085308
1.35,833333.3333333334,0.0,93.8388625592417
1.3666666666666667,833333.3333333334,0.0,93.8388625592417
1.3833333333333333,833333.3333333334,0.0,92.89099526066352
1.4,833333.3333333334,0.0,92.89099526066352
1.4166666666666667,833333.3333333334,0.0,92.41706161137441
1.4333333333333333,833333.3333333334,0.0,92.41706161137441
1.45,833333.3333333334,0.0,90.99526066350711
1.4666666666666666,833333.3333333334,0.0,90.99526066350711
1.4833333333333334,833333.3333333334,0.0,90.99526066350711
1.5,833333.3333333334,0.0,90.52132701421802
1.5166666666666666,833333.3333333334,0.0,90.04739336492891
1.5333333333333334,833333.3333333334,0.0,89.57345971563981
1.55,833333.3333333334,0.0,89.57345971563981
1.5666666666666667,833333.3333333334,0.0,89.0995260663507
1.5833333333333333,833333.3333333334,0.0,88.15165876777252
1.6,833333.3333333334,0.0,87.67772511848341
1.6166666666666667,833333.3333333334,0.0,87.20379146919431
1.6333333333333333,833333.3333333334,0.0,86.7298578199052
1.65,833333.3333333334,0.0,85.78199052132702
1.6666666666666667,833333.3333333334,0.0,85.78199052132702
1.6833333333333333,833333.3333333334,0.0,84.12322274881517
1.7,833333.3333333334,0.0,83.64928909952607
1.7166666666666666,833333.3333333334,0.0,83.64928909952607
1.7333333333333334,833333.3333333334,0.0,83.17535545023696
1.75,833333.3333333334,0.0,82.22748815165876
1.7666666666666666,833333.3333333334,0.0,81.75355450236967
1.7833333333333334,833333.3333333334,0.0,81.27962085308057
1.8,833333.3333333334,0.0,80.33175355450237
1.8166666666666667,833333.3333333334,0.0,80.09478672985783
1.8333333333333333,833333.3333333334,0.0,79.62085308056872
1.85,833333.3333333334,0.0,78.19905213270142
1.8666666666666667,833333.3333333334,0.0,78.19905213270142
1.8833333333333333,833333.3333333334,0.0,76.77725118483413
1.9,833333.3333333334,0.0,75.82938388625593
1.9166666666666667,833333.3333333334,0.0,74.88151658767772
1.9333333333333333,833333.3333333334,0.0,73.93364928909952
1.95,833333.3333333334,0.0,73.69668246445498
1.9666666666666666,833333.3333333334,0.0,72.74881516587678
1.9833333333333334,833333.3333333334,0.0,72.27488151658767
2.0,833333.3333333334,0.0,71.80094786729858
2.0166666666666666,833333.3333333334,0.0,70.85308056872039
2.033333333333333,833333.3333333334,0.0,70.85308056872039
2.05,833333.3333333334,0.0,70.85308056872039
2.066666666666667,833333.3333333334,1.2231155324116116e-06,69.19431279620854
2.0833333333333335,833333.3333333334,4.4621003326028585e-05,68.72037914691943
2.1,833333.3333333334,5.537025208468549e-05,68.72037914691943
2.1166666666666667,833333.3333333334,7.464727241313085e-05,67.29857819905213
2.1333333333333333,833333.3333333334,0.00010976137855323032,65.40284360189574
2.15,833333.3333333334,0.0001643182768020779,64.92890995260665
2.1666666666666665,833333.3333333334,0.00024375133216381073,64.45497630331754
2.183333333333333,833333.3333333334,0.0003550193796399981,63.270142180094794
2.2,833333.3333333334,0.0005066667799837887,61.84834123222749
2.216666666666667,833333.3333333334,0.0007089464925229549,61.84834123222749
2.2333333333333334,833333.3333333334,0.0009740020614117384,61.37440758293838
2.25,833333.3333333334,0.0013160529779270291,59.95260663507109
2.2666666666666666,833333.3333333334,0.0017515737563371658,59.95260663507109
2.283333333333333,833333.3333333334,0.0022995183244347572,58.767772511848335
2.3,833333.3333333334,0.0029814192093908787,57.81990521327014
2.316666666666667,833333.3333333334,0.0035888757556676865,56.39810426540285
2.3333333333333335,833333.3333333334,0.004031147807836533,55.92417061611374
2.35,833333.3333333334,0.004580195993185043,55.45023696682464
2.3666666666666667,833333.3333333334,0.005256069824099541,54.502369668246445
2.3833333333333333,833333.3333333334,0.006081311032176018,53.55450236966824
2.4,833333.3333333334,0.007081096991896629,53.317535545023695
2.4166666666666665,833333.3333333334,0.008283366449177265,52.843601895734594
2.433333333333333,833333.3333333334,0.009718774817883968,51.8957345971564
2.45,833333.3333333334,0.011420786380767822,50.4739336492891
2.466666666666667,833333.3333333334,0.013425707817077637,49.5260663507109
2.4833333333333334,833333.3333333334,0.01577252894639969,48.5781990521327
2.5,833333.3333333334,0.01850270852446556,47.39336492890995
2.5166666666666666,833333.3333333334,0.021660372614860535,46.44549763033176
2.533333333333333,833333.3333333334,0.025291772559285164,45.97156398104265
2.55,833333.3333333334,0.02944503352046013,45.023696682464454
2.566666666666667,833333.3333333334,0.034170001745224,44.54976303317535
2.5833333333333335,833333.3333333334,0.03951765224337578,42.89099526066351
2.6,833333.3333333334,0.04553971067070961,41.943127962085306
2.6166666666666667,833333.3333333334,0.05228815972805023,40.52132701421801
2.6333333333333333,833333.3333333334,0.059814512729644775,40.52132701421801
2.65,833333.3333333334,0.06816957890987396,39.09952606635071
2.6666666666666665,833333.3333333334,0.07740230858325958,38.15165876777251
2.683333333333333,833333.3333333334,0.08583495765924454,37.44075829383886
2.7,833333.3333333334,0.09335698187351227,37.44075829383886
2.716666666666667,833333.3333333334,0.10169030725955963,35.07109004739337
2.7333333333333334,833333.3333333334,0.1108848825097084,33.649289099526065
2.75,833333.3333333334,0.12098954617977142,33.175355450236964
2.7666666666666666,833333.3333333334,0.13205012679100037,31.516587677725116
2.783333333333333,833333.3333333334,0.14410890638828278,31.04265402843602
2.8,833333.3333333334,0.15720388293266296,30.568720379146917
2.816666666666667,833333.3333333334,0.1713694930076599,29.14691943127962
2.8333333333333335,833333.3333333334,0.18663382530212402,27.72511848341232
2.85,833333.3333333334,0.2030194103717804,26.066350710900476
2.8666666666666667,833333.3333333334,0.2205420732498169,24.644549763033176
2.8833333333333333,833333.3333333334,0.2392125278711319,23.696682464454977
2.9,833333.3333333334,0.2590343952178955,23.22274881516588
2.9166666666666665,833333.3333333334,0.2800045609474182,22.748815165876778
2.933333333333333,833333.3333333334,0.3021140694618225,20.85308056872038
2.95,833333.3333333334,0.3253480792045593,19.194312796208532
2.966666666666667,833333.3333333334,0.34968528151512146,18.246445497630333
2.9833333333333334,833333.3333333334,0.3750987648963928,17.298578199052134
3.0,833333.3333333334,0.40155845880508423,15.876777251184834
3.0166666666666666,833333.3333333334,0.4290277659893036,14.691943127962084
3.033333333333333,833333.3333333334,0.45746830105781555,14.691943127962084
3.05,833333.3333333334,0.48683738708496094,12.322274881516588
3.066666666666667,833333.3333333334,0.5170917510986328,11.374407582938389
3.0833333333333335,833333.3333333334,0.5481849312782288,9.95260663507109
3.1,833333.3333333334,0.5800696015357971,8.293838862559241
3.1166666666666667,833333.3333333334,0.6126976013183594,8.293838862559241
3.1333333333333333,833333.3333333334,0.64602130651474,8.293838862559241
3.15,833333.3333333334,0.6799940466880798,6.398104265402843
3.1666666666666665,833333.3333333334,0.7145657539367676,4.502369668246446
3.183333333333333,833333.3333333334,0.7496904134750366,3.7914691943127963
3.2,833333.3333333334,0.7853255271911621,3.7914691943127963
3.216666666666667,833333.3333333334,0.8214260935783386,3.7914691943127963
3.2333333333333334,833333.3333333334,0.857952356338501,1.4218009478672986
3.25,833333.3333333334,0.8948630094528198,0.23696682464454977
3.2666666666666666,833333.3333333334,0.9321212768554688,0.23696682464454977
3.283333333333333,833333.3333333334,0.9696918725967407,0.23696682464454977
3.3,833333.3333333334,1.0075424909591675,0.0
3.316666666666667,833333.3333333334,1.045642375946045,0.0
3.3333333333333335,833333.3333333334,1.083961009979248,0.0
3.35,833333.3333333334,1.122476577758789,0.0
3.3666666666666667,833333.3333333334,1.1611647605895996,0.0
3.3833333333333333,833333.3333333334,1.20000422000885,0.0
3.4,833333.3333333334,1.2389745712280273,0.0
3.4166666666666665,833333.3333333334,1.2780656814575195,0.0
3.433333333333333,833333.3333333334,1.3172544240951538,0.0
3.45,833333.3333333334,1.3565256595611572,0.0
3.466666666666667,833333.3333333334,1.3958736658096313,0.0
3.4833333333333334,833333.3333333334,1.4352877140045166,0.0
3.5,833333.3333333334,1.4747583866119385,0.0
3.5166666666666666,833333.3333333334,1.5142675638198853,0.0
3.533333333333333,833333.3333333334,1.5538268089294434,0.0
3.55,833333.3333333334,1.5934221744537354,0.0
3.566666666666667,833333.3333333334,1.6330559253692627,0.0
3.5833333333333335,833333.3333333334,1.6727039813995361,0.0
3.6,833333.3333333334,1.7123751640319824,0.0
3.6166666666666667,833333.3333333334,1.7520791292190552,0.0
3.6333333333333333,833333.3333333334,1.791796088218689,0.0
3.65,833333.3333333334,1.8315355777740479,0.0
3.6666666666666665,833333.3333333334,1.8712990283966064,0.0
3.683333333333333,833333.3333333334,1.9110801219940186,0.0
3.7,833333.3333333334,1.9508754014968872,0.0
3.716666666666667,833333.3333333334,1.9906823635101318,0.0
3.7333333333333334,833333.3333333334,2.0305051803588867,0.0
3.75,833333.3333333334,2.0703485012054443,0.0
3.7666666666666666,833333.3333333334,2.1101977825164795,0.0
3.783333333333333,833333.3333333334,2.150078296661377,0.0
3.8,833333.3333333334,2.1899614334106445,0.0
3.816666666666667,833333.3333333334,2.229846477508545,0.0
3.8333333333333335,833333.3333333334,2.2697362899780273,0.0
3.85,833333.3333333334,2.3096261024475098,0.0
3.8666666666666667,833333.3333333334,2.3495287895202637,0.0
3.8833333333333333,833333.3333333334,2.389439582824707,0.0
3.9,833333.3333333334,2.429330825805664,0.0
3.9166666666666665,833333.3333333334,2.4692206382751465,0.0
3.933333333333333,833333.3333333334,2.509110450744629,0.0
3.95,833333.3333333334,2.5489964485168457,0.0
3.966666666666667,833333.3333333334,2.588838815689087,0.0
3.9833333333333334,833333.3333333334,2.628669261932373,0.0
4.0,833333.3333333334,2.668475389480591,0.0
4.016666666666667,833333.3333333334,2.708245038986206,0.0
4.033333333333333,833333.3333333334,2.7479825019836426,0.0
4.05,833333.3333333334,2.7876739501953125,0.0
4.066666666666666,833333.3333333334,2.8273227214813232,0.0
4.083333333333333,833333.3333333334,2.866924524307251,0.0
4.1,833333.3333333334,2.9064676761627197,0.0
4.116666666666666,833333.3333333334,2.9459547996520996,0.0
4.133333333333334,833333.3333333334,2.985372304916382,0.0
4.15,833333.3333333334,3.024718761444092,0.0
4.166666666666667,833333.3333333334,3.0639922618865967,0.0
4.183333333333334,833333.3333333334,3.1031734943389893,0.0
4.2,833333.3333333334,3.1422834396362305,0.0
4.216666666666667,833333.3333333334,3.1812961101531982,0.0
4.233333333333333,833333.3333333334,3.2202110290527344,0.0
4.25,833333.3333333334,3.259037494659424,0.0
4.266666666666667,833333.3333333334,3.2977404594421387,0.0
4.283333333333333,833333.3333333334,3.3363640308380127,0.0
4.3,833333.3333333334,3.374870538711548,0.0
4.316666666666666,833333.3333333334,3.4132580757141113,0.0
4.333333333333333,833333.3333333334,3.4515187740325928,0.0
4.35,833333.3333333334,3.4896764755249023,0.0
4.366666666666666,833333.3333333334,3.5277063846588135,0.0
4.383333333333334,833333.3333333334,3.565610647201538,0.0
4.4,833333.3333333334,3.6033761501312256,0.0
4.416666666666667,833333.3333333334,3.6410276889801025,0.0
4.433333333333334,833333.3333333334,3.6785356998443604,0.0
4.45,833333.3333333334,3.7159061431884766,0.0
4.466666666666667,833333.3333333334,3.753140449523926,0.0
4.483333333333333,833333.3333333334,3.7902352809906006,0.0
4.5,833333.3333333334,3.827183723449707,0.0
4.516666666666667,833333.3333333334,3.8639888763427734,0.0
4.533333333333333,833333.3333333334,3.9006567001342773,0.0
4.55,833333.3333333334,3.937163829803467,0.0
4.566666666666666,833333.3333333334,3.973541021347046,0.0
4.583333333333333,833333.3333333334,4.009766578674316,0.0
4.6,833333.3333333334,4.045835018157959,0.0
4.616666666666666,833333.3333333334,4.081754207611084,0.0
4.633333333333334,833333.3333333334,4.117526054382324,0.0
4.65,833333.3333333334,4.153129577636719,0.0
4.666666666666667,833333.3333333334,4.1885905265808105,0.0
4.683333333333334,833333.3333333334,4.223906517028809,0.0
4.7,833333.3333333334,4.259062767028809,0.0
4.716666666666667,833333.3333333334,4.294046401977539,0.0
4.733333333333333,833333.3333333334,4.328890323638916,0.0
4.75,833333.3333333334,4.363563060760498,0.0
4.766666666666667,833333.3333333334,4.398072242736816,0.0
4.783333333333333,833333.3333333334,4.43241548538208,0.0
4.8,833333.3333333334,4.466604709625244,0.0
4.816666666666666,833333.3333333334,4.500637054443359,0.0
4.833333333333333,833333.3333333334,4.534496784210205,0.0
4.85,833333.3333333334,4.568197250366211,0.0
4.866666666666666,833333.3333333334,4.601710796356201,0.0
4.883333333333334,833333.3333333334,4.635065078735352,0.0
4.9,833333.3333333334,4.668264389038086,0.0
4.916666666666667,833333.3333333334,4.701265335083008,0.0
4.933333333333334,833333.3333333334,4.734123229980469,0.0
4.95,833333.3333333334,4.766800880432129,0.0
4.966666666666667,833333.3333333334,4.799315452575684,0.0
4.983333333333333,833333.3333333334,4.831658363342285,0.0
5.0,833333.3333333334,4.863813400268555,0.0
5.016666666666667,833333.3333333334,4.8958048820495605,0.0
5.033333333333333,833333.3333333334,4.92763614654541,0.0
5.05,833333.3333333334,4.95927619934082,0.0
5.066666666666666,833333.3333333334,4.990753173828125,0.0
5.083333333333333,833333.3333333334,5.02204704284668,0.0
5.1,833333.3333333334,5.053158283233643,0.0
5.116666666666666,833333.3333333334,5.084103107452393,0.0
5.133333333333334,833333.3333333334,5.114872932434082,0.0
5.15,833333.3333333334,5.145443916320801,0.0
5.166666666666667,833333.3333333334,5.175850868225098,0.0
5.183333333333334,833333.3333333334,5.206080436706543,0.0
5.2,833333.3333333334,5.236137390136719,0.0
5.216666666666667,833333.3333333334,5.266010284423828,0.0
5.233333333333333,833333.3333333334,5.295688629150391,0.0
5.25,833333.3333333334,5.325190544128418,0.0
5.266666666666667,833333.3333333334,5.3545241355896,0.0
5.283333333333333,833333.3333333334,5.3836798667907715,0.0
5.3,833333.3333333334,5.412664413452148,0.0
5.316666666666666,833333.3333333334,5.441457748413086,0.0
5.333333333333333,833333.3333333334,5.47007942199707,0.0
5.35,833333.3333333334,5.498496055603027,0.0
5.366666666666666,833333.3333333334,5.526760101318359,0.0
5.383333333333334,833333.3333333334,5.554830551147461,0.0
5.4,833333.3333333334,5.582710266113281,0.0
5.416666666666667,833333.3333333334,5.610433578491211,0.0
5.433333333333334,833333.3333333334,5.637946605682373,0.0
5.45,833333.3333333334,5.665306091308594,0.0
5.466666666666667,833333.3333333334,5.692468166351318,0.0
5.483333333333333,833333.3333333334,5.719475746154785,0.0
5.5,833333.3333333334,5.746288299560547,0.0
5.516666666666667,833333.3333333334,5.772943496704102,0.0
5.533333333333333,833333.3333333334,5.799391746520996,0.0
5.55,833333.3333333334,5.825690269470215,0.0
5.566666666666666,833333.3333333334,5.851799964904785,0.0
5.583333333333333,833333.3333333334,5.8777289390563965,0.0
5.6,833333.3333333334,5.9034929275512695,0.0
5.616666666666666,833333.3333333334,5.9290666580200195,0.0
5.633333333333334,833333.3333333334,5.954473495483398,0.0
5.65,833333.3333333334,5.979685306549072,0.0
5.666666666666667,833333.3333333334,6.004733085632324,0.0
5.683333333333334,833333.3333333334,6.0296220779418945,0.0
5.7,833333.3333333334,6.054324150085449,0.0
5.716666666666667,833333.3333333334,6.0788421630859375,0.0
5.733333333333333,833333.3333333334,6.1031904220581055,0.0
5.75,833333.3333333334,6.127357482910156,0.0
5.766666666666667,833333.3333333334,6.151349067687988,0.0
5.783333333333333,833333.3333333334,6.175179481506348,0.0
5.8,833333.3333333334,6.198825836181641,0.0
5.816666666666666,833333.3333333334,6.222326755523682,0.0
5.833333333333333,833333.3333333334,6.245620250701904,0.0
5.85,833333.3333333334,6.268780708312988,0.0
5.866666666666666,833333.3333333334,6.291762351989746,0.0
5.883333333333334,833333.3333333334,6.314572334289551,0.0
5.9,833333.3333333334,6.337209701538086,0.0
5.916666666666667,833333.3333333334,6.359705924987793,0.0
5.933333333333334,833333.3333333334,6.381998062133789,0.0
5.95,833333.3333333334,6.40416955947876,0.0
5.966666666666667,833333.3333333334,6.426137447357178,0.0
5.983333333333333,833333.3333333334,6.447967529296875,0.0
6.0,833333.3333333334,6.469615936279297,0.0
6.016666666666667,833333.3333333334,6.491111755371094,0.0
6.033333333333333,833333.3333333334,6.512412071228027,0.0
6.05,833333.3333333334,6.533611297607422,0.0
6.066666666666666,833333.3333333334,6.554610729217529,0.0
6.083333333333333,833333.3333333334,6.575453758239746,0.0
6.1,833333.3333333334,6.596139907836914,0.0
6.116666666666666,833333.3333333334,6.616674423217773,0.0
6.133333333333334,833333.3333333334,6.63702392578125,0.0
6.15,833333.3333333334,6.657268047332764,0.0
6.166666666666667,833333.3333333334,6.677323818206787,0.0
6.183333333333334,833333.3333333334,6.697221755981445,0.0
6.2,833333.3333333334,6.716982841491699,0.0
6.216666666666667,833333.3333333334,6.736574172973633,0.0
6.233333333333333,833333.3333333334,6.755992412567139,0.0
6.25,833333.3333333334,6.775308609008789,0.0
6.266666666666667,833333.3333333334,6.794438362121582,0.0
6.283333333333333,833333.3333333334,6.813401699066162,0.0
6.3,833333.3333333334,6.832250595092773,0.0
6.316666666666666,833333.3333333334,6.850912094116211,0.0
6.333333333333333,833333.3333333334,6.869475364685059,0.0
6.35,833333.3333333334,6.887872695922852,0.0
6.366666666666666,833333.3333333334,6.906127452850342,0.0
6.383333333333334,833333.3333333334,6.924238204956055,0.0
6.4,833333.3333333334,6.942153453826904,0.0
6.416666666666667,833333.3333333334,6.959977149963379,0.0
6.433333333333334,833333.3333333334,6.977640151977539,0.0
6.45,833333.3333333334,6.995156764984131,0.0
6.466666666666667,833333.3333333334,7.0125579833984375,0.0
6.483333333333333,833333.3333333334,7.029783248901367,0.0
6.5,833333.3333333334,7.046875953674316,0.0
6.516666666666667,833333.3333333334,7.06381893157959,0.0
6.533333333333333,833333.3333333334,7.080639839172363,0.0
6.55,833333.3333333334,7.097309112548828,0.0
6.566666666666666,833333.3333333334,7.113842010498047,0.0
6.583333333333333,833333.3333333334,7.13026237487793,0.0
6.6,833333.3333333334,7.14652156829834,0.0
6.616666666666666,833333.3333333334,7.1626667976379395,0.0
6.633333333333334,833333.3333333334,7.178659915924072,0.0
6.65,833333.3333333334,7.1945343017578125,0.0
6.666666666666667,833333.3333333334,7.2102556228637695,0.0
6.683333333333334,833333.3333333334,7.225849628448486,0.0
6.7,833333.3333333334,7.24131965637207,0.0
6.716666666666667,833333.3333333334,7.256655216217041,0.0
6.733333333333333,833333.3333333334,7.271848201751709,0.0
6.75,833333.3333333334,7.286931037902832,0.0
6.766666666666667,833333.3333333334,7.301883220672607,0.0
6.783333333333333,833333.3333333334,7.316683769226074,0.0
6.8,833333.3333333334,7.331360816955566,0.0
6.816666666666666,833333.3333333334,7.3459153175354,0.0
6.833333333333333,833333.3333333334,7.360368251800537,0.0
6.85,833333.3333333334,7.374688148498535,0.0
6.866666666666666,833333.3333333334,7.388871192932129,0.0
6.883333333333334,833333.3333333334,7.402946949005127,0.0
6.9,833333.3333333334,7.416898727416992,0.0
6.916666666666667,833333.3333333334,7.430745601654053,0.0
6.933333333333334,833333.3333333334,7.444457054138184,0.0
6.95,833333.3333333334,7.458033561706543,0.0
6.966666666666667,833333.3333333334,7.471566200256348,0.0
6.983333333333333,833333.3333333334,7.484933376312256,0.0
7.0,833333.3333333334,7.498185157775879,0.0
7.016666666666667,833333.3333333334,7.511293888092041,0.0
7.033333333333333,833333.3333333334,7.524334907531738,0.0
7.05,833333.3333333334,7.537230491638184,0.0
7.066666666666666,833333.3333333334,7.550032615661621,0.0
7.083333333333333,833333.3333333334,7.562686443328857,0.0
7.1,833333.3333333334,7.575257778167725,0.0
7.116666666666666,833333.3333333334,7.587748050689697,0.0
7.133333333333334,833333.3333333334,7.600111961364746,0.0
7.15,833333.3333333334,7.612359046936035,0.0
7.166666666666667,833333.3333333334,7.624468803405762,0.0
7.183333333333334,833333.3333333334,7.636504173278809,0.0
7.2,833333.3333333334,7.648409843444824,0.0
7.216666666666667,833333.3333333334,7.660204887390137,0.0
7.233333333333333,833333.3333333334,7.671900749206543,0.0
7.25,833333.3333333334,7.683505058288574,0.0
7.266666666666667,833333.3333333334,7.695015907287598,0.0
7.283333333333333,833333.3333333334,7.7064008712768555,0.0
7.3,833333.3333333334,7.717710494995117,0.0
7.316666666666666,833333.3333333334,7.728854656219482,0.0
7.333333333333333,833333.3333333334,7.739959716796875,0.0
7.35,833333.3333333334,7.750936508178711,0.0
7.366666666666666,833333.3333333334,7.761815071105957,0.0
7.383333333333334,833333.3333333334,7.772608280181885,0.0
7.4,833333.3333333334,7.783327102661133,0.0
7.416666666666667,833333.3333333334,7.7939605712890625,0.0
7.433333333333334,833333.3333333334,7.804500579833984,0.0
7.45,833333.3333333334,7.8149094581604,0.0
7.466666666666667,833333.3333333334,7.825227737426758,0.0
7.483333333333333,833333.3333333334,7.835454940795898,0.0
7.5,833333.3333333334,7.845585346221924,0.0
7.516666666666667,833333.3333333334,7.855623245239258,0.0
7.533333333333333,833333.3333333334,7.8655853271484375,0.0
7.55,833333.3333333334,7.875417709350586,0.0
7.566666666666666,833333.3333333334,7.885183811187744,0.0
7.583333333333333,833333.3333333334,7.8948540687561035,0.0
7.6,833333.3333333334,7.904436111450195,0.0
7.616666666666666,833333.3333333334,7.913938045501709,0.0
7.633333333333334,833333.3333333334,7.9233622550964355,0.0
7.65,833333.3333333334,7.932676315307617,0.0
7.666666666666667,833333.3333333334,7.941955089569092,0.0
7.683333333333334,833333.3333333334,7.95112943649292,0.0
7.7,833333.3333333334,7.960226058959961,0.0
7.716666666666667,833333.3333333334,7.96923303604126,0.0
7.733333333333333,833333.3333333334,7.978120803833008,0.0
7.75,833333.3333333334,7.986928939819336,0.0
7.766666666666667,833333.3333333334,7.995637893676758,0.0
7.783333333333333,833333.3333333334,8.004341125488281,0.0
7.8,833333.3333333334,8.012940406799316,0.0
7.816666666666666,833333.3333333334,8.021474838256836,0.0
7.833333333333333,833333.3333333334,8.029912948608398,0.0
7.85,833333.3333333334,8.038293838500977,0.0
7.866666666666666,833333.3333333334,8.046564102172852,0.0
7.883333333333334,833333.3333333334,8.05475902557373,0.0
7.9,833333.3333333334,8.062868118286133,0.0
7.916666666666667,833333.3333333334,8.07094955444336,0.0
7.933333333333334,833333.3333333334,8.078986167907715,0.0
7.95,833333.3333333334,8.086899757385254,0.0
7.966666666666667,833333.3333333334,8.094740867614746,0.0
7.983333333333333,833333.3333333334,8.102507591247559,0.0
8.0,833333.3333333334,8.110238075256348,0.0
8.016666666666667,833333.3333333334,8.117755889892578,0.0
8.033333333333333,833333.3333333334,8.125223159790039,0.0
8.05,833333.3333333334,8.132650375366211,0.0
8.066666666666666,833333.3333333334,8.140064239501953,0.0
8.083333333333334,833333.3333333334,8.147375106811523,0.0
8.1,833333.3333333334,8.15457534790039,0.0
8.116666666666667,833333.3333333334,8.161703109741211,0.0
8.133333333333333,833333.3333333334,8.168794631958008,0.0
8.15,833333.3333333334,8.175886154174805,0.0
8.166666666666666,833333.3333333334,8.18284797668457,0.0
8.183333333333334,833333.3333333334,8.189702987670898,0.0
8.2,833333.3333333334,8.19650650024414,0.0
8.216666666666667,833333.3333333334,8.203275680541992,0.0
8.233333333333333,833333.3333333334,8.21002197265625,0.0
8.25,833333.3333333334,8.21661376953125,0.0
8.266666666666667,833333.3333333334,8.22311019897461,0.0
8.283333333333333,833333.3333333334,8.229593276977539,0.0
8.3,833333.3333333334,8.236040115356445,0.0
8.316666666666666,833333.3333333334,8.24248218536377,0.0
8.333333333333334,833333.3333333334,8.248812675476074,0.0
8.35,833333.3333333334,8.255098342895508,0.0
8.366666666666667,833333.3333333334,8.261281967163086,0.0
8.383333333333333,833333.3333333334,8.26740837097168,0.0
8.4,833333.3333333334,8.27353286743164,0.0
8.416666666666666,833333.3333333334,8.279552459716797,0.0
8.433333333333334,833333.3333333334,8.285515785217285,0.0
8.45,833333.3333333334,8.291459083557129,0.0
8.466666666666667,833333.3333333334,8.297304153442383,0.0
8.483333333333333,833333.3333333334,8.303129196166992,0.0
8.5,833333.3333333334,8.308931350708008,0.0
8.516666666666667,833333.3333333334,8.314671516418457,0.0
8.533333333333333,833333.3333333334,8.320284843444824,0.0
8.55,833333.3333333334,8.32589340209961,0.0
8.566666666666666,833333.3333333334,8.331445693969727,0.0
8.583333333333334,833333.3333333334,8.336931228637695,0.0
8.6,833333.3333333334,8.342411041259766,0.0
8.616666666666667,833333.3333333334,8.34776496887207,0.0
8.633333333333333,833333.3333333334,8.353084564208984,0.0
8.65,833333.3333333334,8.358377456665039,0.0
8.666666666666666,833333.3333333334,8.363582611083984,0.0
8.683333333333334,833333.3333333334,8.368764877319336,0.0
8.7,833333.3333333334,8.373922348022461,0.0
8.716666666666667,833333.3333333334,8.379058837890625,0.0
8.733333333333333,833333.3333333334,8.384064674377441,0.0
8.75,833333.3333333334,8.389050483703613,0.0
8.766666666666667,833333.3333333334,8.393988609313965,0.0
8.783333333333333,833333.3333333334,8.398849487304688,0.0
8.8,833333.3333333334,8.403690338134766,0.0
8.816666666666666,833333.3333333334,8.408525466918945,0.0
8.833333333333334,833333.3333333334,8.413257598876953,0.0
8.85,833333.3333333334,8.417936325073242,0.0
8.866666666666667,833333.3333333334,8.42257308959961,0.0
8.883333333333333,833333.3333333334,8.427141189575195,0.0
8.9,833333.3333333334,8.431682586669922,0.0
8.916666666666666,833333.3333333334,8.436201095581055,0.0
8.933333333333334,833333.3333333334,8.440713882446289,0.0
8.95,833333.3333333334,8.44517993927002,0.0
8.966666666666667,833333.3333333334,8.44953441619873,0.0
8.983333333333333,833333.3333333334,8.453886032104492,0.0
9.0,833333.3333333334,8.458183288574219,0.0
9.016666666666667,833333.3333333334,8.46241569519043,0.0
9.033333333333333,833333.3333333334,8.466632843017578,0.0
9.05,833333.3333333334,8.470836639404297,0.0
9.066666666666666,833333.3333333334,8.475027084350586,0.0
9.083333333333334,833333.3333333334,8.479166030883789,0.0
9.1,833333.3333333334,8.483181953430176,0.0
9.116666666666667,833333.3333333334,8.487170219421387,0.0
9.133333333333333,833333.3333333334,8.491132736206055,0.0
9.15,833333.3333333334,8.495051383972168,0.0
9.166666666666666,833333.3333333334,8.498956680297852,0.0
9.183333333333334,833333.3333333334,8.502857208251953,0.0
9.2,833333.3333333334,8.506738662719727,0.0
9.216666666666667,833333.3333333334,8.51060676574707,0.0
9.233333333333333,833333.3333333334,8.514474868774414,0.0
9.25,833333.3333333334,8.518192291259766,0.0
9.266666666666667,833333.3333333334,8.521871566772461,0.0
9.283333333333333,833333.3333333334,8.525500297546387,0.0
9.3,833333.3333333334,8.529092788696289,0.0
9.316666666666666,833333.3333333334,8.532669067382812,0.0
9.333333333333334,833333.3333333334,8.536218643188477,0.0
9.35,833333.3333333334,8.539764404296875,0.0
9.366666666666667,833333.3333333334,8.543310165405273,0.0
9.383333333333333,833333.3333333334,8.546733856201172,0.0
9.4,833333.3333333334,8.550124168395996,0.0
9.416666666666666,833333.3333333334,8.55350112915039,0.0
9.433333333333334,833333.3333333334,8.55678939819336,0.0
9.45,833333.3333333334,8.560042381286621,0.0
9.466666666666667,833333.3333333334,8.563285827636719,0.0
9.483333333333333,833333.3333333334,8.5665283203125,0.0
9.5,833333.3333333334,8.569765090942383,0.0
9.516666666666667,833333.3333333334,8.572992324829102,0.0
9.533333333333333,833333.3333333334,8.576215744018555,0.0
9.55,833333.3333333334,8.579365730285645,0.0
9.566666666666666,833333.3333333334,8.58238410949707,0.0
9.583333333333334,833333.3333333334,8.585362434387207,0.0
9.6,833333.3333333334,8.588312149047852,0.0
9.616666666666667,833333.3333333334,8.591259956359863,0.0
9.633333333333333,833333.3333333334,8.594200134277344,0.0
9.65,833333.3333333334,8.597126960754395,0.0
9.666666666666666,833333.3333333334,8.600059509277344,0.0
9.683333333333334,833333.3333333334,8.6029691696167,0.0
9.7,833333.3333333334,8.605870246887207,0.0
9.716666666666667,833333.3333333334,8.6087007522583,0.0
9.733333333333333,833333.3333333334,8.61146354675293,0.0
9.75,833333.3333333334,8.614226341247559,0.0
9.766666666666667,833333.3333333334,8.616926193237305,0.0
9.783333333333333,833333.3333333334,8.619595527648926,0.0
9.8,833333.3333333334,8.622234344482422,0.0
9.816666666666666,833333.3333333334,8.624866485595703,0.0
9.833333333333334,833333.3333333334,8.627470016479492,0.0
9.85,833333.3333333334,8.63007926940918,0.0
9.866666666666667,833333.3333333334,8.632671356201172,0.0
9.883333333333333,833333.3333333334,8.635250091552734,0.0
9.9,833333.3333333334,8.637828826904297,0.0
9.916666666666666,833333.3333333334,8.640337944030762,0.0
9.933333333333334,833333.3333333334,8.642769813537598,0.0
9.95,833333.3333333334,8.645187377929688,0.0
9.966666666666667,833333.3333333334,8.647560119628906,0.0
9.983333333333333,833333.3333333334,8.649879455566406,0.0
10.0,833333.3333333334,8.652185440063477,0.0
10.016666666666667,833333.3333333334,8.654478073120117,0.0
0.0,916666.6666666666,9.992568016052246,0.0
0.016666666666666666,916666.6666666666,8.715543746948242,0.0
0.03333333333333333,916666.6666666666,7.432322978973389,0.0
0.05,916666.6666666666,6.158078670501709,0.0
0.06666666666666667,916666.6666666666,4.923680305480957,0.0
0.08333333333333333,916666.6666666666,3.71000337600708,0.0
0.1,916666.6666666666,2.5189342498779297,0.0
0.11666666666666667,916666.6666666666,1.452667474746704,0.0
0.13333333333333333,916666.6666666666,0.5593429803848267,40.047393364928915
0.15,916666.6666666666,0.07373271882534027,47.39336492890995
0.16666666666666666,916666.6666666666,0.0,47.867298578199055
0.18333333333333332,916666.6666666666,0.0,47.39336492890995
0.2,916666.6666666666,0.0,45.97156398104265
0.21666666666666667,916666.6666666666,0.0,45.7345971563981
0.23333333333333334,916666.6666666666,0.0,47.6303317535545
0.25,916666.6666666666,0.0,47.1563981042654
0.26666666666666666,916666.6666666666,0.0,48.81516587677725
0.2833333333333333,916666.6666666666,0.0,48.81516587677725
0.3,916666.6666666666,0.0,51.18483412322274
0.31666666666666665,916666.6666666666,0.0,52.3696682464455
0.3333333333333333,916666.6666666666,0.0,53.317535545023695
0.35,916666.6666666666,0.0,54.502369668246445
0.36666666666666664,916666.6666666666,0.0,56.39810426540285
0.38333333333333336,916666.6666666666,0.0,57.10900473933649
0.4,916666.6666666666,0.0,59.47867298578199
0.4166666666666667,916666.6666666666,0.0,60.426540284360186
0.43333333333333335,916666.6666666666,0.0,62.55924170616114
0.45,916666.6666666666,0.0,63.507109004739334
0.4666666666666667,916666.6666666666,0.0,64.69194312796208
0.48333333333333334,916666.6666666666,0.0,68.48341232227489
0.5,916666.6666666666,0.0,68.00947867298578
0.5166666666666667,916666.6666666666,0.0,70.85308056872039
0.5333333333333333,916666.6666666666,0.0,74.40758293838863
0.55,916666.6666666666,0.0,74.88151658767772
0.5666666666666667,916666.6666666666,0.0,77.01421800947867
0.5833333333333334,916666.6666666666,0.0,78.19905213270142
0.6,916666.6666666666,0.0,80.80568720379146
0.6166666666666667,916666.6666666666,0.0,81.75355450236967
0.6333333333333333,916666.6666666666,0.0,83.41232227488152
0.65,916666.6666666666,0.0,86.01895734597157
0.6666666666666666,916666.6666666666,0.0,87.91469194312796
0.6833333333333333,916666.6666666666,0.0,89.57345971563981
0.7,916666.6666666666,0.0,91.70616113744076
0.7166666666666667,916666.6666666666,0.0,94.3127962085308
0.7333333333333333,916666.6666666666,0.0,95.49763033175356
0.75,916666.6666666666,0.0,97.6303317535545
0.7666666666666667,916666.6666666666,0.0,99.0521327014218
0.7833333333333333,916666.6666666666,0.0,100.0
0.8,916666.6666666666,0.0,100.0
0.8166666666666667,916666.6666666666,0.0,100.0
0.8333333333333334,916666.6666666666,0.0,100.0
0.85,916666.6666666666,0.0,100.0
0.8666666666666667,916666.6666666666,0.0,100.0
0.8833333333333333,916666.6666666666,0.0,99.52606635071089
0.9,916666.6666666666,0.0,99.0521327014218
0.9166666666666666,916666.6666666666,0.0,98.5781990521327
0.9333333333333333,916666.6666666666,0.0,98.5781990521327
0.95,916666.6666666666,0.0,98.5781990521327
0.9666666666666667,916666.6666666666,0.0,98.5781990521327
0.9833333333333333,916666.6666666666,0.0,98.5781990521327
1.0,916666.6666666666,0.0,98.10426540284361
1.0166666666666666,916666.6666666666,0.0,97.6303317535545
1.0333333333333334,916666.6666666666,0.0,97.1563981042654
1.05,916666.6666666666,0.0,97.1563981042654
1.0666666666666667,916666.6666666666,0.0,96.6824644549763
1.0833333333333333,916666.6666666666,0.0,96.6824644549763
1.1,916666.6666666666,0.0,96.6824644549763
1.1166666666666667,916666.6666666666,0.0,96.6824644549763
1.1333333333333333,916666.6666666666,0.0,96.6824644549763
1.15,916666.6666666666,0.0,96.6824644549763
1.1666666666666667,916666.6666666666,0.0,96.6824644549763
1.1833333333333333,916666.6666666666,0.0,95.73459715639811
1.2,916666.6666666666,0.0,95.260663507109
1.2166666666666666,916666.6666666666,0.0,95.260663507109
1.2333333333333334,916666.6666666666,0.0,95.260663507109
1.25,916666.6666666666,0.0,94.7867298578199
1.2666666666666666,916666.6666666666,0.0,94.3127962085308
1.2833333333333334,916666.6666666666,0.0,94.3127962085308
1.3,916666.6666666666,0.0,94.3127962085308
1.3166666666666667,916666.6666666666,0.0,94.3127962085308
1.3333333333333333,916666.6666666666,0.0,94.3127962085308
1.35,916666.6666666666,0.0,94.3127962085308
1.3666666666666667,916666.6666666666,0.0,93.8388625592417
1.3833333333333333,916666.6666666666,0.0,92.89099526066352
1.4,916666.6666666666,0.0,92.89099526066352
1.4166666666666667,916666.6666666666,0.0,92.89099526066352
1.4333333333333333,916666.6666666666,0.0,92.41706161137441
1.45,916666.6666666666,0.0,91.9431279620853
1.4666666666666666,916666.6666666666,0.0,90.99526066350711
1.4833333333333334,916666.6666666666,0.0,90.99526066350711
1.5,916666.6666666666,0.0,90.52132701421802
1.5166666666666666,916666.6666666666,0.0,90.52132701421802
1.5333333333333334,916666.6666666666,0.0,89.57345971563981
1.55,916666.6666666666,0.0,89.57345971563981
1.5666666666666667,916666.6666666666,0.0,89.0995260663507
1.5833333333333333,916666.6666666666,0.0,88.15165876777252
1.6,916666.6666666666,0.0,87.67772511848341
1.6166666666666667,916666.6666666666,0.0,87.20379146919431
1.6333333333333333,916666.6666666666,0.0,87.20379146919431
1.65,916666.6666666666,0.0,85.78199052132702
1.6666666666666667,916666.6666666666,0.0,85.78199052132702
1.6833333333333333,916666.6666666666,0.0,85.07109004739335
1.7,916666.6666666666,0.0,83.64928909952607
1.7166666666666666,916666.6666666666,0.0,83.64928909952607
1.7333333333333334,916666.6666666666,0.0,83.17535545023696
1.75,916666.6666666666,0.0,82.70142180094787
1.7666666666666666,916666.6666666666,0.0,81.75355450236967
1.7833333333333334,916666.6666666666,0.0,81.75355450236967
1.8,916666.6666666666,0.0,80.80568720379146
1.8166666666666667,916666.6666666666,0.0,80.33175355450237
1.8333333333333333,916666.6666666666,0.0,79.62085308056872
1.85,916666.6666666666,0.0,78.67298578199052
1.8666666666666667,916666.6666666666,0.0,78.19905213270142
1.8833333333333333,916666.6666666666,0.0,77.72511848341233
1.9,916666.6666666666,0.0,75.82938388625593
1.9166666666666667,916666.6666666666,0.0,75.35545023696683
1.9333333333333333,916666.6666666666,0.0,74.40758293838863
1.95,916666.6666666666,0.0,73.69668246445498
1.9666666666666666,916666.6666666666,0.0,72.74881516587678
1.9833333333333334,916666.6666666666,0.0,72.74881516587678
2.0,916666.6666666666,0.0,72.27488151658767
2.0166666666666666,916666.6666666666,0.0,71.32701421800948
2.033333333333333,916666.6666666666,0.0,70.85308056872039
2.05,916666.6666666666,0.0,70.85308056872039
2.066666666666667,916666.6666666666,0.0,69.43127962085308
2.0833333333333335,916666.6666666666,2.3494980268878862e-05,68.72037914691943
2.1,916666.6666666666,4.977684875484556e-05,68.72037914691943
2.1166666666666667,916666.6666666666,6.386481982190162e-05,67.77251184834124
2.1333333333333333,916666.6666666666,9.334838978247717e-05,66.82464454976304
2.15,916666.6666666666,0.00014091006596572697,65.40284360189574
2.1666666666666665,916666.6666666666,0.0002113597874995321,64.92890995260665
2.183333333333333,916666.6666666666,0.0003110770776402205,63.74407582938388
2.2,916666.6666666666,0.00044796400470659137,61.84834123222749
2.216666666666667,916666.6666666666,0.0006315474747680128,61.84834123222749
2.2333333333333334,916666.6666666666,0.0008731267880648375,61.37440758293838
2.25,916666.6666666666,0.0011859619989991188,60.90047393364929
2.2666666666666666,916666.6666666666,0.001585423480719328,59.95260663507109
2.283333333333333,916666.6666666666,0.0020892133470624685,59.47867298578199
2.3,916666.6666666666,0.0027174849528819323,58.29383886255924
2.316666666666667,916666.6666666666,0.0034424930345267057,56.39810426540285
2.3333333333333335,916666.6666666666,0.00384771591052413,56.39810426540285
2.35,916666.6666666666,0.004351486451923847,55.92417061611374
2.3666666666666667,916666.6666666666,0.004972465336322784,54.502369668246445
2.3833333333333333,916666.6666666666,0.005731644574552774,53.55450236966824
2.4,916666.6666666666,0.006652515381574631,53.317535545023695
2.4166666666666665,916666.6666666666,0.007761155255138874,52.843601895734594
2.433333333333333,916666.6666666666,0.009086264297366142,52.3696682464455
2.45,916666.6666666666,0.010659228079020977,51.421800947867304
2.466666666666667,916666.6666666666,0.012514103204011917,50.0
2.4833333333333334,916666.6666666666,0.014687606133520603,48.5781990521327
2.5,916666.6666666666,0.017218902707099915,48.34123222748815
2.5166666666666666,916666.6666666666,0.020149705931544304,47.39336492890995
2.533333333333333,916666.6666666666,0.023523883894085884,46.44549763033176
2.55,916666.6666666666,0.027387406677007675,45.497630331753555
2.566666666666667,916666.6666666666,0.03178798407316208,44.54976303317535
2.5833333333333335,916666.6666666666,0.03677457943558693,44.07582938388626
2.6,916666.6666666666,0.0423971563577652,41.943127962085306
2.6166666666666667,916666.6666666666,0.048706308007240295,41.943127962085306
2.6333333333333333,916666.6666666666,0.05575250834226608,40.52132701421801
2.65,916666.6666666666,0.06358566135168076,40.047393364928915
2.6666666666666665,916666.6666666666,0.07225458323955536,39.09952606635071
2.683333333333333,916666.6666666666,0.08180634677410126,37.91469194312796
2.7,916666.6666666666,0.08897261321544647,37.44075829383886
2.716666666666667,916666.6666666666,0.0967639833688736,37.44075829383886
2.7333333333333334,916666.6666666666,0.10537274181842804,34.59715639810427
2.75,916666.6666666666,0.11484797298908234,33.175355450236964
2.7666666666666666,916666.6666666666,0.12523598968982697,31.753554502369667
2.783333333333333,916666.6666666666,0.1365804523229599,31.516587677725116
2.8,916666.6666666666,0.1489211618900299,31.04265402843602
2.816666666666667,916666.6666666666,0.16229447722434998,29.620853080568722
2.8333333333333335,916666.6666666666,0.17673169076442719,29.14691943127962
2.85,916666.6666666666,0.19225811958312988,27.251184834123222
2.8666666666666667,916666.6666666666,0.20889362692832947,25.118483412322274
2.8833333333333333,916666.6666666666,0.2266521453857422,24.644549763033176
2.9,916666.6666666666,0.24554169178009033,23.696682464454977
2.9166666666666665,916666.6666666666,0.265563428401947,23.22274881516588
2.933333333333333,916666.6666666666,0.2867128849029541,22.748815165876778
2.95,916666.6666666666,0.30897819995880127,20.14218009478673
2.966666666666667,916666.6666666666,0.33234357833862305,18.72037914691943
2.9833333333333334,916666.6666666666,0.3567858636379242,17.77251184834123
3.0,916666.6666666666,0.3822770118713379,16.824644549763033
3.0166666666666666,916666.6666666666,0.40878498554229736,15.402843601895736
3.033333333333333,916666.6666666666,0.4362742304801941,14.691943127962084
3.05,916666.6666666666,0.4647054672241211,14.218009478672986
3.066666666666667,916666.6666666666,0.4940362572669983,12.322274881516588
3.0833333333333335,916666.6666666666,0.524221658706665,11.374407582938389
3.1,916666.6666666666,0.5552169680595398,9.47867298578199
3.1166666666666667,916666.6666666666,0.5869746804237366,8.293838862559241
3.1333333333333333,916666.6666666666,0.6194477081298828,8.293838862559241
3.15,916666.6666666666,0.652587890625,8.293838862559241
3.1666666666666665,916666.6666666666,0.6863502860069275,6.398104265402843
3.183333333333333,916666.6666666666,0.7206869721412659,4.028436018957346
3.2,916666.6666666666,0.7555524110794067,3.7914691943127963
3.216666666666667,916666.6666666666,0.7909046411514282,3.7914691943127963
3.2333333333333334,916666.6666666666,0.8267008066177368,3.7914691943127963
3.25,916666.6666666666,0.8629021048545837,1.4218009478672986
3.2666666666666666,916666.6666666666,0.8994686603546143,0.23696682464454977
3.283333333333333,916666.6666666666,0.9363651275634766,0.23696682464454977
3.3,916666.6666666666,0.9735575914382935,0.23696682464454977
3.316666666666667,916666.6666666666,1.0110163688659668,0.0
3.3333333333333335,916666.6666666666,1.0487115383148193,0.0
3.35,916666.6666666666,1.0866129398345947,0.0
3.3666666666666667,916666.6666666666,1.1247010231018066,0.0
3.3833333333333333,916666.6666666666,1.1629512310028076,0.0
3.4,916666.6666666666,1.2013421058654785,0.0
3.4166666666666665,916666.6666666666,1.2398598194122314,0.0
3.433333333333333,916666.6666666666,1.2784870862960815,0.0
3.45,916666.6666666666,1.3172061443328857,0.0
3.466666666666667,916666.6666666666,1.3560068607330322,0.0
3.4833333333333334,916666.6666666666,1.394875168800354,0.0
3.5,916666.6666666666,1.4338057041168213,0.0
3.5166666666666666,916666.6666666666,1.4727938175201416,0.0
3.533333333333333,916666.6666666666,1.511815071105957,0.0
3.55,916666.6666666666,1.5508794784545898,0.0
3.566666666666667,916666.6666666666,1.5899791717529297,0.0
3.5833333333333335,916666.6666666666,1.6291134357452393,0.0
3.6,916666.6666666666,1.6682779788970947,0.0
3.6166666666666667,916666.6666666666,1.7074555158615112,0.0
3.6333333333333333,916666.6666666666,1.7466590404510498,0.0
3.65,916666.6666666666,1.785887360572815,0.0
3.6666666666666665,916666.6666666666,1.825129747390747,0.0
3.683333333333333,916666.6666666666,1.8643968105316162,0.0
3.7,916666.6666666666,1.9036813974380493,0.0
3.716666666666667,916666.6666666666,1.9429852962493896,0.0
3.7333333333333334,916666.6666666666,1.9823040962219238,0.0
3.75,916666.6666666666,2.0216362476348877,0.0
3.7666666666666666,916666.6666666666,2.0609917640686035,0.0
3.783333333333333,916666.6666666666,2.1003568172454834,0.0
3.8,916666.6666666666,2.139723062515259,0.0
3.816666666666667,916666.6666666666,2.1791205406188965,0.0
3.8333333333333335,916666.6666666666,2.2185072898864746,0.0
3.85,916666.6666666666,2.2578983306884766,0.0
3.8666666666666667,916666.6666666666,2.297304630279541,0.0
3.8833333333333333,916666.6666666666,2.3367109298706055,0.0
3.9,916666.6666666666,2.37611722946167,0.0
3.9166666666666665,916666.6666666666,2.4155235290527344,0.0
3.933333333333333,916666.6666666666,2.454928398132324,0.0
3.95,916666.6666666666,2.4943020343780518,0.0
3.966666666666667,916666.6666666666,2.5336647033691406,0.0
3.9833333333333334,916666.6666666666,2.5730111598968506,0.0
4.0,916666.6666666666,2.612330198287964,0.0
4.016666666666667,916666.6666666666,2.651615619659424,0.0
4.033333333333333,916666.6666666666,2.690889596939087,0.0
4.05,916666.6666666666,2.730112314224243,0.0
4.066666666666666,916666.6666666666,2.769287109375,0.0
4.083333333333333,916666.6666666666,2.8084254264831543,0.0
4.1,916666.6666666666,2.8475069999694824,0.0
4.116666666666666,916666.6666666666,2.8865160942077637,0.0
4.133333333333334,916666.6666666666,2.9254868030548096,0.0
4.15,916666.6666666666,2.9643871784210205,0.0
4.166666666666667,916666.6666666666,3.0032148361206055,0.0
4.183333333333334,916666.6666666666,3.0419421195983887,0.0
4.2,916666.6666666666,3.080617904663086,0.0
4.216666666666667,916666.6666666666,3.1191811561584473,0.0
4.233333333333333,916666.6666666666,3.157668113708496,0.0
4.25,916666.6666666666,3.196049928665161,0.0
4.266666666666667,916666.6666666666,3.2343320846557617,0.0
4.283333333333333,916666.6666666666,3.272521495819092,0.0
4.3,916666.6666666666,3.310603141784668,0.0
4.316666666666666,916666.6666666666,3.348573684692383,0.0
4.333333333333333,916666.6666666666,3.3864269256591797,0.0
4.35,916666.6666666666,3.4241552352905273,0.0
4.366666666666666,916666.6666666666,3.4617838859558105,0.0
4.383333333333334,916666.6666666666,3.499286651611328,0.0
4.4,916666.6666666666,3.5366592407226562,0.0
4.416666666666667,916666.6666666666,3.573902130126953,0.0
4.433333333333334,916666.6666666666,3.6110239028930664,0.0
4.45,916666.6666666666,3.6480133533477783,0.0
4.466666666666667,916666.6666666666,3.684854030609131,0.0
4.483333333333333,916666.6666666666,3.7215778827667236,0.0
4.5,916666.6666666666,3.7581474781036377,0.0
4.516666666666667,916666.6666666666,3.794581890106201,0.0
4.533333333333333,916666.6666666666,3.830862045288086,0.0
4.55,916666.6666666666,3.8670125007629395,0.0
4.566666666666666,916666.6666666666,3.9030041694641113,0.0
4.583333333333333,916666.6666666666,3.9388339519500732,0.0
4.6,916666.6666666666,3.9745442867279053,0.0
4.616666666666666,916666.6666666666,4.010091781616211,0.0
4.633333333333334,916666.6666666666,4.04549503326416,0.0
4.65,916666.6666666666,4.080756187438965,0.0
4.666666666666667,916666.6666666666,4.115869045257568,0.0
4.683333333333334,916666.6666666666,4.150816917419434,0.0
4.7,916666.6666666666,4.185615539550781,0.0
4.716666666666667,916666.6666666666,4.220242023468018,0.0
4.733333333333333,916666.6666666666,4.254735946655273,0.0
4.75,916666.6666666666,4.289066314697266,0.0
4.766666666666667,916666.6666666666,4.323221683502197,0.0
4.783333333333333,916666.6666666666,4.357235431671143,0.0
4.8,916666.6666666666,4.391086101531982,0.0
4.816666666666666,916666.6666666666,4.424782752990723,0.0
4.833333333333333,916666.6666666666,4.458301067352295,0.0
4.85,916666.6666666666,4.4916510581970215,0.0
4.866666666666666,916666.6666666666,4.524852275848389,0.0
4.883333333333334,916666.6666666666,4.557872295379639,0.0
4.9,916666.6666666666,4.590748310089111,0.0
4.916666666666667,916666.6666666666,4.623444557189941,0.0
4.933333333333334,916666.6666666666,4.65598201751709,0.0
4.95,916666.6666666666,4.688361167907715,0.0
4.966666666666667,916666.6666666666,4.720550537109375,0.0
4.983333333333333,916666.6666666666,4.752573013305664,0.0
5.0,916666.6666666666,4.78443717956543,0.0
5.016666666666667,916666.6666666666,4.816133499145508,0.0
5.033333333333333,916666.6666666666,4.847650527954102,0.0
5.05,916666.6666666666,4.878996849060059,0.0
5.066666666666666,916666.6666666666,4.910168647766113,0.0
5.083333333333333,916666.6666666666,4.941173553466797,0.0
5.1,916666.6666666666,4.972003936767578,0.0
5.116666666666666,916666.6666666666,5.002651214599609,0.0
5.133333333333334,916666.6666666666,5.033125400543213,0.0
5.15,916666.6666666666,5.063427448272705,0.0
5.166666666666667,916666.6666666666,5.093554973602295,0.0
5.183333333333334,916666.6666666666,5.123497009277344,0.0
5.2,916666.6666666666,5.153276443481445,0.0
5.216666666666667,916666.6666666666,5.1828718185424805,0.0
5.233333333333333,916666.6666666666,5.212292671203613,0.0
5.25,916666.6666666666,5.241550445556641,0.0
5.266666666666667,916666.6666666666,5.270618438720703,0.0
5.283333333333333,916666.6666666666,5.299517631530762,0.0
5.3,916666.6666666666,5.3282341957092285,0.0
5.316666666666666,916666.6666666666,5.3567609786987305,0.0
5.333333333333333,916666.6666666666,5.385108470916748,0.0
5.35,916666.6666666666,5.413272380828857,0.0
5.366666666666666,916666.6666666666,5.441282272338867,0.0
5.383333333333334,916666.6666666666,5.46909236907959,0.0
5.4,916666.6666666666,5.496745586395264,0.0
5.416666666666667,916666.6666666666,5.524209976196289,0.0
5.433333333333334,916666.6666666666,5.551495552062988,0.0
5.45,916666.6666666666,5.578605651855469,0.0
5.466666666666667,916666.6666666666,5.605540752410889,0.0
5.483333333333333,916666.6666666666,5.632286071777344,0.0
5.5,916666.6666666666,5.65885066986084,0.0
5.516666666666667,916666.6666666666,5.685257911682129,0.0
5.533333333333333,916666.6666666666,5.711488723754883,0.0
5.55,916666.6666666666,5.737553596496582,0.0
5.566666666666666,916666.6666666666,5.763415336608887,0.0
5.583333333333333,916666.6666666666,5.789145469665527,0.0
5.6,916666.6666666666,5.814661026000977,0.0
5.616666666666666,916666.6666666666,5.8400349617004395,0.0
5.633333333333334,916666.6666666666,5.865211486816406,0.0
5.65,916666.6666666666,5.890239238739014,0.0
5.666666666666667,916666.6666666666,5.915075302124023,0.0
5.683333333333334,916666.6666666666,5.939753532409668,0.0
5.7,916666.6666666666,5.964250087738037,0.0
5.716666666666667,916666.6666666666,5.988574981689453,0.0
5.733333333333333,916666.6666666666,6.012737274169922,0.0
5.75,916666.6666666666,6.036715507507324,0.0
5.766666666666667,916666.6666666666,6.060532093048096,0.0
5.783333333333333,916666.6666666666,6.084159851074219,0.0
5.8,916666.6666666666,6.107636451721191,0.0
5.816666666666666,916666.6666666666,6.130903244018555,0.0
5.833333333333333,916666.6666666666,6.154050350189209,0.0
5.85,916666.6666666666,6.176995277404785,0.0
5.866666666666666,916666.6666666666,6.199795722961426,0.0
5.883333333333334,916666.6666666666,6.222420692443848,0.0
5.9,916666.6666666666,6.244891166687012,0.0
5.916666666666667,916666.6666666666,6.267155647277832,0.0
5.933333333333334,916666.6666666666,6.289308547973633,0.0
5.95,916666.6666666666,6.311263084411621,0.0
5.966666666666667,916666.6666666666,6.333073616027832,0.0
5.983333333333333,916666.6666666666,6.354707717895508,0.0
6.0,916666.6666666666,6.376194000244141,0.0
6.016666666666667,916666.6666666666,6.397486686706543,0.0
6.033333333333333,916666.6666666666,6.418663024902344,0.0
6.05,916666.6666666666,6.439640998840332,0.0
6.066666666666666,916666.6666666666,6.460484504699707,0.0
6.083333333333333,916666.6666666666,6.481164932250977,0.0
6.1,916666.6666666666,6.501696586608887,0.0
6.116666666666666,916666.6666666666,6.522029399871826,0.0
6.133333333333334,916666.6666666666,6.542263984680176,0.0
6.15,916666.6666666666,6.562308311462402,0.0
6.166666666666667,916666.6666666666,6.58220100402832,0.0
6.183333333333334,916666.6666666666,6.6019439697265625,0.0
6.2,916666.6666666666,6.621536731719971,0.0
6.216666666666667,916666.6666666666,6.640959739685059,0.0
6.233333333333333,916666.6666666666,6.660294532775879,0.0
6.25,916666.6666666666,6.679429531097412,0.0
6.266666666666667,916666.6666666666,6.698411464691162,0.0
6.283333333333333,916666.6666666666,6.717266082763672,0.0
6.3,916666.6666666666,6.735954761505127,0.0
6.316666666666666,916666.6666666666,6.754476070404053,0.0
6.333333333333333,916666.6666666666,6.7728495597839355,0.0
6.35,916666.6666666666,6.791097640991211,0.0
6.366666666666666,916666.6666666666,6.809186935424805,0.0
6.383333333333334,916666.6666666666,6.827128887176514,0.0
6.4,916666.6666666666,6.844962120056152,0.0
6.416666666666667,916666.6666666666,6.862621784210205,0.0
6.433333333333334,916666.6666666666,6.880129814147949,0.0
6.45,916666.6666666666,6.897533416748047,0.0
6.466666666666667,916666.6666666666,6.914790153503418,0.0
6.483333333333333,916666.6666666666,6.931910514831543,0.0
6.5,916666.6666666666,6.948851108551025,0.0
6.516666666666667,916666.6666666666,6.965682029724121,0.0
6.533333333333333,916666.6666666666,6.982369422912598,0.0
6.55,916666.6666666666,6.998931884765625,0.0
6.566666666666666,916666.6666666666,7.015364646911621,0.0
6.583333333333333,916666.6666666666,7.0316314697265625,0.0
6.6,916666.6666666666,7.047772407531738,0.0
6.616666666666666,916666.6666666666,7.063778400421143,0.0
6.633333333333334,916666.6666666666,7.07967472076416,0.0
6.65,916666.6666666666,7.095399379730225,0.0
6.666666666666667,916666.6666666666,7.111025810241699,0.0
6.683333333333334,916666.6666666666,7.126498222351074,0.0
6.7,916666.6666666666,7.141849517822266,0.0
6.716666666666667,916666.6666666666,7.1570587158203125,0.0
6.733333333333333,916666.6666666666,7.17214822769165,0.0
6.75,916666.6666666666,7.187091827392578,0.0
6.766666666666667,916666.6666666666,7.201932430267334,0.0
6.783333333333333,916666.6666666666,7.216630458831787,0.0
6.8,916666.6666666666,7.231208324432373,0.0
6.816666666666666,916666.6666666666,7.245693206787109,0.0
6.833333333333333,916666.6666666666,7.260031700134277,0.0
6.85,916666.6666666666,7.274233818054199,0.0
6.866666666666666,916666.6666666666,7.288346290588379,0.0
6.883333333333334,916666.6666666666,7.302311420440674,0.0
6.9,916666.6666666666,7.3161845207214355,0.0
6.916666666666667,916666.6666666666,7.32991886138916,0.0
6.933333333333334,916666.6666666666,7.343532085418701,0.0
6.95,916666.6666666666,7.357068061828613,0.0
6.966666666666667,916666.6666666666,7.370432376861572,0.0
6.983333333333333,916666.6666666666,7.383691787719727,0.0
7.0,916666.6666666666,7.396841526031494,0.0
7.016666666666667,916666.6666666666,7.409874439239502,0.0
7.033333333333333,916666.6666666666,7.4228010177612305,0.0
7.05,916666.6666666666,7.435609817504883,0.0
7.066666666666666,916666.6666666666,7.4483184814453125,0.0
7.083333333333333,916666.6666666666,7.46088981628418,0.0
7.1,916666.6666666666,7.473403453826904,0.0
7.116666666666666,916666.6666666666,7.485774517059326,0.0
7.133333333333334,916666.6666666666,7.498044013977051,0.0
7.15,916666.6666666666,7.510166645050049,0.0
7.166666666666667,916666.6666666666,7.522227764129639,0.0
7.183333333333334,916666.6666666666,7.534154891967773,0.0
7.2,916666.6666666666,7.545984745025635,0.0
7.216666666666667,916666.6666666666,7.55771541595459,0.0
7.233333333333333,916666.6666666666,7.569324016571045,0.0
7.25,916666.6666666666,7.580901145935059,0.0
7.266666666666667,916666.6666666666,7.592316150665283,0.0
7.283333333333333,916666.6666666666,7.603612899780273,0.0
7.3,916666.6666666666,7.614808559417725,0.0
7.316666666666666,916666.6666666666,7.625926971435547,0.0
7.333333333333333,916666.6666666666,7.6369123458862305,0.0
7.35,916666.6666666666,7.6478471755981445,0.0
7.366666666666666,916666.6666666666,7.658649444580078,0.0
7.383333333333334,916666.6666666666,7.669361114501953,0.0
7.4,916666.6666666666,7.679997444152832,0.0
7.416666666666667,916666.6666666666,7.6905317306518555,0.0
7.433333333333334,916666.6666666666,7.7009735107421875,0.0
7.45,916666.6666666666,7.711321830749512,0.0
7.466666666666667,916666.6666666666,7.721593379974365,0.0
7.483333333333333,916666.6666666666,7.731746673583984,0.0
7.5,916666.6666666666,7.741796970367432,0.0
7.516666666666667,916666.6666666666,7.751750946044922,0.0
7.533333333333333,916666.6666666666,7.761606693267822,0.0
7.55,916666.6666666666,7.7713847160339355,0.0
7.566666666666666,916666.6666666666,7.781065940856934,0.0
7.583333333333333,916666.6666666666,7.790711402893066,0.0
7.6,916666.6666666666,7.800215244293213,0.0
7.616666666666666,916666.6666666666,7.80965518951416,0.0
7.633333333333334,916666.6666666666,7.819002151489258,0.0
7.65,916666.6666666666,7.828263759613037,0.0
7.666666666666667,916666.6666666666,7.837430953979492,0.0
7.683333333333334,916666.6666666666,7.846539497375488,0.0
7.7,916666.6666666666,7.855554580688477,0.0
7.716666666666667,916666.6666666666,7.864489555358887,0.0
7.733333333333333,916666.6666666666,7.873336315155029,0.0
7.75,916666.6666666666,7.882111072540283,0.0
7.766666666666667,916666.6666666666,7.890817165374756,0.0
7.783333333333333,916666.6666666666,7.899449348449707,0.0
7.8,916666.6666666666,7.908004283905029,0.0
7.816666666666666,916666.6666666666,7.916457176208496,0.0
7.833333333333333,916666.6666666666,7.924836158752441,0.0
7.85,916666.6666666666,7.933157920837402,0.0
7.866666666666666,916666.6666666666,7.94132661819458,0.0
7.883333333333334,916666.6666666666,7.949419021606445,0.0
7.9,916666.6666666666,7.957434177398682,0.0
7.916666666666667,916666.6666666666,7.965348243713379,0.0
7.933333333333334,916666.6666666666,7.9731974601745605,0.0
7.95,916666.6666666666,7.980990886688232,0.0
7.966666666666667,916666.6666666666,7.98872709274292,0.0
7.983333333333333,916666.6666666666,7.99641227722168,0.0
8.0,916666.6666666666,8.003993034362793,0.0
8.016666666666667,916666.6666666666,8.011506080627441,0.0
8.033333333333333,916666.6666666666,8.018924713134766,0.0
8.05,916666.6666666666,8.026338577270508,0.0
8.066666666666666,916666.6666666666,8.033673286437988,0.0
8.083333333333334,916666.6666666666,8.040925979614258,0.0
8.1,916666.6666666666,8.04808235168457,0.0
8.116666666666667,916666.6666666666,8.055173873901367,0.0
8.133333333333333,916666.6666666666,8.062265396118164,0.0
8.15,916666.6666666666,8.069174766540527,0.0
8.166666666666666,916666.6666666666,8.076004028320312,0.0
8.183333333333334,916666.6666666666,8.082813262939453,0.0
8.2,916666.6666666666,8.089584350585938,0.0
8.216666666666667,916666.6666666666,8.096353530883789,0.0
8.233333333333333,916666.6666666666,8.103060722351074,0.0
8.25,916666.6666666666,8.10963249206543,0.0
8.266666666666667,916666.6666666666,8.116125106811523,0.0
8.283333333333333,916666.6666666666,8.122577667236328,0.0
8.3,916666.6666666666,8.129024505615234,0.0
8.316666666666666,916666.6666666666,8.135351181030273,0.0
8.333333333333334,916666.6666666666,8.141592979431152,0.0
8.35,916666.6666666666,8.147787094116211,0.0
8.366666666666667,916666.6666666666,8.153942108154297,0.0
8.383333333333333,916666.6666666666,8.160074234008789,0.0
8.4,916666.6666666666,8.16619873046875,0.0
8.416666666666666,916666.6666666666,8.172210693359375,0.0
8.433333333333334,916666.6666666666,8.178147315979004,0.0
8.45,916666.6666666666,8.184005737304688,0.0
8.466666666666667,916666.6666666666,8.189828872680664,0.0
8.483333333333333,916666.6666666666,8.195634841918945,0.0
8.5,916666.6666666666,8.201436042785645,0.0
8.516666666666667,916666.6666666666,8.207113265991211,0.0
8.533333333333333,916666.6666666666,8.212675094604492,0.0
8.55,916666.6666666666,8.218208312988281,0.0
8.566666666666666,916666.6666666666,8.223701477050781,0.0
8.583333333333334,916666.6666666666,8.229181289672852,0.0
8.6,916666.6666666666,8.234661102294922,0.0
8.616666666666667,916666.6666666666,8.239995002746582,0.0
8.633333333333333,916666.6666666666,8.245218276977539,0.0
8.65,916666.6666666666,8.250418663024902,0.0
8.666666666666666,916666.6666666666,8.255603790283203,0.0
8.683333333333334,916666.6666666666,8.260761260986328,0.0
8.7,916666.6666666666,8.26590347290039,0.0
8.716666666666667,916666.6666666666,8.27096176147461,0.0
8.733333333333333,916666.6666666666,8.275978088378906,0.0
8.75,916666.6666666666,8.28089427947998,0.0
8.766666666666667,916666.6666666666,8.285758972167969,0.0
8.783333333333333,916666.6666666666,8.290599822998047,0.0
8.8,916666.6666666666,8.295434951782227,0.0
8.816666666666666,916666.6666666666,8.300187110900879,0.0
8.833333333333334,916666.6666666666,8.304861068725586,0.0
8.85,916666.6666666666,8.309535026550293,0.0
8.866666666666667,916666.6666666666,8.314130783081055,0.0
8.883333333333333,916666.6666666666,8.318685531616211,0.0
8.9,916666.6666666666,8.323213577270508,0.0
8.916666666666666,916666.6666666666,8.327735900878906,0.0
8.933333333333334,916666.6666666666,8.332219123840332,0.0
8.95,916666.6666666666,8.33657169342041,0.0
8.966666666666667,916666.6666666666,8.340921401977539,0.0
8.983333333333333,916666.6666666666,8.3452730178833,0.0
9.0,916666.6666666666,8.349518775939941,0.0
9.016666666666667,916666.6666666666,8.353744506835938,0.0
9.033333333333333,916666.6666666666,8.357950210571289,0.0
9.05,916666.6666666666,8.362140655517578,0.0
9.066666666666666,916666.6666666666,8.36629581451416,0.0
9.083333333333334,916666.6666666666,8.370344161987305,0.0
9.1,916666.6666666666,8.374374389648438,0.0
9.116666666666667,916666.6666666666,8.378403663635254,0.0
9.133333333333333,916666.6666666666,8.382360458374023,0.0
9.15,916666.6666666666,8.386266708374023,0.0
9.166666666666666,916666.6666666666,8.390172958374023,0.0
9.183333333333334,916666.6666666666,8.394060134887695,0.0
9.2,916666.6666666666,8.397928237915039,0.0
9.216666666666667,916666.6666666666,8.401771545410156,0.0
9.233333333333333,916666.6666666666,8.405492782592773,0.0
9.25,916666.6666666666,8.409191131591797,0.0
9.266666666666667,916666.6666666666,8.412862777709961,0.0
9.283333333333333,916666.6666666666,8.416449546813965,0.0
9.3,916666.6666666666,8.420021057128906,0.0
9.316666666666666,916666.6666666666,8.423591613769531,0.0
9.333333333333334,916666.6666666666,8.427148818969727,0.0
9.35,916666.6666666666,8.430694580078125,0.0
9.366666666666667,916666.6666666666,8.434184074401855,0.0
9.383333333333333,916666.6666666666,8.437572479248047,0.0
9.4,916666.6666666666,8.440910339355469,0.0
9.416666666666666,916666.6666666666,8.44420337677002,0.0
9.433333333333334,916666.6666666666,8.447486877441406,0.0
9.45,916666.6666666666,8.450740814208984,0.0
9.466666666666667,916666.6666666666,8.453994750976562,0.0
9.483333333333333,916666.6666666666,8.457236289978027,0.0
9.5,916666.6666666666,8.460460662841797,0.0
9.516666666666667,916666.6666666666,8.46368408203125,0.0
9.533333333333333,916666.6666666666,8.466785430908203,0.0
9.55,916666.6666666666,8.469849586486816,0.0
9.566666666666666,916666.6666666666,8.472888946533203,0.0
9.583333333333334,916666.6666666666,8.47590446472168,0.0
9.6,916666.6666666666,8.478872299194336,0.0
9.616666666666667,916666.6666666666,8.481809616088867,0.0
9.633333333333333,916666.6666666666,8.48473834991455,0.0
9.65,916666.6666666666,8.487655639648438,0.0
9.666666666666666,916666.6666666666,8.490562438964844,0.0
9.683333333333334,916666.6666666666,8.493463516235352,0.0
9.7,916666.6666666666,8.49636459350586,0.0
9.716666666666667,916666.6666666666,8.499133110046387,0.0
9.733333333333333,916666.6666666666,8.501877784729004,0.0
9.75,916666.6666666666,8.504602432250977,0.0
9.766666666666667,916666.6666666666,8.507295608520508,0.0
9.783333333333333,916666.6666666666,8.509931564331055,0.0
9.8,916666.6666666666,8.512561798095703,0.0
9.816666666666666,916666.6666666666,8.515172958374023,0.0
9.833333333333334,916666.6666666666,8.517782211303711,0.0
9.85,916666.6666666666,8.520374298095703,0.0
9.866666666666667,916666.6666666666,8.522953033447266,0.0
9.883333333333333,916666.6666666666,8.525531768798828,0.0
9.9,916666.6666666666,8.528068542480469,0.0
9.916666666666666,916666.6666666666,8.530501365661621,0.0
9.933333333333334,916666.6666666666,8.532927513122559,0.0
9.95,916666.6666666666,8.535334587097168,0.0
9.966666666666667,916666.6666666666,8.537677764892578,0.0
9.983333333333333,916666.6666666666,8.539997100830078,0.0
10.0,916666.6666666666,8.542305946350098,0.0
10.016666666666667,916666.6666666666,8.54460620880127,0.0
0.0,1000000.0,9.992568016052246,0.0
0.016666666666666666,1000000.0,8.71552848815918,0.0
0.03333333333333333,1000000.0,7.432275772094727,0.0
0.05,1000000.0,6.1579766273498535,0.0
0.06666666666666667,1000000.0,4.923495769500732,0.0
0.08333333333333333,1000000.0,3.709721565246582,0.0
0.1,1000000.0,2.5185537338256836,0.0
0.11666666666666667,1000000.0,1.4522078037261963,0.0
0.13333333333333333,1000000.0,0.5589014291763306,40.047393364928915
0.15,1000000.0,0.0735730230808258,47.867298578199055
0.16666666666666666,1000000.0,0.0,47.867298578199055
0.18333333333333332,1000000.0,0.0,47.39336492890995
0.2,1000000.0,0.0,45.97156398104265
0.21666666666666667,1000000.0,0.0,45.7345971563981
0.23333333333333334,1000000.0,0.0,47.6303317535545
0.25,1000000.0,0.0,47.1563981042654
0.26666666666666666,1000000.0,0.0,48.81516587677725
0.2833333333333333,1000000.0,0.0,49.28909952606635
0.3,1000000.0,0.0,51.18483412322274
0.31666666666666665,1000000.0,0.0,52.3696682464455
0.3333333333333333,1000000.0,0.0,53.317535545023695
0.35,1000000.0,0.0,54.502369668246445
0.36666666666666664,1000000.0,0.0,56.39810426540285
0.38333333333333336,1000000.0,0.0,57.10900473933649
0.4,1000000.0,0.0,59.47867298578199
0.4166666666666667,1000000.0,0.0,60.426540284360186
0.43333333333333335,1000000.0,0.0,62.55924170616114
0.45,1000000.0,0.0,63.507109004739334
0.4666666666666667,1000000.0,0.0,64.69194312796208
0.48333333333333334,1000000.0,0.0,68.48341232227489
0.5,1000000.0,0.0,68.00947867298578
0.5166666666666667,1000000.0,0.0,70.85308056872039
0.5333333333333333,1000000.0,0.0,74.40758293838863
0.55,1000000.0,0.0,75.35545023696683
0.5666666666666667,1000000.0,0.0,77.01421800947867
0.5833333333333334,1000000.0,0.0,78.19905213270142
0.6,1000000.0,0.0,80.80568720379146
0.6166666666666667,1000000.0,0.0,81.75355450236967
0.6333333333333333,1000000.0,0.0,83.41232227488152
0.65,1000000.0,0.0,86.01895734597157
0.6666666666666666,1000000.0,0.0,87.91469194312796
0.6833333333333333,1000000.0,0.0,89.57345971563981
0.7,1000000.0,0.0,91.70616113744076
0.7166666666666667,1000000.0,0.0,94.3127962085308
0.7333333333333333,1000000.0,0.0,95.49763033175356
0.75,1000000.0,0.0,97.6303317535545
0.7666666666666667,1000000.0,0.0,99.0521327014218
0.7833333333333333,1000000.0,0.0,100.0
0.8,1000000.0,0.0,100.0
0.8166666666666667,1000000.0,0.0,100.0
0.8333333333333334,1000000.0,0.0,100.0
0.85,1000000.0,0.0,100.0
0.8666666666666667,1000000.0,0.0,100.0
0.8833333333333333,1000000.0,0.0,99.52606635071089
0.9,1000000.0,0.0,99.0521327014218
0.9166666666666666,1000000.0,0.0,98.5781990521327
0.9333333333333333,1000000.0,0.0,98.5781990521327
0.95,1000000.0,0.0,98.5781990521327
0.9666666666666667,1000000.0,0.0,98.5781990521327
0.9833333333333333,1000000.0,0.0,98.5781990521327
1.0,1000000.0,0.0,98.10426540284361
1.0166666666666666,1000000.0,0.0,98.10426540284361
1.0333333333333334,1000000.0,0.0,97.6303317535545
1.05,1000000.0,0.0,97.1563981042654
1.0666666666666667,1000000.0,0.0,96.6824644549763
1.0833333333333333,1000000.0,0.0,96.6824644549763
1.1,1000000.0,0.0,96.6824644549763
1.1166666666666667,1000000.0,0.0,96.6824644549763
1.1333333333333333,1000000.0,0.0,96.6824644549763
1.15,1000000.0,0.0,96.6824644549763
1.1666666666666667,1000000.0,0.0,96.6824644549763
1.1833333333333333,1000000.0,0.0,95.73459715639811
1.2,1000000.0,0.0,95.73459715639811
1.2166666666666666,1000000.0,0.0,95.260663507109
1.2333333333333334,1000000.0,0.0,95.260663507109
1.25,1000000.0,0.0,94.7867298578199
1.2666666666666666,1000000.0,0.0,94.3127962085308
1.2833333333333334,1000000.0,0.0,94.3127962085308
1.3,1000000.0,0.0,94.3127962085308
1.3166666666666667,1000000.0,0.0,94.3127962085308
1.3333333333333333,1000000.0,0.0,94.3127962085308
1.35,1000000.0,0.0,94.3127962085308
1.3666666666666667,1000000.0,0.0,93.8388625592417
1.3833333333333333,1000000.0,0.0,93.36492890995261
1.4,1000000.0,0.0,92.89099526066352
1.4166666666666667,1000000.0,0.0,92.89099526066352
1.4333333333333333,1000000.0,0.0,92.41706161137441
1.45,1000000.0,0.0,92.41706161137441
1.4666666666666666,1000000.0,0.0,90.99526066350711
1.4833333333333334,1000000.0,0.0,90.99526066350711
1.5,1000000.0,0.0,90.52132701421802
1.5166666666666666,1000000.0,0.0,90.52132701421802
1.5333333333333334,1000000.0,0.0,90.04739336492891
1.55,1000000.0,0.0,89.57345971563981
1.5666666666666667,1000000.0,0.0,89.57345971563981
1.5833333333333333,1000000.0,0.0,88.15165876777252
1.6,1000000.0,0.0,88.15165876777252
1.6166666666666667,1000000.0,0.0,87.20379146919431
1.6333333333333333,1000000.0,0.0,87.20379146919431
1.65,1000000.0,0.0,85.78199052132702
1.6666666666666667,1000000.0,0.0,85.78199052132702
1.6833333333333333,1000000.0,0.0,85.07109004739335
1.7,1000000.0,0.0,84.12322274881517
1.7166666666666666,1000000.0,0.0,83.64928909952607
1.7333333333333334,1000000.0,0.0,83.64928909952607
1.75,1000000.0,0.0,82.70142180094787
1.7666666666666666,1000000.0,0.0,82.22748815165876
1.7833333333333334,1000000.0,0.0,81.75355450236967
1.8,1000000.0,0.0,80.80568720379146
1.8166666666666667,1000000.0,0.0,80.33175355450237
1.8333333333333333,1000000.0,0.0,79.62085308056872
1.85,1000000.0,0.0,79.14691943127961
1.8666666666666667,1000000.0,0.0,78.19905213270142
1.8833333333333333,1000000.0,0.0,78.19905213270142
1.9,1000000.0,0.0,76.30331753554502
1.9166666666666667,1000000.0,0.0,75.82938388625593
1.9333333333333333,1000000.0,0.0,74.88151658767772
1.95,1000000.0,0.0,73.93364928909952
1.9666666666666666,1000000.0,0.0,72.74881516587678
1.9833333333333334,1000000.0,0.0,72.74881516587678
2.0,1000000.0,0.0,72.27488151658767
2.0166666666666666,1000000.0,0.0,71.80094786729858
2.033333333333333,1000000.0,0.0,70.85308056872039
2.05,1000000.0,0.0,70.85308056872039
2.066666666666667,1000000.0,0.0,69.43127962085308
2.0833333333333335,1000000.0,7.749385986244306e-06,69.19431279620854
2.1,1000000.0,4.6306566218845546e-05,68.72037914691943
2.1166666666666667,1000000.0,5.4894866480026394e-05,68.24644549763033
2.1333333333333333,1000000.0,7.897502655396238e-05,66.82464454976304
2.15,1000000.0,0.00012004351447103545,65.40284360189574
2.1666666666666665,1000000.0,0.00018221899517811835,64.92890995260665
2.183333333333333,1000000.0,0.0002713024150580168,64.45497630331754
2.2,1000000.0,0.00039458536775782704,63.270142180094794
2.216666666666667,1000000.0,0.0005609089275822043,61.84834123222749
2.2333333333333334,1000000.0,0.0007807866204530001,61.84834123222749
2.25,1000000.0,0.0010665716836228967,61.37440758293838
2.2666666666666666,1000000.0,0.001432593329809606,59.95260663507109
2.283333333333333,1000000.0,0.0018953853286802769,59.47867298578199
2.3,1000000.0,0.0024737881030887365,58.29383886255924
2.316666666666667,1000000.0,0.003189121140167117,56.872037914691944
2.3333333333333335,1000000.0,0.0036788987927138805,56.39810426540285
2.35,1000000.0,0.004140835255384445,55.92417061611374
2.3666666666666667,1000000.0,0.004711021203547716,55.45023696682464
2.3833333333333333,1000000.0,0.005408997647464275,54.502369668246445
2.4,1000000.0,0.006256673950701952,53.317535545023695
2.4166666666666665,1000000.0,0.00727838184684515,53.317535545023695
2.433333333333333,1000000.0,0.008500960655510426,52.843601895734594
2.45,1000000.0,0.009953790344297886,52.3696682464455
2.466666666666667,1000000.0,0.011668824590742588,50.4739336492891
2.4833333333333334,1000000.0,0.013680584728717804,49.5260663507109
2.5,1000000.0,0.016026033088564873,48.34123222748815
2.5166666666666666,1000000.0,0.018744561821222305,47.39336492890995
2.533333333333333,1000000.0,0.021877776831388474,46.91943127962085
2.55,1000000.0,0.025469401851296425,46.44549763033176
2.566666666666667,1000000.0,0.029564950615167618,45.023696682464454
2.5833333333333335,1000000.0,0.034211449325084686,44.54976303317535
2.6,1000000.0,0.03945698216557503,42.89099526066351
2.6166666666666667,1000000.0,0.04535054787993431,41.943127962085306
2.6333333333333333,1000000.0,0.05194144695997238,40.52132701421801
2.65,1000000.0,0.05927867069840431,40.52132701421801
2.6666666666666665,1000000.0,0.06741045415401459,39.09952606635071
2.683333333333333,1000000.0,0.07638392597436905,38.62559241706161
2.7,1000000.0,0.08486667275428772,37.44075829383886
2.716666666666667,1000000.0,0.09214450418949127,37.44075829383886
2.7333333333333334,1000000.0,0.10019712895154953,36.018957345971565
2.75,1000000.0,0.10907290875911713,33.649289099526065
2.7666666666666666,1000000.0,0.1188187524676323,33.175355450236964
2.783333333333333,1000000.0,0.12947902083396912,31.516587677725116
2.8,1000000.0,0.1410946547985077,31.04265402843602
2.816666666666667,1000000.0,0.15370388329029083,31.04265402843602
2.8333333333333335,1000000.0,0.16734038293361664,29.14691943127962
2.85,1000000.0,0.18203333020210266,28.672985781990523
2.8666666666666667,1000000.0,0.1978050172328949,26.77725118483412
2.8833333333333333,1000000.0,0.21467311680316925,25.118483412322274
2.9,1000000.0,0.23264914751052856,24.170616113744074
2.9166666666666665,1000000.0,0.25173890590667725,23.696682464454977
2.933333333333333,1000000.0,0.27194148302078247,23.22274881516588
2.95,1000000.0,0.2932497560977936,22.274881516587676
2.966666666666667,1000000.0,0.3156508207321167,19.66824644549763
2.9833333333333334,1000000.0,0.3391267657279968,18.72037914691943
3.0,1000000.0,0.3636528253555298,17.77251184834123
3.0166666666666666,1000000.0,0.38920140266418457,16.824644549763033
3.033333333333333,1000000.0,0.41573917865753174,15.402843601895736
3.05,1000000.0,0.44322896003723145,14.691943127962084
3.066666666666667,1000000.0,0.4716312885284424,14.218009478672986
3.0833333333333335,1000000.0,0.500903844833374,12.322274881516588
3.1,1000000.0,0.5310031175613403,10.90047393364929
3.1166666666666667,1000000.0,0.5618829131126404,9.47867298578199
3.1333333333333333,1000000.0,0.5934966802597046,8.293838862559241
3.15,1000000.0,0.6257984638214111,8.293838862559241
3.1666666666666665,1000000.0,0.6587412357330322,8.293838862559241
3.183333333333333,1000000.0,0.6922793984413147,5.924170616113744
3.2,1000000.0,0.7263665795326233,3.7914691943127963
3.216666666666667,1000000.0,0.7609606385231018,3.7914691943127963
3.2333333333333334,1000000.0,0.7960183620452881,3.7914691943127963
3.25,1000000.0,0.8314988613128662,3.7914691943127963
3.2666666666666666,1000000.0,0.8673626184463501,0.9478672985781991
3.283333333333333,1000000.0,0.9035743474960327,0.23696682464454977
3.3,1000000.0,0.9401013851165771,0.23696682464454977
3.316666666666667,1000000.0,0.9769099950790405,0.23696682464454977
3.3333333333333335,1000000.0,1.0139679908752441,0.0
3.35,1000000.0,1.0512495040893555,0.0
3.3666666666666667,1000000.0,1.0887266397476196,0.0
3.3833333333333333,1000000.0,1.1263806819915771,0.0
3.4,1000000.0,1.164184808731079,0.0
3.4166666666666665,1000000.0,1.2021214962005615,0.0
3.433333333333333,1000000.0,1.2401742935180664,0.0
3.45,1000000.0,1.2783317565917969,0.0
3.466666666666667,1000000.0,1.3165771961212158,0.0
3.4833333333333334,1000000.0,1.3548986911773682,0.0
3.5,1000000.0,1.3932836055755615,0.0
3.5166666666666666,1000000.0,1.4317338466644287,0.0
3.533333333333333,1000000.0,1.4702351093292236,0.0
3.55,1000000.0,1.508770227432251,0.0
3.566666666666667,1000000.0,1.5473461151123047,0.0
3.5833333333333335,1000000.0,1.5859605073928833,0.0
3.6,1000000.0,1.6245983839035034,0.0
3.6166666666666667,1000000.0,1.663271188735962,0.0
3.6333333333333333,1000000.0,1.7019522190093994,0.0
3.65,1000000.0,1.7406666278839111,0.0
3.6666666666666665,1000000.0,1.7794095277786255,0.0
3.683333333333333,1000000.0,1.8181716203689575,0.0
3.7,1000000.0,1.8569450378417969,0.0
3.716666666666667,1000000.0,1.8957386016845703,0.0
3.7333333333333334,1000000.0,1.934545874595642,0.0
3.75,1000000.0,1.973372220993042,0.0
3.7666666666666666,1000000.0,2.012214183807373,0.0
3.783333333333333,1000000.0,2.051079511642456,0.0
3.8,1000000.0,2.0899620056152344,0.0
3.816666666666667,1000000.0,2.1288483142852783,0.0
3.8333333333333335,1000000.0,2.167733669281006,0.0
3.85,1000000.0,2.2066457271575928,0.0
3.8666666666666667,1000000.0,2.245546579360962,0.0
3.8833333333333333,1000000.0,2.2844505310058594,0.0
3.9,1000000.0,2.3233628273010254,0.0
3.9166666666666665,1000000.0,2.362271308898926,0.0
3.933333333333333,1000000.0,2.401167392730713,0.0
3.95,1000000.0,2.440049886703491,0.0
3.966666666666667,1000000.0,2.478917121887207,0.0
3.9833333333333334,1000000.0,2.5177645683288574,0.0
4.0,1000000.0,2.5566067695617676,0.0
4.016666666666667,1000000.0,2.595414638519287,0.0
4.033333333333333,1000000.0,2.634188175201416,0.0
4.05,1000000.0,2.6729485988616943,0.0
4.066666666666666,1000000.0,2.7116446495056152,0.0
4.083333333333333,1000000.0,2.7503247261047363,0.0
4.1,1000000.0,2.788942337036133,0.0
4.116666666666666,1000000.0,2.827509880065918,0.0
4.133333333333334,1000000.0,2.866006851196289,0.0
4.15,1000000.0,2.9044599533081055,0.0
4.166666666666667,1000000.0,2.9428300857543945,0.0
4.183333333333334,1000000.0,2.981137990951538,0.0
4.2,1000000.0,3.0193405151367188,0.0
4.216666666666667,1000000.0,3.057487726211548,0.0
4.233333333333333,1000000.0,3.095538854598999,0.0
4.25,1000000.0,3.1334853172302246,0.0
4.266666666666667,1000000.0,3.17134428024292,0.0
4.283333333333333,1000000.0,3.209094524383545,0.0
4.3,1000000.0,3.2467615604400635,0.0
4.316666666666666,1000000.0,3.2843120098114014,0.0
4.333333333333333,1000000.0,3.321749687194824,0.0
4.35,1000000.0,3.359071969985962,0.0
4.366666666666666,1000000.0,3.3962860107421875,0.0
4.383333333333334,1000000.0,3.4333784580230713,0.0
4.4,1000000.0,3.4703378677368164,0.0
4.416666666666667,1000000.0,3.507178544998169,0.0
4.433333333333334,1000000.0,3.543895721435547,0.0
4.45,1000000.0,3.5804779529571533,0.0
4.466666666666667,1000000.0,3.616934299468994,0.0
4.483333333333333,1000000.0,3.6532437801361084,0.0
4.5,1000000.0,3.6894404888153076,0.0
4.516666666666667,1000000.0,3.725491523742676,0.0
4.533333333333333,1000000.0,3.761408567428589,0.0
4.55,1000000.0,3.7971816062927246,0.0
4.566666666666666,1000000.0,3.8328030109405518,0.0
4.583333333333333,1000000.0,3.8682873249053955,0.0
4.6,1000000.0,3.9036149978637695,0.0
4.616666666666666,1000000.0,3.938795566558838,0.0
4.633333333333334,1000000.0,3.9738385677337646,0.0
4.65,1000000.0,4.008732318878174,0.0
4.666666666666667,1000000.0,4.043478965759277,0.0
4.683333333333334,1000000.0,4.0780744552612305,0.0
4.7,1000000.0,4.112525939941406,0.0
4.716666666666667,1000000.0,4.146815299987793,0.0
4.733333333333333,1000000.0,4.180952072143555,0.0
4.75,1000000.0,4.214927673339844,0.0
4.766666666666667,1000000.0,4.248757362365723,0.0
4.783333333333333,1000000.0,4.282438278198242,0.0
4.8,1000000.0,4.315935134887695,0.0
4.816666666666666,1000000.0,4.349286079406738,0.0
4.833333333333333,1000000.0,4.382470607757568,0.0
4.85,1000000.0,4.415506362915039,0.0
4.866666666666666,1000000.0,4.448381423950195,0.0
4.883333333333334,1000000.0,4.481067180633545,0.0
4.9,1000000.0,4.513617515563965,0.0
4.916666666666667,1000000.0,4.5460100173950195,0.0
4.933333333333334,1000000.0,4.57822322845459,0.0
4.95,1000000.0,4.610280513763428,0.0
4.966666666666667,1000000.0,4.642167091369629,0.0
4.983333333333333,1000000.0,4.673885822296143,0.0
5.0,1000000.0,4.705446720123291,0.0
5.016666666666667,1000000.0,4.736811637878418,0.0
5.033333333333333,1000000.0,4.768034934997559,0.0
5.05,1000000.0,4.799073696136475,0.0
5.066666666666666,1000000.0,4.829952239990234,0.0
5.083333333333333,1000000.0,4.860665321350098,0.0
5.1,1000000.0,4.891183853149414,0.0
5.116666666666666,1000000.0,4.92154598236084,0.0
5.133333333333334,1000000.0,4.951738357543945,0.0
5.15,1000000.0,4.981759071350098,0.0
5.166666666666667,1000000.0,5.0116071701049805,0.0
5.183333333333334,1000000.0,5.041278839111328,0.0
5.2,1000000.0,5.070761203765869,0.0
5.216666666666667,1000000.0,5.10008430480957,0.0
5.233333333333333,1000000.0,5.1292243003845215,0.0
5.25,1000000.0,5.158199310302734,0.0
5.266666666666667,1000000.0,5.1870012283325195,0.0
5.283333333333333,1000000.0,5.21561861038208,0.0
5.3,1000000.0,5.244068145751953,0.0
5.316666666666666,1000000.0,5.2723541259765625,0.0
5.333333333333333,1000000.0,5.300440788269043,0.0
5.35,1000000.0,5.328372001647949,0.0
5.366666666666666,1000000.0,5.356141090393066,0.0
5.383333333333334,1000000.0,5.383713722229004,0.0
5.4,1000000.0,5.411102294921875,0.0
5.416666666666667,1000000.0,5.438302516937256,0.0
5.433333333333334,1000000.0,5.46534538269043,0.0
5.45,1000000.0,5.492197036743164,0.0
5.466666666666667,1000000.0,5.518903732299805,0.0
5.483333333333333,1000000.0,5.545397758483887,0.0
5.5,1000000.0,5.571780204772949,0.0
5.516666666666667,1000000.0,5.597938537597656,0.0
5.533333333333333,1000000.0,5.623961448669434,0.0
5.55,1000000.0,5.649797439575195,0.0
5.566666666666666,1000000.0,5.675457954406738,0.0
5.583333333333333,1000000.0,5.700936317443848,0.0
5.6,1000000.0,5.726241111755371,0.0
5.616666666666666,1000000.0,5.751376152038574,0.0
5.633333333333334,1000000.0,5.776337146759033,0.0
5.65,1000000.0,5.801126956939697,0.0
5.666666666666667,1000000.0,5.825739860534668,0.0
5.683333333333334,1000000.0,5.850211143493652,0.0
5.7,1000000.0,5.874490737915039,0.0
5.716666666666667,1000000.0,5.89862060546875,0.0
5.733333333333333,1000000.0,5.922560691833496,0.0
5.75,1000000.0,5.946353912353516,0.0
5.766666666666667,1000000.0,5.9699554443359375,0.0
5.783333333333333,1000000.0,5.993415355682373,0.0
5.8,1000000.0,6.016676902770996,0.0
5.816666666666666,1000000.0,6.039798736572266,0.0
5.833333333333333,1000000.0,6.062732219696045,0.0
5.85,1000000.0,6.085506439208984,0.0
5.866666666666666,1000000.0,6.108095169067383,0.0
5.883333333333334,1000000.0,6.1305341720581055,0.0
5.9,1000000.0,6.15278434753418,0.0
5.916666666666667,1000000.0,6.174903392791748,0.0
5.933333333333334,1000000.0,6.196843147277832,0.0
5.95,1000000.0,6.218644142150879,0.0
5.966666666666667,1000000.0,6.240269660949707,0.0
5.983333333333333,1000000.0,6.261744499206543,0.0
6.0,1000000.0,6.283026218414307,0.0
6.016666666666667,1000000.0,6.304187774658203,0.0
6.033333333333333,1000000.0,6.325165748596191,0.0
6.05,1000000.0,6.3459978103637695,0.0
6.066666666666666,1000000.0,6.366665840148926,0.0
6.083333333333333,1000000.0,6.387191295623779,0.0
6.1,1000000.0,6.407529830932617,0.0
6.116666666666666,1000000.0,6.427753448486328,0.0
6.133333333333334,1000000.0,6.447800636291504,0.0
6.15,1000000.0,6.467685699462891,0.0
6.166666666666667,1000000.0,6.4874267578125,0.0
6.183333333333334,1000000.0,6.507006645202637,0.0
6.2,1000000.0,6.526412487030029,0.0
6.216666666666667,1000000.0,6.54572057723999,0.0
6.233333333333333,1000000.0,6.564854145050049,0.0
6.25,1000000.0,6.583798885345459,0.0
6.266666666666667,1000000.0,6.6026411056518555,0.0
6.283333333333333,1000000.0,6.621312141418457,0.0
6.3,1000000.0,6.639865398406982,0.0
6.316666666666666,1000000.0,6.658258438110352,0.0
6.333333333333333,1000000.0,6.676515102386475,0.0
6.35,1000000.0,6.694638252258301,0.0
6.366666666666666,1000000.0,6.712562084197998,0.0
6.383333333333334,1000000.0,6.730395317077637,0.0
6.4,1000000.0,6.748068332672119,0.0
6.416666666666667,1000000.0,6.765588283538818,0.0
6.433333333333334,1000000.0,6.782989501953125,0.0
6.45,1000000.0,6.80023193359375,0.0
6.466666666666667,1000000.0,6.817339897155762,0.0
6.483333333333333,1000000.0,6.834290504455566,0.0
6.5,1000000.0,6.851130485534668,0.0
6.516666666666667,1000000.0,6.867820739746094,0.0
6.533333333333333,1000000.0,6.884377956390381,0.0
6.55,1000000.0,6.900812149047852,0.0
6.566666666666666,1000000.0,6.9170989990234375,0.0
6.583333333333333,1000000.0,6.933259963989258,0.0
6.6,1000000.0,6.949254512786865,0.0
6.616666666666666,1000000.0,6.965146064758301,0.0
6.633333333333334,1000000.0,6.980914115905762,0.0
6.65,1000000.0,6.996552467346191,0.0
6.666666666666667,1000000.0,7.0120439529418945,0.0
6.683333333333334,1000000.0,7.027432441711426,0.0
6.7,1000000.0,7.042659282684326,0.0
6.716666666666667,1000000.0,7.057764530181885,0.0
6.733333333333333,1000000.0,7.072749614715576,0.0
6.75,1000000.0,7.0876054763793945,0.0
6.766666666666667,1000000.0,7.102313995361328,0.0
6.783333333333333,1000000.0,7.116903305053711,0.0
6.8,1000000.0,7.131403923034668,0.0
6.816666666666666,1000000.0,7.145753860473633,0.0
6.833333333333333,1000000.0,7.159966945648193,0.0
6.85,1000000.0,7.174088001251221,0.0
6.866666666666666,1000000.0,7.188055992126465,0.0
6.883333333333334,1000000.0,7.201951026916504,0.0
6.9,1000000.0,7.215683937072754,0.0
6.916666666666667,1000000.0,7.229307174682617,0.0
6.933333333333334,1000000.0,7.242844581604004,0.0
6.95,1000000.0,7.256249904632568,0.0
6.966666666666667,1000000.0,7.269532203674316,0.0
6.983333333333333,1000000.0,7.2827067375183105,0.0
7.0,1000000.0,7.295759201049805,0.0
7.016666666666667,1000000.0,7.30869197845459,0.0
7.033333333333333,1000000.0,7.321544647216797,0.0
7.05,1000000.0,7.334268093109131,0.0
7.066666666666666,1000000.0,7.3468451499938965,0.0
7.083333333333333,1000000.0,7.359372615814209,0.0
7.1,1000000.0,7.371762752532959,0.0
7.116666666666666,1000000.0,7.384023666381836,0.0
7.133333333333334,1000000.0,7.39617919921875,0.0
7.15,1000000.0,7.408240795135498,0.0
7.166666666666667,1000000.0,7.420170307159424,0.0
7.183333333333334,1000000.0,7.4320173263549805,0.0
7.2,1000000.0,7.443764686584473,0.0
7.216666666666667,1000000.0,7.455378532409668,0.0
7.233333333333333,1000000.0,7.466951370239258,0.0
7.25,1000000.0,7.4783759117126465,0.0
7.266666666666667,1000000.0,7.489727973937988,0.0
7.283333333333333,1000000.0,7.5009684562683105,0.0
7.3,1000000.0,7.512092113494873,0.0
7.316666666666666,1000000.0,7.523159027099609,0.0
7.333333333333333,1000000.0,7.534123420715332,0.0
7.35,1000000.0,7.54495906829834,0.0
7.366666666666666,1000000.0,7.555704116821289,0.0
7.383333333333334,1000000.0,7.566359996795654,0.0
7.4,1000000.0,7.576938629150391,0.0
7.416666666666667,1000000.0,7.587370872497559,0.0
7.433333333333334,1000000.0,7.597723007202148,0.0
7.45,1000000.0,7.607990264892578,0.0
7.466666666666667,1000000.0,7.6181535720825195,0.0
7.483333333333333,1000000.0,7.628238677978516,0.0
7.5,1000000.0,7.638218402862549,0.0
7.516666666666667,1000000.0,7.648115158081055,0.0
7.533333333333333,1000000.0,7.657915115356445,0.0
7.55,1000000.0,7.66763162612915,0.0
7.566666666666666,1000000.0,7.677285194396973,0.0
7.583333333333333,1000000.0,7.686812400817871,0.0
7.6,1000000.0,7.696252822875977,0.0
7.616666666666666,1000000.0,7.705584526062012,0.0
7.633333333333334,1000000.0,7.714861869812012,0.0
7.65,1000000.0,7.7240519523620605,0.0
7.666666666666667,1000000.0,7.733146667480469,0.0
7.683333333333334,1000000.0,7.742184638977051,0.0
7.7,1000000.0,7.751147270202637,0.0
7.716666666666667,1000000.0,7.760016441345215,0.0
7.733333333333333,1000000.0,7.768775939941406,0.0
7.75,1000000.0,7.777477264404297,0.0
7.766666666666667,1000000.0,7.786052227020264,0.0
7.783333333333333,1000000.0,7.794551849365234,0.0
7.8,1000000.0,7.802964210510254,0.0
7.816666666666666,1000000.0,7.811315536499023,0.0
7.833333333333333,1000000.0,7.819540500640869,0.0
7.85,1000000.0,7.82773494720459,0.0
7.866666666666666,1000000.0,7.835830211639404,0.0
7.883333333333334,1000000.0,7.843850135803223,0.0
7.9,1000000.0,7.851798057556152,0.0
7.916666666666667,1000000.0,7.859648704528809,0.0
7.933333333333334,1000000.0,7.867449760437012,0.0
7.95,1000000.0,7.875193119049072,0.0
7.966666666666667,1000000.0,7.882917404174805,0.0
7.983333333333333,1000000.0,7.890515327453613,0.0
8.0,1000000.0,7.898035049438477,0.0
8.016666666666667,1000000.0,7.905498027801514,0.0
8.033333333333333,1000000.0,7.912889003753662,0.0
8.05,1000000.0,7.920214653015137,0.0
8.066666666666666,1000000.0,7.927468299865723,0.0
8.083333333333334,1000000.0,7.934676170349121,0.0
8.1,1000000.0,7.941776275634766,0.0
8.116666666666667,1000000.0,7.94883394241333,0.0
8.133333333333333,1000000.0,7.955820083618164,0.0
8.15,1000000.0,7.962704658508301,0.0
8.166666666666666,1000000.0,7.9695353507995605,0.0
8.183333333333334,1000000.0,7.976315975189209,0.0
8.2,1000000.0,7.9830851554870605,0.0
8.216666666666667,1000000.0,7.989741325378418,0.0
8.233333333333333,1000000.0,7.996316909790039,0.0
8.25,1000000.0,8.00287914276123,0.0
8.266666666666667,1000000.0,8.009359359741211,0.0
8.283333333333333,1000000.0,8.015806198120117,0.0
8.3,1000000.0,8.022159576416016,0.0
8.316666666666666,1000000.0,8.02844524383545,0.0
8.333333333333334,1000000.0,8.034669876098633,0.0
8.35,1000000.0,8.04081916809082,0.0
8.366666666666667,1000000.0,8.046943664550781,0.0
8.383333333333333,1000000.0,8.053068161010742,0.0
8.4,1000000.0,8.059029579162598,0.0
8.416666666666666,1000000.0,8.064913749694824,0.0
8.433333333333334,1000000.0,8.070760726928711,0.0
8.45,1000000.0,8.0766019821167,0.0
8.466666666666667,1000000.0,8.082404136657715,0.0
8.483333333333333,1000000.0,8.08820629119873,0.0
8.5,1000000.0,8.09400749206543,0.0
8.516666666666667,1000000.0,8.099573135375977,0.0
8.533333333333333,1000000.0,8.105106353759766,0.0
8.55,1000000.0,8.110616683959961,0.0
8.566666666666666,1000000.0,8.116096496582031,0.0
8.583333333333334,1000000.0,8.121576309204102,0.0
8.6,1000000.0,8.126991271972656,0.0
8.616666666666667,1000000.0,8.132309913635254,0.0
8.633333333333333,1000000.0,8.137528419494629,0.0
8.65,1000000.0,8.142721176147461,0.0
8.666666666666666,1000000.0,8.147878646850586,0.0
8.683333333333334,1000000.0,8.153036117553711,0.0
8.7,1000000.0,8.158074378967285,0.0
8.716666666666667,1000000.0,8.163040161132812,0.0
8.733333333333333,1000000.0,8.167949676513672,0.0
8.75,1000000.0,8.172825813293457,0.0
8.766666666666667,1000000.0,8.17768669128418,0.0
8.783333333333333,1000000.0,8.182533264160156,0.0
8.8,1000000.0,8.187368392944336,0.0
8.816666666666666,1000000.0,8.192109107971191,0.0
8.833333333333334,1000000.0,8.196769714355469,0.0
8.85,1000000.0,8.201382637023926,0.0
8.866666666666667,1000000.0,8.205941200256348,0.0
8.883333333333333,1000000.0,8.210481643676758,0.0
8.9,1000000.0,8.214994430541992,0.0
8.916666666666666,1000000.0,8.219507217407227,0.0
8.933333333333334,1000000.0,8.223930358886719,0.0
8.95,1000000.0,8.228293418884277,0.0
8.966666666666667,1000000.0,8.232645034790039,0.0
8.983333333333333,1000000.0,8.236909866333008,0.0
9.0,1000000.0,8.241134643554688,0.0
9.016666666666667,1000000.0,8.245332717895508,0.0
9.033333333333333,1000000.0,8.249523162841797,0.0
9.05,1000000.0,8.253713607788086,0.0
9.066666666666666,1000000.0,8.257843971252441,0.0
9.083333333333334,1000000.0,8.261865615844727,0.0
9.1,1000000.0,8.265806198120117,0.0
9.116666666666667,1000000.0,8.269728660583496,0.0
9.133333333333333,1000000.0,8.273630142211914,0.0
9.15,1000000.0,8.277533531188965,0.0
9.166666666666666,1000000.0,8.281423568725586,0.0
9.183333333333334,1000000.0,8.285292625427246,0.0
9.2,1000000.0,8.289159774780273,0.0
9.216666666666667,1000000.0,8.29298210144043,0.0
9.233333333333333,1000000.0,8.296682357788086,0.0
9.25,1000000.0,8.300318717956543,0.0
9.266666666666667,1000000.0,8.303919792175293,0.0
9.283333333333333,1000000.0,8.307503700256348,0.0
9.3,1000000.0,8.311078071594238,0.0
9.316666666666666,1000000.0,8.314634323120117,0.0
9.333333333333334,1000000.0,8.318180084228516,0.0
9.35,1000000.0,8.321639060974121,0.0
9.366666666666667,1000000.0,8.325039863586426,0.0
9.383333333333333,1000000.0,8.328424453735352,0.0
9.4,1000000.0,8.331809043884277,0.0
9.416666666666666,1000000.0,8.335163116455078,0.0
9.433333333333334,1000000.0,8.338422775268555,0.0
9.45,1000000.0,8.341670989990234,0.0
9.466666666666667,1000000.0,8.344905853271484,0.0
9.483333333333333,1000000.0,8.348133087158203,0.0
9.5,1000000.0,8.351354598999023,0.0
9.516666666666667,1000000.0,8.354451179504395,0.0
9.533333333333333,1000000.0,8.357539176940918,0.0
9.55,1000000.0,8.360584259033203,0.0
9.566666666666666,1000000.0,8.36362361907959,0.0
9.583333333333334,1000000.0,8.366618156433105,0.0
9.6,1000000.0,8.369565963745117,0.0
9.616666666666667,1000000.0,8.3724946975708,0.0
9.633333333333333,1000000.0,8.37542724609375,0.0
9.65,1000000.0,8.378335952758789,0.0
9.666666666666666,1000000.0,8.381237030029297,0.0
9.683333333333334,1000000.0,8.384126663208008,0.0
9.7,1000000.0,8.386894226074219,0.0
9.716666666666667,1000000.0,8.389638900756836,0.0
9.733333333333333,1000000.0,8.392378807067871,0.0
9.75,1000000.0,8.395118713378906,0.0
9.766666666666667,1000000.0,8.397828102111816,0.0
9.783333333333333,1000000.0,8.400487899780273,0.0
9.8,1000000.0,8.403112411499023,0.0
9.816666666666666,1000000.0,8.405725479125977,0.0
9.833333333333334,1000000.0,8.408330917358398,0.0
9.85,1000000.0,8.410909652709961,0.0
9.866666666666667,1000000.0,8.413488388061523,0.0
9.883333333333333,1000000.0,8.415972709655762,0.0
9.9,1000000.0,8.418407440185547,0.0
9.916666666666666,1000000.0,8.420825004577637,0.0
9.933333333333334,1000000.0,8.42324161529541,0.0
9.95,1000000.0,8.425644874572754,0.0
9.966666666666667,1000000.0,8.427953720092773,0.0
9.983333333333333,1000000.0,8.430259704589844,0.0
10.0,1000000.0,8.432554244995117,0.0
10.016666666666667,1000000.0,8.434834480285645,0.0
